
--- Executing: make profile ---
/opt/rocm/bin/hipcc -std=c++17 -Wall -Wextra -I ../../Common -I ../../External  -o main main.hip 
rocprof-compute profile -n main -- ./main
[33mWARNING[0m The option --format-rocprof-output currently set to csv will default to rocpd in a future release.

                                 __                                       _
 _ __ ___   ___ _ __  _ __ ___  / _|       ___ ___  _ __ ___  _ __  _   _| |_ ___
| '__/ _ \ / __| '_ \| '__/ _ \| |_ _____ / __/ _ \| '_ ` _ \| '_ \| | | | __/ _ \
| | | (_) | (__| |_) | | | (_) |  _|_____| (_| (_) | | | | | | |_) | |_| | ||  __/
|_|  \___/ \___| .__/|_|  \___/|_|        \___\___/|_| |_| |_| .__/ \__,_|\__\___|
               |_|                                           |_|

   [32mINFO[0m fatal: not a git repository (or any of the parent directories): .git
   [32mINFO[0m Rocprofiler-Compute version: 3.4.0
   [32mINFO[0m Profiler choice: rocprofiler-sdk
   [32mINFO[0m Path: /root/rocm-examples/Applications/fdtd_profile/workloads/main/MI300X_A1
   [32mINFO[0m Target: MI300X_A1
   [32mINFO[0m Command: ./main
   [32mINFO[0m Kernel Selection: None
   [32mINFO[0m Dispatch Selection: None
   [32mINFO[0m Filtered sections: All
   [32mINFO[0m 
   [32mINFO[0m ~~~~~~~~~~~~~~~~~~~~~~~~~~~~~~~~
   [32mINFO[0m Collecting Performance Counters
   [32mINFO[0m ~~~~~~~~~~~~~~~~~~~~~~~~~~~~~~~~
   [32mINFO[0m 
   [32mINFO[0m [Run 1/13][Approximate profiling time left: pending first measurement...]
   [32mINFO[0m [profiling] Current input file: /root/rocm-examples/Applications/fdtd_profile/workloads/main/MI300X_A1/perfmon/SQC_DCACHE_INFLIGHT_LEVEL.txt
   [32mINFO[0m    |-> [rocprofiler-sdk] W20260209 14:55:19.608848 123159275189760 simple_timer.cpp:55] [rocprofv3] tool initialization ::     0.111781 sec
   [32mINFO[0m    |-> [rocprofiler-sdk] W20260209 14:55:19.609123 123159275189760 simple_timer.cpp:55] [rocprofv3] './main' ::     0.000000 sec
   [32mINFO[0m    |-> [rocprofiler-sdk] W20260209 14:55:19.801532 123159275189760 tool.cpp:2422] HSA version 8.20.0 initialized (instance=0)
   [32mINFO[0m    |-> [rocprofiler-sdk] iteration: 3	 time serial: 0.0678274	 time HIP: 0.0072615	 consistency: 100%
   [32mINFO[0m    |-> [rocprofiler-sdk] iteration: 6	 time serial: 0.135415	 time HIP: 0.0149048	 consistency: 100%
   [32mINFO[0m    |-> [rocprofiler-sdk] iteration: 9	 time serial: 0.20305	 time HIP: 0.0228427	 consistency: 100%
   [32mINFO[0m    |-> [rocprofiler-sdk] iteration: 12	 time serial: 0.270581	 time HIP: 0.0308338	 consistency: 100%
   [32mINFO[0m    |-> [rocprofiler-sdk] iteration: 15	 time serial: 0.33821	 time HIP: 0.039191	 consistency: 100%
   [32mINFO[0m    |-> [rocprofiler-sdk] iteration: 18	 time serial: 0.405719	 time HIP: 0.0475045	 consistency: 100%
   [32mINFO[0m    |-> [rocprofiler-sdk] iteration: 21	 time serial: 0.47337	 time HIP: 0.0557222	 consistency: 100%
   [32mINFO[0m    |-> [rocprofiler-sdk] iteration: 24	 time serial: 0.54095	 time HIP: 0.0640745	 consistency: 99.9999%
   [32mINFO[0m    |-> [rocprofiler-sdk] iteration: 27	 time serial: 0.608539	 time HIP: 0.0723238	 consistency: 99.3826%
   [32mINFO[0m    |-> [rocprofiler-sdk] iteration: 30	 time serial: 0.693925	 time HIP: 0.0806414	 consistency: 99.382%
   [32mINFO[0m    |-> [rocprofiler-sdk] W20260209 14:55:20.919555 123159275189760 simple_timer.cpp:55] [rocprofv3] './main' ::     1.310432 sec
   [32mINFO[0m    |-> [rocprofiler-sdk] E20260209 14:55:20.928462 123159275189760 output_stream.cpp:111] Opened result file: /root/rocm-examples/Applications/fdtd_profile/workloads/main/MI300X_A1/out/pmc_1/f5fa73aad503/11941_kernel_trace.csv
   [32mINFO[0m    |-> [rocprofiler-sdk] E20260209 14:55:20.942613 123159275189760 output_stream.cpp:111] Opened result file: /root/rocm-examples/Applications/fdtd_profile/workloads/main/MI300X_A1/out/pmc_1/f5fa73aad503/11941_counter_collection.csv
   [32mINFO[0m    |-> [rocprofiler-sdk] E20260209 14:55:20.983484 123159275189760 output_stream.cpp:111] Opened result file: /root/rocm-examples/Applications/fdtd_profile/workloads/main/MI300X_A1/out/pmc_1/f5fa73aad503/11941_agent_info.csv
   [32mINFO[0m    |-> [rocprofiler-sdk] W20260209 14:55:20.987024 123159275189760 simple_timer.cpp:55] [rocprofv3] output generation ::     0.066025 sec
   [32mINFO[0m    |-> [rocprofiler-sdk] W20260209 14:55:20.987122 123159275189760 simple_timer.cpp:55] [rocprofv3] tool finalization ::     0.066167 sec
   [32mINFO[0m [Run 2/13][Approximate profiling time left: 43 seconds]...
   [32mINFO[0m [profiling] Current input file: /root/rocm-examples/Applications/fdtd_profile/workloads/main/MI300X_A1/perfmon/SQC_ICACHE_INFLIGHT_LEVEL.txt
   [32mINFO[0m    |-> [rocprofiler-sdk] W20260209 14:55:23.538294 137280706209280 simple_timer.cpp:55] [rocprofv3] tool initialization ::     0.109661 sec
   [32mINFO[0m    |-> [rocprofiler-sdk] W20260209 14:55:23.538581 137280706209280 simple_timer.cpp:55] [rocprofv3] './main' ::     0.000000 sec
   [32mINFO[0m    |-> [rocprofiler-sdk] W20260209 14:55:23.736985 137280706209280 tool.cpp:2422] HSA version 8.20.0 initialized (instance=0)
   [32mINFO[0m    |-> [rocprofiler-sdk] iteration: 3	 time serial: 0.0681763	 time HIP: 0.00672183	 consistency: 100%
   [32mINFO[0m    |-> [rocprofiler-sdk] iteration: 6	 time serial: 0.136101	 time HIP: 0.0145262	 consistency: 100%
   [32mINFO[0m    |-> [rocprofiler-sdk] iteration: 9	 time serial: 0.203974	 time HIP: 0.0224008	 consistency: 100%
   [32mINFO[0m    |-> [rocprofiler-sdk] iteration: 12	 time serial: 0.271833	 time HIP: 0.0305461	 consistency: 100%
   [32mINFO[0m    |-> [rocprofiler-sdk] iteration: 15	 time serial: 0.339698	 time HIP: 0.038808	 consistency: 100%
   [32mINFO[0m    |-> [rocprofiler-sdk] iteration: 18	 time serial: 0.407552	 time HIP: 0.0471339	 consistency: 100%
   [32mINFO[0m    |-> [rocprofiler-sdk] iteration: 21	 time serial: 0.475358	 time HIP: 0.0554976	 consistency: 100%
   [32mINFO[0m    |-> [rocprofiler-sdk] iteration: 24	 time serial: 0.543189	 time HIP: 0.0637941	 consistency: 99.9999%
   [32mINFO[0m    |-> [rocprofiler-sdk] iteration: 27	 time serial: 0.611024	 time HIP: 0.0719176	 consistency: 99.3826%
   [32mINFO[0m    |-> [rocprofiler-sdk] iteration: 30	 time serial: 0.698089	 time HIP: 0.0795158	 consistency: 99.382%
   [32mINFO[0m    |-> [rocprofiler-sdk] W20260209 14:55:24.855641 137280706209280 simple_timer.cpp:55] [rocprofv3] './main' ::     1.317061 sec
   [32mINFO[0m    |-> [rocprofiler-sdk] E20260209 14:55:24.864445 137280706209280 output_stream.cpp:111] Opened result file: /root/rocm-examples/Applications/fdtd_profile/workloads/main/MI300X_A1/out/pmc_1/f5fa73aad503/11949_kernel_trace.csv
   [32mINFO[0m    |-> [rocprofiler-sdk] E20260209 14:55:24.878579 137280706209280 output_stream.cpp:111] Opened result file: /root/rocm-examples/Applications/fdtd_profile/workloads/main/MI300X_A1/out/pmc_1/f5fa73aad503/11949_counter_collection.csv
   [32mINFO[0m    |-> [rocprofiler-sdk] E20260209 14:55:24.920978 137280706209280 output_stream.cpp:111] Opened result file: /root/rocm-examples/Applications/fdtd_profile/workloads/main/MI300X_A1/out/pmc_1/f5fa73aad503/11949_agent_info.csv
   [32mINFO[0m    |-> [rocprofiler-sdk] W20260209 14:55:24.924470 137280706209280 simple_timer.cpp:55] [rocprofv3] output generation ::     0.067391 sec
   [32mINFO[0m    |-> [rocprofiler-sdk] W20260209 14:55:24.924587 137280706209280 simple_timer.cpp:55] [rocprofv3] tool finalization ::     0.067548 sec
   [32mINFO[0m [Run 3/13][Approximate profiling time left: 39 seconds]...
   [32mINFO[0m [profiling] Current input file: /root/rocm-examples/Applications/fdtd_profile/workloads/main/MI300X_A1/perfmon/SQ_IFETCH_LEVEL.txt
   [32mINFO[0m    |-> [rocprofiler-sdk] W20260209 14:55:27.573298 133280636089856 simple_timer.cpp:55] [rocprofv3] tool initialization ::     0.122082 sec
   [32mINFO[0m    |-> [rocprofiler-sdk] W20260209 14:55:27.573567 133280636089856 simple_timer.cpp:55] [rocprofv3] './main' ::     0.000000 sec
   [32mINFO[0m    |-> [rocprofiler-sdk] W20260209 14:55:27.766231 133280636089856 tool.cpp:2422] HSA version 8.20.0 initialized (instance=0)
   [32mINFO[0m    |-> [rocprofiler-sdk] iteration: 3	 time serial: 0.0689408	 time HIP: 0.00658727	 consistency: 100%
   [32mINFO[0m    |-> [rocprofiler-sdk] iteration: 6	 time serial: 0.137244	 time HIP: 0.0139017	 consistency: 100%
   [32mINFO[0m    |-> [rocprofiler-sdk] iteration: 9	 time serial: 0.205677	 time HIP: 0.0214528	 consistency: 100%
   [32mINFO[0m    |-> [rocprofiler-sdk] iteration: 12	 time serial: 0.275583	 time HIP: 0.028983	 consistency: 100%
   [32mINFO[0m    |-> [rocprofiler-sdk] iteration: 15	 time serial: 0.344286	 time HIP: 0.036295	 consistency: 100%
   [32mINFO[0m    |-> [rocprofiler-sdk] iteration: 18	 time serial: 0.412705	 time HIP: 0.0437022	 consistency: 100%
   [32mINFO[0m    |-> [rocprofiler-sdk] iteration: 21	 time serial: 0.481252	 time HIP: 0.0510094	 consistency: 100%
   [32mINFO[0m    |-> [rocprofiler-sdk] iteration: 24	 time serial: 0.549956	 time HIP: 0.0583457	 consistency: 99.9999%
   [32mINFO[0m    |-> [rocprofiler-sdk] iteration: 27	 time serial: 0.618576	 time HIP: 0.0658309	 consistency: 99.3826%
   [32mINFO[0m    |-> [rocprofiler-sdk] iteration: 30	 time serial: 0.711054	 time HIP: 0.0731319	 consistency: 99.382%
   [32mINFO[0m    |-> [rocprofiler-sdk] W20260209 14:55:28.883270 133280636089856 simple_timer.cpp:55] [rocprofv3] './main' ::     1.309703 sec
   [32mINFO[0m    |-> [rocprofiler-sdk] E20260209 14:55:28.892458 133280636089856 output_stream.cpp:111] Opened result file: /root/rocm-examples/Applications/fdtd_profile/workloads/main/MI300X_A1/out/pmc_1/f5fa73aad503/11957_kernel_trace.csv
   [32mINFO[0m    |-> [rocprofiler-sdk] E20260209 14:55:28.906588 133280636089856 output_stream.cpp:111] Opened result file: /root/rocm-examples/Applications/fdtd_profile/workloads/main/MI300X_A1/out/pmc_1/f5fa73aad503/11957_counter_collection.csv
   [32mINFO[0m    |-> [rocprofiler-sdk] E20260209 14:55:28.975732 133280636089856 output_stream.cpp:111] Opened result file: /root/rocm-examples/Applications/fdtd_profile/workloads/main/MI300X_A1/out/pmc_1/f5fa73aad503/11957_agent_info.csv
   [32mINFO[0m    |-> [rocprofiler-sdk] W20260209 14:55:28.979364 133280636089856 simple_timer.cpp:55] [rocprofv3] output generation ::     0.094440 sec
   [32mINFO[0m    |-> [rocprofiler-sdk] W20260209 14:55:28.979518 133280636089856 simple_timer.cpp:55] [rocprofv3] tool finalization ::     0.094639 sec
   [32mINFO[0m [Run 4/13][Approximate profiling time left: 35 seconds]...
   [32mINFO[0m [profiling] Current input file: /root/rocm-examples/Applications/fdtd_profile/workloads/main/MI300X_A1/perfmon/SQ_INST_LEVEL_LDS.txt
   [32mINFO[0m    |-> [rocprofiler-sdk] W20260209 14:55:31.715115 128704046044672 simple_timer.cpp:55] [rocprofv3] tool initialization ::     0.120682 sec
   [32mINFO[0m    |-> [rocprofiler-sdk] W20260209 14:55:31.715411 128704046044672 simple_timer.cpp:55] [rocprofv3] './main' ::     0.000000 sec
   [32mINFO[0m    |-> [rocprofiler-sdk] W20260209 14:55:31.909594 128704046044672 tool.cpp:2422] HSA version 8.20.0 initialized (instance=0)
   [32mINFO[0m    |-> [rocprofiler-sdk] iteration: 3	 time serial: 0.0680491	 time HIP: 0.00608325	 consistency: 100%
   [32mINFO[0m    |-> [rocprofiler-sdk] iteration: 6	 time serial: 0.135637	 time HIP: 0.0128766	 consistency: 100%
   [32mINFO[0m    |-> [rocprofiler-sdk] iteration: 9	 time serial: 0.203169	 time HIP: 0.0196946	 consistency: 100%
   [32mINFO[0m    |-> [rocprofiler-sdk] iteration: 12	 time serial: 0.2707	 time HIP: 0.0265524	 consistency: 100%
   [32mINFO[0m    |-> [rocprofiler-sdk] iteration: 15	 time serial: 0.338259	 time HIP: 0.0339515	 consistency: 100%
   [32mINFO[0m    |-> [rocprofiler-sdk] iteration: 18	 time serial: 0.405716	 time HIP: 0.0413249	 consistency: 100%
   [32mINFO[0m    |-> [rocprofiler-sdk] iteration: 21	 time serial: 0.473202	 time HIP: 0.0487076	 consistency: 100%
   [32mINFO[0m    |-> [rocprofiler-sdk] iteration: 24	 time serial: 0.540642	 time HIP: 0.0561148	 consistency: 99.9999%
   [32mINFO[0m    |-> [rocprofiler-sdk] iteration: 27	 time serial: 0.608157	 time HIP: 0.0635505	 consistency: 99.3826%
   [32mINFO[0m    |-> [rocprofiler-sdk] iteration: 30	 time serial: 0.687708	 time HIP: 0.0705695	 consistency: 99.382%
   [32mINFO[0m    |-> [rocprofiler-sdk] W20260209 14:55:33.026805 128704046044672 simple_timer.cpp:55] [rocprofv3] './main' ::     1.311395 sec
   [32mINFO[0m    |-> [rocprofiler-sdk] E20260209 14:55:33.036680 128704046044672 output_stream.cpp:111] Opened result file: /root/rocm-examples/Applications/fdtd_profile/workloads/main/MI300X_A1/out/pmc_1/f5fa73aad503/11965_kernel_trace.csv
   [32mINFO[0m    |-> [rocprofiler-sdk] E20260209 14:55:33.050948 128704046044672 output_stream.cpp:111] Opened result file: /root/rocm-examples/Applications/fdtd_profile/workloads/main/MI300X_A1/out/pmc_1/f5fa73aad503/11965_counter_collection.csv
   [32mINFO[0m    |-> [rocprofiler-sdk] E20260209 14:55:33.119313 128704046044672 output_stream.cpp:111] Opened result file: /root/rocm-examples/Applications/fdtd_profile/workloads/main/MI300X_A1/out/pmc_1/f5fa73aad503/11965_agent_info.csv
   [32mINFO[0m    |-> [rocprofiler-sdk] W20260209 14:55:33.122971 128704046044672 simple_timer.cpp:55] [rocprofv3] output generation ::     0.093965 sec
   [32mINFO[0m    |-> [rocprofiler-sdk] W20260209 14:55:33.123102 128704046044672 simple_timer.cpp:55] [rocprofv3] tool finalization ::     0.094156 sec
   [32mINFO[0m [Run 5/13][Approximate profiling time left: 32 seconds]...
   [32mINFO[0m [profiling] Current input file: /root/rocm-examples/Applications/fdtd_profile/workloads/main/MI300X_A1/perfmon/SQ_INST_LEVEL_SMEM.txt
   [32mINFO[0m    |-> [rocprofiler-sdk] W20260209 14:55:35.773848 124726588671488 simple_timer.cpp:55] [rocprofv3] tool initialization ::     0.112645 sec
   [32mINFO[0m    |-> [rocprofiler-sdk] W20260209 14:55:35.774141 124726588671488 simple_timer.cpp:55] [rocprofv3] './main' ::     0.000000 sec
   [32mINFO[0m    |-> [rocprofiler-sdk] W20260209 14:55:35.966388 124726588671488 tool.cpp:2422] HSA version 8.20.0 initialized (instance=0)
   [32mINFO[0m    |-> [rocprofiler-sdk] iteration: 3	 time serial: 0.0683529	 time HIP: 0.00564114	 consistency: 100%
   [32mINFO[0m    |-> [rocprofiler-sdk] iteration: 6	 time serial: 0.13626	 time HIP: 0.0120484	 consistency: 100%
   [32mINFO[0m    |-> [rocprofiler-sdk] iteration: 9	 time serial: 0.204247	 time HIP: 0.0184952	 consistency: 100%
   [32mINFO[0m    |-> [rocprofiler-sdk] iteration: 12	 time serial: 0.2722	 time HIP: 0.0249408	 consistency: 100%
   [32mINFO[0m    |-> [rocprofiler-sdk] iteration: 15	 time serial: 0.34012	 time HIP: 0.0313261	 consistency: 100%
   [32mINFO[0m    |-> [rocprofiler-sdk] iteration: 18	 time serial: 0.408072	 time HIP: 0.0377692	 consistency: 100%
   [32mINFO[0m    |-> [rocprofiler-sdk] iteration: 21	 time serial: 0.47608	 time HIP: 0.044148	 consistency: 100%
   [32mINFO[0m    |-> [rocprofiler-sdk] iteration: 24	 time serial: 0.544165	 time HIP: 0.0505728	 consistency: 99.9999%
   [32mINFO[0m    |-> [rocprofiler-sdk] iteration: 27	 time serial: 0.612092	 time HIP: 0.0569436	 consistency: 99.3826%
   [32mINFO[0m    |-> [rocprofiler-sdk] iteration: 30	 time serial: 0.694272	 time HIP: 0.0632675	 consistency: 99.382%
   [32mINFO[0m    |-> [rocprofiler-sdk] W20260209 14:55:37.041024 124726588671488 simple_timer.cpp:55] [rocprofv3] './main' ::     1.266883 sec
   [32mINFO[0m    |-> [rocprofiler-sdk] E20260209 14:55:37.049922 124726588671488 output_stream.cpp:111] Opened result file: /root/rocm-examples/Applications/fdtd_profile/workloads/main/MI300X_A1/out/pmc_1/f5fa73aad503/11973_kernel_trace.csv
   [32mINFO[0m    |-> [rocprofiler-sdk] E20260209 14:55:37.063542 124726588671488 output_stream.cpp:111] Opened result file: /root/rocm-examples/Applications/fdtd_profile/workloads/main/MI300X_A1/out/pmc_1/f5fa73aad503/11973_counter_collection.csv
   [32mINFO[0m    |-> [rocprofiler-sdk] E20260209 14:55:37.102903 124726588671488 output_stream.cpp:111] Opened result file: /root/rocm-examples/Applications/fdtd_profile/workloads/main/MI300X_A1/out/pmc_1/f5fa73aad503/11973_agent_info.csv
   [32mINFO[0m    |-> [rocprofiler-sdk] W20260209 14:55:37.106381 124726588671488 simple_timer.cpp:55] [rocprofv3] output generation ::     0.063873 sec
   [32mINFO[0m    |-> [rocprofiler-sdk] W20260209 14:55:37.106483 124726588671488 simple_timer.cpp:55] [rocprofv3] tool finalization ::     0.064014 sec
   [32mINFO[0m [Run 6/13][Approximate profiling time left: 28 seconds]...
   [32mINFO[0m [profiling] Current input file: /root/rocm-examples/Applications/fdtd_profile/workloads/main/MI300X_A1/perfmon/SQ_INST_LEVEL_VMEM.txt
   [32mINFO[0m    |-> [rocprofiler-sdk] W20260209 14:55:39.663434 134900145133056 simple_timer.cpp:55] [rocprofv3] tool initialization ::     0.111374 sec
   [32mINFO[0m    |-> [rocprofiler-sdk] W20260209 14:55:39.663723 134900145133056 simple_timer.cpp:55] [rocprofv3] './main' ::     0.000000 sec
   [32mINFO[0m    |-> [rocprofiler-sdk] W20260209 14:55:39.856830 134900145133056 tool.cpp:2422] HSA version 8.20.0 initialized (instance=0)
   [32mINFO[0m    |-> [rocprofiler-sdk] iteration: 3	 time serial: 0.0688498	 time HIP: 0.0054677	 consistency: 100%
   [32mINFO[0m    |-> [rocprofiler-sdk] iteration: 6	 time serial: 0.137591	 time HIP: 0.0114886	 consistency: 100%
   [32mINFO[0m    |-> [rocprofiler-sdk] iteration: 9	 time serial: 0.206215	 time HIP: 0.0175104	 consistency: 100%
   [32mINFO[0m    |-> [rocprofiler-sdk] iteration: 12	 time serial: 0.274843	 time HIP: 0.0238297	 consistency: 100%
   [32mINFO[0m    |-> [rocprofiler-sdk] iteration: 15	 time serial: 0.34352	 time HIP: 0.0303154	 consistency: 100%
   [32mINFO[0m    |-> [rocprofiler-sdk] iteration: 18	 time serial: 0.412059	 time HIP: 0.0368377	 consistency: 100%
   [32mINFO[0m    |-> [rocprofiler-sdk] iteration: 21	 time serial: 0.480607	 time HIP: 0.0434635	 consistency: 100%
   [32mINFO[0m    |-> [rocprofiler-sdk] iteration: 24	 time serial: 0.549188	 time HIP: 0.0500227	 consistency: 99.9999%
   [32mINFO[0m    |-> [rocprofiler-sdk] iteration: 27	 time serial: 0.617882	 time HIP: 0.0565977	 consistency: 99.3826%
   [32mINFO[0m    |-> [rocprofiler-sdk] iteration: 30	 time serial: 0.700645	 time HIP: 0.0630559	 consistency: 99.382%
   [32mINFO[0m    |-> [rocprofiler-sdk] W20260209 14:55:40.939921 134900145133056 simple_timer.cpp:55] [rocprofv3] './main' ::     1.276198 sec
   [32mINFO[0m    |-> [rocprofiler-sdk] E20260209 14:55:40.948953 134900145133056 output_stream.cpp:111] Opened result file: /root/rocm-examples/Applications/fdtd_profile/workloads/main/MI300X_A1/out/pmc_1/f5fa73aad503/11981_kernel_trace.csv
   [32mINFO[0m    |-> [rocprofiler-sdk] E20260209 14:55:40.963262 134900145133056 output_stream.cpp:111] Opened result file: /root/rocm-examples/Applications/fdtd_profile/workloads/main/MI300X_A1/out/pmc_1/f5fa73aad503/11981_counter_collection.csv
   [32mINFO[0m    |-> [rocprofiler-sdk] E20260209 14:55:41.003695 134900145133056 output_stream.cpp:111] Opened result file: /root/rocm-examples/Applications/fdtd_profile/workloads/main/MI300X_A1/out/pmc_1/f5fa73aad503/11981_agent_info.csv
   [32mINFO[0m    |-> [rocprofiler-sdk] W20260209 14:55:41.007134 134900145133056 simple_timer.cpp:55] [rocprofv3] output generation ::     0.065607 sec
   [32mINFO[0m    |-> [rocprofiler-sdk] W20260209 14:55:41.007252 134900145133056 simple_timer.cpp:55] [rocprofv3] tool finalization ::     0.065764 sec
   [32mINFO[0m [Run 7/13][Approximate profiling time left: 23 seconds]...
   [32mINFO[0m [profiling] Current input file: /root/rocm-examples/Applications/fdtd_profile/workloads/main/MI300X_A1/perfmon/SQ_LEVEL_WAVES.txt
   [32mINFO[0m    |-> [rocprofiler-sdk] W20260209 14:55:43.570393 127524044219904 simple_timer.cpp:55] [rocprofv3] tool initialization ::     0.110878 sec
   [32mINFO[0m    |-> [rocprofiler-sdk] W20260209 14:55:43.570688 127524044219904 simple_timer.cpp:55] [rocprofv3] './main' ::     0.000000 sec
   [32mINFO[0m    |-> [rocprofiler-sdk] W20260209 14:55:43.765402 127524044219904 tool.cpp:2422] HSA version 8.20.0 initialized (instance=0)
   [32mINFO[0m    |-> [rocprofiler-sdk] iteration: 3	 time serial: 0.0677689	 time HIP: 0.00567103	 consistency: 100%
   [32mINFO[0m    |-> [rocprofiler-sdk] iteration: 6	 time serial: 0.135098	 time HIP: 0.0123029	 consistency: 100%
   [32mINFO[0m    |-> [rocprofiler-sdk] iteration: 9	 time serial: 0.202319	 time HIP: 0.0188294	 consistency: 100%
   [32mINFO[0m    |-> [rocprofiler-sdk] iteration: 12	 time serial: 0.269638	 time HIP: 0.0255283	 consistency: 100%
   [32mINFO[0m    |-> [rocprofiler-sdk] iteration: 15	 time serial: 0.337035	 time HIP: 0.0322019	 consistency: 100%
   [32mINFO[0m    |-> [rocprofiler-sdk] iteration: 18	 time serial: 0.404278	 time HIP: 0.038827	 consistency: 100%
   [32mINFO[0m    |-> [rocprofiler-sdk] iteration: 21	 time serial: 0.471629	 time HIP: 0.0454062	 consistency: 100%
   [32mINFO[0m    |-> [rocprofiler-sdk] iteration: 24	 time serial: 0.538922	 time HIP: 0.0520592	 consistency: 99.9999%
   [32mINFO[0m    |-> [rocprofiler-sdk] iteration: 27	 time serial: 0.606434	 time HIP: 0.0585711	 consistency: 99.3826%
   [32mINFO[0m    |-> [rocprofiler-sdk] iteration: 30	 time serial: 0.689924	 time HIP: 0.0648338	 consistency: 99.382%
   [32mINFO[0m    |-> [rocprofiler-sdk] W20260209 14:55:44.838850 127524044219904 simple_timer.cpp:55] [rocprofv3] './main' ::     1.268162 sec
   [32mINFO[0m    |-> [rocprofiler-sdk] E20260209 14:55:44.848001 127524044219904 output_stream.cpp:111] Opened result file: /root/rocm-examples/Applications/fdtd_profile/workloads/main/MI300X_A1/out/pmc_1/f5fa73aad503/11989_kernel_trace.csv
   [32mINFO[0m    |-> [rocprofiler-sdk] E20260209 14:55:44.861525 127524044219904 output_stream.cpp:111] Opened result file: /root/rocm-examples/Applications/fdtd_profile/workloads/main/MI300X_A1/out/pmc_1/f5fa73aad503/11989_counter_collection.csv
   [32mINFO[0m    |-> [rocprofiler-sdk] E20260209 14:55:44.900771 127524044219904 output_stream.cpp:111] Opened result file: /root/rocm-examples/Applications/fdtd_profile/workloads/main/MI300X_A1/out/pmc_1/f5fa73aad503/11989_agent_info.csv
   [32mINFO[0m    |-> [rocprofiler-sdk] W20260209 14:55:44.904256 127524044219904 simple_timer.cpp:55] [rocprofv3] output generation ::     0.063702 sec
   [32mINFO[0m    |-> [rocprofiler-sdk] W20260209 14:55:44.904356 127524044219904 simple_timer.cpp:55] [rocprofv3] tool finalization ::     0.063868 sec
   [32mINFO[0m [Run 8/13][Approximate profiling time left: 19 seconds]...
   [32mINFO[0m [profiling] Current input file: /root/rocm-examples/Applications/fdtd_profile/workloads/main/MI300X_A1/perfmon/pmc_perf_0.txt
   [32mINFO[0m    |-> [rocprofiler-sdk] W20260209 14:55:47.449771 135932382111232 simple_timer.cpp:55] [rocprofv3] tool initialization ::     0.110665 sec
   [32mINFO[0m    |-> [rocprofiler-sdk] W20260209 14:55:47.450061 135932382111232 simple_timer.cpp:55] [rocprofv3] './main' ::     0.000000 sec
   [32mINFO[0m    |-> [rocprofiler-sdk] W20260209 14:55:47.639411 135932382111232 tool.cpp:2422] HSA version 8.20.0 initialized (instance=0)
   [32mINFO[0m    |-> [rocprofiler-sdk] iteration: 3	 time serial: 0.067023	 time HIP: 0.00559713	 consistency: 100%
   [32mINFO[0m    |-> [rocprofiler-sdk] iteration: 6	 time serial: 0.133763	 time HIP: 0.0120381	 consistency: 100%
   [32mINFO[0m    |-> [rocprofiler-sdk] iteration: 9	 time serial: 0.200672	 time HIP: 0.0184464	 consistency: 100%
   [32mINFO[0m    |-> [rocprofiler-sdk] iteration: 12	 time serial: 0.267344	 time HIP: 0.0244926	 consistency: 100%
   [32mINFO[0m    |-> [rocprofiler-sdk] iteration: 15	 time serial: 0.333953	 time HIP: 0.0305628	 consistency: 100%
   [32mINFO[0m    |-> [rocprofiler-sdk] iteration: 18	 time serial: 0.400586	 time HIP: 0.0365905	 consistency: 100%
   [32mINFO[0m    |-> [rocprofiler-sdk] iteration: 21	 time serial: 0.467173	 time HIP: 0.0426293	 consistency: 100%
   [32mINFO[0m    |-> [rocprofiler-sdk] iteration: 24	 time serial: 0.538875	 time HIP: 0.0486634	 consistency: 99.9999%
   [32mINFO[0m    |-> [rocprofiler-sdk] iteration: 27	 time serial: 0.606147	 time HIP: 0.0546945	 consistency: 99.3826%
   [32mINFO[0m    |-> [rocprofiler-sdk] iteration: 30	 time serial: 0.672902	 time HIP: 0.0608317	 consistency: 99.382%
   [32mINFO[0m    |-> [rocprofiler-sdk] W20260209 14:55:48.720203 135932382111232 simple_timer.cpp:55] [rocprofv3] './main' ::     1.270143 sec
   [32mINFO[0m    |-> [rocprofiler-sdk] E20260209 14:55:48.729150 135932382111232 output_stream.cpp:111] Opened result file: /root/rocm-examples/Applications/fdtd_profile/workloads/main/MI300X_A1/out/pmc_1/f5fa73aad503/11997_kernel_trace.csv
   [32mINFO[0m    |-> [rocprofiler-sdk] E20260209 14:55:48.743056 135932382111232 output_stream.cpp:111] Opened result file: /root/rocm-examples/Applications/fdtd_profile/workloads/main/MI300X_A1/out/pmc_1/f5fa73aad503/11997_counter_collection.csv
   [32mINFO[0m    |-> [rocprofiler-sdk] E20260209 14:55:48.782282 135932382111232 output_stream.cpp:111] Opened result file: /root/rocm-examples/Applications/fdtd_profile/workloads/main/MI300X_A1/out/pmc_1/f5fa73aad503/11997_agent_info.csv
   [32mINFO[0m    |-> [rocprofiler-sdk] W20260209 14:55:48.785783 135932382111232 simple_timer.cpp:55] [rocprofv3] output generation ::     0.064032 sec
   [32mINFO[0m    |-> [rocprofiler-sdk] W20260209 14:55:48.785886 135932382111232 simple_timer.cpp:55] [rocprofv3] tool finalization ::     0.064173 sec
   [32mINFO[0m [Run 9/13][Approximate profiling time left: 15 seconds]...
   [32mINFO[0m [profiling] Current input file: /root/rocm-examples/Applications/fdtd_profile/workloads/main/MI300X_A1/perfmon/pmc_perf_1.txt
   [32mINFO[0m    |-> [rocprofiler-sdk] W20260209 14:55:51.388575 137512276407808 simple_timer.cpp:55] [rocprofv3] tool initialization ::     0.113741 sec
   [32mINFO[0m    |-> [rocprofiler-sdk] W20260209 14:55:51.388867 137512276407808 simple_timer.cpp:55] [rocprofv3] './main' ::     0.000001 sec
   [32mINFO[0m    |-> [rocprofiler-sdk] W20260209 14:55:51.582883 137512276407808 tool.cpp:2422] HSA version 8.20.0 initialized (instance=0)
   [32mINFO[0m    |-> [rocprofiler-sdk] iteration: 3	 time serial: 0.0685326	 time HIP: 0.00397052	 consistency: 100%
   [32mINFO[0m    |-> [rocprofiler-sdk] iteration: 6	 time serial: 0.136473	 time HIP: 0.00812837	 consistency: 100%
   [32mINFO[0m    |-> [rocprofiler-sdk] iteration: 9	 time serial: 0.204348	 time HIP: 0.0125442	 consistency: 100%
   [32mINFO[0m    |-> [rocprofiler-sdk] iteration: 12	 time serial: 0.272305	 time HIP: 0.0168353	 consistency: 100%
   [32mINFO[0m    |-> [rocprofiler-sdk] iteration: 15	 time serial: 0.340283	 time HIP: 0.021347	 consistency: 100%
   [32mINFO[0m    |-> [rocprofiler-sdk] iteration: 18	 time serial: 0.408283	 time HIP: 0.0258431	 consistency: 100%
   [32mINFO[0m    |-> [rocprofiler-sdk] iteration: 21	 time serial: 0.476235	 time HIP: 0.0301628	 consistency: 100%
   [32mINFO[0m    |-> [rocprofiler-sdk] iteration: 24	 time serial: 0.544123	 time HIP: 0.0347324	 consistency: 99.9999%
   [32mINFO[0m    |-> [rocprofiler-sdk] iteration: 27	 time serial: 0.611998	 time HIP: 0.039288	 consistency: 99.3826%
   [32mINFO[0m    |-> [rocprofiler-sdk] iteration: 30	 time serial: 0.679881	 time HIP: 0.0437397	 consistency: 99.382%
   [32mINFO[0m    |-> [rocprofiler-sdk] W20260209 14:55:52.596484 137512276407808 simple_timer.cpp:55] [rocprofv3] './main' ::     1.207618 sec
   [32mINFO[0m    |-> [rocprofiler-sdk] E20260209 14:55:52.605424 137512276407808 output_stream.cpp:111] Opened result file: /root/rocm-examples/Applications/fdtd_profile/workloads/main/MI300X_A1/out/pmc_1/f5fa73aad503/12005_kernel_trace.csv
   [32mINFO[0m    |-> [rocprofiler-sdk] E20260209 14:55:52.619776 137512276407808 output_stream.cpp:111] Opened result file: /root/rocm-examples/Applications/fdtd_profile/workloads/main/MI300X_A1/out/pmc_1/f5fa73aad503/12005_counter_collection.csv
   [32mINFO[0m    |-> [rocprofiler-sdk] E20260209 14:55:52.663410 137512276407808 output_stream.cpp:111] Opened result file: /root/rocm-examples/Applications/fdtd_profile/workloads/main/MI300X_A1/out/pmc_1/f5fa73aad503/12005_agent_info.csv
   [32mINFO[0m    |-> [rocprofiler-sdk] W20260209 14:55:52.667029 137512276407808 simple_timer.cpp:55] [rocprofv3] output generation ::     0.069025 sec
   [32mINFO[0m    |-> [rocprofiler-sdk] W20260209 14:55:52.667180 137512276407808 simple_timer.cpp:55] [rocprofv3] tool finalization ::     0.069214 sec
   [32mINFO[0m [Run 10/13][Approximate profiling time left: 11 seconds]...
   [32mINFO[0m [profiling] Current input file: /root/rocm-examples/Applications/fdtd_profile/workloads/main/MI300X_A1/perfmon/pmc_perf_2.txt
   [32mINFO[0m    |-> [rocprofiler-sdk] W20260209 14:55:55.232189 134339319543296 simple_timer.cpp:55] [rocprofv3] tool initialization ::     0.111088 sec
   [32mINFO[0m    |-> [rocprofiler-sdk] W20260209 14:55:55.232489 134339319543296 simple_timer.cpp:55] [rocprofv3] './main' ::     0.000000 sec
   [32mINFO[0m    |-> [rocprofiler-sdk] W20260209 14:55:55.424154 134339319543296 tool.cpp:2422] HSA version 8.20.0 initialized (instance=0)
   [32mINFO[0m    |-> [rocprofiler-sdk] iteration: 3	 time serial: 0.0682674	 time HIP: 0.00248027	 consistency: 100%
   [32mINFO[0m    |-> [rocprofiler-sdk] iteration: 6	 time serial: 0.136133	 time HIP: 0.00494095	 consistency: 100%
   [32mINFO[0m    |-> [rocprofiler-sdk] iteration: 9	 time serial: 0.203963	 time HIP: 0.00739664	 consistency: 100%
   [32mINFO[0m    |-> [rocprofiler-sdk] iteration: 12	 time serial: 0.271752	 time HIP: 0.00985853	 consistency: 100%
   [32mINFO[0m    |-> [rocprofiler-sdk] iteration: 15	 time serial: 0.339504	 time HIP: 0.0123479	 consistency: 100%
   [32mINFO[0m    |-> [rocprofiler-sdk] iteration: 18	 time serial: 0.407223	 time HIP: 0.014767	 consistency: 100%
   [32mINFO[0m    |-> [rocprofiler-sdk] iteration: 21	 time serial: 0.474886	 time HIP: 0.0172534	 consistency: 100%
   [32mINFO[0m    |-> [rocprofiler-sdk] iteration: 24	 time serial: 0.542605	 time HIP: 0.0197334	 consistency: 99.9999%
   [32mINFO[0m    |-> [rocprofiler-sdk] iteration: 27	 time serial: 0.610254	 time HIP: 0.0222479	 consistency: 99.3826%
   [32mINFO[0m    |-> [rocprofiler-sdk] iteration: 30	 time serial: 0.677987	 time HIP: 0.0246547	 consistency: 99.382%
   [32mINFO[0m    |-> [rocprofiler-sdk] W20260209 14:55:56.390094 134339319543296 simple_timer.cpp:55] [rocprofv3] './main' ::     1.157605 sec
   [32mINFO[0m    |-> [rocprofiler-sdk] E20260209 14:55:56.399058 134339319543296 output_stream.cpp:111] Opened result file: /root/rocm-examples/Applications/fdtd_profile/workloads/main/MI300X_A1/out/pmc_1/f5fa73aad503/12013_kernel_trace.csv
   [32mINFO[0m    |-> [rocprofiler-sdk] E20260209 14:55:56.413223 134339319543296 output_stream.cpp:111] Opened result file: /root/rocm-examples/Applications/fdtd_profile/workloads/main/MI300X_A1/out/pmc_1/f5fa73aad503/12013_counter_collection.csv
   [32mINFO[0m    |-> [rocprofiler-sdk] E20260209 14:55:56.450658 134339319543296 output_stream.cpp:111] Opened result file: /root/rocm-examples/Applications/fdtd_profile/workloads/main/MI300X_A1/out/pmc_1/f5fa73aad503/12013_agent_info.csv
   [32mINFO[0m    |-> [rocprofiler-sdk] W20260209 14:55:56.454088 134339319543296 simple_timer.cpp:55] [rocprofv3] output generation ::     0.062414 sec
   [32mINFO[0m    |-> [rocprofiler-sdk] W20260209 14:55:56.454172 134339319543296 simple_timer.cpp:55] [rocprofv3] tool finalization ::     0.062537 sec
   [32mINFO[0m [Run 11/13][Approximate profiling time left: 7 seconds]...
   [32mINFO[0m [profiling] Current input file: /root/rocm-examples/Applications/fdtd_profile/workloads/main/MI300X_A1/perfmon/pmc_perf_3.txt
   [32mINFO[0m    |-> [rocprofiler-sdk] W20260209 14:55:59.021678 124413925574144 simple_timer.cpp:55] [rocprofv3] tool initialization ::     0.113488 sec
   [32mINFO[0m    |-> [rocprofiler-sdk] W20260209 14:55:59.021973 124413925574144 simple_timer.cpp:55] [rocprofv3] './main' ::     0.000000 sec
   [32mINFO[0m    |-> [rocprofiler-sdk] W20260209 14:55:59.214868 124413925574144 tool.cpp:2422] HSA version 8.20.0 initialized (instance=0)
   [32mINFO[0m    |-> [rocprofiler-sdk] iteration: 3	 time serial: 0.0683718	 time HIP: 0.00217986	 consistency: 100%
   [32mINFO[0m    |-> [rocprofiler-sdk] iteration: 6	 time serial: 0.135932	 time HIP: 0.00452916	 consistency: 100%
   [32mINFO[0m    |-> [rocprofiler-sdk] iteration: 9	 time serial: 0.203391	 time HIP: 0.00686021	 consistency: 100%
   [32mINFO[0m    |-> [rocprofiler-sdk] iteration: 12	 time serial: 0.270838	 time HIP: 0.00917919	 consistency: 100%
   [32mINFO[0m    |-> [rocprofiler-sdk] iteration: 15	 time serial: 0.338412	 time HIP: 0.0115073	 consistency: 100%
   [32mINFO[0m    |-> [rocprofiler-sdk] iteration: 18	 time serial: 0.405928	 time HIP: 0.0138396	 consistency: 100%
   [32mINFO[0m    |-> [rocprofiler-sdk] iteration: 21	 time serial: 0.473434	 time HIP: 0.0161053	 consistency: 100%
   [32mINFO[0m    |-> [rocprofiler-sdk] iteration: 24	 time serial: 0.540929	 time HIP: 0.0184876	 consistency: 99.9999%
   [32mINFO[0m    |-> [rocprofiler-sdk] iteration: 27	 time serial: 0.60844	 time HIP: 0.0207838	 consistency: 99.3826%
   [32mINFO[0m    |-> [rocprofiler-sdk] iteration: 30	 time serial: 0.676032	 time HIP: 0.0231337	 consistency: 99.382%
   [32mINFO[0m    |-> [rocprofiler-sdk] W20260209 14:56:00.175881 124413925574144 simple_timer.cpp:55] [rocprofv3] './main' ::     1.153908 sec
   [32mINFO[0m    |-> [rocprofiler-sdk] E20260209 14:56:00.184820 124413925574144 output_stream.cpp:111] Opened result file: /root/rocm-examples/Applications/fdtd_profile/workloads/main/MI300X_A1/out/pmc_1/f5fa73aad503/12037_kernel_trace.csv
   [32mINFO[0m    |-> [rocprofiler-sdk] E20260209 14:56:00.198913 124413925574144 output_stream.cpp:111] Opened result file: /root/rocm-examples/Applications/fdtd_profile/workloads/main/MI300X_A1/out/pmc_1/f5fa73aad503/12037_counter_collection.csv
   [32mINFO[0m    |-> [rocprofiler-sdk] E20260209 14:56:00.234463 124413925574144 output_stream.cpp:111] Opened result file: /root/rocm-examples/Applications/fdtd_profile/workloads/main/MI300X_A1/out/pmc_1/f5fa73aad503/12037_agent_info.csv
   [32mINFO[0m    |-> [rocprofiler-sdk] W20260209 14:56:00.237902 124413925574144 simple_timer.cpp:55] [rocprofv3] output generation ::     0.060436 sec
   [32mINFO[0m    |-> [rocprofiler-sdk] W20260209 14:56:00.237979 124413925574144 simple_timer.cpp:55] [rocprofv3] tool finalization ::     0.060551 sec
   [32mINFO[0m [Run 12/13][Approximate profiling time left: 3 seconds]...
   [32mINFO[0m [profiling] Current input file: /root/rocm-examples/Applications/fdtd_profile/workloads/main/MI300X_A1/perfmon/pmc_perf_4.txt
   [32mINFO[0m    |-> [rocprofiler-sdk] W20260209 14:56:02.798997 126324872553984 simple_timer.cpp:55] [rocprofv3] tool initialization ::     0.113307 sec
   [32mINFO[0m    |-> [rocprofiler-sdk] W20260209 14:56:02.799286 126324872553984 simple_timer.cpp:55] [rocprofv3] './main' ::     0.000000 sec
   [32mINFO[0m    |-> [rocprofiler-sdk] W20260209 14:56:02.988447 126324872553984 tool.cpp:2422] HSA version 8.20.0 initialized (instance=0)
   [32mINFO[0m    |-> [rocprofiler-sdk] iteration: 3	 time serial: 0.0687385	 time HIP: 0.00187532	 consistency: 100%
   [32mINFO[0m    |-> [rocprofiler-sdk] iteration: 6	 time serial: 0.137087	 time HIP: 0.00377047	 consistency: 100%
   [32mINFO[0m    |-> [rocprofiler-sdk] iteration: 9	 time serial: 0.205513	 time HIP: 0.00563109	 consistency: 100%
   [32mINFO[0m    |-> [rocprofiler-sdk] iteration: 12	 time serial: 0.273867	 time HIP: 0.00753074	 consistency: 100%
   [32mINFO[0m    |-> [rocprofiler-sdk] iteration: 15	 time serial: 0.342211	 time HIP: 0.00940215	 consistency: 100%
   [32mINFO[0m    |-> [rocprofiler-sdk] iteration: 18	 time serial: 0.410559	 time HIP: 0.0113397	 consistency: 100%
   [32mINFO[0m    |-> [rocprofiler-sdk] iteration: 21	 time serial: 0.478886	 time HIP: 0.0132145	 consistency: 100%
   [32mINFO[0m    |-> [rocprofiler-sdk] iteration: 24	 time serial: 0.547336	 time HIP: 0.0150779	 consistency: 99.9999%
   [32mINFO[0m    |-> [rocprofiler-sdk] iteration: 27	 time serial: 0.615791	 time HIP: 0.0170492	 consistency: 99.3826%
   [32mINFO[0m    |-> [rocprofiler-sdk] iteration: 30	 time serial: 0.684003	 time HIP: 0.0189462	 consistency: 99.382%
   [32mINFO[0m    |-> [rocprofiler-sdk] W20260209 14:56:03.954056 126324872553984 simple_timer.cpp:55] [rocprofv3] './main' ::     1.154771 sec
   [32mINFO[0m    |-> [rocprofiler-sdk] E20260209 14:56:03.962997 126324872553984 output_stream.cpp:111] Opened result file: /root/rocm-examples/Applications/fdtd_profile/workloads/main/MI300X_A1/out/pmc_1/f5fa73aad503/12059_kernel_trace.csv
   [32mINFO[0m    |-> [rocprofiler-sdk] E20260209 14:56:03.977397 126324872553984 output_stream.cpp:111] Opened result file: /root/rocm-examples/Applications/fdtd_profile/workloads/main/MI300X_A1/out/pmc_1/f5fa73aad503/12059_counter_collection.csv
   [32mINFO[0m    |-> [rocprofiler-sdk] E20260209 14:56:04.014509 126324872553984 output_stream.cpp:111] Opened result file: /root/rocm-examples/Applications/fdtd_profile/workloads/main/MI300X_A1/out/pmc_1/f5fa73aad503/12059_agent_info.csv
   [32mINFO[0m    |-> [rocprofiler-sdk] W20260209 14:56:04.017989 126324872553984 simple_timer.cpp:55] [rocprofv3] output generation ::     0.062707 sec
   [32mINFO[0m    |-> [rocprofiler-sdk] W20260209 14:56:04.018068 126324872553984 simple_timer.cpp:55] [rocprofv3] tool finalization ::     0.062823 sec
   [32mINFO[0m [Run 13/13][Approximate profiling time left: 0 seconds]...
   [32mINFO[0m [profiling] Current input file: /root/rocm-examples/Applications/fdtd_profile/workloads/main/MI300X_A1/perfmon/pmc_perf_5.txt
   [32mINFO[0m    |-> [rocprofiler-sdk] W20260209 14:56:06.430948 128592980002304 simple_timer.cpp:55] [rocprofv3] tool initialization ::     0.101067 sec
   [32mINFO[0m    |-> [rocprofiler-sdk] W20260209 14:56:06.431244 128592980002304 simple_timer.cpp:55] [rocprofv3] './main' ::     0.000001 sec
   [32mINFO[0m    |-> [rocprofiler-sdk] W20260209 14:56:06.620236 128592980002304 tool.cpp:2422] HSA version 8.20.0 initialized (instance=0)
   [32mINFO[0m    |-> [rocprofiler-sdk] iteration: 3	 time serial: 0.0676828	 time HIP: 0.00140541	 consistency: 100%
   [32mINFO[0m    |-> [rocprofiler-sdk] iteration: 6	 time serial: 0.134533	 time HIP: 0.00273365	 consistency: 100%
   [32mINFO[0m    |-> [rocprofiler-sdk] iteration: 9	 time serial: 0.201409	 time HIP: 0.00408064	 consistency: 100%
   [32mINFO[0m    |-> [rocprofiler-sdk] iteration: 12	 time serial: 0.268291	 time HIP: 0.00542339	 consistency: 100%
   [32mINFO[0m    |-> [rocprofiler-sdk] iteration: 15	 time serial: 0.335144	 time HIP: 0.00684554	 consistency: 100%
   [32mINFO[0m    |-> [rocprofiler-sdk] iteration: 18	 time serial: 0.402044	 time HIP: 0.00823985	 consistency: 100%
   [32mINFO[0m    |-> [rocprofiler-sdk] iteration: 21	 time serial: 0.469314	 time HIP: 0.00961469	 consistency: 100%
   [32mINFO[0m    |-> [rocprofiler-sdk] iteration: 24	 time serial: 0.53625	 time HIP: 0.0110123	 consistency: 99.9999%
   [32mINFO[0m    |-> [rocprofiler-sdk] iteration: 27	 time serial: 0.603265	 time HIP: 0.0123307	 consistency: 99.3826%
   [32mINFO[0m    |-> [rocprofiler-sdk] iteration: 30	 time serial: 0.670242	 time HIP: 0.0136855	 consistency: 99.382%
   [32mINFO[0m    |-> [rocprofiler-sdk] W20260209 14:56:07.552923 128592980002304 simple_timer.cpp:55] [rocprofv3] './main' ::     1.121679 sec
   [32mINFO[0m    |-> [rocprofiler-sdk] E20260209 14:56:07.562142 128592980002304 output_stream.cpp:111] Opened result file: /root/rocm-examples/Applications/fdtd_profile/workloads/main/MI300X_A1/out/pmc_1/f5fa73aad503/12067_kernel_trace.csv
   [32mINFO[0m    |-> [rocprofiler-sdk] E20260209 14:56:07.577648 128592980002304 output_stream.cpp:111] Opened result file: /root/rocm-examples/Applications/fdtd_profile/workloads/main/MI300X_A1/out/pmc_1/f5fa73aad503/12067_counter_collection.csv
   [32mINFO[0m    |-> [rocprofiler-sdk] E20260209 14:56:07.586406 128592980002304 output_stream.cpp:111] Opened result file: /root/rocm-examples/Applications/fdtd_profile/workloads/main/MI300X_A1/out/pmc_1/f5fa73aad503/12067_agent_info.csv
   [32mINFO[0m    |-> [rocprofiler-sdk] W20260209 14:56:07.590026 128592980002304 simple_timer.cpp:55] [rocprofv3] output generation ::     0.035619 sec
   [32mINFO[0m    |-> [rocprofiler-sdk] W20260209 14:56:07.590095 128592980002304 simple_timer.cpp:55] [rocprofv3] tool finalization ::     0.035723 sec
[33mWARNING[0m PC sampling data collection skipped as block 21 is not specified.
   [32mINFO[0m [roofline] Checking for roofline.csv in /root/rocm-examples/Applications/fdtd_profile/workloads/main/MI300X_A1
   [32mINFO[0m [roofline] No roofline data found. Generating...
Empirical Roofline Calculation
Copyright © 2025  Advanced Micro Devices, Inc. All rights reserved.
Total detected GPU devices: 1
GPU Device 0 (gfx942) with 304 CUs: Profiling...
  0% [                                                            ]  1% [                                                            ]  2% [|                                                           ]  3% [|                                                           ]  4% [||                                                          ]  5% [|||                                                         ]  6% [|||                                                         ]  7% [||||                                                        ]  8% [||||                                                        ]  9% [|||||                                                       ] 10% [||||||                                                      ] 11% [||||||                                                      ] 12% [|||||||                                                     ] 13% [|||||||                                                     ] 14% [||||||||                                                    ] 15% [|||||||||                                                   ] 16% [|||||||||                                                   ] 17% [||||||||||                                                  ] 18% [||||||||||                                                  ] 19% [|||||||||||                                                 ] 20% [||||||||||||                                                ] 21% [||||||||||||                                                ] 22% [|||||||||||||                                               ] 23% [|||||||||||||                                               ] 24% [||||||||||||||                                              ] 25% [|||||||||||||||                                             ] 26% [|||||||||||||||                                             ] 27% [||||||||||||||||                                            ] 28% [||||||||||||||||                                            ] 29% [|||||||||||||||||                                           ] 30% [||||||||||||||||||                                          ] 31% [||||||||||||||||||                                          ] 32% [|||||||||||||||||||                                         ] 33% [|||||||||||||||||||                                         ] 34% [||||||||||||||||||||                                        ] 35% [|||||||||||||||||||||                                       ] 36% [|||||||||||||||||||||                                       ] 37% [||||||||||||||||||||||                                      ] 38% [||||||||||||||||||||||                                      ] 39% [|||||||||||||||||||||||                                     ] 40% [||||||||||||||||||||||||                                    ] 41% [||||||||||||||||||||||||                                    ] 42% [|||||||||||||||||||||||||                                   ] 43% [|||||||||||||||||||||||||                                   ] 44% [||||||||||||||||||||||||||                                  ] 45% [|||||||||||||||||||||||||||                                 ] 46% [|||||||||||||||||||||||||||                                 ] 47% [||||||||||||||||||||||||||||                                ] 48% [||||||||||||||||||||||||||||                                ] 49% [|||||||||||||||||||||||||||||                               ] 50% [||||||||||||||||||||||||||||||                              ] 51% [||||||||||||||||||||||||||||||                              ] 52% [|||||||||||||||||||||||||||||||                             ] 52% [|||||||||||||||||||||||||||||||                             ] 54% [||||||||||||||||||||||||||||||||                            ] 55% [|||||||||||||||||||||||||||||||||                           ] 56% [|||||||||||||||||||||||||||||||||                           ] 57% [||||||||||||||||||||||||||||||||||                          ] 58% [||||||||||||||||||||||||||||||||||                          ] 58% [|||||||||||||||||||||||||||||||||||                         ] 60% [||||||||||||||||||||||||||||||||||||                        ] 61% [||||||||||||||||||||||||||||||||||||                        ] 62% [|||||||||||||||||||||||||||||||||||||                       ] 63% [|||||||||||||||||||||||||||||||||||||                       ] 64% [||||||||||||||||||||||||||||||||||||||                      ] 65% [|||||||||||||||||||||||||||||||||||||||                     ] 66% [|||||||||||||||||||||||||||||||||||||||                     ] 67% [||||||||||||||||||||||||||||||||||||||||                    ] 68% [||||||||||||||||||||||||||||||||||||||||                    ] 69% [|||||||||||||||||||||||||||||||||||||||||                   ] 70% [||||||||||||||||||||||||||||||||||||||||||                  ] 71% [||||||||||||||||||||||||||||||||||||||||||                  ] 72% [|||||||||||||||||||||||||||||||||||||||||||                 ] 73% [|||||||||||||||||||||||||||||||||||||||||||                 ] 74% [||||||||||||||||||||||||||||||||||||||||||||                ] 75% [|||||||||||||||||||||||||||||||||||||||||||||               ] 76% [|||||||||||||||||||||||||||||||||||||||||||||               ] 77% [||||||||||||||||||||||||||||||||||||||||||||||              ] 78% [||||||||||||||||||||||||||||||||||||||||||||||              ] 79% [|||||||||||||||||||||||||||||||||||||||||||||||             ] 80% [||||||||||||||||||||||||||||||||||||||||||||||||            ] 81% [||||||||||||||||||||||||||||||||||||||||||||||||            ] 82% [|||||||||||||||||||||||||||||||||||||||||||||||||           ] 83% [|||||||||||||||||||||||||||||||||||||||||||||||||           ] 84% [||||||||||||||||||||||||||||||||||||||||||||||||||          ] 85% [|||||||||||||||||||||||||||||||||||||||||||||||||||         ] 86% [|||||||||||||||||||||||||||||||||||||||||||||||||||         ] 87% [||||||||||||||||||||||||||||||||||||||||||||||||||||        ] 88% [||||||||||||||||||||||||||||||||||||||||||||||||||||        ] 89% [|||||||||||||||||||||||||||||||||||||||||||||||||||||       ] 90% [||||||||||||||||||||||||||||||||||||||||||||||||||||||      ] 91% [||||||||||||||||||||||||||||||||||||||||||||||||||||||      ] 92% [|||||||||||||||||||||||||||||||||||||||||||||||||||||||     ] 93% [|||||||||||||||||||||||||||||||||||||||||||||||||||||||     ] 94% [||||||||||||||||||||||||||||||||||||||||||||||||||||||||    ] 95% [|||||||||||||||||||||||||||||||||||||||||||||||||||||||||   ] 96% [|||||||||||||||||||||||||||||||||||||||||||||||||||||||||   ] 97% [||||||||||||||||||||||||||||||||||||||||||||||||||||||||||  ] 98% [||||||||||||||||||||||||||||||||||||||||||||||||||||||||||  ] 99% [||||||||||||||||||||||||||||||||||||||||||||||||||||||||||| ]
HBM BW, GPU ID: 0, workgroupSize:256, workgroups:6225920, experiments:100, traffic:25501368320 bytes, duration:6.0 ms, mean:4226.1 GB/sec, stdev=11.0 GB/sec
  0% [                                                            ]  1% [                                                            ]  2% [|                                                           ]  3% [|                                                           ]  4% [||                                                          ]  5% [|||                                                         ]  6% [|||                                                         ]  7% [||||                                                        ]  8% [||||                                                        ]  9% [|||||                                                       ] 10% [||||||                                                      ] 11% [||||||                                                      ] 12% [|||||||                                                     ] 13% [|||||||                                                     ] 14% [||||||||                                                    ] 15% [|||||||||                                                   ] 16% [|||||||||                                                   ] 17% [||||||||||                                                  ] 18% [||||||||||                                                  ] 19% [|||||||||||                                                 ] 20% [||||||||||||                                                ] 21% [||||||||||||                                                ] 22% [|||||||||||||                                               ] 23% [|||||||||||||                                               ] 24% [||||||||||||||                                              ] 25% [|||||||||||||||                                             ] 26% [|||||||||||||||                                             ] 27% [||||||||||||||||                                            ] 28% [||||||||||||||||                                            ] 29% [|||||||||||||||||                                           ] 30% [||||||||||||||||||                                          ] 31% [||||||||||||||||||                                          ] 32% [|||||||||||||||||||                                         ] 33% [|||||||||||||||||||                                         ] 34% [||||||||||||||||||||                                        ] 35% [|||||||||||||||||||||                                       ] 36% [|||||||||||||||||||||                                       ] 37% [||||||||||||||||||||||                                      ] 38% [||||||||||||||||||||||                                      ] 39% [|||||||||||||||||||||||                                     ] 40% [||||||||||||||||||||||||                                    ] 41% [||||||||||||||||||||||||                                    ] 42% [|||||||||||||||||||||||||                                   ] 43% [|||||||||||||||||||||||||                                   ] 44% [||||||||||||||||||||||||||                                  ] 45% [|||||||||||||||||||||||||||                                 ] 46% [|||||||||||||||||||||||||||                                 ] 47% [||||||||||||||||||||||||||||                                ] 48% [||||||||||||||||||||||||||||                                ] 49% [|||||||||||||||||||||||||||||                               ] 50% [||||||||||||||||||||||||||||||                              ] 51% [||||||||||||||||||||||||||||||                              ] 52% [|||||||||||||||||||||||||||||||                             ] 52% [|||||||||||||||||||||||||||||||                             ] 54% [||||||||||||||||||||||||||||||||                            ] 55% [|||||||||||||||||||||||||||||||||                           ] 56% [|||||||||||||||||||||||||||||||||                           ] 57% [||||||||||||||||||||||||||||||||||                          ] 58% [||||||||||||||||||||||||||||||||||                          ] 58% [|||||||||||||||||||||||||||||||||||                         ] 60% [||||||||||||||||||||||||||||||||||||                        ] 61% [||||||||||||||||||||||||||||||||||||                        ] 62% [|||||||||||||||||||||||||||||||||||||                       ] 63% [|||||||||||||||||||||||||||||||||||||                       ] 64% [||||||||||||||||||||||||||||||||||||||                      ] 65% [|||||||||||||||||||||||||||||||||||||||                     ] 66% [|||||||||||||||||||||||||||||||||||||||                     ] 67% [||||||||||||||||||||||||||||||||||||||||                    ] 68% [||||||||||||||||||||||||||||||||||||||||                    ] 69% [|||||||||||||||||||||||||||||||||||||||||                   ] 70% [||||||||||||||||||||||||||||||||||||||||||                  ] 71% [||||||||||||||||||||||||||||||||||||||||||                  ] 72% [|||||||||||||||||||||||||||||||||||||||||||                 ] 73% [|||||||||||||||||||||||||||||||||||||||||||                 ] 74% [||||||||||||||||||||||||||||||||||||||||||||                ] 75% [|||||||||||||||||||||||||||||||||||||||||||||               ] 76% [|||||||||||||||||||||||||||||||||||||||||||||               ] 77% [||||||||||||||||||||||||||||||||||||||||||||||              ] 78% [||||||||||||||||||||||||||||||||||||||||||||||              ] 79% [|||||||||||||||||||||||||||||||||||||||||||||||             ] 80% [||||||||||||||||||||||||||||||||||||||||||||||||            ] 81% [||||||||||||||||||||||||||||||||||||||||||||||||            ] 82% [|||||||||||||||||||||||||||||||||||||||||||||||||           ] 83% [|||||||||||||||||||||||||||||||||||||||||||||||||           ] 84% [||||||||||||||||||||||||||||||||||||||||||||||||||          ] 85% [|||||||||||||||||||||||||||||||||||||||||||||||||||         ] 86% [|||||||||||||||||||||||||||||||||||||||||||||||||||         ] 87% [||||||||||||||||||||||||||||||||||||||||||||||||||||        ] 88% [||||||||||||||||||||||||||||||||||||||||||||||||||||        ] 89% [|||||||||||||||||||||||||||||||||||||||||||||||||||||       ] 90% [||||||||||||||||||||||||||||||||||||||||||||||||||||||      ] 91% [||||||||||||||||||||||||||||||||||||||||||||||||||||||      ] 92% [|||||||||||||||||||||||||||||||||||||||||||||||||||||||     ] 93% [|||||||||||||||||||||||||||||||||||||||||||||||||||||||     ] 94% [||||||||||||||||||||||||||||||||||||||||||||||||||||||||    ] 95% [|||||||||||||||||||||||||||||||||||||||||||||||||||||||||   ] 96% [|||||||||||||||||||||||||||||||||||||||||||||||||||||||||   ] 97% [||||||||||||||||||||||||||||||||||||||||||||||||||||||||||  ] 98% [||||||||||||||||||||||||||||||||||||||||||||||||||||||||||  ] 99% [||||||||||||||||||||||||||||||||||||||||||||||||||||||||||| ]
MALL BW, GPU ID: 0, workgroupSize:256, workgroups:38912, experiments:100, traffic:2611340115968 bytes, duration:422.1 ms, mean:6166.7 GB/sec, stdev=26.6 GB/sec
  0% [                                                            ]  1% [                                                            ]  2% [|                                                           ]  3% [|                                                           ]  4% [||                                                          ]  5% [|||                                                         ]  6% [|||                                                         ]  7% [||||                                                        ]  8% [||||                                                        ]  9% [|||||                                                       ] 10% [||||||                                                      ] 11% [||||||                                                      ] 12% [|||||||                                                     ] 13% [|||||||                                                     ] 14% [||||||||                                                    ] 15% [|||||||||                                                   ] 16% [|||||||||                                                   ] 17% [||||||||||                                                  ] 18% [||||||||||                                                  ] 19% [|||||||||||                                                 ] 20% [||||||||||||                                                ] 21% [||||||||||||                                                ] 22% [|||||||||||||                                               ] 23% [|||||||||||||                                               ] 24% [||||||||||||||                                              ] 25% [|||||||||||||||                                             ] 26% [|||||||||||||||                                             ] 27% [||||||||||||||||                                            ] 28% [||||||||||||||||                                            ] 29% [|||||||||||||||||                                           ] 30% [||||||||||||||||||                                          ] 31% [||||||||||||||||||                                          ] 32% [|||||||||||||||||||                                         ] 33% [|||||||||||||||||||                                         ] 34% [||||||||||||||||||||                                        ] 35% [|||||||||||||||||||||                                       ] 36% [|||||||||||||||||||||                                       ] 37% [||||||||||||||||||||||                                      ] 38% [||||||||||||||||||||||                                      ] 39% [|||||||||||||||||||||||                                     ] 40% [||||||||||||||||||||||||                                    ] 41% [||||||||||||||||||||||||                                    ] 42% [|||||||||||||||||||||||||                                   ] 43% [|||||||||||||||||||||||||                                   ] 44% [||||||||||||||||||||||||||                                  ] 45% [|||||||||||||||||||||||||||                                 ] 46% [|||||||||||||||||||||||||||                                 ] 47% [||||||||||||||||||||||||||||                                ] 48% [||||||||||||||||||||||||||||                                ] 49% [|||||||||||||||||||||||||||||                               ] 50% [||||||||||||||||||||||||||||||                              ] 51% [||||||||||||||||||||||||||||||                              ] 52% [|||||||||||||||||||||||||||||||                             ] 52% [|||||||||||||||||||||||||||||||                             ] 54% [||||||||||||||||||||||||||||||||                            ] 55% [|||||||||||||||||||||||||||||||||                           ] 56% [|||||||||||||||||||||||||||||||||                           ] 57% [||||||||||||||||||||||||||||||||||                          ] 58% [||||||||||||||||||||||||||||||||||                          ] 58% [|||||||||||||||||||||||||||||||||||                         ] 60% [||||||||||||||||||||||||||||||||||||                        ] 61% [||||||||||||||||||||||||||||||||||||                        ] 62% [|||||||||||||||||||||||||||||||||||||                       ] 63% [|||||||||||||||||||||||||||||||||||||                       ] 64% [||||||||||||||||||||||||||||||||||||||                      ] 65% [|||||||||||||||||||||||||||||||||||||||                     ] 66% [|||||||||||||||||||||||||||||||||||||||                     ] 67% [||||||||||||||||||||||||||||||||||||||||                    ] 68% [||||||||||||||||||||||||||||||||||||||||                    ] 69% [|||||||||||||||||||||||||||||||||||||||||                   ] 70% [||||||||||||||||||||||||||||||||||||||||||                  ] 71% [||||||||||||||||||||||||||||||||||||||||||                  ] 72% [|||||||||||||||||||||||||||||||||||||||||||                 ] 73% [|||||||||||||||||||||||||||||||||||||||||||                 ] 74% [||||||||||||||||||||||||||||||||||||||||||||                ] 75% [|||||||||||||||||||||||||||||||||||||||||||||               ] 76% [|||||||||||||||||||||||||||||||||||||||||||||               ] 77% [||||||||||||||||||||||||||||||||||||||||||||||              ] 78% [||||||||||||||||||||||||||||||||||||||||||||||              ] 79% [|||||||||||||||||||||||||||||||||||||||||||||||             ] 80% [||||||||||||||||||||||||||||||||||||||||||||||||            ] 81% [||||||||||||||||||||||||||||||||||||||||||||||||            ] 82% [|||||||||||||||||||||||||||||||||||||||||||||||||           ] 83% [|||||||||||||||||||||||||||||||||||||||||||||||||           ] 84% [||||||||||||||||||||||||||||||||||||||||||||||||||          ] 85% [|||||||||||||||||||||||||||||||||||||||||||||||||||         ] 86% [|||||||||||||||||||||||||||||||||||||||||||||||||||         ] 87% [||||||||||||||||||||||||||||||||||||||||||||||||||||        ] 88% [||||||||||||||||||||||||||||||||||||||||||||||||||||        ] 89% [|||||||||||||||||||||||||||||||||||||||||||||||||||||       ] 90% [||||||||||||||||||||||||||||||||||||||||||||||||||||||      ] 91% [||||||||||||||||||||||||||||||||||||||||||||||||||||||      ] 92% [|||||||||||||||||||||||||||||||||||||||||||||||||||||||     ] 93% [|||||||||||||||||||||||||||||||||||||||||||||||||||||||     ] 94% [||||||||||||||||||||||||||||||||||||||||||||||||||||||||    ] 95% [|||||||||||||||||||||||||||||||||||||||||||||||||||||||||   ] 96% [|||||||||||||||||||||||||||||||||||||||||||||||||||||||||   ] 97% [||||||||||||||||||||||||||||||||||||||||||||||||||||||||||  ] 98% [||||||||||||||||||||||||||||||||||||||||||||||||||||||||||  ] 99% [||||||||||||||||||||||||||||||||||||||||||||||||||||||||||| ]
L2 BW, GPU ID: 0, workgroupSize:256, workgroups:38912, experiments:100, traffic:1632087572480 bytes, duration:63.9 ms, mean:25612.9 GB/sec, stdev=83.7 GB/sec
  0% [                                                            ]  1% [                                                            ]  2% [|                                                           ]  3% [|                                                           ]  4% [||                                                          ]  5% [|||                                                         ]  6% [|||                                                         ]  7% [||||                                                        ]  8% [||||                                                        ]  9% [|||||                                                       ] 10% [||||||                                                      ] 11% [||||||                                                      ] 12% [|||||||                                                     ] 13% [|||||||                                                     ] 14% [||||||||                                                    ] 15% [|||||||||                                                   ] 16% [|||||||||                                                   ] 17% [||||||||||                                                  ] 18% [||||||||||                                                  ] 19% [|||||||||||                                                 ] 20% [||||||||||||                                                ] 21% [||||||||||||                                                ] 22% [|||||||||||||                                               ] 23% [|||||||||||||                                               ] 24% [||||||||||||||                                              ] 25% [|||||||||||||||                                             ] 26% [|||||||||||||||                                             ] 27% [||||||||||||||||                                            ] 28% [||||||||||||||||                                            ] 29% [|||||||||||||||||                                           ] 30% [||||||||||||||||||                                          ] 31% [||||||||||||||||||                                          ] 32% [|||||||||||||||||||                                         ] 33% [|||||||||||||||||||                                         ] 34% [||||||||||||||||||||                                        ] 35% [|||||||||||||||||||||                                       ] 36% [|||||||||||||||||||||                                       ] 37% [||||||||||||||||||||||                                      ] 38% [||||||||||||||||||||||                                      ] 39% [|||||||||||||||||||||||                                     ] 40% [||||||||||||||||||||||||                                    ] 41% [||||||||||||||||||||||||                                    ] 42% [|||||||||||||||||||||||||                                   ] 43% [|||||||||||||||||||||||||                                   ] 44% [||||||||||||||||||||||||||                                  ] 45% [|||||||||||||||||||||||||||                                 ] 46% [|||||||||||||||||||||||||||                                 ] 47% [||||||||||||||||||||||||||||                                ] 48% [||||||||||||||||||||||||||||                                ] 49% [|||||||||||||||||||||||||||||                               ] 50% [||||||||||||||||||||||||||||||                              ] 51% [||||||||||||||||||||||||||||||                              ] 52% [|||||||||||||||||||||||||||||||                             ] 52% [|||||||||||||||||||||||||||||||                             ] 54% [||||||||||||||||||||||||||||||||                            ] 55% [|||||||||||||||||||||||||||||||||                           ] 56% [|||||||||||||||||||||||||||||||||                           ] 57% [||||||||||||||||||||||||||||||||||                          ] 58% [||||||||||||||||||||||||||||||||||                          ] 58% [|||||||||||||||||||||||||||||||||||                         ] 60% [||||||||||||||||||||||||||||||||||||                        ] 61% [||||||||||||||||||||||||||||||||||||                        ] 62% [|||||||||||||||||||||||||||||||||||||                       ] 63% [|||||||||||||||||||||||||||||||||||||                       ] 64% [||||||||||||||||||||||||||||||||||||||                      ] 65% [|||||||||||||||||||||||||||||||||||||||                     ] 66% [|||||||||||||||||||||||||||||||||||||||                     ] 67% [||||||||||||||||||||||||||||||||||||||||                    ] 68% [||||||||||||||||||||||||||||||||||||||||                    ] 69% [|||||||||||||||||||||||||||||||||||||||||                   ] 70% [||||||||||||||||||||||||||||||||||||||||||                  ] 71% [||||||||||||||||||||||||||||||||||||||||||                  ] 72% [|||||||||||||||||||||||||||||||||||||||||||                 ] 73% [|||||||||||||||||||||||||||||||||||||||||||                 ] 74% [||||||||||||||||||||||||||||||||||||||||||||                ] 75% [|||||||||||||||||||||||||||||||||||||||||||||               ] 76% [|||||||||||||||||||||||||||||||||||||||||||||               ] 77% [||||||||||||||||||||||||||||||||||||||||||||||              ] 78% [||||||||||||||||||||||||||||||||||||||||||||||              ] 79% [|||||||||||||||||||||||||||||||||||||||||||||||             ] 80% [||||||||||||||||||||||||||||||||||||||||||||||||            ] 81% [||||||||||||||||||||||||||||||||||||||||||||||||            ] 82% [|||||||||||||||||||||||||||||||||||||||||||||||||           ] 83% [|||||||||||||||||||||||||||||||||||||||||||||||||           ] 84% [||||||||||||||||||||||||||||||||||||||||||||||||||          ] 85% [|||||||||||||||||||||||||||||||||||||||||||||||||||         ] 86% [|||||||||||||||||||||||||||||||||||||||||||||||||||         ] 87% [||||||||||||||||||||||||||||||||||||||||||||||||||||        ] 88% [||||||||||||||||||||||||||||||||||||||||||||||||||||        ] 89% [|||||||||||||||||||||||||||||||||||||||||||||||||||||       ] 90% [||||||||||||||||||||||||||||||||||||||||||||||||||||||      ] 91% [||||||||||||||||||||||||||||||||||||||||||||||||||||||      ] 92% [|||||||||||||||||||||||||||||||||||||||||||||||||||||||     ] 93% [|||||||||||||||||||||||||||||||||||||||||||||||||||||||     ] 94% [||||||||||||||||||||||||||||||||||||||||||||||||||||||||    ] 95% [|||||||||||||||||||||||||||||||||||||||||||||||||||||||||   ] 96% [|||||||||||||||||||||||||||||||||||||||||||||||||||||||||   ] 97% [||||||||||||||||||||||||||||||||||||||||||||||||||||||||||  ] 98% [||||||||||||||||||||||||||||||||||||||||||||||||||||||||||  ] 99% [||||||||||||||||||||||||||||||||||||||||||||||||||||||||||| ]
L1 BW, GPU ID: 0, workgroupSize:256, workgroups:38912, experiments:100, traffic:127506841600 bytes, duration:3.8 ms, mean:33791.0 GB/sec, stdev=145.4 GB/sec
  0% [                                                            ]  1% [                                                            ]  2% [|                                                           ]  3% [|                                                           ]  4% [||                                                          ]  5% [|||                                                         ]  6% [|||                                                         ]  7% [||||                                                        ]  8% [||||                                                        ]  9% [|||||                                                       ] 10% [||||||                                                      ] 11% [||||||                                                      ] 12% [|||||||                                                     ] 13% [|||||||                                                     ] 14% [||||||||                                                    ] 15% [|||||||||                                                   ] 16% [|||||||||                                                   ] 17% [||||||||||                                                  ] 18% [||||||||||                                                  ] 19% [|||||||||||                                                 ] 20% [||||||||||||                                                ] 21% [||||||||||||                                                ] 22% [|||||||||||||                                               ] 23% [|||||||||||||                                               ] 24% [||||||||||||||                                              ] 25% [|||||||||||||||                                             ] 26% [|||||||||||||||                                             ] 27% [||||||||||||||||                                            ] 28% [||||||||||||||||                                            ] 29% [|||||||||||||||||                                           ] 30% [||||||||||||||||||                                          ] 31% [||||||||||||||||||                                          ] 32% [|||||||||||||||||||                                         ] 33% [|||||||||||||||||||                                         ] 34% [||||||||||||||||||||                                        ] 35% [|||||||||||||||||||||                                       ] 36% [|||||||||||||||||||||                                       ] 37% [||||||||||||||||||||||                                      ] 38% [||||||||||||||||||||||                                      ] 39% [|||||||||||||||||||||||                                     ] 40% [||||||||||||||||||||||||                                    ] 41% [||||||||||||||||||||||||                                    ] 42% [|||||||||||||||||||||||||                                   ] 43% [|||||||||||||||||||||||||                                   ] 44% [||||||||||||||||||||||||||                                  ] 45% [|||||||||||||||||||||||||||                                 ] 46% [|||||||||||||||||||||||||||                                 ] 47% [||||||||||||||||||||||||||||                                ] 48% [||||||||||||||||||||||||||||                                ] 49% [|||||||||||||||||||||||||||||                               ] 50% [||||||||||||||||||||||||||||||                              ] 51% [||||||||||||||||||||||||||||||                              ] 52% [|||||||||||||||||||||||||||||||                             ] 52% [|||||||||||||||||||||||||||||||                             ] 54% [||||||||||||||||||||||||||||||||                            ] 55% [|||||||||||||||||||||||||||||||||                           ] 56% [|||||||||||||||||||||||||||||||||                           ] 57% [||||||||||||||||||||||||||||||||||                          ] 58% [||||||||||||||||||||||||||||||||||                          ] 58% [|||||||||||||||||||||||||||||||||||                         ] 60% [||||||||||||||||||||||||||||||||||||                        ] 61% [||||||||||||||||||||||||||||||||||||                        ] 62% [|||||||||||||||||||||||||||||||||||||                       ] 63% [|||||||||||||||||||||||||||||||||||||                       ] 64% [||||||||||||||||||||||||||||||||||||||                      ] 65% [|||||||||||||||||||||||||||||||||||||||                     ] 66% [|||||||||||||||||||||||||||||||||||||||                     ] 67% [||||||||||||||||||||||||||||||||||||||||                    ] 68% [||||||||||||||||||||||||||||||||||||||||                    ] 69% [|||||||||||||||||||||||||||||||||||||||||                   ] 70% [||||||||||||||||||||||||||||||||||||||||||                  ] 71% [||||||||||||||||||||||||||||||||||||||||||                  ] 72% [|||||||||||||||||||||||||||||||||||||||||||                 ] 73% [|||||||||||||||||||||||||||||||||||||||||||                 ] 74% [||||||||||||||||||||||||||||||||||||||||||||                ] 75% [|||||||||||||||||||||||||||||||||||||||||||||               ] 76% [|||||||||||||||||||||||||||||||||||||||||||||               ] 77% [||||||||||||||||||||||||||||||||||||||||||||||              ] 78% [||||||||||||||||||||||||||||||||||||||||||||||              ] 79% [|||||||||||||||||||||||||||||||||||||||||||||||             ] 80% [||||||||||||||||||||||||||||||||||||||||||||||||            ] 81% [||||||||||||||||||||||||||||||||||||||||||||||||            ] 82% [|||||||||||||||||||||||||||||||||||||||||||||||||           ] 83% [|||||||||||||||||||||||||||||||||||||||||||||||||           ] 84% [||||||||||||||||||||||||||||||||||||||||||||||||||          ] 85% [|||||||||||||||||||||||||||||||||||||||||||||||||||         ] 86% [|||||||||||||||||||||||||||||||||||||||||||||||||||         ] 87% [||||||||||||||||||||||||||||||||||||||||||||||||||||        ] 88% [||||||||||||||||||||||||||||||||||||||||||||||||||||        ] 89% [|||||||||||||||||||||||||||||||||||||||||||||||||||||       ] 90% [||||||||||||||||||||||||||||||||||||||||||||||||||||||      ] 91% [||||||||||||||||||||||||||||||||||||||||||||||||||||||      ] 92% [|||||||||||||||||||||||||||||||||||||||||||||||||||||||     ] 93% [|||||||||||||||||||||||||||||||||||||||||||||||||||||||     ] 94% [||||||||||||||||||||||||||||||||||||||||||||||||||||||||    ] 95% [|||||||||||||||||||||||||||||||||||||||||||||||||||||||||   ] 96% [|||||||||||||||||||||||||||||||||||||||||||||||||||||||||   ] 97% [||||||||||||||||||||||||||||||||||||||||||||||||||||||||||  ] 98% [||||||||||||||||||||||||||||||||||||||||||||||||||||||||||  ] 99% [||||||||||||||||||||||||||||||||||||||||||||||||||||||||||| ]
LDS BW, GPU ID: 0, workgroupSize:256, workgroups:38912, experiments:100, traffic:79691776000 bytes, duration:1.1 ms, mean:71331.3 GB/sec, stdev=133.0 GB/sec
  0% [                                                            ]  1% [                                                            ]  2% [|                                                           ]  3% [|                                                           ]  4% [||                                                          ]  5% [|||                                                         ]  6% [|||                                                         ]  7% [||||                                                        ]  8% [||||                                                        ]  9% [|||||                                                       ] 10% [||||||                                                      ] 11% [||||||                                                      ] 12% [|||||||                                                     ] 13% [|||||||                                                     ] 14% [||||||||                                                    ] 15% [|||||||||                                                   ] 16% [|||||||||                                                   ] 17% [||||||||||                                                  ] 18% [||||||||||                                                  ] 19% [|||||||||||                                                 ] 20% [||||||||||||                                                ] 21% [||||||||||||                                                ] 22% [|||||||||||||                                               ] 23% [|||||||||||||                                               ] 24% [||||||||||||||                                              ] 25% [|||||||||||||||                                             ] 26% [|||||||||||||||                                             ] 27% [||||||||||||||||                                            ] 28% [||||||||||||||||                                            ] 29% [|||||||||||||||||                                           ] 30% [||||||||||||||||||                                          ] 31% [||||||||||||||||||                                          ] 32% [|||||||||||||||||||                                         ] 33% [|||||||||||||||||||                                         ] 34% [||||||||||||||||||||                                        ] 35% [|||||||||||||||||||||                                       ] 36% [|||||||||||||||||||||                                       ] 37% [||||||||||||||||||||||                                      ] 38% [||||||||||||||||||||||                                      ] 39% [|||||||||||||||||||||||                                     ] 40% [||||||||||||||||||||||||                                    ] 41% [||||||||||||||||||||||||                                    ] 42% [|||||||||||||||||||||||||                                   ] 43% [|||||||||||||||||||||||||                                   ] 44% [||||||||||||||||||||||||||                                  ] 45% [|||||||||||||||||||||||||||                                 ] 46% [|||||||||||||||||||||||||||                                 ] 47% [||||||||||||||||||||||||||||                                ] 48% [||||||||||||||||||||||||||||                                ] 49% [|||||||||||||||||||||||||||||                               ] 50% [||||||||||||||||||||||||||||||                              ] 51% [||||||||||||||||||||||||||||||                              ] 52% [|||||||||||||||||||||||||||||||                             ] 52% [|||||||||||||||||||||||||||||||                             ] 54% [||||||||||||||||||||||||||||||||                            ] 55% [|||||||||||||||||||||||||||||||||                           ] 56% [|||||||||||||||||||||||||||||||||                           ] 57% [||||||||||||||||||||||||||||||||||                          ] 58% [||||||||||||||||||||||||||||||||||                          ] 58% [|||||||||||||||||||||||||||||||||||                         ] 60% [||||||||||||||||||||||||||||||||||||                        ] 61% [||||||||||||||||||||||||||||||||||||                        ] 62% [|||||||||||||||||||||||||||||||||||||                       ] 63% [|||||||||||||||||||||||||||||||||||||                       ] 64% [||||||||||||||||||||||||||||||||||||||                      ] 65% [|||||||||||||||||||||||||||||||||||||||                     ] 66% [|||||||||||||||||||||||||||||||||||||||                     ] 67% [||||||||||||||||||||||||||||||||||||||||                    ] 68% [||||||||||||||||||||||||||||||||||||||||                    ] 69% [|||||||||||||||||||||||||||||||||||||||||                   ] 70% [||||||||||||||||||||||||||||||||||||||||||                  ] 71% [||||||||||||||||||||||||||||||||||||||||||                  ] 72% [|||||||||||||||||||||||||||||||||||||||||||                 ] 73% [|||||||||||||||||||||||||||||||||||||||||||                 ] 74% [||||||||||||||||||||||||||||||||||||||||||||                ] 75% [|||||||||||||||||||||||||||||||||||||||||||||               ] 76% [|||||||||||||||||||||||||||||||||||||||||||||               ] 77% [||||||||||||||||||||||||||||||||||||||||||||||              ] 78% [||||||||||||||||||||||||||||||||||||||||||||||              ] 79% [|||||||||||||||||||||||||||||||||||||||||||||||             ] 80% [||||||||||||||||||||||||||||||||||||||||||||||||            ] 81% [||||||||||||||||||||||||||||||||||||||||||||||||            ] 82% [|||||||||||||||||||||||||||||||||||||||||||||||||           ] 83% [|||||||||||||||||||||||||||||||||||||||||||||||||           ] 84% [||||||||||||||||||||||||||||||||||||||||||||||||||          ] 85% [|||||||||||||||||||||||||||||||||||||||||||||||||||         ] 86% [|||||||||||||||||||||||||||||||||||||||||||||||||||         ] 87% [||||||||||||||||||||||||||||||||||||||||||||||||||||        ] 88% [||||||||||||||||||||||||||||||||||||||||||||||||||||        ] 89% [|||||||||||||||||||||||||||||||||||||||||||||||||||||       ] 90% [||||||||||||||||||||||||||||||||||||||||||||||||||||||      ] 91% [||||||||||||||||||||||||||||||||||||||||||||||||||||||      ] 92% [|||||||||||||||||||||||||||||||||||||||||||||||||||||||     ] 93% [|||||||||||||||||||||||||||||||||||||||||||||||||||||||     ] 94% [||||||||||||||||||||||||||||||||||||||||||||||||||||||||    ] 95% [|||||||||||||||||||||||||||||||||||||||||||||||||||||||||   ] 96% [|||||||||||||||||||||||||||||||||||||||||||||||||||||||||   ] 97% [||||||||||||||||||||||||||||||||||||||||||||||||||||||||||  ] 98% [||||||||||||||||||||||||||||||||||||||||||||||||||||||||||  ] 99% [||||||||||||||||||||||||||||||||||||||||||||||||||||||||||| ]
Peak FLOPs (FP8), GPU ID: 0, workgroupSize:256, workgroups:38912, experiments:100, FLOP:1081258016768, duration:13.1 ms, mean:82521.1 GFLOPS, stdev=132.6 GFLOPS
  0% [                                                            ]  1% [                                                            ]  2% [|                                                           ]  3% [|                                                           ]  4% [||                                                          ]  5% [|||                                                         ]  6% [|||                                                         ]  7% [||||                                                        ]  8% [||||                                                        ]  9% [|||||                                                       ] 10% [||||||                                                      ] 11% [||||||                                                      ] 12% [|||||||                                                     ] 13% [|||||||                                                     ] 14% [||||||||                                                    ] 15% [|||||||||                                                   ] 16% [|||||||||                                                   ] 17% [||||||||||                                                  ] 18% [||||||||||                                                  ] 19% [|||||||||||                                                 ] 20% [||||||||||||                                                ] 21% [||||||||||||                                                ] 22% [|||||||||||||                                               ] 23% [|||||||||||||                                               ] 24% [||||||||||||||                                              ] 25% [|||||||||||||||                                             ] 26% [|||||||||||||||                                             ] 27% [||||||||||||||||                                            ] 28% [||||||||||||||||                                            ] 29% [|||||||||||||||||                                           ] 30% [||||||||||||||||||                                          ] 31% [||||||||||||||||||                                          ] 32% [|||||||||||||||||||                                         ] 33% [|||||||||||||||||||                                         ] 34% [||||||||||||||||||||                                        ] 35% [|||||||||||||||||||||                                       ] 36% [|||||||||||||||||||||                                       ] 37% [||||||||||||||||||||||                                      ] 38% [||||||||||||||||||||||                                      ] 39% [|||||||||||||||||||||||                                     ] 40% [||||||||||||||||||||||||                                    ] 41% [||||||||||||||||||||||||                                    ] 42% [|||||||||||||||||||||||||                                   ] 43% [|||||||||||||||||||||||||                                   ] 44% [||||||||||||||||||||||||||                                  ] 45% [|||||||||||||||||||||||||||                                 ] 46% [|||||||||||||||||||||||||||                                 ] 47% [||||||||||||||||||||||||||||                                ] 48% [||||||||||||||||||||||||||||                                ] 49% [|||||||||||||||||||||||||||||                               ] 50% [||||||||||||||||||||||||||||||                              ] 51% [||||||||||||||||||||||||||||||                              ] 52% [|||||||||||||||||||||||||||||||                             ] 52% [|||||||||||||||||||||||||||||||                             ] 54% [||||||||||||||||||||||||||||||||                            ] 55% [|||||||||||||||||||||||||||||||||                           ] 56% [|||||||||||||||||||||||||||||||||                           ] 57% [||||||||||||||||||||||||||||||||||                          ] 58% [||||||||||||||||||||||||||||||||||                          ] 58% [|||||||||||||||||||||||||||||||||||                         ] 60% [||||||||||||||||||||||||||||||||||||                        ] 61% [||||||||||||||||||||||||||||||||||||                        ] 62% [|||||||||||||||||||||||||||||||||||||                       ] 63% [|||||||||||||||||||||||||||||||||||||                       ] 64% [||||||||||||||||||||||||||||||||||||||                      ] 65% [|||||||||||||||||||||||||||||||||||||||                     ] 66% [|||||||||||||||||||||||||||||||||||||||                     ] 67% [||||||||||||||||||||||||||||||||||||||||                    ] 68% [||||||||||||||||||||||||||||||||||||||||                    ] 69% [|||||||||||||||||||||||||||||||||||||||||                   ] 70% [||||||||||||||||||||||||||||||||||||||||||                  ] 71% [||||||||||||||||||||||||||||||||||||||||||                  ] 72% [|||||||||||||||||||||||||||||||||||||||||||                 ] 73% [|||||||||||||||||||||||||||||||||||||||||||                 ] 74% [||||||||||||||||||||||||||||||||||||||||||||                ] 75% [|||||||||||||||||||||||||||||||||||||||||||||               ] 76% [|||||||||||||||||||||||||||||||||||||||||||||               ] 77% [||||||||||||||||||||||||||||||||||||||||||||||              ] 78% [||||||||||||||||||||||||||||||||||||||||||||||              ] 79% [|||||||||||||||||||||||||||||||||||||||||||||||             ] 80% [||||||||||||||||||||||||||||||||||||||||||||||||            ] 81% [||||||||||||||||||||||||||||||||||||||||||||||||            ] 82% [|||||||||||||||||||||||||||||||||||||||||||||||||           ] 83% [|||||||||||||||||||||||||||||||||||||||||||||||||           ] 84% [||||||||||||||||||||||||||||||||||||||||||||||||||          ] 85% [|||||||||||||||||||||||||||||||||||||||||||||||||||         ] 86% [|||||||||||||||||||||||||||||||||||||||||||||||||||         ] 87% [||||||||||||||||||||||||||||||||||||||||||||||||||||        ] 88% [||||||||||||||||||||||||||||||||||||||||||||||||||||        ] 89% [|||||||||||||||||||||||||||||||||||||||||||||||||||||       ] 90% [||||||||||||||||||||||||||||||||||||||||||||||||||||||      ] 91% [||||||||||||||||||||||||||||||||||||||||||||||||||||||      ] 92% [|||||||||||||||||||||||||||||||||||||||||||||||||||||||     ] 93% [|||||||||||||||||||||||||||||||||||||||||||||||||||||||     ] 94% [||||||||||||||||||||||||||||||||||||||||||||||||||||||||    ] 95% [|||||||||||||||||||||||||||||||||||||||||||||||||||||||||   ] 96% [|||||||||||||||||||||||||||||||||||||||||||||||||||||||||   ] 97% [||||||||||||||||||||||||||||||||||||||||||||||||||||||||||  ] 98% [||||||||||||||||||||||||||||||||||||||||||||||||||||||||||  ] 99% [||||||||||||||||||||||||||||||||||||||||||||||||||||||||||| ]
Peak FLOPs (FP16), GPU ID: 0, workgroupSize:256, workgroups:38912, experiments:100, FLOP:530428461056, duration:13.5 ms, mean:39326.5 GFLOPS, stdev=45.9 GFLOPS
  0% [                                                            ]  1% [                                                            ]  2% [|                                                           ]  3% [|                                                           ]  4% [||                                                          ]  5% [|||                                                         ]  6% [|||                                                         ]  7% [||||                                                        ]  8% [||||                                                        ]  9% [|||||                                                       ] 10% [||||||                                                      ] 11% [||||||                                                      ] 12% [|||||||                                                     ] 13% [|||||||                                                     ] 14% [||||||||                                                    ] 15% [|||||||||                                                   ] 16% [|||||||||                                                   ] 17% [||||||||||                                                  ] 18% [||||||||||                                                  ] 19% [|||||||||||                                                 ] 20% [||||||||||||                                                ] 21% [||||||||||||                                                ] 22% [|||||||||||||                                               ] 23% [|||||||||||||                                               ] 24% [||||||||||||||                                              ] 25% [|||||||||||||||                                             ] 26% [|||||||||||||||                                             ] 27% [||||||||||||||||                                            ] 28% [||||||||||||||||                                            ] 29% [|||||||||||||||||                                           ] 30% [||||||||||||||||||                                          ] 31% [||||||||||||||||||                                          ] 32% [|||||||||||||||||||                                         ] 33% [|||||||||||||||||||                                         ] 34% [||||||||||||||||||||                                        ] 35% [|||||||||||||||||||||                                       ] 36% [|||||||||||||||||||||                                       ] 37% [||||||||||||||||||||||                                      ] 38% [||||||||||||||||||||||                                      ] 39% [|||||||||||||||||||||||                                     ] 40% [||||||||||||||||||||||||                                    ] 41% [||||||||||||||||||||||||                                    ] 42% [|||||||||||||||||||||||||                                   ] 43% [|||||||||||||||||||||||||                                   ] 44% [||||||||||||||||||||||||||                                  ] 45% [|||||||||||||||||||||||||||                                 ] 46% [|||||||||||||||||||||||||||                                 ] 47% [||||||||||||||||||||||||||||                                ] 48% [||||||||||||||||||||||||||||                                ] 49% [|||||||||||||||||||||||||||||                               ] 50% [||||||||||||||||||||||||||||||                              ] 51% [||||||||||||||||||||||||||||||                              ] 52% [|||||||||||||||||||||||||||||||                             ] 52% [|||||||||||||||||||||||||||||||                             ] 54% [||||||||||||||||||||||||||||||||                            ] 55% [|||||||||||||||||||||||||||||||||                           ] 56% [|||||||||||||||||||||||||||||||||                           ] 57% [||||||||||||||||||||||||||||||||||                          ] 58% [||||||||||||||||||||||||||||||||||                          ] 58% [|||||||||||||||||||||||||||||||||||                         ] 60% [||||||||||||||||||||||||||||||||||||                        ] 61% [||||||||||||||||||||||||||||||||||||                        ] 62% [|||||||||||||||||||||||||||||||||||||                       ] 63% [|||||||||||||||||||||||||||||||||||||                       ] 64% [||||||||||||||||||||||||||||||||||||||                      ] 65% [|||||||||||||||||||||||||||||||||||||||                     ] 66% [|||||||||||||||||||||||||||||||||||||||                     ] 67% [||||||||||||||||||||||||||||||||||||||||                    ] 68% [||||||||||||||||||||||||||||||||||||||||                    ] 69% [|||||||||||||||||||||||||||||||||||||||||                   ] 70% [||||||||||||||||||||||||||||||||||||||||||                  ] 71% [||||||||||||||||||||||||||||||||||||||||||                  ] 72% [|||||||||||||||||||||||||||||||||||||||||||                 ] 73% [|||||||||||||||||||||||||||||||||||||||||||                 ] 74% [||||||||||||||||||||||||||||||||||||||||||||                ] 75% [|||||||||||||||||||||||||||||||||||||||||||||               ] 76% [|||||||||||||||||||||||||||||||||||||||||||||               ] 77% [||||||||||||||||||||||||||||||||||||||||||||||              ] 78% [||||||||||||||||||||||||||||||||||||||||||||||              ] 79% [|||||||||||||||||||||||||||||||||||||||||||||||             ] 80% [||||||||||||||||||||||||||||||||||||||||||||||||            ] 81% [||||||||||||||||||||||||||||||||||||||||||||||||            ] 82% [|||||||||||||||||||||||||||||||||||||||||||||||||           ] 83% [|||||||||||||||||||||||||||||||||||||||||||||||||           ] 84% [||||||||||||||||||||||||||||||||||||||||||||||||||          ] 85% [|||||||||||||||||||||||||||||||||||||||||||||||||||         ] 86% [|||||||||||||||||||||||||||||||||||||||||||||||||||         ] 87% [||||||||||||||||||||||||||||||||||||||||||||||||||||        ] 88% [||||||||||||||||||||||||||||||||||||||||||||||||||||        ] 89% [|||||||||||||||||||||||||||||||||||||||||||||||||||||       ] 90% [||||||||||||||||||||||||||||||||||||||||||||||||||||||      ] 91% [||||||||||||||||||||||||||||||||||||||||||||||||||||||      ] 92% [|||||||||||||||||||||||||||||||||||||||||||||||||||||||     ] 93% [|||||||||||||||||||||||||||||||||||||||||||||||||||||||     ] 94% [||||||||||||||||||||||||||||||||||||||||||||||||||||||||    ] 95% [|||||||||||||||||||||||||||||||||||||||||||||||||||||||||   ] 96% [|||||||||||||||||||||||||||||||||||||||||||||||||||||||||   ] 97% [||||||||||||||||||||||||||||||||||||||||||||||||||||||||||  ] 98% [||||||||||||||||||||||||||||||||||||||||||||||||||||||||||  ] 99% [||||||||||||||||||||||||||||||||||||||||||||||||||||||||||| ]
Peak FLOPs (BF16), GPU ID: 0, workgroupSize:256, workgroups:38912, experiments:100, FLOP:530428461056, duration:95.594 ms, mean:5535.6 GFLOPS, stdev=5.7 GFLOPS
  0% [                                                            ]  1% [                                                            ]  2% [|                                                           ]  3% [|                                                           ]  4% [||                                                          ]  5% [|||                                                         ]  6% [|||                                                         ]  7% [||||                                                        ]  8% [||||                                                        ]  9% [|||||                                                       ] 10% [||||||                                                      ] 11% [||||||                                                      ] 12% [|||||||                                                     ] 13% [|||||||                                                     ] 14% [||||||||                                                    ] 15% [|||||||||                                                   ] 16% [|||||||||                                                   ] 17% [||||||||||                                                  ] 18% [||||||||||                                                  ] 19% [|||||||||||                                                 ] 20% [||||||||||||                                                ] 21% [||||||||||||                                                ] 22% [|||||||||||||                                               ] 23% [|||||||||||||                                               ] 24% [||||||||||||||                                              ] 25% [|||||||||||||||                                             ] 26% [|||||||||||||||                                             ] 27% [||||||||||||||||                                            ] 28% [||||||||||||||||                                            ] 29% [|||||||||||||||||                                           ] 30% [||||||||||||||||||                                          ] 31% [||||||||||||||||||                                          ] 32% [|||||||||||||||||||                                         ] 33% [|||||||||||||||||||                                         ] 34% [||||||||||||||||||||                                        ] 35% [|||||||||||||||||||||                                       ] 36% [|||||||||||||||||||||                                       ] 37% [||||||||||||||||||||||                                      ] 38% [||||||||||||||||||||||                                      ] 39% [|||||||||||||||||||||||                                     ] 40% [||||||||||||||||||||||||                                    ] 41% [||||||||||||||||||||||||                                    ] 42% [|||||||||||||||||||||||||                                   ] 43% [|||||||||||||||||||||||||                                   ] 44% [||||||||||||||||||||||||||                                  ] 45% [|||||||||||||||||||||||||||                                 ] 46% [|||||||||||||||||||||||||||                                 ] 47% [||||||||||||||||||||||||||||                                ] 48% [||||||||||||||||||||||||||||                                ] 49% [|||||||||||||||||||||||||||||                               ] 50% [||||||||||||||||||||||||||||||                              ] 51% [||||||||||||||||||||||||||||||                              ] 52% [|||||||||||||||||||||||||||||||                             ] 52% [|||||||||||||||||||||||||||||||                             ] 54% [||||||||||||||||||||||||||||||||                            ] 55% [|||||||||||||||||||||||||||||||||                           ] 56% [|||||||||||||||||||||||||||||||||                           ] 57% [||||||||||||||||||||||||||||||||||                          ] 58% [||||||||||||||||||||||||||||||||||                          ] 58% [|||||||||||||||||||||||||||||||||||                         ] 60% [||||||||||||||||||||||||||||||||||||                        ] 61% [||||||||||||||||||||||||||||||||||||                        ] 62% [|||||||||||||||||||||||||||||||||||||                       ] 63% [|||||||||||||||||||||||||||||||||||||                       ] 64% [||||||||||||||||||||||||||||||||||||||                      ] 65% [|||||||||||||||||||||||||||||||||||||||                     ] 66% [|||||||||||||||||||||||||||||||||||||||                     ] 67% [||||||||||||||||||||||||||||||||||||||||                    ] 68% [||||||||||||||||||||||||||||||||||||||||                    ] 69% [|||||||||||||||||||||||||||||||||||||||||                   ] 70% [||||||||||||||||||||||||||||||||||||||||||                  ] 71% [||||||||||||||||||||||||||||||||||||||||||                  ] 72% [|||||||||||||||||||||||||||||||||||||||||||                 ] 73% [|||||||||||||||||||||||||||||||||||||||||||                 ] 74% [||||||||||||||||||||||||||||||||||||||||||||                ] 75% [|||||||||||||||||||||||||||||||||||||||||||||               ] 76% [|||||||||||||||||||||||||||||||||||||||||||||               ] 77% [||||||||||||||||||||||||||||||||||||||||||||||              ] 78% [||||||||||||||||||||||||||||||||||||||||||||||              ] 79% [|||||||||||||||||||||||||||||||||||||||||||||||             ] 80% [||||||||||||||||||||||||||||||||||||||||||||||||            ] 81% [||||||||||||||||||||||||||||||||||||||||||||||||            ] 82% [|||||||||||||||||||||||||||||||||||||||||||||||||           ] 83% [|||||||||||||||||||||||||||||||||||||||||||||||||           ] 84% [||||||||||||||||||||||||||||||||||||||||||||||||||          ] 85% [|||||||||||||||||||||||||||||||||||||||||||||||||||         ] 86% [|||||||||||||||||||||||||||||||||||||||||||||||||||         ] 87% [||||||||||||||||||||||||||||||||||||||||||||||||||||        ] 88% [||||||||||||||||||||||||||||||||||||||||||||||||||||        ] 89% [|||||||||||||||||||||||||||||||||||||||||||||||||||||       ] 90% [||||||||||||||||||||||||||||||||||||||||||||||||||||||      ] 91% [||||||||||||||||||||||||||||||||||||||||||||||||||||||      ] 92% [|||||||||||||||||||||||||||||||||||||||||||||||||||||||     ] 93% [|||||||||||||||||||||||||||||||||||||||||||||||||||||||     ] 94% [||||||||||||||||||||||||||||||||||||||||||||||||||||||||    ] 95% [|||||||||||||||||||||||||||||||||||||||||||||||||||||||||   ] 96% [|||||||||||||||||||||||||||||||||||||||||||||||||||||||||   ] 97% [||||||||||||||||||||||||||||||||||||||||||||||||||||||||||  ] 98% [||||||||||||||||||||||||||||||||||||||||||||||||||||||||||  ] 99% [||||||||||||||||||||||||||||||||||||||||||||||||||||||||||| ]
Peak FLOPs (FP32), GPU ID: 0, workgroupSize:256, workgroups:38912, experiments:100, FLOP:265214230528, duration:2.059 ms, mean:128798.1 GFLOPS, stdev=1383.6 GFLOPS
  0% [                                                            ]  1% [                                                            ]  2% [|                                                           ]  3% [|                                                           ]  4% [||                                                          ]  5% [|||                                                         ]  6% [|||                                                         ]  7% [||||                                                        ]  8% [||||                                                        ]  9% [|||||                                                       ] 10% [||||||                                                      ] 11% [||||||                                                      ] 12% [|||||||                                                     ] 13% [|||||||                                                     ] 14% [||||||||                                                    ] 15% [|||||||||                                                   ] 16% [|||||||||                                                   ] 17% [||||||||||                                                  ] 18% [||||||||||                                                  ] 19% [|||||||||||                                                 ] 20% [||||||||||||                                                ] 21% [||||||||||||                                                ] 22% [|||||||||||||                                               ] 23% [|||||||||||||                                               ] 24% [||||||||||||||                                              ] 25% [|||||||||||||||                                             ] 26% [|||||||||||||||                                             ] 27% [||||||||||||||||                                            ] 28% [||||||||||||||||                                            ] 29% [|||||||||||||||||                                           ] 30% [||||||||||||||||||                                          ] 31% [||||||||||||||||||                                          ] 32% [|||||||||||||||||||                                         ] 33% [|||||||||||||||||||                                         ] 34% [||||||||||||||||||||                                        ] 35% [|||||||||||||||||||||                                       ] 36% [|||||||||||||||||||||                                       ] 37% [||||||||||||||||||||||                                      ] 38% [||||||||||||||||||||||                                      ] 39% [|||||||||||||||||||||||                                     ] 40% [||||||||||||||||||||||||                                    ] 41% [||||||||||||||||||||||||                                    ] 42% [|||||||||||||||||||||||||                                   ] 43% [|||||||||||||||||||||||||                                   ] 44% [||||||||||||||||||||||||||                                  ] 45% [|||||||||||||||||||||||||||                                 ] 46% [|||||||||||||||||||||||||||                                 ] 47% [||||||||||||||||||||||||||||                                ] 48% [||||||||||||||||||||||||||||                                ] 49% [|||||||||||||||||||||||||||||                               ] 50% [||||||||||||||||||||||||||||||                              ] 51% [||||||||||||||||||||||||||||||                              ] 52% [|||||||||||||||||||||||||||||||                             ] 52% [|||||||||||||||||||||||||||||||                             ] 54% [||||||||||||||||||||||||||||||||                            ] 55% [|||||||||||||||||||||||||||||||||                           ] 56% [|||||||||||||||||||||||||||||||||                           ] 57% [||||||||||||||||||||||||||||||||||                          ] 58% [||||||||||||||||||||||||||||||||||                          ] 58% [|||||||||||||||||||||||||||||||||||                         ] 60% [||||||||||||||||||||||||||||||||||||                        ] 61% [||||||||||||||||||||||||||||||||||||                        ] 62% [|||||||||||||||||||||||||||||||||||||                       ] 63% [|||||||||||||||||||||||||||||||||||||                       ] 64% [||||||||||||||||||||||||||||||||||||||                      ] 65% [|||||||||||||||||||||||||||||||||||||||                     ] 66% [|||||||||||||||||||||||||||||||||||||||                     ] 67% [||||||||||||||||||||||||||||||||||||||||                    ] 68% [||||||||||||||||||||||||||||||||||||||||                    ] 69% [|||||||||||||||||||||||||||||||||||||||||                   ] 70% [||||||||||||||||||||||||||||||||||||||||||                  ] 71% [||||||||||||||||||||||||||||||||||||||||||                  ] 72% [|||||||||||||||||||||||||||||||||||||||||||                 ] 73% [|||||||||||||||||||||||||||||||||||||||||||                 ] 74% [||||||||||||||||||||||||||||||||||||||||||||                ] 75% [|||||||||||||||||||||||||||||||||||||||||||||               ] 76% [|||||||||||||||||||||||||||||||||||||||||||||               ] 77% [||||||||||||||||||||||||||||||||||||||||||||||              ] 78% [||||||||||||||||||||||||||||||||||||||||||||||              ] 79% [|||||||||||||||||||||||||||||||||||||||||||||||             ] 80% [||||||||||||||||||||||||||||||||||||||||||||||||            ] 81% [||||||||||||||||||||||||||||||||||||||||||||||||            ] 82% [|||||||||||||||||||||||||||||||||||||||||||||||||           ] 83% [|||||||||||||||||||||||||||||||||||||||||||||||||           ] 84% [||||||||||||||||||||||||||||||||||||||||||||||||||          ] 85% [|||||||||||||||||||||||||||||||||||||||||||||||||||         ] 86% [|||||||||||||||||||||||||||||||||||||||||||||||||||         ] 87% [||||||||||||||||||||||||||||||||||||||||||||||||||||        ] 88% [||||||||||||||||||||||||||||||||||||||||||||||||||||        ] 89% [|||||||||||||||||||||||||||||||||||||||||||||||||||||       ] 90% [||||||||||||||||||||||||||||||||||||||||||||||||||||||      ] 91% [||||||||||||||||||||||||||||||||||||||||||||||||||||||      ] 92% [|||||||||||||||||||||||||||||||||||||||||||||||||||||||     ] 93% [|||||||||||||||||||||||||||||||||||||||||||||||||||||||     ] 94% [||||||||||||||||||||||||||||||||||||||||||||||||||||||||    ] 95% [|||||||||||||||||||||||||||||||||||||||||||||||||||||||||   ] 96% [|||||||||||||||||||||||||||||||||||||||||||||||||||||||||   ] 97% [||||||||||||||||||||||||||||||||||||||||||||||||||||||||||  ] 98% [||||||||||||||||||||||||||||||||||||||||||||||||||||||||||  ] 99% [||||||||||||||||||||||||||||||||||||||||||||||||||||||||||| ]
Peak FLOPs (FP64), GPU ID: 0, workgroupSize:256, workgroups:38912, experiments:100, FLOP:122406567936, duration:1.8 ms, mean:67704.7 GFLOPS, stdev=588.5 GFLOPS
  0% [                                                            ]  1% [                                                            ]  2% [|                                                           ]  3% [|                                                           ]  4% [||                                                          ]  5% [|||                                                         ]  6% [|||                                                         ]  7% [||||                                                        ]  8% [||||                                                        ]  9% [|||||                                                       ] 10% [||||||                                                      ] 11% [||||||                                                      ] 12% [|||||||                                                     ] 13% [|||||||                                                     ] 14% [||||||||                                                    ] 15% [|||||||||                                                   ] 16% [|||||||||                                                   ] 17% [||||||||||                                                  ] 18% [||||||||||                                                  ] 19% [|||||||||||                                                 ] 20% [||||||||||||                                                ] 21% [||||||||||||                                                ] 22% [|||||||||||||                                               ] 23% [|||||||||||||                                               ] 24% [||||||||||||||                                              ] 25% [|||||||||||||||                                             ] 26% [|||||||||||||||                                             ] 27% [||||||||||||||||                                            ] 28% [||||||||||||||||                                            ] 29% [|||||||||||||||||                                           ] 30% [||||||||||||||||||                                          ] 31% [||||||||||||||||||                                          ] 32% [|||||||||||||||||||                                         ] 33% [|||||||||||||||||||                                         ] 34% [||||||||||||||||||||                                        ] 35% [|||||||||||||||||||||                                       ] 36% [|||||||||||||||||||||                                       ] 37% [||||||||||||||||||||||                                      ] 38% [||||||||||||||||||||||                                      ] 39% [|||||||||||||||||||||||                                     ] 40% [||||||||||||||||||||||||                                    ] 41% [||||||||||||||||||||||||                                    ] 42% [|||||||||||||||||||||||||                                   ] 43% [|||||||||||||||||||||||||                                   ] 44% [||||||||||||||||||||||||||                                  ] 45% [|||||||||||||||||||||||||||                                 ] 46% [|||||||||||||||||||||||||||                                 ] 47% [||||||||||||||||||||||||||||                                ] 48% [||||||||||||||||||||||||||||                                ] 49% [|||||||||||||||||||||||||||||                               ] 50% [||||||||||||||||||||||||||||||                              ] 51% [||||||||||||||||||||||||||||||                              ] 52% [|||||||||||||||||||||||||||||||                             ] 52% [|||||||||||||||||||||||||||||||                             ] 54% [||||||||||||||||||||||||||||||||                            ] 55% [|||||||||||||||||||||||||||||||||                           ] 56% [|||||||||||||||||||||||||||||||||                           ] 57% [||||||||||||||||||||||||||||||||||                          ] 58% [||||||||||||||||||||||||||||||||||                          ] 58% [|||||||||||||||||||||||||||||||||||                         ] 60% [||||||||||||||||||||||||||||||||||||                        ] 61% [||||||||||||||||||||||||||||||||||||                        ] 62% [|||||||||||||||||||||||||||||||||||||                       ] 63% [|||||||||||||||||||||||||||||||||||||                       ] 64% [||||||||||||||||||||||||||||||||||||||                      ] 65% [|||||||||||||||||||||||||||||||||||||||                     ] 66% [|||||||||||||||||||||||||||||||||||||||                     ] 67% [||||||||||||||||||||||||||||||||||||||||                    ] 68% [||||||||||||||||||||||||||||||||||||||||                    ] 69% [|||||||||||||||||||||||||||||||||||||||||                   ] 70% [||||||||||||||||||||||||||||||||||||||||||                  ] 71% [||||||||||||||||||||||||||||||||||||||||||                  ] 72% [|||||||||||||||||||||||||||||||||||||||||||                 ] 73% [|||||||||||||||||||||||||||||||||||||||||||                 ] 74% [||||||||||||||||||||||||||||||||||||||||||||                ] 75% [|||||||||||||||||||||||||||||||||||||||||||||               ] 76% [|||||||||||||||||||||||||||||||||||||||||||||               ] 77% [||||||||||||||||||||||||||||||||||||||||||||||              ] 78% [||||||||||||||||||||||||||||||||||||||||||||||              ] 79% [|||||||||||||||||||||||||||||||||||||||||||||||             ] 80% [||||||||||||||||||||||||||||||||||||||||||||||||            ] 81% [||||||||||||||||||||||||||||||||||||||||||||||||            ] 82% [|||||||||||||||||||||||||||||||||||||||||||||||||           ] 83% [|||||||||||||||||||||||||||||||||||||||||||||||||           ] 84% [||||||||||||||||||||||||||||||||||||||||||||||||||          ] 85% [|||||||||||||||||||||||||||||||||||||||||||||||||||         ] 86% [|||||||||||||||||||||||||||||||||||||||||||||||||||         ] 87% [||||||||||||||||||||||||||||||||||||||||||||||||||||        ] 88% [||||||||||||||||||||||||||||||||||||||||||||||||||||        ] 89% [|||||||||||||||||||||||||||||||||||||||||||||||||||||       ] 90% [||||||||||||||||||||||||||||||||||||||||||||||||||||||      ] 91% [||||||||||||||||||||||||||||||||||||||||||||||||||||||      ] 92% [|||||||||||||||||||||||||||||||||||||||||||||||||||||||     ] 93% [|||||||||||||||||||||||||||||||||||||||||||||||||||||||     ] 94% [||||||||||||||||||||||||||||||||||||||||||||||||||||||||    ] 95% [|||||||||||||||||||||||||||||||||||||||||||||||||||||||||   ] 96% [|||||||||||||||||||||||||||||||||||||||||||||||||||||||||   ] 97% [||||||||||||||||||||||||||||||||||||||||||||||||||||||||||  ] 98% [||||||||||||||||||||||||||||||||||||||||||||||||||||||||||  ] 99% [||||||||||||||||||||||||||||||||||||||||||||||||||||||||||| ]
Peak IOPs (INT8), GPU ID: 0, workgroupSize:256, workgroups:38912, experiments:100, IOP:1081258016768, duration:13.2 ms, mean:81851.2 GOPS, stdev=130.1 GOPS
  0% [                                                            ]  1% [                                                            ]  2% [|                                                           ]  3% [|                                                           ]  4% [||                                                          ]  5% [|||                                                         ]  6% [|||                                                         ]  7% [||||                                                        ]  8% [||||                                                        ]  9% [|||||                                                       ] 10% [||||||                                                      ] 11% [||||||                                                      ] 12% [|||||||                                                     ] 13% [|||||||                                                     ] 14% [||||||||                                                    ] 15% [|||||||||                                                   ] 16% [|||||||||                                                   ] 17% [||||||||||                                                  ] 18% [||||||||||                                                  ] 19% [|||||||||||                                                 ] 20% [||||||||||||                                                ] 21% [||||||||||||                                                ] 22% [|||||||||||||                                               ] 23% [|||||||||||||                                               ] 24% [||||||||||||||                                              ] 25% [|||||||||||||||                                             ] 26% [|||||||||||||||                                             ] 27% [||||||||||||||||                                            ] 28% [||||||||||||||||                                            ] 29% [|||||||||||||||||                                           ] 30% [||||||||||||||||||                                          ] 31% [||||||||||||||||||                                          ] 32% [|||||||||||||||||||                                         ] 33% [|||||||||||||||||||                                         ] 34% [||||||||||||||||||||                                        ] 35% [|||||||||||||||||||||                                       ] 36% [|||||||||||||||||||||                                       ] 37% [||||||||||||||||||||||                                      ] 38% [||||||||||||||||||||||                                      ] 39% [|||||||||||||||||||||||                                     ] 40% [||||||||||||||||||||||||                                    ] 41% [||||||||||||||||||||||||                                    ] 42% [|||||||||||||||||||||||||                                   ] 43% [|||||||||||||||||||||||||                                   ] 44% [||||||||||||||||||||||||||                                  ] 45% [|||||||||||||||||||||||||||                                 ] 46% [|||||||||||||||||||||||||||                                 ] 47% [||||||||||||||||||||||||||||                                ] 48% [||||||||||||||||||||||||||||                                ] 49% [|||||||||||||||||||||||||||||                               ] 50% [||||||||||||||||||||||||||||||                              ] 51% [||||||||||||||||||||||||||||||                              ] 52% [|||||||||||||||||||||||||||||||                             ] 52% [|||||||||||||||||||||||||||||||                             ] 54% [||||||||||||||||||||||||||||||||                            ] 55% [|||||||||||||||||||||||||||||||||                           ] 56% [|||||||||||||||||||||||||||||||||                           ] 57% [||||||||||||||||||||||||||||||||||                          ] 58% [||||||||||||||||||||||||||||||||||                          ] 58% [|||||||||||||||||||||||||||||||||||                         ] 60% [||||||||||||||||||||||||||||||||||||                        ] 61% [||||||||||||||||||||||||||||||||||||                        ] 62% [|||||||||||||||||||||||||||||||||||||                       ] 63% [|||||||||||||||||||||||||||||||||||||                       ] 64% [||||||||||||||||||||||||||||||||||||||                      ] 65% [|||||||||||||||||||||||||||||||||||||||                     ] 66% [|||||||||||||||||||||||||||||||||||||||                     ] 67% [||||||||||||||||||||||||||||||||||||||||                    ] 68% [||||||||||||||||||||||||||||||||||||||||                    ] 69% [|||||||||||||||||||||||||||||||||||||||||                   ] 70% [||||||||||||||||||||||||||||||||||||||||||                  ] 71% [||||||||||||||||||||||||||||||||||||||||||                  ] 72% [|||||||||||||||||||||||||||||||||||||||||||                 ] 73% [|||||||||||||||||||||||||||||||||||||||||||                 ] 74% [||||||||||||||||||||||||||||||||||||||||||||                ] 75% [|||||||||||||||||||||||||||||||||||||||||||||               ] 76% [|||||||||||||||||||||||||||||||||||||||||||||               ] 77% [||||||||||||||||||||||||||||||||||||||||||||||              ] 78% [||||||||||||||||||||||||||||||||||||||||||||||              ] 79% [|||||||||||||||||||||||||||||||||||||||||||||||             ] 80% [||||||||||||||||||||||||||||||||||||||||||||||||            ] 81% [||||||||||||||||||||||||||||||||||||||||||||||||            ] 82% [|||||||||||||||||||||||||||||||||||||||||||||||||           ] 83% [|||||||||||||||||||||||||||||||||||||||||||||||||           ] 84% [||||||||||||||||||||||||||||||||||||||||||||||||||          ] 85% [|||||||||||||||||||||||||||||||||||||||||||||||||||         ] 86% [|||||||||||||||||||||||||||||||||||||||||||||||||||         ] 87% [||||||||||||||||||||||||||||||||||||||||||||||||||||        ] 88% [||||||||||||||||||||||||||||||||||||||||||||||||||||        ] 89% [|||||||||||||||||||||||||||||||||||||||||||||||||||||       ] 90% [||||||||||||||||||||||||||||||||||||||||||||||||||||||      ] 91% [||||||||||||||||||||||||||||||||||||||||||||||||||||||      ] 92% [|||||||||||||||||||||||||||||||||||||||||||||||||||||||     ] 93% [|||||||||||||||||||||||||||||||||||||||||||||||||||||||     ] 94% [||||||||||||||||||||||||||||||||||||||||||||||||||||||||    ] 95% [|||||||||||||||||||||||||||||||||||||||||||||||||||||||||   ] 96% [|||||||||||||||||||||||||||||||||||||||||||||||||||||||||   ] 97% [||||||||||||||||||||||||||||||||||||||||||||||||||||||||||  ] 98% [||||||||||||||||||||||||||||||||||||||||||||||||||||||||||  ] 99% [||||||||||||||||||||||||||||||||||||||||||||||||||||||||||| ]
Peak IOPs (INT32), GPU ID: 0, workgroupSize:256, workgroups:38912, experiments:100, IOP:265214230528, duration:3.7 ms, mean:70743.8 GOPS, stdev=392.2 GOPS
  0% [                                                            ]  1% [                                                            ]  2% [|                                                           ]  3% [|                                                           ]  4% [||                                                          ]  5% [|||                                                         ]  6% [|||                                                         ]  7% [||||                                                        ]  8% [||||                                                        ]  9% [|||||                                                       ] 10% [||||||                                                      ] 11% [||||||                                                      ] 12% [|||||||                                                     ] 13% [|||||||                                                     ] 14% [||||||||                                                    ] 15% [|||||||||                                                   ] 16% [|||||||||                                                   ] 17% [||||||||||                                                  ] 18% [||||||||||                                                  ] 19% [|||||||||||                                                 ] 20% [||||||||||||                                                ] 21% [||||||||||||                                                ] 22% [|||||||||||||                                               ] 23% [|||||||||||||                                               ] 24% [||||||||||||||                                              ] 25% [|||||||||||||||                                             ] 26% [|||||||||||||||                                             ] 27% [||||||||||||||||                                            ] 28% [||||||||||||||||                                            ] 29% [|||||||||||||||||                                           ] 30% [||||||||||||||||||                                          ] 31% [||||||||||||||||||                                          ] 32% [|||||||||||||||||||                                         ] 33% [|||||||||||||||||||                                         ] 34% [||||||||||||||||||||                                        ] 35% [|||||||||||||||||||||                                       ] 36% [|||||||||||||||||||||                                       ] 37% [||||||||||||||||||||||                                      ] 38% [||||||||||||||||||||||                                      ] 39% [|||||||||||||||||||||||                                     ] 40% [||||||||||||||||||||||||                                    ] 41% [||||||||||||||||||||||||                                    ] 42% [|||||||||||||||||||||||||                                   ] 43% [|||||||||||||||||||||||||                                   ] 44% [||||||||||||||||||||||||||                                  ] 45% [|||||||||||||||||||||||||||                                 ] 46% [|||||||||||||||||||||||||||                                 ] 47% [||||||||||||||||||||||||||||                                ] 48% [||||||||||||||||||||||||||||                                ] 49% [|||||||||||||||||||||||||||||                               ] 50% [||||||||||||||||||||||||||||||                              ] 51% [||||||||||||||||||||||||||||||                              ] 52% [|||||||||||||||||||||||||||||||                             ] 52% [|||||||||||||||||||||||||||||||                             ] 54% [||||||||||||||||||||||||||||||||                            ] 55% [|||||||||||||||||||||||||||||||||                           ] 56% [|||||||||||||||||||||||||||||||||                           ] 57% [||||||||||||||||||||||||||||||||||                          ] 58% [||||||||||||||||||||||||||||||||||                          ] 58% [|||||||||||||||||||||||||||||||||||                         ] 60% [||||||||||||||||||||||||||||||||||||                        ] 61% [||||||||||||||||||||||||||||||||||||                        ] 62% [|||||||||||||||||||||||||||||||||||||                       ] 63% [|||||||||||||||||||||||||||||||||||||                       ] 64% [||||||||||||||||||||||||||||||||||||||                      ] 65% [|||||||||||||||||||||||||||||||||||||||                     ] 66% [|||||||||||||||||||||||||||||||||||||||                     ] 67% [||||||||||||||||||||||||||||||||||||||||                    ] 68% [||||||||||||||||||||||||||||||||||||||||                    ] 69% [|||||||||||||||||||||||||||||||||||||||||                   ] 70% [||||||||||||||||||||||||||||||||||||||||||                  ] 71% [||||||||||||||||||||||||||||||||||||||||||                  ] 72% [|||||||||||||||||||||||||||||||||||||||||||                 ] 73% [|||||||||||||||||||||||||||||||||||||||||||                 ] 74% [||||||||||||||||||||||||||||||||||||||||||||                ] 75% [|||||||||||||||||||||||||||||||||||||||||||||               ] 76% [|||||||||||||||||||||||||||||||||||||||||||||               ] 77% [||||||||||||||||||||||||||||||||||||||||||||||              ] 78% [||||||||||||||||||||||||||||||||||||||||||||||              ] 79% [|||||||||||||||||||||||||||||||||||||||||||||||             ] 80% [||||||||||||||||||||||||||||||||||||||||||||||||            ] 81% [||||||||||||||||||||||||||||||||||||||||||||||||            ] 82% [|||||||||||||||||||||||||||||||||||||||||||||||||           ] 83% [|||||||||||||||||||||||||||||||||||||||||||||||||           ] 84% [||||||||||||||||||||||||||||||||||||||||||||||||||          ] 85% [|||||||||||||||||||||||||||||||||||||||||||||||||||         ] 86% [|||||||||||||||||||||||||||||||||||||||||||||||||||         ] 87% [||||||||||||||||||||||||||||||||||||||||||||||||||||        ] 88% [||||||||||||||||||||||||||||||||||||||||||||||||||||        ] 89% [|||||||||||||||||||||||||||||||||||||||||||||||||||||       ] 90% [||||||||||||||||||||||||||||||||||||||||||||||||||||||      ] 91% [||||||||||||||||||||||||||||||||||||||||||||||||||||||      ] 92% [|||||||||||||||||||||||||||||||||||||||||||||||||||||||     ] 93% [|||||||||||||||||||||||||||||||||||||||||||||||||||||||     ] 94% [||||||||||||||||||||||||||||||||||||||||||||||||||||||||    ] 95% [|||||||||||||||||||||||||||||||||||||||||||||||||||||||||   ] 96% [|||||||||||||||||||||||||||||||||||||||||||||||||||||||||   ] 97% [||||||||||||||||||||||||||||||||||||||||||||||||||||||||||  ] 98% [||||||||||||||||||||||||||||||||||||||||||||||||||||||||||  ] 99% [||||||||||||||||||||||||||||||||||||||||||||||||||||||||||| ]
Peak IOPs (INT64), GPU ID: 0, workgroupSize:256, workgroups:38912, experiments:100, IOP:122406567936, duration:6.3 ms, mean:19683.2 GOPS, stdev=63.9 GOPS
100% [||||||||||||||||||||||||||||||||||||||||||||||||||||||||||||]
Peak MFMA FLOPs (F4), GPU ID: 0, workgroupSize:256, workgroups:38912, experiments:1, FLOP:0, duration:0.0 ms, mean:0.0 GFLOPS, stdev=0.0 GFLOPS
100% [||||||||||||||||||||||||||||||||||||||||||||||||||||||||||||]
Peak MFMA FLOPs (F6), GPU ID: 0, workgroupSize:256, workgroups:38912, experiments:1, FLOP:0, duration:0.0 ms, mean:0.0 GFLOPS, stdev=0.0 GFLOPS
  0% [                                                            ]  1% [                                                            ]  2% [|                                                           ]  3% [|                                                           ]  4% [||                                                          ]  5% [|||                                                         ]  6% [|||                                                         ]  7% [||||                                                        ]  8% [||||                                                        ]  9% [|||||                                                       ] 10% [||||||                                                      ] 11% [||||||                                                      ] 12% [|||||||                                                     ] 13% [|||||||                                                     ] 14% [||||||||                                                    ] 15% [|||||||||                                                   ] 16% [|||||||||                                                   ] 17% [||||||||||                                                  ] 18% [||||||||||                                                  ] 19% [|||||||||||                                                 ] 20% [||||||||||||                                                ] 21% [||||||||||||                                                ] 22% [|||||||||||||                                               ] 23% [|||||||||||||                                               ] 24% [||||||||||||||                                              ] 25% [|||||||||||||||                                             ] 26% [|||||||||||||||                                             ] 27% [||||||||||||||||                                            ] 28% [||||||||||||||||                                            ] 29% [|||||||||||||||||                                           ] 30% [||||||||||||||||||                                          ] 31% [||||||||||||||||||                                          ] 32% [|||||||||||||||||||                                         ] 33% [|||||||||||||||||||                                         ] 34% [||||||||||||||||||||                                        ] 35% [|||||||||||||||||||||                                       ] 36% [|||||||||||||||||||||                                       ] 37% [||||||||||||||||||||||                                      ] 38% [||||||||||||||||||||||                                      ] 39% [|||||||||||||||||||||||                                     ] 40% [||||||||||||||||||||||||                                    ] 41% [||||||||||||||||||||||||                                    ] 42% [|||||||||||||||||||||||||                                   ] 43% [|||||||||||||||||||||||||                                   ] 44% [||||||||||||||||||||||||||                                  ] 45% [|||||||||||||||||||||||||||                                 ] 46% [|||||||||||||||||||||||||||                                 ] 47% [||||||||||||||||||||||||||||                                ] 48% [||||||||||||||||||||||||||||                                ] 49% [|||||||||||||||||||||||||||||                               ] 50% [||||||||||||||||||||||||||||||                              ] 51% [||||||||||||||||||||||||||||||                              ] 52% [|||||||||||||||||||||||||||||||                             ] 52% [|||||||||||||||||||||||||||||||                             ] 54% [||||||||||||||||||||||||||||||||                            ] 55% [|||||||||||||||||||||||||||||||||                           ] 56% [|||||||||||||||||||||||||||||||||                           ] 57% [||||||||||||||||||||||||||||||||||                          ] 58% [||||||||||||||||||||||||||||||||||                          ] 58% [|||||||||||||||||||||||||||||||||||                         ] 60% [||||||||||||||||||||||||||||||||||||                        ] 61% [||||||||||||||||||||||||||||||||||||                        ] 62% [|||||||||||||||||||||||||||||||||||||                       ] 63% [|||||||||||||||||||||||||||||||||||||                       ] 64% [||||||||||||||||||||||||||||||||||||||                      ] 65% [|||||||||||||||||||||||||||||||||||||||                     ] 66% [|||||||||||||||||||||||||||||||||||||||                     ] 67% [||||||||||||||||||||||||||||||||||||||||                    ] 68% [||||||||||||||||||||||||||||||||||||||||                    ] 69% [|||||||||||||||||||||||||||||||||||||||||                   ] 70% [||||||||||||||||||||||||||||||||||||||||||                  ] 71% [||||||||||||||||||||||||||||||||||||||||||                  ] 72% [|||||||||||||||||||||||||||||||||||||||||||                 ] 73% [|||||||||||||||||||||||||||||||||||||||||||                 ] 74% [||||||||||||||||||||||||||||||||||||||||||||                ] 75% [|||||||||||||||||||||||||||||||||||||||||||||               ] 76% [|||||||||||||||||||||||||||||||||||||||||||||               ] 77% [||||||||||||||||||||||||||||||||||||||||||||||              ] 78% [||||||||||||||||||||||||||||||||||||||||||||||              ] 79% [|||||||||||||||||||||||||||||||||||||||||||||||             ] 80% [||||||||||||||||||||||||||||||||||||||||||||||||            ] 81% [||||||||||||||||||||||||||||||||||||||||||||||||            ] 82% [|||||||||||||||||||||||||||||||||||||||||||||||||           ] 83% [|||||||||||||||||||||||||||||||||||||||||||||||||           ] 84% [||||||||||||||||||||||||||||||||||||||||||||||||||          ] 85% [|||||||||||||||||||||||||||||||||||||||||||||||||||         ] 86% [|||||||||||||||||||||||||||||||||||||||||||||||||||         ] 87% [||||||||||||||||||||||||||||||||||||||||||||||||||||        ] 88% [||||||||||||||||||||||||||||||||||||||||||||||||||||        ] 89% [|||||||||||||||||||||||||||||||||||||||||||||||||||||       ] 90% [||||||||||||||||||||||||||||||||||||||||||||||||||||||      ] 91% [||||||||||||||||||||||||||||||||||||||||||||||||||||||      ] 92% [|||||||||||||||||||||||||||||||||||||||||||||||||||||||     ] 93% [|||||||||||||||||||||||||||||||||||||||||||||||||||||||     ] 94% [||||||||||||||||||||||||||||||||||||||||||||||||||||||||    ] 95% [|||||||||||||||||||||||||||||||||||||||||||||||||||||||||   ] 96% [|||||||||||||||||||||||||||||||||||||||||||||||||||||||||   ] 97% [||||||||||||||||||||||||||||||||||||||||||||||||||||||||||  ] 98% [||||||||||||||||||||||||||||||||||||||||||||||||||||||||||  ] 99% [||||||||||||||||||||||||||||||||||||||||||||||||||||||||||| ]
Peak MFMA FLOPs (F8), GPU ID: 0, workgroupSize:256, workgroups:38912, experiments:100, FLOP:10200547328000, duration:5.4 ms, mean:1902682.8 GFLOPS, stdev=27005.4 GFLOPS
  0% [                                                            ]  1% [                                                            ]  2% [|                                                           ]  3% [|                                                           ]  4% [||                                                          ]  5% [|||                                                         ]  6% [|||                                                         ]  7% [||||                                                        ]  8% [||||                                                        ]  9% [|||||                                                       ] 10% [||||||                                                      ] 11% [||||||                                                      ] 12% [|||||||                                                     ] 13% [|||||||                                                     ] 14% [||||||||                                                    ] 15% [|||||||||                                                   ] 16% [|||||||||                                                   ] 17% [||||||||||                                                  ] 18% [||||||||||                                                  ] 19% [|||||||||||                                                 ] 20% [||||||||||||                                                ] 21% [||||||||||||                                                ] 22% [|||||||||||||                                               ] 23% [|||||||||||||                                               ] 24% [||||||||||||||                                              ] 25% [|||||||||||||||                                             ] 26% [|||||||||||||||                                             ] 27% [||||||||||||||||                                            ] 28% [||||||||||||||||                                            ] 29% [|||||||||||||||||                                           ] 30% [||||||||||||||||||                                          ] 31% [||||||||||||||||||                                          ] 32% [|||||||||||||||||||                                         ] 33% [|||||||||||||||||||                                         ] 34% [||||||||||||||||||||                                        ] 35% [|||||||||||||||||||||                                       ] 36% [|||||||||||||||||||||                                       ] 37% [||||||||||||||||||||||                                      ] 38% [||||||||||||||||||||||                                      ] 39% [|||||||||||||||||||||||                                     ] 40% [||||||||||||||||||||||||                                    ] 41% [||||||||||||||||||||||||                                    ] 42% [|||||||||||||||||||||||||                                   ] 43% [|||||||||||||||||||||||||                                   ] 44% [||||||||||||||||||||||||||                                  ] 45% [|||||||||||||||||||||||||||                                 ] 46% [|||||||||||||||||||||||||||                                 ] 47% [||||||||||||||||||||||||||||                                ] 48% [||||||||||||||||||||||||||||                                ] 49% [|||||||||||||||||||||||||||||                               ] 50% [||||||||||||||||||||||||||||||                              ] 51% [||||||||||||||||||||||||||||||                              ] 52% [|||||||||||||||||||||||||||||||                             ] 52% [|||||||||||||||||||||||||||||||                             ] 54% [||||||||||||||||||||||||||||||||                            ] 55% [|||||||||||||||||||||||||||||||||                           ] 56% [|||||||||||||||||||||||||||||||||                           ] 57% [||||||||||||||||||||||||||||||||||                          ] 58% [||||||||||||||||||||||||||||||||||                          ] 58% [|||||||||||||||||||||||||||||||||||                         ] 60% [||||||||||||||||||||||||||||||||||||                        ] 61% [||||||||||||||||||||||||||||||||||||                        ] 62% [|||||||||||||||||||||||||||||||||||||                       ] 63% [|||||||||||||||||||||||||||||||||||||                       ] 64% [||||||||||||||||||||||||||||||||||||||                      ] 65% [|||||||||||||||||||||||||||||||||||||||                     ] 66% [|||||||||||||||||||||||||||||||||||||||                     ] 67% [||||||||||||||||||||||||||||||||||||||||                    ] 68% [||||||||||||||||||||||||||||||||||||||||                    ] 69% [|||||||||||||||||||||||||||||||||||||||||                   ] 70% [||||||||||||||||||||||||||||||||||||||||||                  ] 71% [||||||||||||||||||||||||||||||||||||||||||                  ] 72% [|||||||||||||||||||||||||||||||||||||||||||                 ] 73% [|||||||||||||||||||||||||||||||||||||||||||                 ] 74% [||||||||||||||||||||||||||||||||||||||||||||                ] 75% [|||||||||||||||||||||||||||||||||||||||||||||               ] 76% [|||||||||||||||||||||||||||||||||||||||||||||               ] 77% [||||||||||||||||||||||||||||||||||||||||||||||              ] 78% [||||||||||||||||||||||||||||||||||||||||||||||              ] 79% [|||||||||||||||||||||||||||||||||||||||||||||||             ] 80% [||||||||||||||||||||||||||||||||||||||||||||||||            ] 81% [||||||||||||||||||||||||||||||||||||||||||||||||            ] 82% [|||||||||||||||||||||||||||||||||||||||||||||||||           ] 83% [|||||||||||||||||||||||||||||||||||||||||||||||||           ] 84% [||||||||||||||||||||||||||||||||||||||||||||||||||          ] 85% [|||||||||||||||||||||||||||||||||||||||||||||||||||         ] 86% [|||||||||||||||||||||||||||||||||||||||||||||||||||         ] 87% [||||||||||||||||||||||||||||||||||||||||||||||||||||        ] 88% [||||||||||||||||||||||||||||||||||||||||||||||||||||        ] 89% [|||||||||||||||||||||||||||||||||||||||||||||||||||||       ] 90% [||||||||||||||||||||||||||||||||||||||||||||||||||||||      ] 91% [||||||||||||||||||||||||||||||||||||||||||||||||||||||      ] 92% [|||||||||||||||||||||||||||||||||||||||||||||||||||||||     ] 93% [|||||||||||||||||||||||||||||||||||||||||||||||||||||||     ] 94% [||||||||||||||||||||||||||||||||||||||||||||||||||||||||    ] 95% [|||||||||||||||||||||||||||||||||||||||||||||||||||||||||   ] 96% [|||||||||||||||||||||||||||||||||||||||||||||||||||||||||   ] 97% [||||||||||||||||||||||||||||||||||||||||||||||||||||||||||  ] 98% [||||||||||||||||||||||||||||||||||||||||||||||||||||||||||  ] 99% [||||||||||||||||||||||||||||||||||||||||||||||||||||||||||| ]
Peak MFMA FLOPs (F16), GPU ID: 0, workgroupSize:256, workgroups:38912, experiments:100, FLOP:5100273664000, duration:5.5 ms, mean:934793.4 GFLOPS, stdev=2978.4 GFLOPS
  0% [                                                            ]  1% [                                                            ]  2% [|                                                           ]  3% [|                                                           ]  4% [||                                                          ]  5% [|||                                                         ]  6% [|||                                                         ]  7% [||||                                                        ]  8% [||||                                                        ]  9% [|||||                                                       ] 10% [||||||                                                      ] 11% [||||||                                                      ] 12% [|||||||                                                     ] 13% [|||||||                                                     ] 14% [||||||||                                                    ] 15% [|||||||||                                                   ] 16% [|||||||||                                                   ] 17% [||||||||||                                                  ] 18% [||||||||||                                                  ] 19% [|||||||||||                                                 ] 20% [||||||||||||                                                ] 21% [||||||||||||                                                ] 22% [|||||||||||||                                               ] 23% [|||||||||||||                                               ] 24% [||||||||||||||                                              ] 25% [|||||||||||||||                                             ] 26% [|||||||||||||||                                             ] 27% [||||||||||||||||                                            ] 28% [||||||||||||||||                                            ] 29% [|||||||||||||||||                                           ] 30% [||||||||||||||||||                                          ] 31% [||||||||||||||||||                                          ] 32% [|||||||||||||||||||                                         ] 33% [|||||||||||||||||||                                         ] 34% [||||||||||||||||||||                                        ] 35% [|||||||||||||||||||||                                       ] 36% [|||||||||||||||||||||                                       ] 37% [||||||||||||||||||||||                                      ] 38% [||||||||||||||||||||||                                      ] 39% [|||||||||||||||||||||||                                     ] 40% [||||||||||||||||||||||||                                    ] 41% [||||||||||||||||||||||||                                    ] 42% [|||||||||||||||||||||||||                                   ] 43% [|||||||||||||||||||||||||                                   ] 44% [||||||||||||||||||||||||||                                  ] 45% [|||||||||||||||||||||||||||                                 ] 46% [|||||||||||||||||||||||||||                                 ] 47% [||||||||||||||||||||||||||||                                ] 48% [||||||||||||||||||||||||||||                                ] 49% [|||||||||||||||||||||||||||||                               ] 50% [||||||||||||||||||||||||||||||                              ] 51% [||||||||||||||||||||||||||||||                              ] 52% [|||||||||||||||||||||||||||||||                             ] 52% [|||||||||||||||||||||||||||||||                             ] 54% [||||||||||||||||||||||||||||||||                            ] 55% [|||||||||||||||||||||||||||||||||                           ] 56% [|||||||||||||||||||||||||||||||||                           ] 57% [||||||||||||||||||||||||||||||||||                          ] 58% [||||||||||||||||||||||||||||||||||                          ] 58% [|||||||||||||||||||||||||||||||||||                         ] 60% [||||||||||||||||||||||||||||||||||||                        ] 61% [||||||||||||||||||||||||||||||||||||                        ] 62% [|||||||||||||||||||||||||||||||||||||                       ] 63% [|||||||||||||||||||||||||||||||||||||                       ] 64% [||||||||||||||||||||||||||||||||||||||                      ] 65% [|||||||||||||||||||||||||||||||||||||||                     ] 66% [|||||||||||||||||||||||||||||||||||||||                     ] 67% [||||||||||||||||||||||||||||||||||||||||                    ] 68% [||||||||||||||||||||||||||||||||||||||||                    ] 69% [|||||||||||||||||||||||||||||||||||||||||                   ] 70% [||||||||||||||||||||||||||||||||||||||||||                  ] 71% [||||||||||||||||||||||||||||||||||||||||||                  ] 72% [|||||||||||||||||||||||||||||||||||||||||||                 ] 73% [|||||||||||||||||||||||||||||||||||||||||||                 ] 74% [||||||||||||||||||||||||||||||||||||||||||||                ] 75% [|||||||||||||||||||||||||||||||||||||||||||||               ] 76% [|||||||||||||||||||||||||||||||||||||||||||||               ] 77% [||||||||||||||||||||||||||||||||||||||||||||||              ] 78% [||||||||||||||||||||||||||||||||||||||||||||||              ] 79% [|||||||||||||||||||||||||||||||||||||||||||||||             ] 80% [||||||||||||||||||||||||||||||||||||||||||||||||            ] 81% [||||||||||||||||||||||||||||||||||||||||||||||||            ] 82% [|||||||||||||||||||||||||||||||||||||||||||||||||           ] 83% [|||||||||||||||||||||||||||||||||||||||||||||||||           ] 84% [||||||||||||||||||||||||||||||||||||||||||||||||||          ] 85% [|||||||||||||||||||||||||||||||||||||||||||||||||||         ] 86% [|||||||||||||||||||||||||||||||||||||||||||||||||||         ] 87% [||||||||||||||||||||||||||||||||||||||||||||||||||||        ] 88% [||||||||||||||||||||||||||||||||||||||||||||||||||||        ] 89% [|||||||||||||||||||||||||||||||||||||||||||||||||||||       ] 90% [||||||||||||||||||||||||||||||||||||||||||||||||||||||      ] 91% [||||||||||||||||||||||||||||||||||||||||||||||||||||||      ] 92% [|||||||||||||||||||||||||||||||||||||||||||||||||||||||     ] 93% [|||||||||||||||||||||||||||||||||||||||||||||||||||||||     ] 94% [||||||||||||||||||||||||||||||||||||||||||||||||||||||||    ] 95% [|||||||||||||||||||||||||||||||||||||||||||||||||||||||||   ] 96% [|||||||||||||||||||||||||||||||||||||||||||||||||||||||||   ] 97% [||||||||||||||||||||||||||||||||||||||||||||||||||||||||||  ] 98% [||||||||||||||||||||||||||||||||||||||||||||||||||||||||||  ] 99% [||||||||||||||||||||||||||||||||||||||||||||||||||||||||||| ]
Peak MFMA FLOPs (BF16), GPU ID: 0, workgroupSize:256, workgroups:38912, experiments:100, FLOP:2550136832000, duration:4.9 ms, mean:523126.6 GFLOPS, stdev=3422.3 GFLOPS
  0% [                                                            ]  1% [                                                            ]  2% [|                                                           ]  3% [|                                                           ]  4% [||                                                          ]  5% [|||                                                         ]  6% [|||                                                         ]  7% [||||                                                        ]  8% [||||                                                        ]  9% [|||||                                                       ] 10% [||||||                                                      ] 11% [||||||                                                      ] 12% [|||||||                                                     ] 13% [|||||||                                                     ] 14% [||||||||                                                    ] 15% [|||||||||                                                   ] 16% [|||||||||                                                   ] 17% [||||||||||                                                  ] 18% [||||||||||                                                  ] 19% [|||||||||||                                                 ] 20% [||||||||||||                                                ] 21% [||||||||||||                                                ] 22% [|||||||||||||                                               ] 23% [|||||||||||||                                               ] 24% [||||||||||||||                                              ] 25% [|||||||||||||||                                             ] 26% [|||||||||||||||                                             ] 27% [||||||||||||||||                                            ] 28% [||||||||||||||||                                            ] 29% [|||||||||||||||||                                           ] 30% [||||||||||||||||||                                          ] 31% [||||||||||||||||||                                          ] 32% [|||||||||||||||||||                                         ] 33% [|||||||||||||||||||                                         ] 34% [||||||||||||||||||||                                        ] 35% [|||||||||||||||||||||                                       ] 36% [|||||||||||||||||||||                                       ] 37% [||||||||||||||||||||||                                      ] 38% [||||||||||||||||||||||                                      ] 39% [|||||||||||||||||||||||                                     ] 40% [||||||||||||||||||||||||                                    ] 41% [||||||||||||||||||||||||                                    ] 42% [|||||||||||||||||||||||||                                   ] 43% [|||||||||||||||||||||||||                                   ] 44% [||||||||||||||||||||||||||                                  ] 45% [|||||||||||||||||||||||||||                                 ] 46% [|||||||||||||||||||||||||||                                 ] 47% [||||||||||||||||||||||||||||                                ] 48% [||||||||||||||||||||||||||||                                ] 49% [|||||||||||||||||||||||||||||                               ] 50% [||||||||||||||||||||||||||||||                              ] 51% [||||||||||||||||||||||||||||||                              ] 52% [|||||||||||||||||||||||||||||||                             ] 52% [|||||||||||||||||||||||||||||||                             ] 54% [||||||||||||||||||||||||||||||||                            ] 55% [|||||||||||||||||||||||||||||||||                           ] 56% [|||||||||||||||||||||||||||||||||                           ] 57% [||||||||||||||||||||||||||||||||||                          ] 58% [||||||||||||||||||||||||||||||||||                          ] 58% [|||||||||||||||||||||||||||||||||||                         ] 60% [||||||||||||||||||||||||||||||||||||                        ] 61% [||||||||||||||||||||||||||||||||||||                        ] 62% [|||||||||||||||||||||||||||||||||||||                       ] 63% [|||||||||||||||||||||||||||||||||||||                       ] 64% [||||||||||||||||||||||||||||||||||||||                      ] 65% [|||||||||||||||||||||||||||||||||||||||                     ] 66% [|||||||||||||||||||||||||||||||||||||||                     ] 67% [||||||||||||||||||||||||||||||||||||||||                    ] 68% [||||||||||||||||||||||||||||||||||||||||                    ] 69% [|||||||||||||||||||||||||||||||||||||||||                   ] 70% [||||||||||||||||||||||||||||||||||||||||||                  ] 71% [||||||||||||||||||||||||||||||||||||||||||                  ] 72% [|||||||||||||||||||||||||||||||||||||||||||                 ] 73% [|||||||||||||||||||||||||||||||||||||||||||                 ] 74% [||||||||||||||||||||||||||||||||||||||||||||                ] 75% [|||||||||||||||||||||||||||||||||||||||||||||               ] 76% [|||||||||||||||||||||||||||||||||||||||||||||               ] 77% [||||||||||||||||||||||||||||||||||||||||||||||              ] 78% [||||||||||||||||||||||||||||||||||||||||||||||              ] 79% [|||||||||||||||||||||||||||||||||||||||||||||||             ] 80% [||||||||||||||||||||||||||||||||||||||||||||||||            ] 81% [||||||||||||||||||||||||||||||||||||||||||||||||            ] 82% [|||||||||||||||||||||||||||||||||||||||||||||||||           ] 83% [|||||||||||||||||||||||||||||||||||||||||||||||||           ] 84% [||||||||||||||||||||||||||||||||||||||||||||||||||          ] 85% [|||||||||||||||||||||||||||||||||||||||||||||||||||         ] 86% [|||||||||||||||||||||||||||||||||||||||||||||||||||         ] 87% [||||||||||||||||||||||||||||||||||||||||||||||||||||        ] 88% [||||||||||||||||||||||||||||||||||||||||||||||||||||        ] 89% [|||||||||||||||||||||||||||||||||||||||||||||||||||||       ] 90% [||||||||||||||||||||||||||||||||||||||||||||||||||||||      ] 91% [||||||||||||||||||||||||||||||||||||||||||||||||||||||      ] 92% [|||||||||||||||||||||||||||||||||||||||||||||||||||||||     ] 93% [|||||||||||||||||||||||||||||||||||||||||||||||||||||||     ] 94% [||||||||||||||||||||||||||||||||||||||||||||||||||||||||    ] 95% [|||||||||||||||||||||||||||||||||||||||||||||||||||||||||   ] 96% [|||||||||||||||||||||||||||||||||||||||||||||||||||||||||   ] 97% [||||||||||||||||||||||||||||||||||||||||||||||||||||||||||  ] 98% [||||||||||||||||||||||||||||||||||||||||||||||||||||||||||  ] 99% [||||||||||||||||||||||||||||||||||||||||||||||||||||||||||| ]
Peak MFMA FLOPs (F32), GPU ID: 0, workgroupSize:256, workgroups:38912, experiments:100, FLOP:1275068416000, duration:9.1 ms, mean:140375.9 GFLOPS, stdev=574.2 GFLOPS
  0% [                                                            ]  1% [                                                            ]  2% [|                                                           ]  3% [|                                                           ]  4% [||                                                          ]  5% [|||                                                         ]  6% [|||                                                         ]  7% [||||                                                        ]  8% [||||                                                        ]  9% [|||||                                                       ] 10% [||||||                                                      ] 11% [||||||                                                      ] 12% [|||||||                                                     ] 13% [|||||||                                                     ] 14% [||||||||                                                    ] 15% [|||||||||                                                   ] 16% [|||||||||                                                   ] 17% [||||||||||                                                  ] 18% [||||||||||                                                  ] 19% [|||||||||||                                                 ] 20% [||||||||||||                                                ] 21% [||||||||||||                                                ] 22% [|||||||||||||                                               ] 23% [|||||||||||||                                               ] 24% [||||||||||||||                                              ] 25% [|||||||||||||||                                             ] 26% [|||||||||||||||                                             ] 27% [||||||||||||||||                                            ] 28% [||||||||||||||||                                            ] 29% [|||||||||||||||||                                           ] 30% [||||||||||||||||||                                          ] 31% [||||||||||||||||||                                          ] 32% [|||||||||||||||||||                                         ] 33% [|||||||||||||||||||                                         ] 34% [||||||||||||||||||||                                        ] 35% [|||||||||||||||||||||                                       ] 36% [|||||||||||||||||||||                                       ] 37% [||||||||||||||||||||||                                      ] 38% [||||||||||||||||||||||                                      ] 39% [|||||||||||||||||||||||                                     ] 40% [||||||||||||||||||||||||                                    ] 41% [||||||||||||||||||||||||                                    ] 42% [|||||||||||||||||||||||||                                   ] 43% [|||||||||||||||||||||||||                                   ] 44% [||||||||||||||||||||||||||                                  ] 45% [|||||||||||||||||||||||||||                                 ] 46% [|||||||||||||||||||||||||||                                 ] 47% [||||||||||||||||||||||||||||                                ] 48% [||||||||||||||||||||||||||||                                ] 49% [|||||||||||||||||||||||||||||                               ] 50% [||||||||||||||||||||||||||||||                              ] 51% [||||||||||||||||||||||||||||||                              ] 52% [|||||||||||||||||||||||||||||||                             ] 52% [|||||||||||||||||||||||||||||||                             ] 54% [||||||||||||||||||||||||||||||||                            ] 55% [|||||||||||||||||||||||||||||||||                           ] 56% [|||||||||||||||||||||||||||||||||                           ] 57% [||||||||||||||||||||||||||||||||||                          ] 58% [||||||||||||||||||||||||||||||||||                          ] 58% [|||||||||||||||||||||||||||||||||||                         ] 60% [||||||||||||||||||||||||||||||||||||                        ] 61% [||||||||||||||||||||||||||||||||||||                        ] 62% [|||||||||||||||||||||||||||||||||||||                       ] 63% [|||||||||||||||||||||||||||||||||||||                       ] 64% [||||||||||||||||||||||||||||||||||||||                      ] 65% [|||||||||||||||||||||||||||||||||||||||                     ] 66% [|||||||||||||||||||||||||||||||||||||||                     ] 67% [||||||||||||||||||||||||||||||||||||||||                    ] 68% [||||||||||||||||||||||||||||||||||||||||                    ] 69% [|||||||||||||||||||||||||||||||||||||||||                   ] 70% [||||||||||||||||||||||||||||||||||||||||||                  ] 71% [||||||||||||||||||||||||||||||||||||||||||                  ] 72% [|||||||||||||||||||||||||||||||||||||||||||                 ] 73% [|||||||||||||||||||||||||||||||||||||||||||                 ] 74% [||||||||||||||||||||||||||||||||||||||||||||                ] 75% [|||||||||||||||||||||||||||||||||||||||||||||               ] 76% [|||||||||||||||||||||||||||||||||||||||||||||               ] 77% [||||||||||||||||||||||||||||||||||||||||||||||              ] 78% [||||||||||||||||||||||||||||||||||||||||||||||              ] 79% [|||||||||||||||||||||||||||||||||||||||||||||||             ] 80% [||||||||||||||||||||||||||||||||||||||||||||||||            ] 81% [||||||||||||||||||||||||||||||||||||||||||||||||            ] 82% [|||||||||||||||||||||||||||||||||||||||||||||||||           ] 83% [|||||||||||||||||||||||||||||||||||||||||||||||||           ] 84% [||||||||||||||||||||||||||||||||||||||||||||||||||          ] 85% [|||||||||||||||||||||||||||||||||||||||||||||||||||         ] 86% [|||||||||||||||||||||||||||||||||||||||||||||||||||         ] 87% [||||||||||||||||||||||||||||||||||||||||||||||||||||        ] 88% [||||||||||||||||||||||||||||||||||||||||||||||||||||        ] 89% [|||||||||||||||||||||||||||||||||||||||||||||||||||||       ] 90% [||||||||||||||||||||||||||||||||||||||||||||||||||||||      ] 91% [||||||||||||||||||||||||||||||||||||||||||||||||||||||      ] 92% [|||||||||||||||||||||||||||||||||||||||||||||||||||||||     ] 93% [|||||||||||||||||||||||||||||||||||||||||||||||||||||||     ] 94% [||||||||||||||||||||||||||||||||||||||||||||||||||||||||    ] 95% [|||||||||||||||||||||||||||||||||||||||||||||||||||||||||   ] 96% [|||||||||||||||||||||||||||||||||||||||||||||||||||||||||   ] 97% [||||||||||||||||||||||||||||||||||||||||||||||||||||||||||  ] 98% [||||||||||||||||||||||||||||||||||||||||||||||||||||||||||  ] 99% [||||||||||||||||||||||||||||||||||||||||||||||||||||||||||| ]
Peak MFMA FLOPs (F64), GPU ID: 0, workgroupSize:256, workgroups:38912, experiments:100, FLOP:637534208000, duration:4.4 ms, mean:145734.4 GFLOPS, stdev=503.1 GFLOPS
  0% [                                                            ]  1% [                                                            ]  2% [|                                                           ]  3% [|                                                           ]  4% [||                                                          ]  5% [|||                                                         ]  6% [|||                                                         ]  7% [||||                                                        ]  8% [||||                                                        ]  9% [|||||                                                       ] 10% [||||||                                                      ] 11% [||||||                                                      ] 12% [|||||||                                                     ] 13% [|||||||                                                     ] 14% [||||||||                                                    ] 15% [|||||||||                                                   ] 16% [|||||||||                                                   ] 17% [||||||||||                                                  ] 18% [||||||||||                                                  ] 19% [|||||||||||                                                 ] 20% [||||||||||||                                                ] 21% [||||||||||||                                                ] 22% [|||||||||||||                                               ] 23% [|||||||||||||                                               ] 24% [||||||||||||||                                              ] 25% [|||||||||||||||                                             ] 26% [|||||||||||||||                                             ] 27% [||||||||||||||||                                            ] 28% [||||||||||||||||                                            ] 29% [|||||||||||||||||                                           ] 30% [||||||||||||||||||                                          ] 31% [||||||||||||||||||                                          ] 32% [|||||||||||||||||||                                         ] 33% [|||||||||||||||||||                                         ] 34% [||||||||||||||||||||                                        ] 35% [|||||||||||||||||||||                                       ] 36% [|||||||||||||||||||||                                       ] 37% [||||||||||||||||||||||                                      ] 38% [||||||||||||||||||||||                                      ] 39% [|||||||||||||||||||||||                                     ] 40% [||||||||||||||||||||||||                                    ] 41% [||||||||||||||||||||||||                                    ] 42% [|||||||||||||||||||||||||                                   ] 43% [|||||||||||||||||||||||||                                   ] 44% [||||||||||||||||||||||||||                                  ] 45% [|||||||||||||||||||||||||||                                 ] 46% [|||||||||||||||||||||||||||                                 ] 47% [||||||||||||||||||||||||||||                                ] 48% [||||||||||||||||||||||||||||                                ] 49% [|||||||||||||||||||||||||||||                               ] 50% [||||||||||||||||||||||||||||||                              ] 51% [||||||||||||||||||||||||||||||                              ] 52% [|||||||||||||||||||||||||||||||                             ] 52% [|||||||||||||||||||||||||||||||                             ] 54% [||||||||||||||||||||||||||||||||                            ] 55% [|||||||||||||||||||||||||||||||||                           ] 56% [|||||||||||||||||||||||||||||||||                           ] 57% [||||||||||||||||||||||||||||||||||                          ] 58% [||||||||||||||||||||||||||||||||||                          ] 58% [|||||||||||||||||||||||||||||||||||                         ] 60% [||||||||||||||||||||||||||||||||||||                        ] 61% [||||||||||||||||||||||||||||||||||||                        ] 62% [|||||||||||||||||||||||||||||||||||||                       ] 63% [|||||||||||||||||||||||||||||||||||||                       ] 64% [||||||||||||||||||||||||||||||||||||||                      ] 65% [|||||||||||||||||||||||||||||||||||||||                     ] 66% [|||||||||||||||||||||||||||||||||||||||                     ] 67% [||||||||||||||||||||||||||||||||||||||||                    ] 68% [||||||||||||||||||||||||||||||||||||||||                    ] 69% [|||||||||||||||||||||||||||||||||||||||||                   ] 70% [||||||||||||||||||||||||||||||||||||||||||                  ] 71% [||||||||||||||||||||||||||||||||||||||||||                  ] 72% [|||||||||||||||||||||||||||||||||||||||||||                 ] 73% [|||||||||||||||||||||||||||||||||||||||||||                 ] 74% [||||||||||||||||||||||||||||||||||||||||||||                ] 75% [|||||||||||||||||||||||||||||||||||||||||||||               ] 76% [|||||||||||||||||||||||||||||||||||||||||||||               ] 77% [||||||||||||||||||||||||||||||||||||||||||||||              ] 78% [||||||||||||||||||||||||||||||||||||||||||||||              ] 79% [|||||||||||||||||||||||||||||||||||||||||||||||             ] 80% [||||||||||||||||||||||||||||||||||||||||||||||||            ] 81% [||||||||||||||||||||||||||||||||||||||||||||||||            ] 82% [|||||||||||||||||||||||||||||||||||||||||||||||||           ] 83% [|||||||||||||||||||||||||||||||||||||||||||||||||           ] 84% [||||||||||||||||||||||||||||||||||||||||||||||||||          ] 85% [|||||||||||||||||||||||||||||||||||||||||||||||||||         ] 86% [|||||||||||||||||||||||||||||||||||||||||||||||||||         ] 87% [||||||||||||||||||||||||||||||||||||||||||||||||||||        ] 88% [||||||||||||||||||||||||||||||||||||||||||||||||||||        ] 89% [|||||||||||||||||||||||||||||||||||||||||||||||||||||       ] 90% [||||||||||||||||||||||||||||||||||||||||||||||||||||||      ] 91% [||||||||||||||||||||||||||||||||||||||||||||||||||||||      ] 92% [|||||||||||||||||||||||||||||||||||||||||||||||||||||||     ] 93% [|||||||||||||||||||||||||||||||||||||||||||||||||||||||     ] 94% [||||||||||||||||||||||||||||||||||||||||||||||||||||||||    ] 95% [|||||||||||||||||||||||||||||||||||||||||||||||||||||||||   ] 96% [|||||||||||||||||||||||||||||||||||||||||||||||||||||||||   ] 97% [||||||||||||||||||||||||||||||||||||||||||||||||||||||||||  ] 98% [||||||||||||||||||||||||||||||||||||||||||||||||||||||||||  ] 99% [||||||||||||||||||||||||||||||||||||||||||||||||||||||||||| ]
Peak MFMA IOPs (I8), GPU ID: 0, workgroupSize:256, workgroups:38912, experiments:100, IOP:5100273664000, duration:5.1 ms, mean:995349.9 GOPS, stdev=4749.2 GOPS

   [32mINFO[0m [roofline] Empirical Roofline PDFs saved!
   [32mINFO[0m [roofline] Checking for roofline.csv in /root/rocm-examples/Applications/fdtd_profile/workloads/main/MI300X_A1
   [32mINFO[0m [roofline] Empirical Roofline PDFs saved!
rocprof-compute analyze -p workloads/main/MI300X_A1/ -b 3

                                 __                                       _
 _ __ ___   ___ _ __  _ __ ___  / _|       ___ ___  _ __ ___  _ __  _   _| |_ ___
| '__/ _ \ / __| '_ \| '__/ _ \| |_ _____ / __/ _ \| '_ ` _ \| '_ \| | | | __/ _ \
| | | (_) | (__| |_) | | | (_) |  _|_____| (_| (_) | | | | | | |_) | |_| | ||  __/
|_|  \___/ \___| .__/|_|  \___/|_|        \___\___/|_| |_| |_| .__/ \__,_|\__\___|
               |_|                                           |_|

   [32mINFO[0m Analysis mode = cli
   [32mINFO[0m fatal: not a git repository (or any of the parent directories): .git
   [32mINFO[0m [analysis] deriving rocprofiler-compute metrics...
  [31mERROR[0m PC sampling: can not read /root/rocm-examples/Applications/fdtd_profile/workloads/main/MI300X_A1/ps_file_kernel_trace.csv
[33mWARNING[0m Failed to evaluate expression '
to_round(to_avg(
(raw_pmc_df['pmc_perf']['TCP_TCP_LATENCY_sum'] / raw_pmc_df['pmc_perf']['TCP_TA_TCP_STATE_READ_sum']).where((raw_pmc_df['pmc_perf']['TCP_TA_TCP_STATE_READ_sum'] != 0), None)), 0)
': 'TCP_TCP_LATENCY_sum'.

--------------------------------------------------------------------------------
0. Top Stats
0.1 Top Kernels
╒═════════╤══════════════════════════════════════════╤═════════╤════════════╤════════════╤══════════════╤═══════╕
│   index │ Kernel_Name                              │   Count │    Sum(ns) │   Mean(ns) │   Median(ns) │   Pct │
╞═════════╪══════════════════════════════════════════╪═════════╪════════════╪════════════╪══════════════╪═══════╡
│       0 │ updateH_kernel(FDTD_Setup, float*, float │   90.00 │ 7738407.23 │   85982.30 │     86287.16 │ 49.50 │
│         │  const*, float const*, float*, float*, f │         │            │            │              │       │
│         │ loat, float, unsigned int, unsigned i... │         │            │            │              │       │
├─────────┼──────────────────────────────────────────┼─────────┼────────────┼────────────┼──────────────┼───────┤
│       1 │ updateEy_kernel(FDTD_Setup, Medium_Param │   30.00 │ 2612853.00 │   87095.10 │     86698.59 │ 16.71 │
│         │ s, float*, float const*, float const*)   │         │            │            │              │       │
├─────────┼──────────────────────────────────────────┼─────────┼────────────┼────────────┼──────────────┼───────┤
│       2 │ updateEz_kernel(FDTD_Setup, Medium_Param │   30.00 │ 2605778.50 │   86859.28 │     86935.88 │ 16.67 │
│         │ s, float*, float const*, float const*)   │         │            │            │              │       │
├─────────┼──────────────────────────────────────────┼─────────┼────────────┼────────────┼──────────────┼───────┤
│       3 │ updateEx_kernel(FDTD_Setup, Medium_Param │   30.00 │ 2592505.78 │   86416.86 │     86182.46 │ 16.58 │
│         │ s, float*, float const*, float const*)   │         │            │            │              │       │
├─────────┼──────────────────────────────────────────┼─────────┼────────────┼────────────┼──────────────┼───────┤
│       4 │ apply_source_kernel(FDTD_Setup, float*,  │   30.00 │   56167.33 │    1872.24 │      1822.66 │  0.36 │
│         │ float)                                   │         │            │            │              │       │
├─────────┼──────────────────────────────────────────┼─────────┼────────────┼────────────┼──────────────┼───────┤
│       5 │ __amd_rocclr_fillBufferAligned           │    6.00 │   27030.42 │    4505.07 │      4515.84 │  0.17 │
╘═════════╧══════════════════════════════════════════╧═════════╧════════════╧════════════╧══════════════╧═══════╛
0.2 Dispatch List
╒═════════╤═══════════════╤══════════════════════════════════════════════════════════════════════════════════╤══════════╕
│   index │   Dispatch_ID │ Kernel_Name                                                                      │   GPU_ID │
╞═════════╪═══════════════╪══════════════════════════════════════════════════════════════════════════════════╪══════════╡
│       0 │             0 │ __amd_rocclr_fillBufferAligned                                                   │        0 │
├─────────┼───────────────┼──────────────────────────────────────────────────────────────────────────────────┼──────────┤
│       1 │             1 │ __amd_rocclr_fillBufferAligned                                                   │        0 │
├─────────┼───────────────┼──────────────────────────────────────────────────────────────────────────────────┼──────────┤
│       2 │             2 │ __amd_rocclr_fillBufferAligned                                                   │        0 │
├─────────┼───────────────┼──────────────────────────────────────────────────────────────────────────────────┼──────────┤
│       3 │             3 │ __amd_rocclr_fillBufferAligned                                                   │        0 │
├─────────┼───────────────┼──────────────────────────────────────────────────────────────────────────────────┼──────────┤
│       4 │             4 │ __amd_rocclr_fillBufferAligned                                                   │        0 │
├─────────┼───────────────┼──────────────────────────────────────────────────────────────────────────────────┼──────────┤
│       5 │             5 │ __amd_rocclr_fillBufferAligned                                                   │        0 │
├─────────┼───────────────┼──────────────────────────────────────────────────────────────────────────────────┼──────────┤
│       6 │             6 │ apply_source_kernel(FDTD_Setup, float*, float)                                   │        0 │
├─────────┼───────────────┼──────────────────────────────────────────────────────────────────────────────────┼──────────┤
│       7 │             7 │ updateH_kernel(FDTD_Setup, float*, float const*, float const*, float*, float*, f │        0 │
│         │               │ loat, float, unsigned int, unsigned int, unsigned int, unsigned int, unsigned in │          │
│         │               │ t)                                                                               │          │
├─────────┼───────────────┼──────────────────────────────────────────────────────────────────────────────────┼──────────┤
│       8 │             8 │ updateH_kernel(FDTD_Setup, float*, float const*, float const*, float*, float*, f │        0 │
│         │               │ loat, float, unsigned int, unsigned int, unsigned int, unsigned int, unsigned in │          │
│         │               │ t)                                                                               │          │
├─────────┼───────────────┼──────────────────────────────────────────────────────────────────────────────────┼──────────┤
│       9 │             9 │ updateH_kernel(FDTD_Setup, float*, float const*, float const*, float*, float*, f │        0 │
│         │               │ loat, float, unsigned int, unsigned int, unsigned int, unsigned int, unsigned in │          │
│         │               │ t)                                                                               │          │
╘═════════╧═══════════════╧══════════════════════════════════════════════════════════════════════════════════╧══════════╛


--------------------------------------------------------------------------------
3. Memory Chart
3.1 Memory Chart
⣀⣀⣀⣀⣀⣀⣀⣀⣀⣀⣀⣀⣀⣀⣀⣀⣀⣀⣀⣀⣀⣀⣀⣀⣀⣀⣀⣀⣀⣀⣀⣀⣀⣀⣀⣀⣀⣀⣀⣀⣀⣀⣀⣀⣀⣀⣀⣀⣀⣀⣀⣀⣀⣀⣀⣀⣀⣀⣀⣀⣀⣀⣀⣀⣀⣀⣀⣀⣀⣀⣀⣀⣀⣀⣀⣀⣀⣀⣀⣀⣀⣀⣀⣀⣀⣀⣀⣀⣀⣀⣀⣀⣀⣀⣀⣀⣀⣀⣀⣀⣀⣀⣀⣀⣀⣀⣀⣀⣀⣀⣀⣀⣀⣀⣀⣀⣀⣀⣀⣀⣀⣀⣀⣀⣀⣀⣀⣀⣀⣀⣀⣀⣀⣀⣀⣀⣀⣀⣀⣀⣀⣀⣀⣀⣀⣀⣀⣀⣀⣀⣀⣀⣀⣀⣀⣀⣀⣀⣀⣀⣀⣀⣀⣀⣀⣀⣀⣀⣀⣀⣀⣀⣀⣀⣀⣀⣀⣀⣀⣀⣀⣀⣀⣀⣀⣀⣀⣀⣀⣀⣀⣀⣀⣀⣀⣀⣀⣀⣀⣀⣀⣀⣀⣀⣀⣀⣀⣀⣀⣀⣀⣀⣀⣀⣀⣀⣀⣀⣀⣀⣀⣀⣀⣀⣀⣀⣀⣀⣀⣀⣀⣀⣀⡀
⡇⠀⠀⠀⠀⠀⠀⠀⠀⠀⠀⠀⠀⠀⠀⠀⠀⠀⠀⠀⠀⠀⠀⠀⠀⠀⠀⠀⠀⠀⠀⠀⠀⠀⠀⠀⠀⠀⠀⠀⠀⠀⠀⠀⠀⠀⠀⠀⠀⠀⠀⠀⠀⠀⠀⠀⠀⠀⠀⠀⠀⠀⠀⠀⠀⠀⠀⠀⠀⠀⠀⠀⠀⠀⠀⠀⠀⠀⠀⠀⠀⠀⠀⠀⠀⠀⠀⠀⠀⠀⠀⠀⠀⠀⠀⠀⠀⠀⠀⠀⠀⠀⠀⠀⠀⠀⠀⠀⠀⠀⠀⠀⠀⠀⠀⠀⠀⠀⠀⠀⠀⠀⠀⠀⠀⠀⠀⠀⠀⠀⠀⠀⠀⠀⠀⠀⠀⠀⠀⠀⠀⠀⠀⠀⠀⠀⠀⠀⠀⠀⠀⠀⠀⠀⠀⠀⠀⠀⠀⠀⠀⠀⠀⠀⠀⠀⠀⠀⠀⠀⠀⠀⠀⠀⠀⠀⠀⠀⠀⠀⠀⠀⠀⠀⠀⠀⠀⠀⠀⠀⠀⠀⠀⠀⠀⠀⠀⠀⠀⠀⠀⠀⠀⠀⠀⠀⠀⠀⠀⠀⠀⠀⠀⠀⠀⠀⠀⠀⠀⠀⠀⠀⠀⠀⠀⠀⠀⠀⠀⠀⠀⠀⠀⡇
⡇⠀(Normalization: per_kernel)⠀⠀⠀⠀⠀⠀⠀⠀⠀⠀⠀⠀⠀⠀⠀⠀⠀⠀⠀⠀⠀⠀⠀⠀⠀⠀⠀⠀⠀⠀⠀⠀⠀⠀⠀⠀⠀⠀⠀⠀⠀⠀⠀⠀⠀⠀⠀⠀⠀⠀⠀⠀⠀⠀⠀⠀⠀⠀⠀⠀⠀⠀⠀⠀⠀⠀⠀⠀⠀⠀⠀⠀⠀⠀⠀⠀⠀⠀⠀⠀⠀⠀⠀⠀⠀⠀⠀⠀⠀⠀⠀⠀⠀⠀⠀⠀⠀⠀⠀⠀⠀⠀⠀⠀⠀⠀⠀⠀⠀⠀⠀⠀⠀⠀⠀⠀⠀⠀⠀⠀⠀⠀⠀⠀⠀⠀⠀⠀⠀⠀⠀⠀⠀⠀⠀⠀⠀⠀⠀⠀⠀⠀⠀⠀⠀⠀⠀⠀⠀⠀⠀⠀⠀⠀⠀⠀⠀⠀⠀⠀⠀⠀⠀⠀⠀⠀⠀⠀⠀⠀⠀⠀⠀⠀⠀⠀⠀⠀⠀⠀⠀⠀⠀⠀⠀⠀⠀⠀⠀⠀⠀⠀⠀⠀⠀⠀⠀⠀⠀⠀⠀⠀⠀⠀⡇
⡇⠀⠀⠀⠀⠀⠀⠀⠀⠀⠀⠀⠀⠀⠀⠀⠀⠀⠀⠀⠀⠀⠀⠀⠀⠀⠀⠀⠀⠀⠀⠀⠀⠀⠀⠀⠀⠀⠀⠀⠀⠀⠀⠀⠀⠀⠀⠀⠀⠀⠀⠀⠀⠀⠀⠀⠀⠀⠀⠀⠀⠀⠀⠀⠀⠀⠀⠀⠀⠀⠀⠀⠀⠀⠀⠀⠀⠀⠀⠀⠀⠀⠀⠀⠀⠀⠀⠀⠀⠀⠀⠀⠀⠀⠀⠀⠀⠀⠀⠀⠀⠀⠀⠀⠀⠀⠀⠀⠀⠀⠀⠀⠀⠀⠀⠀⠀⠀⠀⠀⠀⠀⠀⠀⠀⠀⠀⠀⠀⠀⠀⠀⠀⠀⠀⠀⠀⠀⠀⠀⠀⠀⠀⠀⠀⠀⠀⠀⠀⠀⠀⠀⠀⠀⠀⠀⠀⠀⠀⠀⠀⠀⠀⠀⠀⠀⠀⠀⠀⠀⠀⠀⠀⠀⠀⠀⠀⠀⠀⠀⠀⠀⠀⠀⠀⠀⠀⠀⠀⠀⠀⠀⠀⠀⠀⠀⠀⠀⠀⠀⠀⠀⠀⠀⠀⠀⠀⠀⠀⠀⠀⠀⠀⠀⠀⠀⠀⠀⠀⠀⠀⠀⠀⠀⠀⠀⠀⠀⠀⠀⠀⠀⠀⡇
⡇⠀Instr Buff⠀⠀⠀⠀⠀⠀⠀⠀⠀⠀⠀⠀⠀⠀⠀⠀⠀⠀⠀⠀⠀⠀⠀⠀⠀⠀Instr Dispatch⠀⠀⠀⠀⠀⠀Exec⠀⠀⠀⠀⠀⠀⠀⠀⠀⠀⠀⠀⠀⠀⠀⠀⠀⠀⠀⠀⠀⠀⠀⠀⠀⠀⠀⠀⠀⠀⠀⠀⠀LDS⠀⠀⠀⠀⠀⠀⠀⠀⠀⠀⠀⠀⠀⠀⠀⠀⠀⠀⠀⠀⠀⠀⠀⠀⠀⠀⠀⠀⠀⠀⠀⠀⠀⠀⠀⠀⠀⠀⠀⠀L2 Cache⠀⠀⠀⠀⠀⠀⠀⠀⠀⠀⠀⠀⠀⠀⠀⠀⠀⠀⠀⠀⠀⠀⠀⠀⠀⠀⠀⠀⠀⠀⠀⠀⠀⠀⠀⠀⠀⠀⠀⠀⠀⠀⠀⠀⠀⠀⠀⠀⠀⠀⠀⠀⠀⠀⠀⠀⠀⠀⠀⠀⠀⠀⠀⠀⠀⠀⠀⠀⠀⠀⠀⠀⠀⠀⠀⠀⠀⠀⠀⠀⠀⠀⠀⠀⠀⠀⠀⡇
⡇⠀⠀⠀⣀⣀⣀⣀⣀⣀⣀⣀⣀⣀⣀⣀⣀⣀⣀⣀⣀⣀⣀⣀⣀⣀⣀⣀⣀⡀⠀⠀⡀⠀⠀⠀⠀⠀⠀⠀⠀⠀⠀⠀⠀⠀⠀⠀⠀⠀⠀⠀⠀⠀⠀⠀⠀⠀⣀⣀⣀⣀⣀⣀⣀⣀⣀⣀⣀⣀⣀⣀⣀⣀⣀⣀⣀⣀⡀⠀⠀⠀⠀⠀⠀⠀⠀⠀⠀⠀⠀⠀⠀⠀⠀⣀⣀⣀⣀⣀⣀⣀⣀⣀⣀⣀⣀⣀⣀⣀⣀⣀⣀⣀⣀⣀⣀⣀⣀⡀⠀⠀⠀⠀⠀⠀⠀⠀⠀⠀⠀⠀⠀⠀⠀⠀⠀⠀⣀⣀⣀⣀⣀⣀⣀⣀⣀⣀⣀⣀⣀⣀⣀⣀⣀⣀⣀⣀⣀⣀⣀⣀⡀⠀⠀⠀⠀⠀⠀⠀⠀⠀⠀⠀⠀⠀⠀⠀⠀⠀⠀⠀⠀⠀⠀⠀⠀⠀⣀⣀⣀⣀⣀⣀⣀⣀⣀⣀⡀⠀⠀⠀⠀⠀⠀⠀⠀⠀⠀⠀⠀⠀⠀⠀⠀⠀⠀⠀⠀⠀⠀⠀⠀⠀⠀⠀⠀⠀⠀⠀⠀⠀⠀⡇
⡇⠀⣀⣖⣗⣒⣒⣒⣒⣒⣒⣒⣒⣒⣒⣒⣒⣒⣒⣒⣒⣒⣒⣒⣒⣒⣒⡒⡆⡇⠀⠀⡏⠢⢄⠀⠀⠀⠀⠀⠀SALU: 340030⠀⠀⠀⠀⠀⡇⠀⠀⠀⠀⠀⠀⠀⠀⠀⠀⠀⠀⠀⠀⠀⠀⠀⠀⠀⡇⠀⠀⠀⠀⠀⠀⠀⠀⠀⠀⠀⠀⠀⠀⠀⠀⡇⠀⠀⠀⠀⠀⠀⠀⠀⠀⠀⠀⠀⠀⠀⠀⠀⠀⠀⠀⠀⠀⠀⠀⡇⠀⠀⠀⠀⠀⠀⠀⠀⠀⠀⠀⠀⠀⠀⠀⠀⠀⠀⡇⠀⠀⠀⠀⠀⠀⠀⠀⠀⠀⠀⠀⠀⠀⠀⠀⠀⠀⠀⠀⠀⠀⠀⡇⠀⠀⠀⠀⠀⠀⠀⠀⠀⠀⠀⠀⠀⠀⠀⠀⠀⠀⠀⠀⠀⠀⠀⠀⠀⡇⠀⠀⠀⠀⠀⠀⠀⠀⠀⡇⠀⠀⠀⠀⠀⠀⠀⠀⠀⠀⠀⠀⠀⠀⠀⠀⠀⠀⠀⠀⠀⠀⠀⠀⠀⠀⠀⠀⠀⠀⠀⠀⠀⠀⡇
⡇⠀⡇⡇⡇⠀⣀⣀⣀⣀⣀⣀⣀⣀⣀⣀⣀⣀⣀⣀⣀⣀⣀⣀⣀⡀⠀⡇⡇⡇⠀⠀⡇⠀⠀⠑⡆⠀------------------>⠀⡇⠀Active CUs⠀⠀⠀⠀⠀⠀⠀⠀⡇⠀⠀Req:    0⠀⠀⠀⠀⠀⡇⠀Util:      0 %⠀⠀⠀⠀⠀⠀⠀⠀⡇⠀⠀⠀⠀⠀⠀⠀⠀⠀⠀⠀⠀⠀⠀⠀⠀⠀⠀⡇⠀⠀⠀⠀⠀⠀⠀⠀⠀⠀⠀⠀⠀⠀⠀⠀⠀⠀⠀⠀⠀⠀⠀⡇⠀⠀⠀⠀⠀⠀⠀⠀⠀⠀⠀⠀⠀⠀⠀⠀⠀⠀⠀⠀⠀⠀⠀⠀⠀⡇xGMI/PCIe⡇⠀⠀⠀⠀⠀⠀⠀⠀⠀⠀⠀⠀⠀⠀⠀⠀⠀⠀⠀⠀⠀⠀⠀⠀⠀⠀⠀⠀⠀⠀⠀⠀⠀⠀⡇
⡇⠀⡇⡇⡇⠀⡇Wave   0 Instr Buf⡇⠀⡇⡇⡇⠀⠀⡇⠀⠀⠀⡇⠀⠀⠀⠀⠀⠀⠀⠀⠀⠀⠀⠀⠀⠀⠀⠀⠀⠀⠀⠀⠀⡇⠀n/a: 304⠀⠀⠀⠀⠀⠀⠀⠀⠀⠀⡇<---------------⡇⠀⠀⠀⠀⠀⠀⠀⠀⠀⠀⠀⠀⠀⠀⠀⠀⠀⠀⠀⠀⠀⠀⠀⡇⠀⠀⠀⠀⠀⠀⠀⠀⠀⠀⠀⠀⠀⠀⠀⠀⠀⠀⡇⠀⣀⣀⣀⣀⣀⣀⣀⣀⣀⣀⣀⣀⣀⣀⣀⣀⣀⣀⣀⣀⡀⠀⡇⠀⠀⠀⠀⠀⠀⠀⠀⠀⠀⠀⠀⠀⠀⠀⠀⠀⠀⠀⠀⠀⠀⠀⠀⠀⡇⠀⠀⠀⠀⠀⠀⠀⠀⠀⡇⠀⠀⠀⠀⠀⠀⠀⠀⠀⠀⠀⠀⠀⠀⠀⠀⠀⠀⠀⠀⠀⠀⠀⠀⠀⠀⠀⠀⠀⠀⠀⠀⠀⠀⡇
⡇⠀⡇⡇⡇⠀⠓⠒⠒⠒⠒⠒⠒⠒⠒⠒⠒⠒⠒⠒⠒⠒⠒⠒⠒⠃⠀⡇⡇⡇⠀⠀⡇⠀⠀⠀⡇⠀⠀⠀⠀SMEM: 205028⠀⠀⠀⠀⠀⡇⠀⠀⠀⠀⠀⠀⠀⠀⠀⠀⠀⠀⠀⠀⠀⠀⠀⠀⠀⡇⠀⠀⠀⠀⠀⠀⠀⠀⠀⠀⠀⠀⠀⠀⠀⠀⡇⠀Lat:    N/A⠀⠀⠀⠀⠀⠀⠀⠀⠀⠀⠀⡇⠀⠀⠀⠀⠀⠀⠀⠀⠀⠀⠀⠀⠀⠀⠀⠀⠀⠀⡇⠀⡇⠀Hit:     26 %⠀⠀⠀⠀⠀⡇⠀⡇⠀⠀⠀⠀⠀⠀⠀⠀⠀⠀⠀⠀⠀⠀⠀⠀⠀⠀⠀⠀⠀⠀⠀⠀⠀⣇⣀⣀⣀⣀⣀⣀⣀⣀⣀⡇⠀⠀⠀⠀⠀⠀⠀⠀⠀⠀⠀⠀⠀⠀⠀⠀⠀⠀⠀⠀⠀⠀⠀⠀⠀⠀⠀⠀⠀⠀⠀⠀⠀⠀⡇
⡇⠀⡇⡇⡇⠀⠀⠀⠀⠀⠀⠀⠀⠀⠀⠀⠀⠀⠀⠀⠀⠀⠀⠀⠀⠀⠀⡇⡇⡇⠀⠀⡇⠀⠀⠀⡇⠀------------------>⠀⡇⠀⣀⣀⣀⣀⣀⣀⣀⣀⣀⣀⣀⣀⣀⣀⣀⣀⡀⠀⡇⠀⠀⠀⠀⠀⠀⠀⠀⠀⠀⠀⠀⠀⠀⠀⠀⣇⣀⣀⣀⣀⣀⣀⣀⣀⣀⣀⣀⣀⣀⣀⣀⣀⣀⣀⣀⣀⣀⣀⣀⡇⠀⠀⠀⠀⠀⠀⠀⠀⠀⠀⠀⠀⠀⠀⠀⠀⠀⠀⡇⠀⣇⣀⣀⣀⣀⣀⣀⣀⣀⣀⣀⣀⣀⣀⣀⣀⣀⣀⣀⣀⡇⠀⡇⠀⠀⠀⠀⠀⠀⠀⠀⠀⠀⠀⠀⠀⠀⠀⠀⠀⠀⠀⠀⠀⠀⠀⠀⠀⠀⠀⠀^   |⠀⠀⠀⠀⠀⠀⠀⠀⠀⠀⠀⠀⠀⠀⠀⠀⠀⠀⠀⠀⠀⠀⠀⠀⠀⠀⠀⠀⠀⠀⠀⠀⠀⠀⠀⠀⠀⡇
⡇⠀⡇⡇⡇⠀⣀⣀⣀⣀⣀⣀⣀⣀⣀⣀⣀⣀⣀⣀⣀⣀⣀⣀⣀⡀⠀⡇⡇⡇⠀⠀⡇⠀⠀⠀⡇⠀⠀⠀⠀⠀⠀⠀⠀⠀⠀⠀⠀⠀⠀⠀⠀⠀⠀⠀⠀⠀⡇⠀⡇⠀RVGPRseq:  21.0⠀⡇⠀⠀⠀⠀⠀⠀⠀⠀⠀⠀⠀⠀⠀⠀⠀⠀⠀⠀⠀⠀⠀⠀⠀⠀⠀⠀⠀⠀⠀⠀⠀⠀⠀⠀⠀⠀⠀⠀⠀⠀⠀⠀⠀⠀⠀⠀⠀⠀⠀⠀⠀⠀⠀⠀⠀⠀⠀⠀⠀⡇⠀⠀⠀⠀⠀⠀⠀⠀⠀⠀⠀⠀⠀⠀⠀⠀⠀⠀⠀⠀⠀⠀⠀⡇⠀⠀⠀⠀⠀⠀⠀⠀⠀⠀⠀⠀⠀⠀⠀⠀⠀⠀⠀⠀⠀⠀⠀⠀⠀⠀⠀⠀|   |⠀⠀⠀⠀⠀⠀⠀⠀⠀⠀⠀⠀⠀⠀⠀⠀⠀⠀⠀⠀⠀⠀⠀⠀⠀⠀⠀⠀⠀⠀⠀⠀⠀⠀⠀⠀⠀⡇
⡇⠀⡇⡇⡇⠀⡇Wave N-1 Instr Buf⡇⠀⡇⡇⡇⠀⠀⡇⠀⠀⠀⡇⠀⠀⠀⠀VALU: 2554616⠀⠀⠀⠀⡇⠀⣇⣀⣀⣀⣀⣀⣀⣀⣀⣀⣀⣀⣀⣀⣀⣀⡇⠀⡇⠀⠀⠀⠀⠀⠀⠀⠀⠀⠀⠀⠀⠀⠀⠀⠀Vector L1 Cache⠀⠀⠀⠀⠀⠀⠀⠀⠀⠀⠀⠀⠀⠀⠀⠀⠀⠀⠀⠀⠀⠀⠀⠀⠀⠀⠀⠀⡇⠀Request⠀⠀⠀⠀⠀⠀⠀⠀⠀⠀⠀⠀⠀⠀⠀⡇⠀⠀⠀⠀⠀⠀⠀⠀⠀⠀⠀⠀⠀⠀⠀⠀⠀⠀⠀⠀⠀⠀⠀⠀⠀⠀⠀⠀|   |⠀⠀⠀⠀⠀⠀⠀⠀⠀⠀⠀⠀⠀⠀⠀⠀⠀⠀⠀⠀⠀⠀⠀⠀⠀⠀⠀⠀⠀⠀⠀⠀⠀⠀⠀⠀⠀⡇
⡇⠀⡇⡇⡇⠀⠓⠒⠒⠒⠒⠒⠒⠒⠒⠒⠒⠒⠒⠒⠒⠒⠒⠒⠒⠃⠀⡇⡇⡇⠀⠀⡇⠀⠀⠀⡇⠀------------------>⠀⡇⠀⣀⣀⣀⣀⣀⣀⣀⣀⣀⣀⣀⣀⣀⣀⣀⣀⡀⠀⡇⠀⠀⠀⠀⠀⠀⠀⠀⠀⠀⠀⠀⠀⠀⠀⠀⣀⣀⣀⣀⣀⣀⣀⣀⣀⣀⣀⣀⣀⣀⣀⣀⣀⣀⣀⣀⣀⣀⣀⣀⡀⠀⠀⠀⠀⠀⠀⠀⠀⠀⠀⠀⠀⠀⠀⠀⠀⠀⠀⡇⠀⡖⠒⠒⠒⠒⠒⠒⠒⠒⠒⠒⠒⠒⠒⠒⠒⠒⠒⠒⠒⡆⠀⡇⠀⠀⠀⠀⠀⠀⠀⠀⠀⠀⠀⠀⠀⠀⠀⠀⠀⠀⠀⠀⠀⠀⠀⠀⠀⠀⠀⠀|   v⠀⠀⠀⠀⠀⠀⠀⠀⠀⠀⠀⠀⠀⠀⠀⠀⠀⠀⠀⠀⠀⠀⠀⠀⠀⠀⠀⠀⠀⠀⠀⠀⠀⠀⠀⠀⠀⡇
⡇⠀⡇⡇⡇⠀⠀⠀⠀⠀⠀⠀⠀⠀⠀⠀⠀⠀⠀⠀⠀⠀⠀⠀⠀⠀⠀⡇⡇⡇⠀⠀⡇⠀⠀⠀⡇⠀⠀⠀⠀⠀⠀⠀⠀⠀⠀⠀⠀⠀⠀⠀⠀⠀⠀⠀⠀⠀⡇⠀⡇⠀SGPRs:    30⠀⠀⡇⠀⡇⠀⠀⠀⠀⠀⠀⠀⠀⠀⠀⠀⠀⠀⠀⠀⠀⡇⠀⠀⠀⠀⠀⠀⠀⠀⠀⠀⠀⠀⠀⠀⠀⠀⠀⠀⠀⠀⠀⠀⠀⡇⠀⠀⠀⠀⠀⠀⠀⠀⠀⠀⠀⠀⠀⠀⠀⠀⠀⠀⡇⠀⡇⠀⠀⠀⠀⠀⠀⠀⠀⠀⠀⠀⠀⠀⠀⠀⠀⠀⠀⠀⡇⠀⡇⠀⠀⠀⠀⠀⠀⠀⠀⠀⠀⠀⠀⠀⠀⠀⠀⠀⠀⣀⣀⣀⣀⣀⣀⣀⣀⣀⣀⣀⣀⣀⣀⣀⣀⣀⣀⣀⣀⣀⣀⣀⣀⡀⠀⠀⠀⠀⠀⠀⠀⠀⠀⠀⠀⠀⠀⠀⠀⠀⠀⠀⠀⠀⠀⠀⠀⠀⠀⠀⠀⡇
⡇⠀⡇⡇⡇⠀⠀⠀⠀⠀⠀⠀⠀⠀⠀⠀⠀⠀⠀⠀⠀⠀⠀⠀⠀⠀⠀⡇⡇⡇⠀⠀⡇⠀⠀⠀⡇⠀⠀⠀⠀MFMA: 0   ⠀⠀⠀⠀⠀⠀⠀⡇⠀⣇⣀⣀⣀⣀⣀⣀⣀⣀⣀⣀⣀⣀⣀⣀⣀⡇⠀⡇⠀⠀Rd: 3058347⠀⠀⠀⡇⠀Hit:     17 %⠀⠀⠀⠀⠀⠀⠀⠀⠀⡇⠀⠀⠀Rd: 2339152⠀⠀⠀⠀⡇⠀⡇⠀Rd: 2342981⠀⠀⠀⠀⠀⠀⠀⡇⠀⡇⠀⠀⠀⠀⠀⠀⠀⠀⠀⠀⠀⠀⠀⠀⠀⠀⠀⠀⡇⠀⠀⠀⠀⠀⠀⠀⠀⠀⠀⠀⠀⠀⠀⠀⠀⠀⠀⠀⠀⠀⠀⠀⡇⠀⠀⠀⠀⠀⠀⠀⠀⠀⠀⠀⠀⠀⠀⠀⠀⠀⠀⠀⠀⠀⠀⠀⠀⠀⠀⠀⡇
⡇⠀⡇⡇⡇⠀⠀⠀⠀⠀⠀⠀⠀⠀⠀⠀⠀⠀⠀⠀⠀⠀⠀⠀⠀⠀⠀⡇⡇⡇⠀⠀⡇⠀⠀⠀⡇⠀------------------>⠀⡇⠀⠀⠀⠀⠀⠀⠀⠀⠀⠀⠀⠀⠀⠀⠀⠀⠀⠀⠀⡇<---------------⡇⠀⠀⠀⠀⠀⠀⠀⠀⠀⠀⠀⠀⠀⠀⠀⠀⠀⠀⠀⠀⠀⠀⠀⡇⠀<---------------⠀⡇⠀⡇⠀⠀⠀⠀⠀⠀⠀⠀⠀⠀⠀⠀⠀⠀⠀⠀⠀⠀⠀⡇⠀⡇⠀⠀⠀⠀⠀⠀⠀⠀⠀⠀⠀⠀⠀⠀⠀⠀⠀⠀⡇⠀⠀⠀⠀⠀   Fabric⠀⠀⠀⠀⠀⠀⠀⠀⠀⡇⠀⠀⠀⠀⠀⠀⠀⠀⠀⠀⠀⠀⠀⠀⠀⠀⠀⠀⠀⠀⠀⠀⠀⠀⠀⠀⠀⡇
⡇⠀⡇⡇⡇⠀⠀⠀⠀⠀⠀⠀⠀⠀⠀⠀⠀⠀⠀⠀⠀⠀⠀⠀⠀⠀⠀⡇⡇⡇⠀⠀⡇⠀⠀⠀⡇⠀⠀⠀⠀⠀⠀⠀⠀⠀⠀⠀⠀⠀⠀⠀⠀⠀⠀⠀⠀⠀⡇⠀⣀⣀⣀⣀⣀⣀⣀⣀⣀⣀⣀⣀⣀⣀⣀⣀⡀⠀⡇⠀⠀Wt: 451472⠀⠀⠀⠀⡇⠀Lat:    N/A⠀⠀⠀⠀⠀⠀⠀⠀⠀⠀⠀⡇⠀⠀⠀Wr: 437139⠀⠀⠀⠀⠀⡇⠀⡇⠀Wr: 437139⠀⠀⠀⠀⠀⠀⠀⠀⡇⠀⡇⠀⠀⠀Rd: 2174687⠀⠀⠀⠀⡇⠀⠀⠀⠀⠀⠀⠀⠀⠀⠀⠀⠀⠀⠀⠀⠀⠀⠀⠀⠀⠀⠀⠀⡇⠀⠀⠀⠀⠀⠀⠀⠀⠀⠀⠀⠀⠀⠀⣀⣀⣀⣀⣀⣀⣀⣀⣀⣀⡀⠀⠀⡇
⡇⠀⡇⡇⡇⠀⠀⠀⠀⠀⠀⠀⠀⠀⠀⠀⠀⠀⠀⠀⠀⠀⠀⠀⠀⠀⠀⡇⡇⡇⠀⠀⡇⠀⠀⠀⡇⠀⠀⠀⠀VMEM: 218681⠀⠀⠀⠀⠀⡇⠀⡇⠀LDS Alloc:⠀⠀⠀⠀⡇⠀⡇--------------->⡇⠀⠀⠀⠀⠀⠀⠀⠀⠀⠀⠀⠀⠀⠀⠀⠀⠀⠀⠀⠀⠀⠀⠀⡇⠀--------------->⠀⡇⠀⡇⠀⠀⠀⠀⠀⠀⠀⠀⠀⠀⠀⠀⠀⠀⠀⠀⠀⠀⠀⡇⠀⡇⠀<---------------⠀⡇⠀Latency (cycles)⠀⠀⠀⠀⠀⠀⡇⠀⠀⠀Rd: 2174636⡇⠀⠀⠀⠀⠀⠀⠀⠀⠀⡇⠀⠀⡇
⡇⠀⡇⡇⡇⠀⠀⠀⠀⠀⠀⠀⠀⠀⠀⠀⠀⠀⠀⠀⠀⠀⠀⠀⠀⠀⠀⡇⡇⡇⠀⠀⡇⠀⠀⠀⡇⠀------------------>⠀⡇⠀⡇⠀            0⠀⡇⠀⡇⠀⠀Atomic:    0⠀⠀⡇⠀Coales:     97 %⠀⠀⠀⠀⠀⠀⡇⠀⠀⠀Atomic:    0⠀⠀⠀⡇⠀⡇⠀Atomic:      0⠀⠀⠀⠀⡇⠀⡇⠀⠀⠀Wr: 437139⠀⠀⠀⠀⠀⡇⠀⡖⠒⠒⠒⠒⠒⠒⠒⠒⠒⠒⠒⠒⠒⠒⠒⠒⠒⠒⠒⡆⠀⡇⠀<-----------⠀⡇⠀⠀⠀HBM⠀⠀⠀⡇⠀⠀⡇
⡇⠀⡇⡇⡇⠀⠀⠀⠀⠀⠀⠀⠀⠀⠀⠀⠀⠀⠀⠀⠀⠀⠀⠀⠀⠀⠀⡇⡇⡇⠀⠀⡇⠀⠀⠀⡇⠀⠀⠀⠀⠀⠀⠀⠀⠀⠀⠀⠀⠀⠀⠀⠀⠀⠀⠀⠀⠀⡇⠀⣇⣀⣀⣀⣀⣀⣀⣀⣀⣀⣀⣀⣀⣀⣀⣀⡇⠀⡇<-------------->⡇⠀⠀⠀⠀⠀⠀⠀⠀⠀⠀⠀⠀⠀⠀⠀⠀⠀⠀⠀⠀⠀⠀⠀⡇⠀<-------------->⠀⡇⠀⡇⠀⠀⠀⠀⠀⠀⠀⠀⠀⠀⠀⠀⠀⠀⠀⠀⠀⠀⠀⡇⠀⡇⠀--------------->⠀⡇⠀⡇⠀Rd:    934⠀⠀⠀⠀⠀⠀⠀⠀⡇⠀⡇⠀⠀⠀Wr: 437139⠀⡇⠀⠀⠀⠀⠀⠀⠀⠀⠀⡇⠀⠀⡇
⡇⠀⡇⡇⡇⠀⠀⠀⠀⠀⠀⠀⠀⠀⠀⠀⠀⠀⠀⠀⠀⠀⠀⠀⠀⠀⠀⡇⡇⡇⠀⠀⡇⠀⠀⠀⡇⠀⠀⠀⠀LDS: 0   ⠀⠀⠀⠀⠀⠀⠀⠀⡇⠀⣀⣀⣀⣀⣀⣀⣀⣀⣀⣀⣀⣀⣀⣀⣀⣀⡀⠀⡇⠀⠀⠀⠀⠀⠀⠀⠀⠀⠀⠀⠀⠀⠀⠀⠀⡇⠀Stall:      1 cycles⠀⠀⡇⠀⠀⠀⠀⠀⠀⠀⠀⠀⠀⠀⠀⠀⠀⠀⠀⠀⠀⡇⠀⣇⣀⣀⣀⣀⣀⣀⣀⣀⣀⣀⣀⣀⣀⣀⣀⣀⣀⣀⣀⡇⠀⡇⠀⠀⠀Atomic:    0⠀⠀⠀⡇⠀⡇⠀Wr:    621⠀⠀⠀⠀⠀⠀⠀⠀⡇⠀⡇⠀----------->⠀⣇⣀⣀⣀⣀⣀⣀⣀⣀⣀⡇⠀⠀⡇
⡇⠀⡇⡇⡇⠀⠀⠀⠀⠀⠀⠀⠀⠀⠀⠀⠀⠀⠀⠀⠀⠀⠀⠀⠀⠀⠀⡇⡇⡇⠀⠀⡇⠀⠀⠀⡇⠀------------------>⠀⡇⠀⡇⠀Scratch Alloc:⡇⠀⡇⠀⠀⠀⠀⠀⠀⠀⠀⠀⠀⠀⠀⠀⠀⠀⠀⣇⣀⣀⣀⣀⣀⣀⣀⣀⣀⣀⣀⣀⣀⣀⣀⣀⣀⣀⣀⣀⣀⣀⣀⡇⠀⠀⠀⠀⠀⠀⠀⠀⠀⠀⠀⠀⠀⠀⠀⠀⠀⠀⡇⠀⠀⠀⠀⠀⠀⠀⠀⠀⠀⠀⠀⠀⠀⠀⠀⠀⠀⠀⠀⠀⠀⠀⡇⠀--------------->⠀⡇⠀⡇⠀Atomic:      0⠀⠀⠀⠀⡇⠀⡇⠀⠀⠀⠀⠀⠀⠀⠀⠀⠀⠀⠀⠀⠀⠀⠀⠀⠀⠀⠀⠀⠀⠀⠀⠀⠀⠀⡇
⡇⠀⡇⡇⡇⠀⠀⠀⠀⠀⠀⠀⠀⠀⠀⠀⠀⠀⠀⠀⠀⠀⠀⠀⠀⠀⠀⡇⡇⡇⠀⠀⡇⠀⠀⠀⡇⠀⠀⠀⠀⠀⠀⠀⠀⠀⠀⠀⠀⠀⠀⠀⠀⠀⠀⠀⠀⠀⡇⠀⡇⠀            0⠀⡇⠀⡇⠀⠀⠀⠀⠀⠀⠀⠀⠀⠀⠀⠀⠀⠀⠀⠀⠀⠀⠀⠀⠀⠀⠀⠀⠀⠀⠀⠀⠀⠀⠀⠀⠀⠀⠀⠀⠀⠀⠀⠀⠀⠀⠀⠀⠀⠀⠀⠀⠀⠀⠀⠀⠀⠀⠀⠀⠀⠀⠀⡇⠀⠀⠀⠀⠀⠀⠀⠀⠀⠀⠀⠀⠀⠀⠀⠀⠀⠀⠀⠀⠀⠀⠀⡇⠀⠀⠀⠀⠀⠀⠀⠀⠀⠀⠀⠀⠀⠀⠀⠀⠀⠀⡇⠀⣇⣀⣀⣀⣀⣀⣀⣀⣀⣀⣀⣀⣀⣀⣀⣀⣀⣀⣀⣀⡇⠀⡇⠀⠀⠀⠀⠀⠀⠀⠀⠀⠀⠀⠀⠀⠀⠀⠀⠀⠀⠀⠀⠀⠀⠀⠀⠀⠀⠀⡇
⡇⠀⡇⡇⡇⠀⠀⠀⠀Wave Occupancy⠀⠀⠀⠀⡇⡇⡇⠀⠀⡇⠀⠀⠀⡇⠀⠀⠀⠀GWS: 0   ⠀⠀⠀⠀⠀⠀⠀⠀⡇⠀⣇⣀⣀⣀⣀⣀⣀⣀⣀⣀⣀⣀⣀⣀⣀⣀⡇⠀⡇⠀⠀⠀⠀⠀⠀⠀⠀⠀⠀⠀⠀⠀⠀⠀⠀Scalar L1D Cache⠀⠀⠀⠀⠀⠀⠀⠀⠀⠀⠀⠀⠀⠀⠀⠀⠀⠀⠀⠀⠀⠀⠀⠀⠀⠀⠀⡇⠀Latency (cycles)⠀⠀⠀⠀⠀⠀⡇⠀⠀⠀⠀⠀⠀⠀⠀⠀⠀⠀⠀⠀⠀⠀⠀⠀⠀⡇⠀⠀⠀⠀⠀⠀⠀⠀⠀⠀⠀⠀⠀⠀⠀⠀⠀⠀⠀⠀⠀⠀⠀⡇⠀⠀⠀⠀⠀⠀⠀⠀⠀⠀⠀⠀⠀⠀⠀⠀⠀⠀⠀⠀⠀⠀⠀⠀⠀⠀⠀⡇
⡇⠀⡇⡇⡇⠀⠀⠀⠀⠀⠀⠀  0⠀⠀⠀⠀⠀⠀⠀⠀⠀⠀⠀⠀⡇⡇⡇⠀⠀⡇⠀⠀⠀⡇⠀------------------>⠀⡇⠀⠀⠀⠀⠀⠀⠀⠀⠀⠀⠀⠀⠀⠀⠀⠀⠀⠀⠀⡇⠀⠀⠀⠀⠀⠀⠀⠀⠀⠀⠀⠀⠀⠀⠀⠀⣀⣀⣀⣀⣀⣀⣀⣀⣀⣀⣀⣀⣀⣀⣀⣀⣀⣀⣀⣀⣀⣀⣀⣀⡀⠀⠀⠀Rd:  449⠀⠀⠀⠀⠀⠀⠀⡇⠀⡖⠒⠒⠒⠒⠒⠒⠒⠒⠒⠒⠒⠒⠒⠒⠒⠒⠒⠒⠒⡆⠀⡇⠀⠀⠀⠀⠀⠀⠀⠀⠀⠀⠀⠀⠀⠀⠀⠀⠀⠀⣇⣀⣀⣀⣀⣀⣀⣀⣀⣀⣀⣀⣀⣀⣀⣀⣀⣀⣀⣀⣀⣀⣀⣀⡇⠀⠀⠀⠀⠀⠀⠀⠀⠀⠀⠀⠀⠀⠀⠀⠀⠀⠀⠀⠀⠀⠀⠀⠀⠀⠀⠀⡇
⡇⠀⡇⡇⡇⠀⠀⠀⠀Wave Life⠀⠀⠀⠀⠀⠀⠀⠀⠀⡇⡇⡇⠀⠀⡇⠀⠀⠀⡇⠀⠀⠀⠀⠀⠀⠀⠀⠀⠀⠀⠀⠀⠀⠀⠀⠀⠀⠀⠀⠀⡇⠀⣀⣀⣀⣀⣀⣀⣀⣀⣀⣀⣀⣀⣀⣀⣀⣀⡀⠀⡇⠀⠀⠀⠀⠀⠀⠀⠀⠀⠀⠀⠀⠀⠀⠀⠀⡇⠀⠀⠀⠀⠀⠀⠀⠀⠀⠀⠀⠀⠀⠀⠀⠀⠀⠀⠀⠀⠀⠀⠀⡇⠀<---------------⠀⡇⠀⡇⠀⠀⠀⠀⠀⠀⠀⠀⠀⠀⠀⠀⠀⠀⠀⠀⠀⠀⠀⡇⠀⡇⠀⠀⠀⠀⠀⠀⠀⠀⠀⠀⠀⠀⠀⠀⠀⠀⠀⠀⠀⠀⠀⠀⠀⠀⠀⠀⠀⠀^   |⠀⠀⠀⠀⠀⠀⠀⠀⠀⠀⠀⠀⠀⠀⠀⠀⠀⠀⠀⠀⠀⠀⠀⠀⠀⠀⠀⠀⠀⠀⠀⠀⠀⠀⠀⠀⠀⡇
⡇⠀⡇⡇⡇⠀⠀⠀⠀⠀32974⠀⠀⠀⠀⠀⠀⠀⠀⠀⠀⠀⠀⡇⡇⡇⠀⠀⡇⠀⠀⠀⡇⠀⠀⠀⠀BRANCH: 28521⠀⠀⠀⠀⡇⠀⡇⠀Wavefronts:⠀⠀⠀⡇⠀⡇⠀⠀Rd: 218682⠀⠀⠀⠀⡇⠀Hit:     86 %⠀⠀⠀⠀⠀⠀⠀⠀⠀⡇⠀⠀⠀Wr:    0⠀⠀⠀⠀⠀⠀⠀⡇⠀⡇⠀Rd:    N/A⠀⠀⠀⠀⠀⠀⠀⠀⡇⠀⡇⠀⠀⠀⠀⠀⠀⠀⠀⠀⠀⠀⠀⠀⠀⠀⠀⠀⠀⠀⠀⠀⠀⠀⠀⠀⠀⠀⠀|   |⠀⠀⠀⠀⠀⠀⠀⠀⠀⠀⠀⠀⠀⠀⠀⠀⠀⠀⠀⠀⠀⠀⠀⠀⠀⠀⠀⠀⠀⠀⠀⠀⠀⠀⠀⠀⠀⡇
⡇⠀⡇⡇⣇⣀⣀⣀⣀⣀⣀⣀⣀⣀⣀⣀⣀⣀⣀⣀⣀⣀⣀⣀⣀⣀⣀⣇⣇⡇⠀⠀⡇⠀⢀⡠⠃⠀------------------>⠀⡇⠀⡇⠀         9136⠀⡇⠀⡇<---------------⡇⠀⠀⠀⠀⠀⠀⠀⠀⠀⠀⠀⠀⠀⠀⠀⠀⠀⠀⠀⠀⠀⠀⠀⡇⠀--------------->⠀⡇⠀⡇⠀⠀⠀⠀⠀⠀⠀⠀⠀⠀⠀⠀⠀⠀⠀⠀⠀⠀⠀⡇⠀⡇⠀⠀⠀⠀⠀⠀⠀⠀⠀⠀⠀⠀⠀⠀⠀⠀⠀⠀⠀⠀⠀⠀⠀⠀⠀⠀⠀⠀|   |⠀⠀⠀⠀⠀⠀⠀⠀⠀⠀⠀⠀⠀⠀⠀⠀⠀⠀⠀⠀⠀⠀⠀⠀⠀⠀⠀⠀⠀⠀⠀⠀⠀⠀⠀⠀⠀⡇
⡇⠀⣇⣓⣒⣒⣒⣒⣒⣒⣒⣒⣒⣒⣒⣒⣒⣒⣒⣒⣒⣒⣒⣒⣒⣒⣒⡗⠃⠀⠀⠀⡧⠒⠁⠀⠀⠀⠀⠀⠀⠀⠀⠀⠀⠀⠀⠀⠀⠀⠀⠀⠀⠀⠀⠀⠀⠀⡇⠀⣇⣀⣀⣀⣀⣀⣀⣀⣀⣀⣀⣀⣀⣀⣀⣀⡇⠀⡇⠀⠀⠀⠀⠀⠀⠀⠀⠀⠀⠀⠀⠀⠀⠀⠀⡇⠀Lat: 6927.0 cycles⠀⠀⠀⠀⡇⠀⠀⠀Atomic:    0⠀⠀⠀⡇⠀⡇⠀Wr:    N/A⠀⠀⠀⠀⠀⠀⠀⠀⡇⠀⡇⠀⠀⠀⠀⠀⠀⠀⠀⠀⠀⠀⠀⠀⠀⠀⠀⠀⠀⠀⠀⠀⠀⠀⠀⠀⠀⠀⠀|   v⠀⠀⠀⠀⠀⠀⠀⠀⠀⠀⠀⠀⠀⠀⠀⠀⠀⠀⠀⠀⠀⠀⠀⠀⠀⠀⠀⠀⠀⠀⠀⠀⠀⠀⠀⠀⠀⡇
⡇⠀⠀⠀⠀⠀⠀⠀⠀⠀⠀⠀⠀⠀^⠀⠀⠀⠀⠀⠀⠀⠀⠀⠀⠀⠀⠀⠀⠀⠀⠀⠀⠀⠀⠀⠀⠀⠀⠀⠀⠀⠀⠀⠀⠀⠀⠀⠀⠀⠀⠀⠀⠀⠀⠀⠀⠀⡇⠀⣀⣀⣀⣀⣀⣀⣀⣀⣀⣀⣀⣀⣀⣀⣀⣀⡀⠀⡇⠀⠀⠀⠀⠀⠀⠀⠀⠀⠀⠀⠀⠀⠀⠀⠀⣇⣀⣀⣀⣀⣀⣀⣀⣀⣀⣀⣀⣀⣀⣀⣀⣀⣀⣀⣀⣀⣀⣀⣀⡇⠀<-------------->⠀⡇⠀⣇⣀⣀⣀⣀⣀⣀⣀⣀⣀⣀⣀⣀⣀⣀⣀⣀⣀⣀⣀⡇⠀⡇⠀⠀⠀⠀⠀⠀⠀⠀⠀⠀⠀⠀⠀⠀⠀⠀⠀⠀⠀⠀⠀⠀⠀⠀⠀⣀⣀⣀⣀⣀⣀⣀⣀⣀⣀⡀⠀⠀⠀⠀⠀⠀⠀⠀⠀⠀⠀⠀⠀⠀⠀⠀⠀⠀⠀⠀⠀⠀⠀⠀⠀⠀⠀⠀⠀⠀⠀⠀⠀⠀⡇
⡇⠀⠀⠀⠀⠀⠀⠀⠀⠀⠀⠀⠀⠀|⠀⠀⠀⠀⠀⠀⠀⠀⠀⠀⠀⠀⠀⠀⠀⠀⠀⠀⠀⠀⠀⠀⠀⠀⠀⠀⠀⠀⠀⠀⠀⠀⠀⠀⠀⠀⠀⠀⠀⠀⠀⠀⠀⡇⠀⡇⠀Workgroups:⠀⠀⠀⡇⠀⡇⠀⠀⠀⠀⠀⠀⠀⠀⠀⠀⠀⠀⠀⠀⠀⠀⠀⠀⠀⠀⠀⠀⠀⠀⠀⠀⠀⠀⠀⠀⠀⠀⠀⠀⠀⠀⠀⠀⠀⠀⠀⠀⠀⠀⠀⠀⠀⠀⠀⠀⠀⠀⠀⠀⠀⠀⠀⠀⠀⡇⠀⠀⠀⠀⠀⠀⠀⠀⠀⠀⠀⠀⠀⠀⠀⠀⠀⠀⠀⠀⠀⠀⠀⡇⠀⠀⠀⠀⠀⠀⠀⠀⠀⠀⠀⠀⠀⠀⠀⠀⠀⠀⠀⠀⠀⠀⠀⠀⠀⡇⠀⠀⠀⠀⠀⠀⠀⠀⠀⡇⠀⠀⠀⠀⠀⠀⠀⠀⠀⠀⠀⠀⠀⠀⠀⠀⠀⠀⠀⠀⠀⠀⠀⠀⠀⠀⠀⠀⠀⠀⠀⠀⠀⠀⡇
⡇⠀⠀⠀⠀⠀⠀⠀⠀⠀⠀⠀⠀⠀|⠀⠀⠀⠀⠀⠀⠀⠀⠀⠀⠀⠀⠀⠀⠀⠀⠀⠀⠀⠀⠀⠀⠀⠀⠀⠀⠀⠀⠀⠀⠀⠀⠀⠀⠀⠀⠀⠀⠀⠀⠀⠀⠀⡇⠀⡇⠀         9111⠀⡇⠀⡇⠀⠀⠀⠀⠀⠀⠀⠀⠀⠀⠀⠀⠀⠀⠀⠀Instr L1 Cache⠀⠀⠀⠀⠀⠀⠀⠀⠀⠀⠀⠀⠀⠀⠀⠀⠀⠀⠀⠀⠀⠀⠀⠀⠀⠀⠀⠀⠀⡇⠀⠀⠀⠀⠀⠀⠀⠀⠀⠀⠀⠀⠀⠀⠀⠀⠀⠀⠀⠀⠀⠀⠀⡇⠀⠀⠀⠀⠀⠀⠀⠀⠀⠀⠀⠀⠀⠀⠀⠀⠀⠀⠀⠀⠀⠀⠀⠀⠀⡇⠀⠀⠀GMI⠀⠀⠀⡇⠀⠀⠀⠀⠀⠀⠀⠀⠀⠀⠀⠀⠀⠀⠀⠀⠀⠀⠀⠀⠀⠀⠀⠀⠀⠀⠀⠀⠀⠀⠀⠀⠀⠀⡇
⡇⠀⠀⠀⠀⠀⠀⠀⠀⠀⠀⠀⠀⠀|⠀⠀⠀⠀⠀⠀⠀⠀⠀⠀⠀⠀⠀⠀⠀⠀⠀⠀⠀⠀⠀⠀⠀⠀⠀⠀⠀⠀⠀⠀⠀⠀⠀⠀⠀⠀⠀⠀⠀⠀⠀⠀⠀⡇⠀⣇⣀⣀⣀⣀⣀⣀⣀⣀⣀⣀⣀⣀⣀⣀⣀⡇⠀⡇⠀⠀⠀⠀⠀⠀⠀⠀⠀⠀⠀⠀⠀⠀⠀⠀⣀⣀⣀⣀⣀⣀⣀⣀⣀⣀⣀⣀⣀⣀⣀⣀⣀⣀⣀⣀⣀⣀⣀⣀⡀⠀⠀⠀⠀⠀⠀⠀⠀⠀⠀⠀⠀⠀⠀⠀⠀⠀⠀⡇⠀⠀⠀⠀⠀⠀⠀⠀⠀⠀⠀⠀⠀⠀⠀⠀⠀⠀⠀⠀⠀⠀⠀⡇⠀⠀⠀⠀⠀⠀⠀⠀⠀⠀⠀⠀⠀⠀⠀⠀⠀⠀⠀⠀⠀⠀⠀⠀⠀⡇⠀⠀⠀⠀⠀⠀⠀⠀⠀⡇⠀⠀⠀⠀⠀⠀⠀⠀⠀⠀⠀⠀⠀⠀⠀⠀⠀⠀⠀⠀⠀⠀⠀⠀⠀⠀⠀⠀⠀⠀⠀⠀⠀⠀⡇
⡇⠀⠀⠀⠀⠀⠀⠀⠀⠀⠀⠀⠀⠀|⠀⠀⠀⠀⠀⠀⠀⠀⠀⠀⠀⠀⠀⠀⠀⠀⠀⠀⠀⠀⠀⠀⠀⠀⠀⠀⠀⠀⠀⠀⠀⠀⠀⠀⠀⠀⠀⠀⠀⠀⠀⠀⠀⡇⠀⠀⠀⠀⠀⠀⠀⠀⠀⠀⠀⠀⠀⠀⠀⠀⠀⠀⠀⡇⠀⠀⠀⠀⠀⠀⠀⠀⠀⠀⠀⠀⠀⠀⠀⠀⡇⠀⠀⠀⠀⠀⠀⠀⠀⠀⠀⠀⠀⠀⠀⠀⠀⠀⠀⠀⠀⠀⠀⠀⡇⠀⠀⠀⠀⠀⠀⠀⠀⠀⠀⠀⠀⠀⠀⠀⠀⠀⠀⡇⠀⠀⠀⠀⠀⠀⠀⠀⠀⠀⠀⠀⠀⠀⠀⠀⠀⠀⠀⠀⠀⠀⠀⡇⠀⠀⠀⠀⠀⠀⠀⠀⠀⠀⠀⠀⠀⠀⠀⠀⠀⠀⠀⠀⠀⠀⠀⠀⠀⣇⣀⣀⣀⣀⣀⣀⣀⣀⣀⡇⠀⠀⠀⠀⠀⠀⠀⠀⠀⠀⠀⠀⠀⠀⠀⠀⠀⠀⠀⠀⠀⠀⠀⠀⠀⠀⠀⠀⠀⠀⠀⠀⠀⠀⡇
⡇⠀⠀⠀⠀⠀⠀⠀⠀⠀⠀⠀⠀⠀|⠀⠀⠀⠀⠀⠀⠀⠀⠀⠀⠀⠀⠀⠀⠀⠀⠀⠀⠀⠀⠀⠀⠀⠀⠀⠀Fetch: 711323⠀⠀⠀⠀⣇⣀⣀⣀⣀⣀⣀⣀⣀⣀⣀⣀⣀⣀⣀⣀⣀⣀⣀⣀⡇⠀⠀⠀⠀⠀⠀⠀⠀⠀⠀⠀⠀⠀⠀⠀⠀⡇⠀Hit:     96 %⠀⠀⠀⠀⠀⠀⠀⠀⠀⡇⠀⠀⠀Req: 3251⠀⠀⠀⠀⠀⠀⡇⠀⠀⠀⠀⠀⠀⠀⠀⠀⠀⠀⠀⠀⠀⠀⠀⠀⠀⠀⠀⠀⠀⠀⡇⠀⠀⠀⠀⠀⠀⠀⠀⠀⠀⠀⠀⠀⠀⠀⠀⠀⠀⠀⠀⠀⠀⠀⠀⠀⠀⠀⠀⠀⠀⠀⠀⠀⠀⠀⠀⠀⠀⠀⠀⠀⠀⠀⠀⠀⠀⠀⠀⠀⠀⠀⠀⠀⠀⠀⠀⠀⠀⠀⠀⠀⠀⠀⠀⠀⠀⠀⠀⠀⠀⡇
⡇⠀⠀⠀⠀⠀⠀⠀⠀⠀⠀⠀⠀⠀--------------------------------------------------------------------------------⠀⡇⠀⠀⠀⠀⠀⠀⠀⠀⠀⠀⠀⠀⠀⠀⠀⠀⠀⠀⠀⠀⠀⠀⠀⡇⠀<---------------⠀⡇⠀⠀⠀⠀⠀⠀⠀⠀⠀⠀⠀⠀⠀⠀⠀⠀⠀⠀⠀⠀⠀⠀⠀⡇⠀⠀⠀⠀⠀⠀⠀⠀⠀⠀⠀⠀⠀⠀⠀⠀⠀⠀⠀⠀⠀⠀⠀⠀⠀⠀⠀⠀⠀⠀⠀⠀⠀⠀⠀⠀⠀⠀⠀⠀⠀⠀⠀⠀⠀⠀⠀⠀⠀⠀⠀⠀⠀⠀⠀⠀⠀⠀⠀⠀⠀⠀⠀⠀⠀⠀⠀⠀⠀⠀⡇
⡇⠀⠀⠀⠀⠀⠀⠀⠀⠀⠀⠀⠀⠀⠀⠀⠀⠀⠀⠀⠀⠀⠀⠀⠀⠀⠀⠀⠀⠀⠀⠀⠀⠀⠀⠀⠀⠀⠀⠀⠀⠀⠀⠀⠀⠀⠀⠀⠀⠀⠀⠀⠀⠀⠀⠀⠀⠀⠀⠀⠀⠀⠀⠀⠀⠀⠀⠀⠀⠀⠀⠀⠀⠀⠀⠀⠀⠀⠀⠀⠀⠀⠀⠀⠀⠀⠀⠀⠀⠀⠀⠀⠀⠀⠀⡇⠀Lat: 3914.0 cycles⠀⠀⠀⠀⡇⠀⠀⠀⠀⠀⠀⠀⠀⠀⠀⠀⠀⠀⠀⠀⠀⠀⠀⡇⠀⠀⠀⠀⠀⠀⠀⠀⠀⠀⠀⠀⠀⠀⠀⠀⠀⠀⠀⠀⠀⠀⠀⡇⠀⠀⠀⠀⠀⠀⠀⠀⠀⠀⠀⠀⠀⠀⠀⠀⠀⠀⠀⠀⠀⠀⠀⠀⠀⠀⠀⠀⠀⠀⠀⠀⠀⠀⠀⠀⠀⠀⠀⠀⠀⠀⠀⠀⠀⠀⠀⠀⠀⠀⠀⠀⠀⠀⠀⠀⠀⠀⠀⠀⠀⠀⠀⠀⠀⠀⠀⠀⠀⠀⡇
⡇⠀⠀⠀⠀⠀⠀⠀⠀⠀⠀⠀⠀⠀⠀⠀⠀⠀⠀⠀⠀⠀⠀⠀⠀⠀⠀⠀⠀⠀⠀⠀⠀⠀⠀⠀⠀⠀⠀⠀⠀⠀⠀⠀⠀⠀⠀⠀⠀⠀⠀⠀⠀⠀⠀⠀⠀⠀⠀⠀⠀⠀⠀⠀⠀⠀⠀⠀⠀⠀⠀⠀⠀⠀⠀⠀⠀⠀⠀⠀⠀⠀⠀⠀⠀⠀⠀⠀⠀⠀⠀⠀⠀⠀⠀⣇⣀⣀⣀⣀⣀⣀⣀⣀⣀⣀⣀⣀⣀⣀⣀⣀⣀⣀⣀⣀⣀⣀⣀⡇⠀⠀⠀⠀⠀⠀⠀⠀⠀⠀⠀⠀⠀⠀⠀⠀⠀⠀⣇⣀⣀⣀⣀⣀⣀⣀⣀⣀⣀⣀⣀⣀⣀⣀⣀⣀⣀⣀⣀⣀⣀⣀⡇⠀⠀⠀⠀⠀⠀⠀⠀⠀⠀⠀⠀⠀⠀⠀⠀⠀⠀⠀⠀⠀⠀⠀⠀⠀⠀⠀⠀⠀⠀⠀⠀⠀⠀⠀⠀⠀⠀⠀⠀⠀⠀⠀⠀⠀⠀⠀⠀⠀⠀⠀⠀⠀⠀⠀⠀⠀⠀⠀⠀⠀⠀⠀⠀⠀⠀⠀⠀⠀⠀⡇
⡇⠀⠀⠀⠀⠀⠀⠀⠀⠀⠀⠀⠀⠀⠀⠀⠀⠀⠀⠀⠀⠀⠀⠀⠀⠀⠀⠀⠀⠀⠀⠀⠀⠀⠀⠀⠀⠀⠀⠀⠀⠀⠀⠀⠀⠀⠀⠀⠀⠀⠀⠀⠀⠀⠀⠀⠀⠀⠀⠀⠀⠀⠀⠀⠀⠀⠀⠀⠀⠀⠀⠀⠀⠀⠀⠀⠀⠀⠀⠀⠀⠀⠀⠀⠀⠀⠀⠀⠀⠀⠀⠀⠀⠀⠀⠀⠀⠀⠀⠀⠀⠀⠀⠀⠀⠀⠀⠀⠀⠀⠀⠀⠀⠀⠀⠀⠀⠀⠀⠀⠀⠀⠀⠀⠀⠀⠀⠀⠀⠀⠀⠀⠀⠀⠀⠀⠀⠀⠀⠀⠀⠀⠀⠀⠀⠀⠀⠀⠀⠀⠀⠀⠀⠀⠀⠀⠀⠀⠀⠀⠀⠀⠀⠀⠀⠀⠀⠀⠀⠀⠀⠀⠀⠀⠀⠀⠀⠀⠀⠀⠀⠀⠀⠀⠀⠀⠀⠀⠀⠀⠀⠀⠀⠀⠀⠀⠀⠀⠀⠀⠀⠀⠀⠀⠀⠀⠀⠀⠀⠀⠀⠀⠀⠀⠀⠀⠀⠀⠀⠀⠀⠀⠀⠀⠀⠀⠀⠀⠀⠀⠀⠀⠀⡇
⡇⠀⠀⠀⠀⠀⠀⠀⠀⠀⠀⠀⠀⠀⠀⠀⠀⠀⠀⠀⠀⠀⠀⠀⠀⠀⠀⠀⠀⠀⠀⠀⠀⠀⠀⠀⠀⠀⠀⠀⠀⠀⠀⠀⠀⠀⠀⠀⠀⠀⠀⠀⠀⠀⠀⠀⠀⠀⠀⠀⠀⠀⠀⠀⠀⠀⠀⠀⠀⠀⠀⠀⠀⠀⠀⠀⠀⠀⠀⠀⠀⠀⠀⠀⠀⠀⠀⠀⠀⠀⠀⠀⠀⠀⠀⠀⠀⠀⠀⠀⠀⠀⠀⠀⠀⠀⠀⠀⠀⠀⠀⠀⠀⠀⠀⠀⠀⠀⠀⠀⠀⠀⠀⠀⠀⠀⠀⠀⠀⠀⠀⠀⠀⠀⠀⠀⠀⠀⠀⠀⠀⠀⠀⠀⠀⠀⠀⠀⠀⠀⠀⠀⠀⠀⠀⠀⠀⠀⠀⠀⠀⠀⠀⠀⠀⠀⠀⠀⠀⠀⠀⠀⠀⠀⠀⠀⠀⠀⠀⠀⠀⠀⠀⠀⠀⠀⠀⠀⠀⠀⠀⠀⠀⠀⠀⠀⠀⠀⠀⠀⠀⠀⠀⠀⠀⠀⠀⠀⠀⠀⠀⠀⠀⠀⠀⠀⠀⠀⠀⠀⠀⠀⠀⠀⠀⠀⠀⠀⠀⠀⠀⠀⠀⡇
⣇⣀⣀⣀⣀⣀⣀⣀⣀⣀⣀⣀⣀⣀⣀⣀⣀⣀⣀⣀⣀⣀⣀⣀⣀⣀⣀⣀⣀⣀⣀⣀⣀⣀⣀⣀⣀⣀⣀⣀⣀⣀⣀⣀⣀⣀⣀⣀⣀⣀⣀⣀⣀⣀⣀⣀⣀⣀⣀⣀⣀⣀⣀⣀⣀⣀⣀⣀⣀⣀⣀⣀⣀⣀⣀⣀⣀⣀⣀⣀⣀⣀⣀⣀⣀⣀⣀⣀⣀⣀⣀⣀⣀⣀⣀⣀⣀⣀⣀⣀⣀⣀⣀⣀⣀⣀⣀⣀⣀⣀⣀⣀⣀⣀⣀⣀⣀⣀⣀⣀⣀⣀⣀⣀⣀⣀⣀⣀⣀⣀⣀⣀⣀⣀⣀⣀⣀⣀⣀⣀⣀⣀⣀⣀⣀⣀⣀⣀⣀⣀⣀⣀⣀⣀⣀⣀⣀⣀⣀⣀⣀⣀⣀⣀⣀⣀⣀⣀⣀⣀⣀⣀⣀⣀⣀⣀⣀⣀⣀⣀⣀⣀⣀⣀⣀⣀⣀⣀⣀⣀⣀⣀⣀⣀⣀⣀⣀⣀⣀⣀⣀⣀⣀⣀⣀⣀⣀⣀⣀⣀⣀⣀⣀⣀⣀⣀⣀⣀⣀⣀⣀⣀⣀⣀⣀⣀⣀⣀⣀⣀⣀⣀⣀⡇


--- Executing: make BP_LV=l1 profile_bp ---
/opt/rocm/bin/hipcc -c --cuda-host-only -std=c++17 -Wall -Wextra -I ../../Common -I ../../External  -o main-host.o main.hip 
/opt/rocm/bin/hipcc -S --cuda-device-only --offload-arch=gfx942 -std=c++17 -Wall -Wextra -I ../../Common -I ../../External  -o main-dev.s main.hip 
clang++: warning: argument unused during compilation: '--hip-link' [-Wunused-command-line-argument]
python3 bp.py main-dev.s l1 main-dev_bp_l1.s
Generated: main-dev_bp_l1.s
clang -target amdgcn-amd-amdhsa -mcpu=gfx942 main-dev_bp_l1.s -o main-dev_bp_l1.o
clang-offload-bundler -type=o -bundle-align=4096 -targets=host-x86_64-unknown-linux-gnu,hipv4-amdgcn-amd-amdhsa--gfx942 -input=/dev/null -input=main-dev_bp_l1.o  -output=main-dev_bp_l1.hipfb
./gen_mcin main-host.o main-dev_bp_l1.hipfb > main-host.mcin
llvm-mc -triple x86_64-unknown-linux-gnu -o main-dev_em_bp_l1.o main-host.mcin --filetype=obj
hipcc -std=c++17 -Wall -Wextra -I ../../Common -I ../../External  -o main_bp_l1 main-host.o main-dev_em_bp_l1.o 
rocprof-compute profile -n main_bp_l1 -- ./main_bp_l1
[33mWARNING[0m The option --format-rocprof-output currently set to csv will default to rocpd in a future release.

                                 __                                       _
 _ __ ___   ___ _ __  _ __ ___  / _|       ___ ___  _ __ ___  _ __  _   _| |_ ___
| '__/ _ \ / __| '_ \| '__/ _ \| |_ _____ / __/ _ \| '_ ` _ \| '_ \| | | | __/ _ \
| | | (_) | (__| |_) | | | (_) |  _|_____| (_| (_) | | | | | | |_) | |_| | ||  __/
|_|  \___/ \___| .__/|_|  \___/|_|        \___\___/|_| |_| |_| .__/ \__,_|\__\___|
               |_|                                           |_|

   [32mINFO[0m fatal: not a git repository (or any of the parent directories): .git
   [32mINFO[0m Rocprofiler-Compute version: 3.4.0
   [32mINFO[0m Profiler choice: rocprofiler-sdk
   [32mINFO[0m Path: /root/rocm-examples/Applications/fdtd_profile/workloads/main_bp_l1/MI300X_A1
   [32mINFO[0m Target: MI300X_A1
   [32mINFO[0m Command: ./main_bp_l1
   [32mINFO[0m Kernel Selection: None
   [32mINFO[0m Dispatch Selection: None
   [32mINFO[0m Filtered sections: All
   [32mINFO[0m 
   [32mINFO[0m ~~~~~~~~~~~~~~~~~~~~~~~~~~~~~~~~
   [32mINFO[0m Collecting Performance Counters
   [32mINFO[0m ~~~~~~~~~~~~~~~~~~~~~~~~~~~~~~~~
   [32mINFO[0m 
   [32mINFO[0m [Run 1/13][Approximate profiling time left: pending first measurement...]
   [32mINFO[0m [profiling] Current input file: /root/rocm-examples/Applications/fdtd_profile/workloads/main_bp_l1/MI300X_A1/perfmon/SQC_DCACHE_INFLIGHT_LEVEL.txt
   [32mINFO[0m    |-> [rocprofiler-sdk] W20260209 14:57:31.544449 125587116516864 simple_timer.cpp:55] [rocprofv3] tool initialization ::     0.111259 sec
   [32mINFO[0m    |-> [rocprofiler-sdk] W20260209 14:57:31.544682 125587116516864 simple_timer.cpp:55] [rocprofv3] './main_bp_l1' ::     0.000000 sec
   [32mINFO[0m    |-> [rocprofiler-sdk] W20260209 14:57:31.734494 125587116516864 tool.cpp:2422] HSA version 8.20.0 initialized (instance=0)
   [32mINFO[0m    |-> [rocprofiler-sdk] iteration: 3	 time serial: 0.0681491	 time HIP: 0.0281854	 consistency: 100%
   [32mINFO[0m    |-> [rocprofiler-sdk] iteration: 6	 time serial: 0.136145	 time HIP: 0.0563324	 consistency: 100%
   [32mINFO[0m    |-> [rocprofiler-sdk] iteration: 9	 time serial: 0.204065	 time HIP: 0.0844815	 consistency: 100%
   [32mINFO[0m    |-> [rocprofiler-sdk] iteration: 12	 time serial: 0.272129	 time HIP: 0.112628	 consistency: 100%
   [32mINFO[0m    |-> [rocprofiler-sdk] iteration: 15	 time serial: 0.340141	 time HIP: 0.14077	 consistency: 100%
   [32mINFO[0m    |-> [rocprofiler-sdk] iteration: 18	 time serial: 0.408087	 time HIP: 0.168918	 consistency: 100%
   [32mINFO[0m    |-> [rocprofiler-sdk] iteration: 21	 time serial: 0.487085	 time HIP: 0.19726	 consistency: 100%
   [32mINFO[0m    |-> [rocprofiler-sdk] iteration: 24	 time serial: 0.558008	 time HIP: 0.225487	 consistency: 99.9999%
   [32mINFO[0m    |-> [rocprofiler-sdk] iteration: 27	 time serial: 0.62614	 time HIP: 0.253709	 consistency: 99.3826%
   [32mINFO[0m    |-> [rocprofiler-sdk] iteration: 30	 time serial: 0.694028	 time HIP: 0.281904	 consistency: 99.382%
   [32mINFO[0m    |-> [rocprofiler-sdk] W20260209 14:57:33.196336 125587116516864 simple_timer.cpp:55] [rocprofv3] './main_bp_l1' ::     1.651654 sec
   [32mINFO[0m    |-> [rocprofiler-sdk] E20260209 14:57:33.204900 125587116516864 output_stream.cpp:111] Opened result file: /root/rocm-examples/Applications/fdtd_profile/workloads/main_bp_l1/MI300X_A1/out/pmc_1/f5fa73aad503/12372_kernel_trace.csv
   [32mINFO[0m    |-> [rocprofiler-sdk] E20260209 14:57:33.218180 125587116516864 output_stream.cpp:111] Opened result file: /root/rocm-examples/Applications/fdtd_profile/workloads/main_bp_l1/MI300X_A1/out/pmc_1/f5fa73aad503/12372_counter_collection.csv
   [32mINFO[0m    |-> [rocprofiler-sdk] E20260209 14:57:33.258104 125587116516864 output_stream.cpp:111] Opened result file: /root/rocm-examples/Applications/fdtd_profile/workloads/main_bp_l1/MI300X_A1/out/pmc_1/f5fa73aad503/12372_agent_info.csv
   [32mINFO[0m    |-> [rocprofiler-sdk] W20260209 14:57:33.261293 125587116516864 simple_timer.cpp:55] [rocprofv3] output generation ::     0.063504 sec
   [32mINFO[0m    |-> [rocprofiler-sdk] W20260209 14:57:33.261402 125587116516864 simple_timer.cpp:55] [rocprofv3] tool finalization ::     0.063658 sec
   [32mINFO[0m [Run 2/13][Approximate profiling time left: 46 seconds]...
   [32mINFO[0m [profiling] Current input file: /root/rocm-examples/Applications/fdtd_profile/workloads/main_bp_l1/MI300X_A1/perfmon/SQC_ICACHE_INFLIGHT_LEVEL.txt
   [32mINFO[0m    |-> [rocprofiler-sdk] W20260209 14:57:35.754294 137020564633088 simple_timer.cpp:55] [rocprofv3] tool initialization ::     0.109646 sec
   [32mINFO[0m    |-> [rocprofiler-sdk] W20260209 14:57:35.754520 137020564633088 simple_timer.cpp:55] [rocprofv3] './main_bp_l1' ::     0.000000 sec
   [32mINFO[0m    |-> [rocprofiler-sdk] W20260209 14:57:35.944643 137020564633088 tool.cpp:2422] HSA version 8.20.0 initialized (instance=0)
   [32mINFO[0m    |-> [rocprofiler-sdk] iteration: 3	 time serial: 0.0683623	 time HIP: 0.0281389	 consistency: 100%
   [32mINFO[0m    |-> [rocprofiler-sdk] iteration: 6	 time serial: 0.136764	 time HIP: 0.0562657	 consistency: 100%
   [32mINFO[0m    |-> [rocprofiler-sdk] iteration: 9	 time serial: 0.217424	 time HIP: 0.0845477	 consistency: 100%
   [32mINFO[0m    |-> [rocprofiler-sdk] iteration: 12	 time serial: 0.293547	 time HIP: 0.11272	 consistency: 100%
   [32mINFO[0m    |-> [rocprofiler-sdk] iteration: 15	 time serial: 0.369783	 time HIP: 0.140943	 consistency: 100%
   [32mINFO[0m    |-> [rocprofiler-sdk] iteration: 18	 time serial: 0.445845	 time HIP: 0.169185	 consistency: 100%
   [32mINFO[0m    |-> [rocprofiler-sdk] iteration: 21	 time serial: 0.615613	 time HIP: 0.198862	 consistency: 100%
   [32mINFO[0m    |-> [rocprofiler-sdk] iteration: 24	 time serial: 0.684863	 time HIP: 0.227122	 consistency: 99.9999%
   [32mINFO[0m    |-> [rocprofiler-sdk] iteration: 27	 time serial: 0.753992	 time HIP: 0.255417	 consistency: 99.3826%
   [32mINFO[0m    |-> [rocprofiler-sdk] iteration: 30	 time serial: 0.823197	 time HIP: 0.283631	 consistency: 99.382%
   [32mINFO[0m    |-> [rocprofiler-sdk] W20260209 14:57:37.737114 137020564633088 simple_timer.cpp:55] [rocprofv3] './main_bp_l1' ::     1.982595 sec
   [32mINFO[0m    |-> [rocprofiler-sdk] E20260209 14:57:37.747255 137020564633088 output_stream.cpp:111] Opened result file: /root/rocm-examples/Applications/fdtd_profile/workloads/main_bp_l1/MI300X_A1/out/pmc_1/f5fa73aad503/12380_kernel_trace.csv
   [32mINFO[0m    |-> [rocprofiler-sdk] E20260209 14:57:37.762231 137020564633088 output_stream.cpp:111] Opened result file: /root/rocm-examples/Applications/fdtd_profile/workloads/main_bp_l1/MI300X_A1/out/pmc_1/f5fa73aad503/12380_counter_collection.csv
   [32mINFO[0m    |-> [rocprofiler-sdk] E20260209 14:57:37.806310 137020564633088 output_stream.cpp:111] Opened result file: /root/rocm-examples/Applications/fdtd_profile/workloads/main_bp_l1/MI300X_A1/out/pmc_1/f5fa73aad503/12380_agent_info.csv
   [32mINFO[0m    |-> [rocprofiler-sdk] W20260209 14:57:37.810018 137020564633088 simple_timer.cpp:55] [rocprofv3] output generation ::     0.070670 sec
   [32mINFO[0m    |-> [rocprofiler-sdk] W20260209 14:57:37.810337 137020564633088 simple_timer.cpp:55] [rocprofv3] tool finalization ::     0.071041 sec
   [32mINFO[0m [Run 3/13][Approximate profiling time left: 43 seconds]...
   [32mINFO[0m [profiling] Current input file: /root/rocm-examples/Applications/fdtd_profile/workloads/main_bp_l1/MI300X_A1/perfmon/SQ_IFETCH_LEVEL.txt
   [32mINFO[0m    |-> [rocprofiler-sdk] W20260209 14:57:40.420668 131765962929664 simple_timer.cpp:55] [rocprofv3] tool initialization ::     0.120926 sec
   [32mINFO[0m    |-> [rocprofiler-sdk] W20260209 14:57:40.420903 131765962929664 simple_timer.cpp:55] [rocprofv3] './main_bp_l1' ::     0.000000 sec
   [32mINFO[0m    |-> [rocprofiler-sdk] W20260209 14:57:40.626709 131765962929664 tool.cpp:2422] HSA version 8.20.0 initialized (instance=0)
   [32mINFO[0m    |-> [rocprofiler-sdk] iteration: 3	 time serial: 0.0692186	 time HIP: 0.0280094	 consistency: 100%
   [32mINFO[0m    |-> [rocprofiler-sdk] iteration: 6	 time serial: 0.138075	 time HIP: 0.0559727	 consistency: 100%
   [32mINFO[0m    |-> [rocprofiler-sdk] iteration: 9	 time serial: 0.206919	 time HIP: 0.0839615	 consistency: 100%
   [32mINFO[0m    |-> [rocprofiler-sdk] iteration: 12	 time serial: 0.275758	 time HIP: 0.111936	 consistency: 100%
   [32mINFO[0m    |-> [rocprofiler-sdk] iteration: 15	 time serial: 0.344551	 time HIP: 0.139899	 consistency: 100%
   [32mINFO[0m    |-> [rocprofiler-sdk] iteration: 18	 time serial: 0.413398	 time HIP: 0.167899	 consistency: 100%
   [32mINFO[0m    |-> [rocprofiler-sdk] iteration: 21	 time serial: 0.496862	 time HIP: 0.195938	 consistency: 100%
   [32mINFO[0m    |-> [rocprofiler-sdk] iteration: 24	 time serial: 0.566587	 time HIP: 0.223918	 consistency: 99.9999%
   [32mINFO[0m    |-> [rocprofiler-sdk] iteration: 27	 time serial: 0.635386	 time HIP: 0.251904	 consistency: 99.3826%
   [32mINFO[0m    |-> [rocprofiler-sdk] iteration: 30	 time serial: 0.712849	 time HIP: 0.279866	 consistency: 99.382%
   [32mINFO[0m    |-> [rocprofiler-sdk] W20260209 14:57:42.101774 131765962929664 simple_timer.cpp:55] [rocprofv3] './main_bp_l1' ::     1.680872 sec
   [32mINFO[0m    |-> [rocprofiler-sdk] E20260209 14:57:42.111956 131765962929664 output_stream.cpp:111] Opened result file: /root/rocm-examples/Applications/fdtd_profile/workloads/main_bp_l1/MI300X_A1/out/pmc_1/f5fa73aad503/12388_kernel_trace.csv
   [32mINFO[0m    |-> [rocprofiler-sdk] E20260209 14:57:42.127473 131765962929664 output_stream.cpp:111] Opened result file: /root/rocm-examples/Applications/fdtd_profile/workloads/main_bp_l1/MI300X_A1/out/pmc_1/f5fa73aad503/12388_counter_collection.csv
   [32mINFO[0m    |-> [rocprofiler-sdk] E20260209 14:57:42.192882 131765962929664 output_stream.cpp:111] Opened result file: /root/rocm-examples/Applications/fdtd_profile/workloads/main_bp_l1/MI300X_A1/out/pmc_1/f5fa73aad503/12388_agent_info.csv
   [32mINFO[0m    |-> [rocprofiler-sdk] W20260209 14:57:42.196528 131765962929664 simple_timer.cpp:55] [rocprofv3] output generation ::     0.093098 sec
   [32mINFO[0m    |-> [rocprofiler-sdk] W20260209 14:57:42.196670 131765962929664 simple_timer.cpp:55] [rocprofv3] tool finalization ::     0.093285 sec
   [32mINFO[0m [Run 4/13][Approximate profiling time left: 39 seconds]...
   [32mINFO[0m [profiling] Current input file: /root/rocm-examples/Applications/fdtd_profile/workloads/main_bp_l1/MI300X_A1/perfmon/SQ_INST_LEVEL_LDS.txt
   [32mINFO[0m    |-> [rocprofiler-sdk] W20260209 14:57:44.892764 135133918922240 simple_timer.cpp:55] [rocprofv3] tool initialization ::     0.119709 sec
   [32mINFO[0m    |-> [rocprofiler-sdk] W20260209 14:57:44.892989 135133918922240 simple_timer.cpp:55] [rocprofv3] './main_bp_l1' ::     0.000000 sec
   [32mINFO[0m    |-> [rocprofiler-sdk] W20260209 14:57:45.087901 135133918922240 tool.cpp:2422] HSA version 8.20.0 initialized (instance=0)
   [32mINFO[0m    |-> [rocprofiler-sdk] iteration: 3	 time serial: 0.0675379	 time HIP: 0.0278013	 consistency: 100%
   [32mINFO[0m    |-> [rocprofiler-sdk] iteration: 6	 time serial: 0.134735	 time HIP: 0.0555696	 consistency: 100%
   [32mINFO[0m    |-> [rocprofiler-sdk] iteration: 9	 time serial: 0.201836	 time HIP: 0.0833286	 consistency: 100%
   [32mINFO[0m    |-> [rocprofiler-sdk] iteration: 12	 time serial: 0.268986	 time HIP: 0.111071	 consistency: 100%
   [32mINFO[0m    |-> [rocprofiler-sdk] iteration: 15	 time serial: 0.336022	 time HIP: 0.138842	 consistency: 100%
   [32mINFO[0m    |-> [rocprofiler-sdk] iteration: 18	 time serial: 0.403169	 time HIP: 0.166608	 consistency: 100%
   [32mINFO[0m    |-> [rocprofiler-sdk] iteration: 21	 time serial: 0.470317	 time HIP: 0.194455	 consistency: 100%
   [32mINFO[0m    |-> [rocprofiler-sdk] iteration: 24	 time serial: 0.549009	 time HIP: 0.222234	 consistency: 99.9999%
   [32mINFO[0m    |-> [rocprofiler-sdk] iteration: 27	 time serial: 0.616147	 time HIP: 0.249993	 consistency: 99.3826%
   [32mINFO[0m    |-> [rocprofiler-sdk] iteration: 30	 time serial: 0.683234	 time HIP: 0.277774	 consistency: 99.382%
   [32mINFO[0m    |-> [rocprofiler-sdk] W20260209 14:57:46.550344 135133918922240 simple_timer.cpp:55] [rocprofv3] './main_bp_l1' ::     1.657356 sec
   [32mINFO[0m    |-> [rocprofiler-sdk] E20260209 14:57:46.559189 135133918922240 output_stream.cpp:111] Opened result file: /root/rocm-examples/Applications/fdtd_profile/workloads/main_bp_l1/MI300X_A1/out/pmc_1/f5fa73aad503/12396_kernel_trace.csv
   [32mINFO[0m    |-> [rocprofiler-sdk] E20260209 14:57:46.573059 135133918922240 output_stream.cpp:111] Opened result file: /root/rocm-examples/Applications/fdtd_profile/workloads/main_bp_l1/MI300X_A1/out/pmc_1/f5fa73aad503/12396_counter_collection.csv
   [32mINFO[0m    |-> [rocprofiler-sdk] E20260209 14:57:46.640658 135133918922240 output_stream.cpp:111] Opened result file: /root/rocm-examples/Applications/fdtd_profile/workloads/main_bp_l1/MI300X_A1/out/pmc_1/f5fa73aad503/12396_agent_info.csv
   [32mINFO[0m    |-> [rocprofiler-sdk] W20260209 14:57:46.644090 135133918922240 simple_timer.cpp:55] [rocprofv3] output generation ::     0.092318 sec
   [32mINFO[0m    |-> [rocprofiler-sdk] W20260209 14:57:46.644220 135133918922240 simple_timer.cpp:55] [rocprofv3] tool finalization ::     0.092492 sec
   [32mINFO[0m [Run 5/13][Approximate profiling time left: 35 seconds]...
   [32mINFO[0m [profiling] Current input file: /root/rocm-examples/Applications/fdtd_profile/workloads/main_bp_l1/MI300X_A1/perfmon/SQ_INST_LEVEL_SMEM.txt
   [32mINFO[0m    |-> [rocprofiler-sdk] W20260209 14:57:49.266113 133007374095872 simple_timer.cpp:55] [rocprofv3] tool initialization ::     0.110238 sec
   [32mINFO[0m    |-> [rocprofiler-sdk] W20260209 14:57:49.266332 133007374095872 simple_timer.cpp:55] [rocprofv3] './main_bp_l1' ::     0.000000 sec
   [32mINFO[0m    |-> [rocprofiler-sdk] W20260209 14:57:49.459796 133007374095872 tool.cpp:2422] HSA version 8.20.0 initialized (instance=0)
   [32mINFO[0m    |-> [rocprofiler-sdk] iteration: 3	 time serial: 0.0674496	 time HIP: 0.0274703	 consistency: 100%
   [32mINFO[0m    |-> [rocprofiler-sdk] iteration: 6	 time serial: 0.1346	 time HIP: 0.0548985	 consistency: 100%
   [32mINFO[0m    |-> [rocprofiler-sdk] iteration: 9	 time serial: 0.201561	 time HIP: 0.0823329	 consistency: 100%
   [32mINFO[0m    |-> [rocprofiler-sdk] iteration: 12	 time serial: 0.268588	 time HIP: 0.109763	 consistency: 100%
   [32mINFO[0m    |-> [rocprofiler-sdk] iteration: 15	 time serial: 0.335973	 time HIP: 0.137204	 consistency: 100%
   [32mINFO[0m    |-> [rocprofiler-sdk] iteration: 18	 time serial: 0.403364	 time HIP: 0.164641	 consistency: 100%
   [32mINFO[0m    |-> [rocprofiler-sdk] iteration: 21	 time serial: 0.470701	 time HIP: 0.213924	 consistency: 100%
   [32mINFO[0m    |-> [rocprofiler-sdk] iteration: 24	 time serial: 0.549648	 time HIP: 0.241456	 consistency: 99.9999%
   [32mINFO[0m    |-> [rocprofiler-sdk] iteration: 27	 time serial: 0.617055	 time HIP: 0.268958	 consistency: 99.3826%
   [32mINFO[0m    |-> [rocprofiler-sdk] iteration: 30	 time serial: 0.684414	 time HIP: 0.296458	 consistency: 99.382%
   [32mINFO[0m    |-> [rocprofiler-sdk] W20260209 14:57:50.918396 133007374095872 simple_timer.cpp:55] [rocprofv3] './main_bp_l1' ::     1.652064 sec
   [32mINFO[0m    |-> [rocprofiler-sdk] E20260209 14:57:50.927213 133007374095872 output_stream.cpp:111] Opened result file: /root/rocm-examples/Applications/fdtd_profile/workloads/main_bp_l1/MI300X_A1/out/pmc_1/f5fa73aad503/12404_kernel_trace.csv
   [32mINFO[0m    |-> [rocprofiler-sdk] E20260209 14:57:50.940719 133007374095872 output_stream.cpp:111] Opened result file: /root/rocm-examples/Applications/fdtd_profile/workloads/main_bp_l1/MI300X_A1/out/pmc_1/f5fa73aad503/12404_counter_collection.csv
   [32mINFO[0m    |-> [rocprofiler-sdk] E20260209 14:57:50.979602 133007374095872 output_stream.cpp:111] Opened result file: /root/rocm-examples/Applications/fdtd_profile/workloads/main_bp_l1/MI300X_A1/out/pmc_1/f5fa73aad503/12404_agent_info.csv
   [32mINFO[0m    |-> [rocprofiler-sdk] W20260209 14:57:50.982924 133007374095872 simple_timer.cpp:55] [rocprofv3] output generation ::     0.062860 sec
   [32mINFO[0m    |-> [rocprofiler-sdk] W20260209 14:57:50.983032 133007374095872 simple_timer.cpp:55] [rocprofv3] tool finalization ::     0.063006 sec
   [32mINFO[0m [Run 6/13][Approximate profiling time left: 30 seconds]...
   [32mINFO[0m [profiling] Current input file: /root/rocm-examples/Applications/fdtd_profile/workloads/main_bp_l1/MI300X_A1/perfmon/SQ_INST_LEVEL_VMEM.txt
   [32mINFO[0m    |-> [rocprofiler-sdk] W20260209 14:57:53.543896 140276111791616 simple_timer.cpp:55] [rocprofv3] tool initialization ::     0.121081 sec
   [32mINFO[0m    |-> [rocprofiler-sdk] W20260209 14:57:53.544192 140276111791616 simple_timer.cpp:55] [rocprofv3] './main_bp_l1' ::     0.000000 sec
   [32mINFO[0m    |-> [rocprofiler-sdk] W20260209 14:57:53.738032 140276111791616 tool.cpp:2422] HSA version 8.20.0 initialized (instance=0)
   [32mINFO[0m    |-> [rocprofiler-sdk] iteration: 3	 time serial: 0.0679766	 time HIP: 0.0291472	 consistency: 100%
   [32mINFO[0m    |-> [rocprofiler-sdk] iteration: 6	 time serial: 0.135668	 time HIP: 0.0589439	 consistency: 100%
   [32mINFO[0m    |-> [rocprofiler-sdk] iteration: 9	 time serial: 0.203663	 time HIP: 0.0885748	 consistency: 100%
   [32mINFO[0m    |-> [rocprofiler-sdk] iteration: 12	 time serial: 0.271884	 time HIP: 0.11921	 consistency: 100%
   [32mINFO[0m    |-> [rocprofiler-sdk] iteration: 15	 time serial: 0.339598	 time HIP: 0.150476	 consistency: 100%
   [32mINFO[0m    |-> [rocprofiler-sdk] iteration: 18	 time serial: 0.407311	 time HIP: 0.181724	 consistency: 100%
   [32mINFO[0m    |-> [rocprofiler-sdk] iteration: 21	 time serial: 0.493198	 time HIP: 0.212665	 consistency: 100%
   [32mINFO[0m    |-> [rocprofiler-sdk] iteration: 24	 time serial: 0.560915	 time HIP: 0.243778	 consistency: 99.9999%
   [32mINFO[0m    |-> [rocprofiler-sdk] iteration: 27	 time serial: 0.628718	 time HIP: 0.275121	 consistency: 99.3826%
   [32mINFO[0m    |-> [rocprofiler-sdk] iteration: 30	 time serial: 0.696468	 time HIP: 0.306238	 consistency: 99.382%
   [32mINFO[0m    |-> [rocprofiler-sdk] W20260209 14:57:55.281548 140276111791616 simple_timer.cpp:55] [rocprofv3] './main_bp_l1' ::     1.737356 sec
   [32mINFO[0m    |-> [rocprofiler-sdk] E20260209 14:57:55.291265 140276111791616 output_stream.cpp:111] Opened result file: /root/rocm-examples/Applications/fdtd_profile/workloads/main_bp_l1/MI300X_A1/out/pmc_1/f5fa73aad503/12412_kernel_trace.csv
   [32mINFO[0m    |-> [rocprofiler-sdk] E20260209 14:57:55.305248 140276111791616 output_stream.cpp:111] Opened result file: /root/rocm-examples/Applications/fdtd_profile/workloads/main_bp_l1/MI300X_A1/out/pmc_1/f5fa73aad503/12412_counter_collection.csv
   [32mINFO[0m    |-> [rocprofiler-sdk] E20260209 14:57:55.345732 140276111791616 output_stream.cpp:111] Opened result file: /root/rocm-examples/Applications/fdtd_profile/workloads/main_bp_l1/MI300X_A1/out/pmc_1/f5fa73aad503/12412_agent_info.csv
   [32mINFO[0m    |-> [rocprofiler-sdk] W20260209 14:57:55.349275 140276111791616 simple_timer.cpp:55] [rocprofv3] output generation ::     0.065661 sec
   [32mINFO[0m    |-> [rocprofiler-sdk] W20260209 14:57:55.349547 140276111791616 simple_timer.cpp:55] [rocprofv3] tool finalization ::     0.065974 sec
   [32mINFO[0m [Run 7/13][Approximate profiling time left: 26 seconds]...
   [32mINFO[0m [profiling] Current input file: /root/rocm-examples/Applications/fdtd_profile/workloads/main_bp_l1/MI300X_A1/perfmon/SQ_LEVEL_WAVES.txt
   [32mINFO[0m    |-> [rocprofiler-sdk] W20260209 14:57:57.875602 132280492787200 simple_timer.cpp:55] [rocprofv3] tool initialization ::     0.110244 sec
   [32mINFO[0m    |-> [rocprofiler-sdk] W20260209 14:57:57.875821 132280492787200 simple_timer.cpp:55] [rocprofv3] './main_bp_l1' ::     0.000000 sec
   [32mINFO[0m    |-> [rocprofiler-sdk] W20260209 14:57:58.069756 132280492787200 tool.cpp:2422] HSA version 8.20.0 initialized (instance=0)
   [32mINFO[0m    |-> [rocprofiler-sdk] iteration: 3	 time serial: 0.0685295	 time HIP: 0.0274012	 consistency: 100%
   [32mINFO[0m    |-> [rocprofiler-sdk] iteration: 6	 time serial: 0.136723	 time HIP: 0.0547428	 consistency: 100%
   [32mINFO[0m    |-> [rocprofiler-sdk] iteration: 9	 time serial: 0.204858	 time HIP: 0.0820946	 consistency: 100%
   [32mINFO[0m    |-> [rocprofiler-sdk] iteration: 12	 time serial: 0.273007	 time HIP: 0.109451	 consistency: 100%
   [32mINFO[0m    |-> [rocprofiler-sdk] iteration: 15	 time serial: 0.341231	 time HIP: 0.136794	 consistency: 100%
   [32mINFO[0m    |-> [rocprofiler-sdk] iteration: 18	 time serial: 0.409455	 time HIP: 0.16414	 consistency: 100%
   [32mINFO[0m    |-> [rocprofiler-sdk] iteration: 21	 time serial: 0.478406	 time HIP: 0.192793	 consistency: 100%
   [32mINFO[0m    |-> [rocprofiler-sdk] iteration: 24	 time serial: 0.559454	 time HIP: 0.220197	 consistency: 99.9999%
   [32mINFO[0m    |-> [rocprofiler-sdk] iteration: 27	 time serial: 0.630138	 time HIP: 0.247605	 consistency: 99.3826%
   [32mINFO[0m    |-> [rocprofiler-sdk] iteration: 30	 time serial: 0.700832	 time HIP: 0.274996	 consistency: 99.382%
   [32mINFO[0m    |-> [rocprofiler-sdk] W20260209 14:57:59.810260 132280492787200 simple_timer.cpp:55] [rocprofv3] './main_bp_l1' ::     1.934439 sec
   [32mINFO[0m    |-> [rocprofiler-sdk] E20260209 14:57:59.818945 132280492787200 output_stream.cpp:111] Opened result file: /root/rocm-examples/Applications/fdtd_profile/workloads/main_bp_l1/MI300X_A1/out/pmc_1/f5fa73aad503/12420_kernel_trace.csv
   [32mINFO[0m    |-> [rocprofiler-sdk] E20260209 14:57:59.832277 132280492787200 output_stream.cpp:111] Opened result file: /root/rocm-examples/Applications/fdtd_profile/workloads/main_bp_l1/MI300X_A1/out/pmc_1/f5fa73aad503/12420_counter_collection.csv
   [32mINFO[0m    |-> [rocprofiler-sdk] E20260209 14:57:59.870575 132280492787200 output_stream.cpp:111] Opened result file: /root/rocm-examples/Applications/fdtd_profile/workloads/main_bp_l1/MI300X_A1/out/pmc_1/f5fa73aad503/12420_agent_info.csv
   [32mINFO[0m    |-> [rocprofiler-sdk] W20260209 14:57:59.873766 132280492787200 simple_timer.cpp:55] [rocprofv3] output generation ::     0.061942 sec
   [32mINFO[0m    |-> [rocprofiler-sdk] W20260209 14:57:59.873869 132280492787200 simple_timer.cpp:55] [rocprofv3] tool finalization ::     0.062088 sec
   [32mINFO[0m [Run 8/13][Approximate profiling time left: 22 seconds]...
   [32mINFO[0m [profiling] Current input file: /root/rocm-examples/Applications/fdtd_profile/workloads/main_bp_l1/MI300X_A1/perfmon/pmc_perf_0.txt
   [32mINFO[0m    |-> [rocprofiler-sdk] W20260209 14:58:02.510875 129862763496960 simple_timer.cpp:55] [rocprofv3] tool initialization ::     0.111348 sec
   [32mINFO[0m    |-> [rocprofiler-sdk] W20260209 14:58:02.511155 129862763496960 simple_timer.cpp:55] [rocprofv3] './main_bp_l1' ::     0.000001 sec
   [32mINFO[0m    |-> [rocprofiler-sdk] W20260209 14:58:02.704668 129862763496960 tool.cpp:2422] HSA version 8.20.0 initialized (instance=0)
   [32mINFO[0m    |-> [rocprofiler-sdk] iteration: 3	 time serial: 0.0688419	 time HIP: 0.0292236	 consistency: 100%
   [32mINFO[0m    |-> [rocprofiler-sdk] iteration: 6	 time serial: 0.137561	 time HIP: 0.059116	 consistency: 100%
   [32mINFO[0m    |-> [rocprofiler-sdk] iteration: 9	 time serial: 0.206144	 time HIP: 0.0890197	 consistency: 100%
   [32mINFO[0m    |-> [rocprofiler-sdk] iteration: 12	 time serial: 0.274952	 time HIP: 0.118802	 consistency: 100%
   [32mINFO[0m    |-> [rocprofiler-sdk] iteration: 15	 time serial: 0.343668	 time HIP: 0.148516	 consistency: 100%
   [32mINFO[0m    |-> [rocprofiler-sdk] iteration: 18	 time serial: 0.412301	 time HIP: 0.178267	 consistency: 100%
   [32mINFO[0m    |-> [rocprofiler-sdk] iteration: 21	 time serial: 0.506457	 time HIP: 0.207953	 consistency: 100%
   [32mINFO[0m    |-> [rocprofiler-sdk] iteration: 24	 time serial: 0.574578	 time HIP: 0.237944	 consistency: 99.9999%
   [32mINFO[0m    |-> [rocprofiler-sdk] iteration: 27	 time serial: 0.643018	 time HIP: 0.267875	 consistency: 99.3826%
   [32mINFO[0m    |-> [rocprofiler-sdk] iteration: 30	 time serial: 0.711728	 time HIP: 0.29781	 consistency: 99.382%
   [32mINFO[0m    |-> [rocprofiler-sdk] W20260209 14:58:04.231231 129862763496960 simple_timer.cpp:55] [rocprofv3] './main_bp_l1' ::     1.720076 sec
   [32mINFO[0m    |-> [rocprofiler-sdk] E20260209 14:58:04.241539 129862763496960 output_stream.cpp:111] Opened result file: /root/rocm-examples/Applications/fdtd_profile/workloads/main_bp_l1/MI300X_A1/out/pmc_1/f5fa73aad503/12458_kernel_trace.csv
   [32mINFO[0m    |-> [rocprofiler-sdk] E20260209 14:58:04.256383 129862763496960 output_stream.cpp:111] Opened result file: /root/rocm-examples/Applications/fdtd_profile/workloads/main_bp_l1/MI300X_A1/out/pmc_1/f5fa73aad503/12458_counter_collection.csv
   [32mINFO[0m    |-> [rocprofiler-sdk] E20260209 14:58:04.296077 129862763496960 output_stream.cpp:111] Opened result file: /root/rocm-examples/Applications/fdtd_profile/workloads/main_bp_l1/MI300X_A1/out/pmc_1/f5fa73aad503/12458_agent_info.csv
   [32mINFO[0m    |-> [rocprofiler-sdk] W20260209 14:58:04.299624 129862763496960 simple_timer.cpp:55] [rocprofv3] output generation ::     0.065838 sec
   [32mINFO[0m    |-> [rocprofiler-sdk] W20260209 14:58:04.299721 129862763496960 simple_timer.cpp:55] [rocprofv3] tool finalization ::     0.065973 sec
   [32mINFO[0m [Run 9/13][Approximate profiling time left: 17 seconds]...
   [32mINFO[0m [profiling] Current input file: /root/rocm-examples/Applications/fdtd_profile/workloads/main_bp_l1/MI300X_A1/perfmon/pmc_perf_1.txt
   [32mINFO[0m    |-> [rocprofiler-sdk] W20260209 14:58:06.862955 124726934787584 simple_timer.cpp:55] [rocprofv3] tool initialization ::     0.112980 sec
   [32mINFO[0m    |-> [rocprofiler-sdk] W20260209 14:58:06.863168 124726934787584 simple_timer.cpp:55] [rocprofv3] './main_bp_l1' ::     0.000000 sec
   [32mINFO[0m    |-> [rocprofiler-sdk] W20260209 14:58:07.057979 124726934787584 tool.cpp:2422] HSA version 8.20.0 initialized (instance=0)
   [32mINFO[0m    |-> [rocprofiler-sdk] iteration: 3	 time serial: 0.0682363	 time HIP: 0.0264091	 consistency: 100%
   [32mINFO[0m    |-> [rocprofiler-sdk] iteration: 6	 time serial: 0.13606	 time HIP: 0.0527704	 consistency: 100%
   [32mINFO[0m    |-> [rocprofiler-sdk] iteration: 9	 time serial: 0.203699	 time HIP: 0.0791351	 consistency: 100%
   [32mINFO[0m    |-> [rocprofiler-sdk] iteration: 12	 time serial: 0.271345	 time HIP: 0.105492	 consistency: 100%
   [32mINFO[0m    |-> [rocprofiler-sdk] iteration: 15	 time serial: 0.33902	 time HIP: 0.13187	 consistency: 100%
   [32mINFO[0m    |-> [rocprofiler-sdk] iteration: 18	 time serial: 0.40686	 time HIP: 0.158229	 consistency: 100%
   [32mINFO[0m    |-> [rocprofiler-sdk] iteration: 21	 time serial: 0.474622	 time HIP: 0.184585	 consistency: 100%
   [32mINFO[0m    |-> [rocprofiler-sdk] iteration: 24	 time serial: 0.553894	 time HIP: 0.210993	 consistency: 99.9999%
   [32mINFO[0m    |-> [rocprofiler-sdk] iteration: 27	 time serial: 0.621576	 time HIP: 0.23736	 consistency: 99.3826%
   [32mINFO[0m    |-> [rocprofiler-sdk] iteration: 30	 time serial: 0.689287	 time HIP: 0.263718	 consistency: 99.382%
   [32mINFO[0m    |-> [rocprofiler-sdk] W20260209 14:58:08.499355 124726934787584 simple_timer.cpp:55] [rocprofv3] './main_bp_l1' ::     1.636188 sec
   [32mINFO[0m    |-> [rocprofiler-sdk] E20260209 14:58:08.508051 124726934787584 output_stream.cpp:111] Opened result file: /root/rocm-examples/Applications/fdtd_profile/workloads/main_bp_l1/MI300X_A1/out/pmc_1/f5fa73aad503/12466_kernel_trace.csv
   [32mINFO[0m    |-> [rocprofiler-sdk] E20260209 14:58:08.521694 124726934787584 output_stream.cpp:111] Opened result file: /root/rocm-examples/Applications/fdtd_profile/workloads/main_bp_l1/MI300X_A1/out/pmc_1/f5fa73aad503/12466_counter_collection.csv
   [32mINFO[0m    |-> [rocprofiler-sdk] E20260209 14:58:08.560217 124726934787584 output_stream.cpp:111] Opened result file: /root/rocm-examples/Applications/fdtd_profile/workloads/main_bp_l1/MI300X_A1/out/pmc_1/f5fa73aad503/12466_agent_info.csv
   [32mINFO[0m    |-> [rocprofiler-sdk] W20260209 14:58:08.563582 124726934787584 simple_timer.cpp:55] [rocprofv3] output generation ::     0.062677 sec
   [32mINFO[0m    |-> [rocprofiler-sdk] W20260209 14:58:08.563679 124726934787584 simple_timer.cpp:55] [rocprofv3] tool finalization ::     0.062813 sec
   [32mINFO[0m [Run 10/13][Approximate profiling time left: 13 seconds]...
   [32mINFO[0m [profiling] Current input file: /root/rocm-examples/Applications/fdtd_profile/workloads/main_bp_l1/MI300X_A1/perfmon/pmc_perf_2.txt
   [32mINFO[0m    |-> [rocprofiler-sdk] W20260209 14:58:11.096947 126978023503360 simple_timer.cpp:55] [rocprofv3] tool initialization ::     0.110193 sec
   [32mINFO[0m    |-> [rocprofiler-sdk] W20260209 14:58:11.097151 126978023503360 simple_timer.cpp:55] [rocprofv3] './main_bp_l1' ::     0.000000 sec
   [32mINFO[0m    |-> [rocprofiler-sdk] W20260209 14:58:11.286170 126978023503360 tool.cpp:2422] HSA version 8.20.0 initialized (instance=0)
   [32mINFO[0m    |-> [rocprofiler-sdk] iteration: 3	 time serial: 0.0678404	 time HIP: 0.0253849	 consistency: 100%
   [32mINFO[0m    |-> [rocprofiler-sdk] iteration: 6	 time serial: 0.135207	 time HIP: 0.0507192	 consistency: 100%
   [32mINFO[0m    |-> [rocprofiler-sdk] iteration: 9	 time serial: 0.202647	 time HIP: 0.0760625	 consistency: 100%
   [32mINFO[0m    |-> [rocprofiler-sdk] iteration: 12	 time serial: 0.270039	 time HIP: 0.101405	 consistency: 100%
   [32mINFO[0m    |-> [rocprofiler-sdk] iteration: 15	 time serial: 0.337461	 time HIP: 0.126746	 consistency: 100%
   [32mINFO[0m    |-> [rocprofiler-sdk] iteration: 18	 time serial: 0.404926	 time HIP: 0.152084	 consistency: 100%
   [32mINFO[0m    |-> [rocprofiler-sdk] iteration: 21	 time serial: 0.472213	 time HIP: 0.177423	 consistency: 100%
   [32mINFO[0m    |-> [rocprofiler-sdk] iteration: 24	 time serial: 0.550507	 time HIP: 0.202844	 consistency: 99.9999%
   [32mINFO[0m    |-> [rocprofiler-sdk] iteration: 27	 time serial: 0.617921	 time HIP: 0.228209	 consistency: 99.3826%
   [32mINFO[0m    |-> [rocprofiler-sdk] iteration: 30	 time serial: 0.685248	 time HIP: 0.253568	 consistency: 99.382%
   [32mINFO[0m    |-> [rocprofiler-sdk] W20260209 14:58:12.693229 126978023503360 simple_timer.cpp:55] [rocprofv3] './main_bp_l1' ::     1.596079 sec
   [32mINFO[0m    |-> [rocprofiler-sdk] E20260209 14:58:12.701821 126978023503360 output_stream.cpp:111] Opened result file: /root/rocm-examples/Applications/fdtd_profile/workloads/main_bp_l1/MI300X_A1/out/pmc_1/f5fa73aad503/12474_kernel_trace.csv
   [32mINFO[0m    |-> [rocprofiler-sdk] E20260209 14:58:12.715059 126978023503360 output_stream.cpp:111] Opened result file: /root/rocm-examples/Applications/fdtd_profile/workloads/main_bp_l1/MI300X_A1/out/pmc_1/f5fa73aad503/12474_counter_collection.csv
   [32mINFO[0m    |-> [rocprofiler-sdk] E20260209 14:58:12.752148 126978023503360 output_stream.cpp:111] Opened result file: /root/rocm-examples/Applications/fdtd_profile/workloads/main_bp_l1/MI300X_A1/out/pmc_1/f5fa73aad503/12474_agent_info.csv
   [32mINFO[0m    |-> [rocprofiler-sdk] W20260209 14:58:12.755348 126978023503360 simple_timer.cpp:55] [rocprofv3] output generation ::     0.060558 sec
   [32mINFO[0m    |-> [rocprofiler-sdk] W20260209 14:58:12.755444 126978023503360 simple_timer.cpp:55] [rocprofv3] tool finalization ::     0.060686 sec
   [32mINFO[0m [Run 11/13][Approximate profiling time left: 8 seconds]...
   [32mINFO[0m [profiling] Current input file: /root/rocm-examples/Applications/fdtd_profile/workloads/main_bp_l1/MI300X_A1/perfmon/pmc_perf_3.txt
   [32mINFO[0m    |-> [rocprofiler-sdk] W20260209 14:58:15.277802 130430226408960 simple_timer.cpp:55] [rocprofv3] tool initialization ::     0.110495 sec
   [32mINFO[0m    |-> [rocprofiler-sdk] W20260209 14:58:15.278021 130430226408960 simple_timer.cpp:55] [rocprofv3] './main_bp_l1' ::     0.000000 sec
   [32mINFO[0m    |-> [rocprofiler-sdk] W20260209 14:58:15.471576 130430226408960 tool.cpp:2422] HSA version 8.20.0 initialized (instance=0)
   [32mINFO[0m    |-> [rocprofiler-sdk] iteration: 3	 time serial: 0.0676013	 time HIP: 0.025415	 consistency: 100%
   [32mINFO[0m    |-> [rocprofiler-sdk] iteration: 6	 time serial: 0.13463	 time HIP: 0.0507985	 consistency: 100%
   [32mINFO[0m    |-> [rocprofiler-sdk] iteration: 9	 time serial: 0.201658	 time HIP: 0.076168	 consistency: 100%
   [32mINFO[0m    |-> [rocprofiler-sdk] iteration: 12	 time serial: 0.268613	 time HIP: 0.101554	 consistency: 100%
   [32mINFO[0m    |-> [rocprofiler-sdk] iteration: 15	 time serial: 0.335508	 time HIP: 0.126933	 consistency: 100%
   [32mINFO[0m    |-> [rocprofiler-sdk] iteration: 18	 time serial: 0.402565	 time HIP: 0.152314	 consistency: 100%
   [32mINFO[0m    |-> [rocprofiler-sdk] iteration: 21	 time serial: 0.469658	 time HIP: 0.177713	 consistency: 100%
   [32mINFO[0m    |-> [rocprofiler-sdk] iteration: 24	 time serial: 0.56521	 time HIP: 0.203133	 consistency: 99.9999%
   [32mINFO[0m    |-> [rocprofiler-sdk] iteration: 27	 time serial: 0.632659	 time HIP: 0.22848	 consistency: 99.3826%
   [32mINFO[0m    |-> [rocprofiler-sdk] iteration: 30	 time serial: 0.700091	 time HIP: 0.253871	 consistency: 99.382%
   [32mINFO[0m    |-> [rocprofiler-sdk] W20260209 14:58:16.876088 130430226408960 simple_timer.cpp:55] [rocprofv3] './main_bp_l1' ::     1.598068 sec
   [32mINFO[0m    |-> [rocprofiler-sdk] E20260209 14:58:16.885322 130430226408960 output_stream.cpp:111] Opened result file: /root/rocm-examples/Applications/fdtd_profile/workloads/main_bp_l1/MI300X_A1/out/pmc_1/f5fa73aad503/12482_kernel_trace.csv
   [32mINFO[0m    |-> [rocprofiler-sdk] E20260209 14:58:16.899424 130430226408960 output_stream.cpp:111] Opened result file: /root/rocm-examples/Applications/fdtd_profile/workloads/main_bp_l1/MI300X_A1/out/pmc_1/f5fa73aad503/12482_counter_collection.csv
   [32mINFO[0m    |-> [rocprofiler-sdk] E20260209 14:58:16.934795 130430226408960 output_stream.cpp:111] Opened result file: /root/rocm-examples/Applications/fdtd_profile/workloads/main_bp_l1/MI300X_A1/out/pmc_1/f5fa73aad503/12482_agent_info.csv
   [32mINFO[0m    |-> [rocprofiler-sdk] W20260209 14:58:16.938297 130430226408960 simple_timer.cpp:55] [rocprofv3] output generation ::     0.060368 sec
   [32mINFO[0m    |-> [rocprofiler-sdk] W20260209 14:58:16.938393 130430226408960 simple_timer.cpp:55] [rocprofv3] tool finalization ::     0.060503 sec
   [32mINFO[0m [Run 12/13][Approximate profiling time left: 4 seconds]...
   [32mINFO[0m [profiling] Current input file: /root/rocm-examples/Applications/fdtd_profile/workloads/main_bp_l1/MI300X_A1/perfmon/pmc_perf_4.txt
   [32mINFO[0m    |-> [rocprofiler-sdk] W20260209 14:58:19.489508 133766586308096 simple_timer.cpp:55] [rocprofv3] tool initialization ::     0.110252 sec
   [32mINFO[0m    |-> [rocprofiler-sdk] W20260209 14:58:19.489724 133766586308096 simple_timer.cpp:55] [rocprofv3] './main_bp_l1' ::     0.000000 sec
   [32mINFO[0m    |-> [rocprofiler-sdk] W20260209 14:58:19.683451 133766586308096 tool.cpp:2422] HSA version 8.20.0 initialized (instance=0)
   [32mINFO[0m    |-> [rocprofiler-sdk] iteration: 3	 time serial: 0.0688582	 time HIP: 0.0251724	 consistency: 100%
   [32mINFO[0m    |-> [rocprofiler-sdk] iteration: 6	 time serial: 0.137452	 time HIP: 0.0503072	 consistency: 100%
   [32mINFO[0m    |-> [rocprofiler-sdk] iteration: 9	 time serial: 0.205902	 time HIP: 0.0754462	 consistency: 100%
   [32mINFO[0m    |-> [rocprofiler-sdk] iteration: 12	 time serial: 0.274533	 time HIP: 0.100569	 consistency: 100%
   [32mINFO[0m    |-> [rocprofiler-sdk] iteration: 15	 time serial: 0.343097	 time HIP: 0.125703	 consistency: 100%
   [32mINFO[0m    |-> [rocprofiler-sdk] iteration: 18	 time serial: 0.411592	 time HIP: 0.150834	 consistency: 100%
   [32mINFO[0m    |-> [rocprofiler-sdk] iteration: 21	 time serial: 0.480068	 time HIP: 0.175977	 consistency: 100%
   [32mINFO[0m    |-> [rocprofiler-sdk] iteration: 24	 time serial: 0.570976	 time HIP: 0.201193	 consistency: 99.9999%
   [32mINFO[0m    |-> [rocprofiler-sdk] iteration: 27	 time serial: 0.639135	 time HIP: 0.22632	 consistency: 99.3826%
   [32mINFO[0m    |-> [rocprofiler-sdk] iteration: 30	 time serial: 0.70765	 time HIP: 0.251454	 consistency: 99.382%
   [32mINFO[0m    |-> [rocprofiler-sdk] W20260209 14:58:21.085253 133766586308096 simple_timer.cpp:55] [rocprofv3] './main_bp_l1' ::     1.595529 sec
   [32mINFO[0m    |-> [rocprofiler-sdk] E20260209 14:58:21.094952 133766586308096 output_stream.cpp:111] Opened result file: /root/rocm-examples/Applications/fdtd_profile/workloads/main_bp_l1/MI300X_A1/out/pmc_1/f5fa73aad503/12490_kernel_trace.csv
   [32mINFO[0m    |-> [rocprofiler-sdk] E20260209 14:58:21.108303 133766586308096 output_stream.cpp:111] Opened result file: /root/rocm-examples/Applications/fdtd_profile/workloads/main_bp_l1/MI300X_A1/out/pmc_1/f5fa73aad503/12490_counter_collection.csv
   [32mINFO[0m    |-> [rocprofiler-sdk] E20260209 14:58:21.144604 133766586308096 output_stream.cpp:111] Opened result file: /root/rocm-examples/Applications/fdtd_profile/workloads/main_bp_l1/MI300X_A1/out/pmc_1/f5fa73aad503/12490_agent_info.csv
   [32mINFO[0m    |-> [rocprofiler-sdk] W20260209 14:58:21.147849 133766586308096 simple_timer.cpp:55] [rocprofv3] output generation ::     0.060015 sec
   [32mINFO[0m    |-> [rocprofiler-sdk] W20260209 14:58:21.147945 133766586308096 simple_timer.cpp:55] [rocprofv3] tool finalization ::     0.060166 sec
   [32mINFO[0m [Run 13/13][Approximate profiling time left: 0 seconds]...
   [32mINFO[0m [profiling] Current input file: /root/rocm-examples/Applications/fdtd_profile/workloads/main_bp_l1/MI300X_A1/perfmon/pmc_perf_5.txt
   [32mINFO[0m    |-> [rocprofiler-sdk] W20260209 14:58:23.542956 139032561653248 simple_timer.cpp:55] [rocprofv3] tool initialization ::     0.101138 sec
   [32mINFO[0m    |-> [rocprofiler-sdk] W20260209 14:58:23.543178 139032561653248 simple_timer.cpp:55] [rocprofv3] './main_bp_l1' ::     0.000000 sec
   [32mINFO[0m    |-> [rocprofiler-sdk] W20260209 14:58:23.736806 139032561653248 tool.cpp:2422] HSA version 8.20.0 initialized (instance=0)
   [32mINFO[0m    |-> [rocprofiler-sdk] iteration: 3	 time serial: 0.0681081	 time HIP: 0.0248874	 consistency: 100%
   [32mINFO[0m    |-> [rocprofiler-sdk] iteration: 6	 time serial: 0.135717	 time HIP: 0.0497405	 consistency: 100%
   [32mINFO[0m    |-> [rocprofiler-sdk] iteration: 9	 time serial: 0.20347	 time HIP: 0.0745876	 consistency: 100%
   [32mINFO[0m    |-> [rocprofiler-sdk] iteration: 12	 time serial: 0.271282	 time HIP: 0.0994473	 consistency: 100%
   [32mINFO[0m    |-> [rocprofiler-sdk] iteration: 15	 time serial: 0.33886	 time HIP: 0.124294	 consistency: 100%
   [32mINFO[0m    |-> [rocprofiler-sdk] iteration: 18	 time serial: 0.406502	 time HIP: 0.149148	 consistency: 100%
   [32mINFO[0m    |-> [rocprofiler-sdk] iteration: 21	 time serial: 0.474042	 time HIP: 0.174011	 consistency: 100%
   [32mINFO[0m    |-> [rocprofiler-sdk] iteration: 24	 time serial: 0.553199	 time HIP: 0.221548	 consistency: 99.9999%
   [32mINFO[0m    |-> [rocprofiler-sdk] iteration: 27	 time serial: 0.620755	 time HIP: 0.24642	 consistency: 99.3826%
   [32mINFO[0m    |-> [rocprofiler-sdk] iteration: 30	 time serial: 0.688345	 time HIP: 0.27129	 consistency: 99.382%
   [32mINFO[0m    |-> [rocprofiler-sdk] W20260209 14:58:25.137623 139032561653248 simple_timer.cpp:55] [rocprofv3] './main_bp_l1' ::     1.594444 sec
   [32mINFO[0m    |-> [rocprofiler-sdk] E20260209 14:58:25.146613 139032561653248 output_stream.cpp:111] Opened result file: /root/rocm-examples/Applications/fdtd_profile/workloads/main_bp_l1/MI300X_A1/out/pmc_1/f5fa73aad503/12498_kernel_trace.csv
   [32mINFO[0m    |-> [rocprofiler-sdk] E20260209 14:58:25.160019 139032561653248 output_stream.cpp:111] Opened result file: /root/rocm-examples/Applications/fdtd_profile/workloads/main_bp_l1/MI300X_A1/out/pmc_1/f5fa73aad503/12498_counter_collection.csv
   [32mINFO[0m    |-> [rocprofiler-sdk] E20260209 14:58:25.167705 139032561653248 output_stream.cpp:111] Opened result file: /root/rocm-examples/Applications/fdtd_profile/workloads/main_bp_l1/MI300X_A1/out/pmc_1/f5fa73aad503/12498_agent_info.csv
   [32mINFO[0m    |-> [rocprofiler-sdk] W20260209 14:58:25.170960 139032561653248 simple_timer.cpp:55] [rocprofv3] output generation ::     0.031460 sec
   [32mINFO[0m    |-> [rocprofiler-sdk] W20260209 14:58:25.171050 139032561653248 simple_timer.cpp:55] [rocprofv3] tool finalization ::     0.031586 sec
[33mWARNING[0m PC sampling data collection skipped as block 21 is not specified.
   [32mINFO[0m [roofline] Checking for roofline.csv in /root/rocm-examples/Applications/fdtd_profile/workloads/main_bp_l1/MI300X_A1
   [32mINFO[0m [roofline] No roofline data found. Generating...
Empirical Roofline Calculation
Copyright © 2025  Advanced Micro Devices, Inc. All rights reserved.
Total detected GPU devices: 1
GPU Device 0 (gfx942) with 304 CUs: Profiling...
  0% [                                                            ]  1% [                                                            ]  2% [|                                                           ]  3% [|                                                           ]  4% [||                                                          ]  5% [|||                                                         ]  6% [|||                                                         ]  7% [||||                                                        ]  8% [||||                                                        ]  9% [|||||                                                       ] 10% [||||||                                                      ] 11% [||||||                                                      ] 12% [|||||||                                                     ] 13% [|||||||                                                     ] 14% [||||||||                                                    ] 15% [|||||||||                                                   ] 16% [|||||||||                                                   ] 17% [||||||||||                                                  ] 18% [||||||||||                                                  ] 19% [|||||||||||                                                 ] 20% [||||||||||||                                                ] 21% [||||||||||||                                                ] 22% [|||||||||||||                                               ] 23% [|||||||||||||                                               ] 24% [||||||||||||||                                              ] 25% [|||||||||||||||                                             ] 26% [|||||||||||||||                                             ] 27% [||||||||||||||||                                            ] 28% [||||||||||||||||                                            ] 29% [|||||||||||||||||                                           ] 30% [||||||||||||||||||                                          ] 31% [||||||||||||||||||                                          ] 32% [|||||||||||||||||||                                         ] 33% [|||||||||||||||||||                                         ] 34% [||||||||||||||||||||                                        ] 35% [|||||||||||||||||||||                                       ] 36% [|||||||||||||||||||||                                       ] 37% [||||||||||||||||||||||                                      ] 38% [||||||||||||||||||||||                                      ] 39% [|||||||||||||||||||||||                                     ] 40% [||||||||||||||||||||||||                                    ] 41% [||||||||||||||||||||||||                                    ] 42% [|||||||||||||||||||||||||                                   ] 43% [|||||||||||||||||||||||||                                   ] 44% [||||||||||||||||||||||||||                                  ] 45% [|||||||||||||||||||||||||||                                 ] 46% [|||||||||||||||||||||||||||                                 ] 47% [||||||||||||||||||||||||||||                                ] 48% [||||||||||||||||||||||||||||                                ] 49% [|||||||||||||||||||||||||||||                               ] 50% [||||||||||||||||||||||||||||||                              ] 51% [||||||||||||||||||||||||||||||                              ] 52% [|||||||||||||||||||||||||||||||                             ] 52% [|||||||||||||||||||||||||||||||                             ] 54% [||||||||||||||||||||||||||||||||                            ] 55% [|||||||||||||||||||||||||||||||||                           ] 56% [|||||||||||||||||||||||||||||||||                           ] 57% [||||||||||||||||||||||||||||||||||                          ] 58% [||||||||||||||||||||||||||||||||||                          ] 58% [|||||||||||||||||||||||||||||||||||                         ] 60% [||||||||||||||||||||||||||||||||||||                        ] 61% [||||||||||||||||||||||||||||||||||||                        ] 62% [|||||||||||||||||||||||||||||||||||||                       ] 63% [|||||||||||||||||||||||||||||||||||||                       ] 64% [||||||||||||||||||||||||||||||||||||||                      ] 65% [|||||||||||||||||||||||||||||||||||||||                     ] 66% [|||||||||||||||||||||||||||||||||||||||                     ] 67% [||||||||||||||||||||||||||||||||||||||||                    ] 68% [||||||||||||||||||||||||||||||||||||||||                    ] 69% [|||||||||||||||||||||||||||||||||||||||||                   ] 70% [||||||||||||||||||||||||||||||||||||||||||                  ] 71% [||||||||||||||||||||||||||||||||||||||||||                  ] 72% [|||||||||||||||||||||||||||||||||||||||||||                 ] 73% [|||||||||||||||||||||||||||||||||||||||||||                 ] 74% [||||||||||||||||||||||||||||||||||||||||||||                ] 75% [|||||||||||||||||||||||||||||||||||||||||||||               ] 76% [|||||||||||||||||||||||||||||||||||||||||||||               ] 77% [||||||||||||||||||||||||||||||||||||||||||||||              ] 78% [||||||||||||||||||||||||||||||||||||||||||||||              ] 79% [|||||||||||||||||||||||||||||||||||||||||||||||             ] 80% [||||||||||||||||||||||||||||||||||||||||||||||||            ] 81% [||||||||||||||||||||||||||||||||||||||||||||||||            ] 82% [|||||||||||||||||||||||||||||||||||||||||||||||||           ] 83% [|||||||||||||||||||||||||||||||||||||||||||||||||           ] 84% [||||||||||||||||||||||||||||||||||||||||||||||||||          ] 85% [|||||||||||||||||||||||||||||||||||||||||||||||||||         ] 86% [|||||||||||||||||||||||||||||||||||||||||||||||||||         ] 87% [||||||||||||||||||||||||||||||||||||||||||||||||||||        ] 88% [||||||||||||||||||||||||||||||||||||||||||||||||||||        ] 89% [|||||||||||||||||||||||||||||||||||||||||||||||||||||       ] 90% [||||||||||||||||||||||||||||||||||||||||||||||||||||||      ] 91% [||||||||||||||||||||||||||||||||||||||||||||||||||||||      ] 92% [|||||||||||||||||||||||||||||||||||||||||||||||||||||||     ] 93% [|||||||||||||||||||||||||||||||||||||||||||||||||||||||     ] 94% [||||||||||||||||||||||||||||||||||||||||||||||||||||||||    ] 95% [|||||||||||||||||||||||||||||||||||||||||||||||||||||||||   ] 96% [|||||||||||||||||||||||||||||||||||||||||||||||||||||||||   ] 97% [||||||||||||||||||||||||||||||||||||||||||||||||||||||||||  ] 98% [||||||||||||||||||||||||||||||||||||||||||||||||||||||||||  ] 99% [||||||||||||||||||||||||||||||||||||||||||||||||||||||||||| ]
HBM BW, GPU ID: 0, workgroupSize:256, workgroups:6225920, experiments:100, traffic:25501368320 bytes, duration:6.0 ms, mean:4226.5 GB/sec, stdev=11.6 GB/sec
  0% [                                                            ]  1% [                                                            ]  2% [|                                                           ]  3% [|                                                           ]  4% [||                                                          ]  5% [|||                                                         ]  6% [|||                                                         ]  7% [||||                                                        ]  8% [||||                                                        ]  9% [|||||                                                       ] 10% [||||||                                                      ] 11% [||||||                                                      ] 12% [|||||||                                                     ] 13% [|||||||                                                     ] 14% [||||||||                                                    ] 15% [|||||||||                                                   ] 16% [|||||||||                                                   ] 17% [||||||||||                                                  ] 18% [||||||||||                                                  ] 19% [|||||||||||                                                 ] 20% [||||||||||||                                                ] 21% [||||||||||||                                                ] 22% [|||||||||||||                                               ] 23% [|||||||||||||                                               ] 24% [||||||||||||||                                              ] 25% [|||||||||||||||                                             ] 26% [|||||||||||||||                                             ] 27% [||||||||||||||||                                            ] 28% [||||||||||||||||                                            ] 29% [|||||||||||||||||                                           ] 30% [||||||||||||||||||                                          ] 31% [||||||||||||||||||                                          ] 32% [|||||||||||||||||||                                         ] 33% [|||||||||||||||||||                                         ] 34% [||||||||||||||||||||                                        ] 35% [|||||||||||||||||||||                                       ] 36% [|||||||||||||||||||||                                       ] 37% [||||||||||||||||||||||                                      ] 38% [||||||||||||||||||||||                                      ] 39% [|||||||||||||||||||||||                                     ] 40% [||||||||||||||||||||||||                                    ] 41% [||||||||||||||||||||||||                                    ] 42% [|||||||||||||||||||||||||                                   ] 43% [|||||||||||||||||||||||||                                   ] 44% [||||||||||||||||||||||||||                                  ] 45% [|||||||||||||||||||||||||||                                 ] 46% [|||||||||||||||||||||||||||                                 ] 47% [||||||||||||||||||||||||||||                                ] 48% [||||||||||||||||||||||||||||                                ] 49% [|||||||||||||||||||||||||||||                               ] 50% [||||||||||||||||||||||||||||||                              ] 51% [||||||||||||||||||||||||||||||                              ] 52% [|||||||||||||||||||||||||||||||                             ] 52% [|||||||||||||||||||||||||||||||                             ] 54% [||||||||||||||||||||||||||||||||                            ] 55% [|||||||||||||||||||||||||||||||||                           ] 56% [|||||||||||||||||||||||||||||||||                           ] 57% [||||||||||||||||||||||||||||||||||                          ] 58% [||||||||||||||||||||||||||||||||||                          ] 58% [|||||||||||||||||||||||||||||||||||                         ] 60% [||||||||||||||||||||||||||||||||||||                        ] 61% [||||||||||||||||||||||||||||||||||||                        ] 62% [|||||||||||||||||||||||||||||||||||||                       ] 63% [|||||||||||||||||||||||||||||||||||||                       ] 64% [||||||||||||||||||||||||||||||||||||||                      ] 65% [|||||||||||||||||||||||||||||||||||||||                     ] 66% [|||||||||||||||||||||||||||||||||||||||                     ] 67% [||||||||||||||||||||||||||||||||||||||||                    ] 68% [||||||||||||||||||||||||||||||||||||||||                    ] 69% [|||||||||||||||||||||||||||||||||||||||||                   ] 70% [||||||||||||||||||||||||||||||||||||||||||                  ] 71% [||||||||||||||||||||||||||||||||||||||||||                  ] 72% [|||||||||||||||||||||||||||||||||||||||||||                 ] 73% [|||||||||||||||||||||||||||||||||||||||||||                 ] 74% [||||||||||||||||||||||||||||||||||||||||||||                ] 75% [|||||||||||||||||||||||||||||||||||||||||||||               ] 76% [|||||||||||||||||||||||||||||||||||||||||||||               ] 77% [||||||||||||||||||||||||||||||||||||||||||||||              ] 78% [||||||||||||||||||||||||||||||||||||||||||||||              ] 79% [|||||||||||||||||||||||||||||||||||||||||||||||             ] 80% [||||||||||||||||||||||||||||||||||||||||||||||||            ] 81% [||||||||||||||||||||||||||||||||||||||||||||||||            ] 82% [|||||||||||||||||||||||||||||||||||||||||||||||||           ] 83% [|||||||||||||||||||||||||||||||||||||||||||||||||           ] 84% [||||||||||||||||||||||||||||||||||||||||||||||||||          ] 85% [|||||||||||||||||||||||||||||||||||||||||||||||||||         ] 86% [|||||||||||||||||||||||||||||||||||||||||||||||||||         ] 87% [||||||||||||||||||||||||||||||||||||||||||||||||||||        ] 88% [||||||||||||||||||||||||||||||||||||||||||||||||||||        ] 89% [|||||||||||||||||||||||||||||||||||||||||||||||||||||       ] 90% [||||||||||||||||||||||||||||||||||||||||||||||||||||||      ] 91% [||||||||||||||||||||||||||||||||||||||||||||||||||||||      ] 92% [|||||||||||||||||||||||||||||||||||||||||||||||||||||||     ] 93% [|||||||||||||||||||||||||||||||||||||||||||||||||||||||     ] 94% [||||||||||||||||||||||||||||||||||||||||||||||||||||||||    ] 95% [|||||||||||||||||||||||||||||||||||||||||||||||||||||||||   ] 96% [|||||||||||||||||||||||||||||||||||||||||||||||||||||||||   ] 97% [||||||||||||||||||||||||||||||||||||||||||||||||||||||||||  ] 98% [||||||||||||||||||||||||||||||||||||||||||||||||||||||||||  ] 99% [||||||||||||||||||||||||||||||||||||||||||||||||||||||||||| ]
MALL BW, GPU ID: 0, workgroupSize:256, workgroups:38912, experiments:100, traffic:2611340115968 bytes, duration:421.5 ms, mean:6172.0 GB/sec, stdev=26.6 GB/sec
  0% [                                                            ]  1% [                                                            ]  2% [|                                                           ]  3% [|                                                           ]  4% [||                                                          ]  5% [|||                                                         ]  6% [|||                                                         ]  7% [||||                                                        ]  8% [||||                                                        ]  9% [|||||                                                       ] 10% [||||||                                                      ] 11% [||||||                                                      ] 12% [|||||||                                                     ] 13% [|||||||                                                     ] 14% [||||||||                                                    ] 15% [|||||||||                                                   ] 16% [|||||||||                                                   ] 17% [||||||||||                                                  ] 18% [||||||||||                                                  ] 19% [|||||||||||                                                 ] 20% [||||||||||||                                                ] 21% [||||||||||||                                                ] 22% [|||||||||||||                                               ] 23% [|||||||||||||                                               ] 24% [||||||||||||||                                              ] 25% [|||||||||||||||                                             ] 26% [|||||||||||||||                                             ] 27% [||||||||||||||||                                            ] 28% [||||||||||||||||                                            ] 29% [|||||||||||||||||                                           ] 30% [||||||||||||||||||                                          ] 31% [||||||||||||||||||                                          ] 32% [|||||||||||||||||||                                         ] 33% [|||||||||||||||||||                                         ] 34% [||||||||||||||||||||                                        ] 35% [|||||||||||||||||||||                                       ] 36% [|||||||||||||||||||||                                       ] 37% [||||||||||||||||||||||                                      ] 38% [||||||||||||||||||||||                                      ] 39% [|||||||||||||||||||||||                                     ] 40% [||||||||||||||||||||||||                                    ] 41% [||||||||||||||||||||||||                                    ] 42% [|||||||||||||||||||||||||                                   ] 43% [|||||||||||||||||||||||||                                   ] 44% [||||||||||||||||||||||||||                                  ] 45% [|||||||||||||||||||||||||||                                 ] 46% [|||||||||||||||||||||||||||                                 ] 47% [||||||||||||||||||||||||||||                                ] 48% [||||||||||||||||||||||||||||                                ] 49% [|||||||||||||||||||||||||||||                               ] 50% [||||||||||||||||||||||||||||||                              ] 51% [||||||||||||||||||||||||||||||                              ] 52% [|||||||||||||||||||||||||||||||                             ] 52% [|||||||||||||||||||||||||||||||                             ] 54% [||||||||||||||||||||||||||||||||                            ] 55% [|||||||||||||||||||||||||||||||||                           ] 56% [|||||||||||||||||||||||||||||||||                           ] 57% [||||||||||||||||||||||||||||||||||                          ] 58% [||||||||||||||||||||||||||||||||||                          ] 58% [|||||||||||||||||||||||||||||||||||                         ] 60% [||||||||||||||||||||||||||||||||||||                        ] 61% [||||||||||||||||||||||||||||||||||||                        ] 62% [|||||||||||||||||||||||||||||||||||||                       ] 63% [|||||||||||||||||||||||||||||||||||||                       ] 64% [||||||||||||||||||||||||||||||||||||||                      ] 65% [|||||||||||||||||||||||||||||||||||||||                     ] 66% [|||||||||||||||||||||||||||||||||||||||                     ] 67% [||||||||||||||||||||||||||||||||||||||||                    ] 68% [||||||||||||||||||||||||||||||||||||||||                    ] 69% [|||||||||||||||||||||||||||||||||||||||||                   ] 70% [||||||||||||||||||||||||||||||||||||||||||                  ] 71% [||||||||||||||||||||||||||||||||||||||||||                  ] 72% [|||||||||||||||||||||||||||||||||||||||||||                 ] 73% [|||||||||||||||||||||||||||||||||||||||||||                 ] 74% [||||||||||||||||||||||||||||||||||||||||||||                ] 75% [|||||||||||||||||||||||||||||||||||||||||||||               ] 76% [|||||||||||||||||||||||||||||||||||||||||||||               ] 77% [||||||||||||||||||||||||||||||||||||||||||||||              ] 78% [||||||||||||||||||||||||||||||||||||||||||||||              ] 79% [|||||||||||||||||||||||||||||||||||||||||||||||             ] 80% [||||||||||||||||||||||||||||||||||||||||||||||||            ] 81% [||||||||||||||||||||||||||||||||||||||||||||||||            ] 82% [|||||||||||||||||||||||||||||||||||||||||||||||||           ] 83% [|||||||||||||||||||||||||||||||||||||||||||||||||           ] 84% [||||||||||||||||||||||||||||||||||||||||||||||||||          ] 85% [|||||||||||||||||||||||||||||||||||||||||||||||||||         ] 86% [|||||||||||||||||||||||||||||||||||||||||||||||||||         ] 87% [||||||||||||||||||||||||||||||||||||||||||||||||||||        ] 88% [||||||||||||||||||||||||||||||||||||||||||||||||||||        ] 89% [|||||||||||||||||||||||||||||||||||||||||||||||||||||       ] 90% [||||||||||||||||||||||||||||||||||||||||||||||||||||||      ] 91% [||||||||||||||||||||||||||||||||||||||||||||||||||||||      ] 92% [|||||||||||||||||||||||||||||||||||||||||||||||||||||||     ] 93% [|||||||||||||||||||||||||||||||||||||||||||||||||||||||     ] 94% [||||||||||||||||||||||||||||||||||||||||||||||||||||||||    ] 95% [|||||||||||||||||||||||||||||||||||||||||||||||||||||||||   ] 96% [|||||||||||||||||||||||||||||||||||||||||||||||||||||||||   ] 97% [||||||||||||||||||||||||||||||||||||||||||||||||||||||||||  ] 98% [||||||||||||||||||||||||||||||||||||||||||||||||||||||||||  ] 99% [||||||||||||||||||||||||||||||||||||||||||||||||||||||||||| ]
L2 BW, GPU ID: 0, workgroupSize:256, workgroups:38912, experiments:100, traffic:1632087572480 bytes, duration:63.7 ms, mean:25716.6 GB/sec, stdev=66.8 GB/sec
  0% [                                                            ]  1% [                                                            ]  2% [|                                                           ]  3% [|                                                           ]  4% [||                                                          ]  5% [|||                                                         ]  6% [|||                                                         ]  7% [||||                                                        ]  8% [||||                                                        ]  9% [|||||                                                       ] 10% [||||||                                                      ] 11% [||||||                                                      ] 12% [|||||||                                                     ] 13% [|||||||                                                     ] 14% [||||||||                                                    ] 15% [|||||||||                                                   ] 16% [|||||||||                                                   ] 17% [||||||||||                                                  ] 18% [||||||||||                                                  ] 19% [|||||||||||                                                 ] 20% [||||||||||||                                                ] 21% [||||||||||||                                                ] 22% [|||||||||||||                                               ] 23% [|||||||||||||                                               ] 24% [||||||||||||||                                              ] 25% [|||||||||||||||                                             ] 26% [|||||||||||||||                                             ] 27% [||||||||||||||||                                            ] 28% [||||||||||||||||                                            ] 29% [|||||||||||||||||                                           ] 30% [||||||||||||||||||                                          ] 31% [||||||||||||||||||                                          ] 32% [|||||||||||||||||||                                         ] 33% [|||||||||||||||||||                                         ] 34% [||||||||||||||||||||                                        ] 35% [|||||||||||||||||||||                                       ] 36% [|||||||||||||||||||||                                       ] 37% [||||||||||||||||||||||                                      ] 38% [||||||||||||||||||||||                                      ] 39% [|||||||||||||||||||||||                                     ] 40% [||||||||||||||||||||||||                                    ] 41% [||||||||||||||||||||||||                                    ] 42% [|||||||||||||||||||||||||                                   ] 43% [|||||||||||||||||||||||||                                   ] 44% [||||||||||||||||||||||||||                                  ] 45% [|||||||||||||||||||||||||||                                 ] 46% [|||||||||||||||||||||||||||                                 ] 47% [||||||||||||||||||||||||||||                                ] 48% [||||||||||||||||||||||||||||                                ] 49% [|||||||||||||||||||||||||||||                               ] 50% [||||||||||||||||||||||||||||||                              ] 51% [||||||||||||||||||||||||||||||                              ] 52% [|||||||||||||||||||||||||||||||                             ] 52% [|||||||||||||||||||||||||||||||                             ] 54% [||||||||||||||||||||||||||||||||                            ] 55% [|||||||||||||||||||||||||||||||||                           ] 56% [|||||||||||||||||||||||||||||||||                           ] 57% [||||||||||||||||||||||||||||||||||                          ] 58% [||||||||||||||||||||||||||||||||||                          ] 58% [|||||||||||||||||||||||||||||||||||                         ] 60% [||||||||||||||||||||||||||||||||||||                        ] 61% [||||||||||||||||||||||||||||||||||||                        ] 62% [|||||||||||||||||||||||||||||||||||||                       ] 63% [|||||||||||||||||||||||||||||||||||||                       ] 64% [||||||||||||||||||||||||||||||||||||||                      ] 65% [|||||||||||||||||||||||||||||||||||||||                     ] 66% [|||||||||||||||||||||||||||||||||||||||                     ] 67% [||||||||||||||||||||||||||||||||||||||||                    ] 68% [||||||||||||||||||||||||||||||||||||||||                    ] 69% [|||||||||||||||||||||||||||||||||||||||||                   ] 70% [||||||||||||||||||||||||||||||||||||||||||                  ] 71% [||||||||||||||||||||||||||||||||||||||||||                  ] 72% [|||||||||||||||||||||||||||||||||||||||||||                 ] 73% [|||||||||||||||||||||||||||||||||||||||||||                 ] 74% [||||||||||||||||||||||||||||||||||||||||||||                ] 75% [|||||||||||||||||||||||||||||||||||||||||||||               ] 76% [|||||||||||||||||||||||||||||||||||||||||||||               ] 77% [||||||||||||||||||||||||||||||||||||||||||||||              ] 78% [||||||||||||||||||||||||||||||||||||||||||||||              ] 79% [|||||||||||||||||||||||||||||||||||||||||||||||             ] 80% [||||||||||||||||||||||||||||||||||||||||||||||||            ] 81% [||||||||||||||||||||||||||||||||||||||||||||||||            ] 82% [|||||||||||||||||||||||||||||||||||||||||||||||||           ] 83% [|||||||||||||||||||||||||||||||||||||||||||||||||           ] 84% [||||||||||||||||||||||||||||||||||||||||||||||||||          ] 85% [|||||||||||||||||||||||||||||||||||||||||||||||||||         ] 86% [|||||||||||||||||||||||||||||||||||||||||||||||||||         ] 87% [||||||||||||||||||||||||||||||||||||||||||||||||||||        ] 88% [||||||||||||||||||||||||||||||||||||||||||||||||||||        ] 89% [|||||||||||||||||||||||||||||||||||||||||||||||||||||       ] 90% [||||||||||||||||||||||||||||||||||||||||||||||||||||||      ] 91% [||||||||||||||||||||||||||||||||||||||||||||||||||||||      ] 92% [|||||||||||||||||||||||||||||||||||||||||||||||||||||||     ] 93% [|||||||||||||||||||||||||||||||||||||||||||||||||||||||     ] 94% [||||||||||||||||||||||||||||||||||||||||||||||||||||||||    ] 95% [|||||||||||||||||||||||||||||||||||||||||||||||||||||||||   ] 96% [|||||||||||||||||||||||||||||||||||||||||||||||||||||||||   ] 97% [||||||||||||||||||||||||||||||||||||||||||||||||||||||||||  ] 98% [||||||||||||||||||||||||||||||||||||||||||||||||||||||||||  ] 99% [||||||||||||||||||||||||||||||||||||||||||||||||||||||||||| ]
L1 BW, GPU ID: 0, workgroupSize:256, workgroups:38912, experiments:100, traffic:127506841600 bytes, duration:3.8 ms, mean:33817.6 GB/sec, stdev=188.2 GB/sec
  0% [                                                            ]  1% [                                                            ]  2% [|                                                           ]  3% [|                                                           ]  4% [||                                                          ]  5% [|||                                                         ]  6% [|||                                                         ]  7% [||||                                                        ]  8% [||||                                                        ]  9% [|||||                                                       ] 10% [||||||                                                      ] 11% [||||||                                                      ] 12% [|||||||                                                     ] 13% [|||||||                                                     ] 14% [||||||||                                                    ] 15% [|||||||||                                                   ] 16% [|||||||||                                                   ] 17% [||||||||||                                                  ] 18% [||||||||||                                                  ] 19% [|||||||||||                                                 ] 20% [||||||||||||                                                ] 21% [||||||||||||                                                ] 22% [|||||||||||||                                               ] 23% [|||||||||||||                                               ] 24% [||||||||||||||                                              ] 25% [|||||||||||||||                                             ] 26% [|||||||||||||||                                             ] 27% [||||||||||||||||                                            ] 28% [||||||||||||||||                                            ] 29% [|||||||||||||||||                                           ] 30% [||||||||||||||||||                                          ] 31% [||||||||||||||||||                                          ] 32% [|||||||||||||||||||                                         ] 33% [|||||||||||||||||||                                         ] 34% [||||||||||||||||||||                                        ] 35% [|||||||||||||||||||||                                       ] 36% [|||||||||||||||||||||                                       ] 37% [||||||||||||||||||||||                                      ] 38% [||||||||||||||||||||||                                      ] 39% [|||||||||||||||||||||||                                     ] 40% [||||||||||||||||||||||||                                    ] 41% [||||||||||||||||||||||||                                    ] 42% [|||||||||||||||||||||||||                                   ] 43% [|||||||||||||||||||||||||                                   ] 44% [||||||||||||||||||||||||||                                  ] 45% [|||||||||||||||||||||||||||                                 ] 46% [|||||||||||||||||||||||||||                                 ] 47% [||||||||||||||||||||||||||||                                ] 48% [||||||||||||||||||||||||||||                                ] 49% [|||||||||||||||||||||||||||||                               ] 50% [||||||||||||||||||||||||||||||                              ] 51% [||||||||||||||||||||||||||||||                              ] 52% [|||||||||||||||||||||||||||||||                             ] 52% [|||||||||||||||||||||||||||||||                             ] 54% [||||||||||||||||||||||||||||||||                            ] 55% [|||||||||||||||||||||||||||||||||                           ] 56% [|||||||||||||||||||||||||||||||||                           ] 57% [||||||||||||||||||||||||||||||||||                          ] 58% [||||||||||||||||||||||||||||||||||                          ] 58% [|||||||||||||||||||||||||||||||||||                         ] 60% [||||||||||||||||||||||||||||||||||||                        ] 61% [||||||||||||||||||||||||||||||||||||                        ] 62% [|||||||||||||||||||||||||||||||||||||                       ] 63% [|||||||||||||||||||||||||||||||||||||                       ] 64% [||||||||||||||||||||||||||||||||||||||                      ] 65% [|||||||||||||||||||||||||||||||||||||||                     ] 66% [|||||||||||||||||||||||||||||||||||||||                     ] 67% [||||||||||||||||||||||||||||||||||||||||                    ] 68% [||||||||||||||||||||||||||||||||||||||||                    ] 69% [|||||||||||||||||||||||||||||||||||||||||                   ] 70% [||||||||||||||||||||||||||||||||||||||||||                  ] 71% [||||||||||||||||||||||||||||||||||||||||||                  ] 72% [|||||||||||||||||||||||||||||||||||||||||||                 ] 73% [|||||||||||||||||||||||||||||||||||||||||||                 ] 74% [||||||||||||||||||||||||||||||||||||||||||||                ] 75% [|||||||||||||||||||||||||||||||||||||||||||||               ] 76% [|||||||||||||||||||||||||||||||||||||||||||||               ] 77% [||||||||||||||||||||||||||||||||||||||||||||||              ] 78% [||||||||||||||||||||||||||||||||||||||||||||||              ] 79% [|||||||||||||||||||||||||||||||||||||||||||||||             ] 80% [||||||||||||||||||||||||||||||||||||||||||||||||            ] 81% [||||||||||||||||||||||||||||||||||||||||||||||||            ] 82% [|||||||||||||||||||||||||||||||||||||||||||||||||           ] 83% [|||||||||||||||||||||||||||||||||||||||||||||||||           ] 84% [||||||||||||||||||||||||||||||||||||||||||||||||||          ] 85% [|||||||||||||||||||||||||||||||||||||||||||||||||||         ] 86% [|||||||||||||||||||||||||||||||||||||||||||||||||||         ] 87% [||||||||||||||||||||||||||||||||||||||||||||||||||||        ] 88% [||||||||||||||||||||||||||||||||||||||||||||||||||||        ] 89% [|||||||||||||||||||||||||||||||||||||||||||||||||||||       ] 90% [||||||||||||||||||||||||||||||||||||||||||||||||||||||      ] 91% [||||||||||||||||||||||||||||||||||||||||||||||||||||||      ] 92% [|||||||||||||||||||||||||||||||||||||||||||||||||||||||     ] 93% [|||||||||||||||||||||||||||||||||||||||||||||||||||||||     ] 94% [||||||||||||||||||||||||||||||||||||||||||||||||||||||||    ] 95% [|||||||||||||||||||||||||||||||||||||||||||||||||||||||||   ] 96% [|||||||||||||||||||||||||||||||||||||||||||||||||||||||||   ] 97% [||||||||||||||||||||||||||||||||||||||||||||||||||||||||||  ] 98% [||||||||||||||||||||||||||||||||||||||||||||||||||||||||||  ] 99% [||||||||||||||||||||||||||||||||||||||||||||||||||||||||||| ]
LDS BW, GPU ID: 0, workgroupSize:256, workgroups:38912, experiments:100, traffic:79691776000 bytes, duration:1.1 ms, mean:71298.1 GB/sec, stdev=117.3 GB/sec
  0% [                                                            ]  1% [                                                            ]  2% [|                                                           ]  3% [|                                                           ]  4% [||                                                          ]  5% [|||                                                         ]  6% [|||                                                         ]  7% [||||                                                        ]  8% [||||                                                        ]  9% [|||||                                                       ] 10% [||||||                                                      ] 11% [||||||                                                      ] 12% [|||||||                                                     ] 13% [|||||||                                                     ] 14% [||||||||                                                    ] 15% [|||||||||                                                   ] 16% [|||||||||                                                   ] 17% [||||||||||                                                  ] 18% [||||||||||                                                  ] 19% [|||||||||||                                                 ] 20% [||||||||||||                                                ] 21% [||||||||||||                                                ] 22% [|||||||||||||                                               ] 23% [|||||||||||||                                               ] 24% [||||||||||||||                                              ] 25% [|||||||||||||||                                             ] 26% [|||||||||||||||                                             ] 27% [||||||||||||||||                                            ] 28% [||||||||||||||||                                            ] 29% [|||||||||||||||||                                           ] 30% [||||||||||||||||||                                          ] 31% [||||||||||||||||||                                          ] 32% [|||||||||||||||||||                                         ] 33% [|||||||||||||||||||                                         ] 34% [||||||||||||||||||||                                        ] 35% [|||||||||||||||||||||                                       ] 36% [|||||||||||||||||||||                                       ] 37% [||||||||||||||||||||||                                      ] 38% [||||||||||||||||||||||                                      ] 39% [|||||||||||||||||||||||                                     ] 40% [||||||||||||||||||||||||                                    ] 41% [||||||||||||||||||||||||                                    ] 42% [|||||||||||||||||||||||||                                   ] 43% [|||||||||||||||||||||||||                                   ] 44% [||||||||||||||||||||||||||                                  ] 45% [|||||||||||||||||||||||||||                                 ] 46% [|||||||||||||||||||||||||||                                 ] 47% [||||||||||||||||||||||||||||                                ] 48% [||||||||||||||||||||||||||||                                ] 49% [|||||||||||||||||||||||||||||                               ] 50% [||||||||||||||||||||||||||||||                              ] 51% [||||||||||||||||||||||||||||||                              ] 52% [|||||||||||||||||||||||||||||||                             ] 52% [|||||||||||||||||||||||||||||||                             ] 54% [||||||||||||||||||||||||||||||||                            ] 55% [|||||||||||||||||||||||||||||||||                           ] 56% [|||||||||||||||||||||||||||||||||                           ] 57% [||||||||||||||||||||||||||||||||||                          ] 58% [||||||||||||||||||||||||||||||||||                          ] 58% [|||||||||||||||||||||||||||||||||||                         ] 60% [||||||||||||||||||||||||||||||||||||                        ] 61% [||||||||||||||||||||||||||||||||||||                        ] 62% [|||||||||||||||||||||||||||||||||||||                       ] 63% [|||||||||||||||||||||||||||||||||||||                       ] 64% [||||||||||||||||||||||||||||||||||||||                      ] 65% [|||||||||||||||||||||||||||||||||||||||                     ] 66% [|||||||||||||||||||||||||||||||||||||||                     ] 67% [||||||||||||||||||||||||||||||||||||||||                    ] 68% [||||||||||||||||||||||||||||||||||||||||                    ] 69% [|||||||||||||||||||||||||||||||||||||||||                   ] 70% [||||||||||||||||||||||||||||||||||||||||||                  ] 71% [||||||||||||||||||||||||||||||||||||||||||                  ] 72% [|||||||||||||||||||||||||||||||||||||||||||                 ] 73% [|||||||||||||||||||||||||||||||||||||||||||                 ] 74% [||||||||||||||||||||||||||||||||||||||||||||                ] 75% [|||||||||||||||||||||||||||||||||||||||||||||               ] 76% [|||||||||||||||||||||||||||||||||||||||||||||               ] 77% [||||||||||||||||||||||||||||||||||||||||||||||              ] 78% [||||||||||||||||||||||||||||||||||||||||||||||              ] 79% [|||||||||||||||||||||||||||||||||||||||||||||||             ] 80% [||||||||||||||||||||||||||||||||||||||||||||||||            ] 81% [||||||||||||||||||||||||||||||||||||||||||||||||            ] 82% [|||||||||||||||||||||||||||||||||||||||||||||||||           ] 83% [|||||||||||||||||||||||||||||||||||||||||||||||||           ] 84% [||||||||||||||||||||||||||||||||||||||||||||||||||          ] 85% [|||||||||||||||||||||||||||||||||||||||||||||||||||         ] 86% [|||||||||||||||||||||||||||||||||||||||||||||||||||         ] 87% [||||||||||||||||||||||||||||||||||||||||||||||||||||        ] 88% [||||||||||||||||||||||||||||||||||||||||||||||||||||        ] 89% [|||||||||||||||||||||||||||||||||||||||||||||||||||||       ] 90% [||||||||||||||||||||||||||||||||||||||||||||||||||||||      ] 91% [||||||||||||||||||||||||||||||||||||||||||||||||||||||      ] 92% [|||||||||||||||||||||||||||||||||||||||||||||||||||||||     ] 93% [|||||||||||||||||||||||||||||||||||||||||||||||||||||||     ] 94% [||||||||||||||||||||||||||||||||||||||||||||||||||||||||    ] 95% [|||||||||||||||||||||||||||||||||||||||||||||||||||||||||   ] 96% [|||||||||||||||||||||||||||||||||||||||||||||||||||||||||   ] 97% [||||||||||||||||||||||||||||||||||||||||||||||||||||||||||  ] 98% [||||||||||||||||||||||||||||||||||||||||||||||||||||||||||  ] 99% [||||||||||||||||||||||||||||||||||||||||||||||||||||||||||| ]
Peak FLOPs (FP8), GPU ID: 0, workgroupSize:256, workgroups:38912, experiments:100, FLOP:1081258016768, duration:13.1 ms, mean:82568.4 GFLOPS, stdev=122.3 GFLOPS
  0% [                                                            ]  1% [                                                            ]  2% [|                                                           ]  3% [|                                                           ]  4% [||                                                          ]  5% [|||                                                         ]  6% [|||                                                         ]  7% [||||                                                        ]  8% [||||                                                        ]  9% [|||||                                                       ] 10% [||||||                                                      ] 11% [||||||                                                      ] 12% [|||||||                                                     ] 13% [|||||||                                                     ] 14% [||||||||                                                    ] 15% [|||||||||                                                   ] 16% [|||||||||                                                   ] 17% [||||||||||                                                  ] 18% [||||||||||                                                  ] 19% [|||||||||||                                                 ] 20% [||||||||||||                                                ] 21% [||||||||||||                                                ] 22% [|||||||||||||                                               ] 23% [|||||||||||||                                               ] 24% [||||||||||||||                                              ] 25% [|||||||||||||||                                             ] 26% [|||||||||||||||                                             ] 27% [||||||||||||||||                                            ] 28% [||||||||||||||||                                            ] 29% [|||||||||||||||||                                           ] 30% [||||||||||||||||||                                          ] 31% [||||||||||||||||||                                          ] 32% [|||||||||||||||||||                                         ] 33% [|||||||||||||||||||                                         ] 34% [||||||||||||||||||||                                        ] 35% [|||||||||||||||||||||                                       ] 36% [|||||||||||||||||||||                                       ] 37% [||||||||||||||||||||||                                      ] 38% [||||||||||||||||||||||                                      ] 39% [|||||||||||||||||||||||                                     ] 40% [||||||||||||||||||||||||                                    ] 41% [||||||||||||||||||||||||                                    ] 42% [|||||||||||||||||||||||||                                   ] 43% [|||||||||||||||||||||||||                                   ] 44% [||||||||||||||||||||||||||                                  ] 45% [|||||||||||||||||||||||||||                                 ] 46% [|||||||||||||||||||||||||||                                 ] 47% [||||||||||||||||||||||||||||                                ] 48% [||||||||||||||||||||||||||||                                ] 49% [|||||||||||||||||||||||||||||                               ] 50% [||||||||||||||||||||||||||||||                              ] 51% [||||||||||||||||||||||||||||||                              ] 52% [|||||||||||||||||||||||||||||||                             ] 52% [|||||||||||||||||||||||||||||||                             ] 54% [||||||||||||||||||||||||||||||||                            ] 55% [|||||||||||||||||||||||||||||||||                           ] 56% [|||||||||||||||||||||||||||||||||                           ] 57% [||||||||||||||||||||||||||||||||||                          ] 58% [||||||||||||||||||||||||||||||||||                          ] 58% [|||||||||||||||||||||||||||||||||||                         ] 60% [||||||||||||||||||||||||||||||||||||                        ] 61% [||||||||||||||||||||||||||||||||||||                        ] 62% [|||||||||||||||||||||||||||||||||||||                       ] 63% [|||||||||||||||||||||||||||||||||||||                       ] 64% [||||||||||||||||||||||||||||||||||||||                      ] 65% [|||||||||||||||||||||||||||||||||||||||                     ] 66% [|||||||||||||||||||||||||||||||||||||||                     ] 67% [||||||||||||||||||||||||||||||||||||||||                    ] 68% [||||||||||||||||||||||||||||||||||||||||                    ] 69% [|||||||||||||||||||||||||||||||||||||||||                   ] 70% [||||||||||||||||||||||||||||||||||||||||||                  ] 71% [||||||||||||||||||||||||||||||||||||||||||                  ] 72% [|||||||||||||||||||||||||||||||||||||||||||                 ] 73% [|||||||||||||||||||||||||||||||||||||||||||                 ] 74% [||||||||||||||||||||||||||||||||||||||||||||                ] 75% [|||||||||||||||||||||||||||||||||||||||||||||               ] 76% [|||||||||||||||||||||||||||||||||||||||||||||               ] 77% [||||||||||||||||||||||||||||||||||||||||||||||              ] 78% [||||||||||||||||||||||||||||||||||||||||||||||              ] 79% [|||||||||||||||||||||||||||||||||||||||||||||||             ] 80% [||||||||||||||||||||||||||||||||||||||||||||||||            ] 81% [||||||||||||||||||||||||||||||||||||||||||||||||            ] 82% [|||||||||||||||||||||||||||||||||||||||||||||||||           ] 83% [|||||||||||||||||||||||||||||||||||||||||||||||||           ] 84% [||||||||||||||||||||||||||||||||||||||||||||||||||          ] 85% [|||||||||||||||||||||||||||||||||||||||||||||||||||         ] 86% [|||||||||||||||||||||||||||||||||||||||||||||||||||         ] 87% [||||||||||||||||||||||||||||||||||||||||||||||||||||        ] 88% [||||||||||||||||||||||||||||||||||||||||||||||||||||        ] 89% [|||||||||||||||||||||||||||||||||||||||||||||||||||||       ] 90% [||||||||||||||||||||||||||||||||||||||||||||||||||||||      ] 91% [||||||||||||||||||||||||||||||||||||||||||||||||||||||      ] 92% [|||||||||||||||||||||||||||||||||||||||||||||||||||||||     ] 93% [|||||||||||||||||||||||||||||||||||||||||||||||||||||||     ] 94% [||||||||||||||||||||||||||||||||||||||||||||||||||||||||    ] 95% [|||||||||||||||||||||||||||||||||||||||||||||||||||||||||   ] 96% [|||||||||||||||||||||||||||||||||||||||||||||||||||||||||   ] 97% [||||||||||||||||||||||||||||||||||||||||||||||||||||||||||  ] 98% [||||||||||||||||||||||||||||||||||||||||||||||||||||||||||  ] 99% [||||||||||||||||||||||||||||||||||||||||||||||||||||||||||| ]
Peak FLOPs (FP16), GPU ID: 0, workgroupSize:256, workgroups:38912, experiments:100, FLOP:530428461056, duration:13.5 ms, mean:39331.8 GFLOPS, stdev=52.7 GFLOPS
  0% [                                                            ]  1% [                                                            ]  2% [|                                                           ]  3% [|                                                           ]  4% [||                                                          ]  5% [|||                                                         ]  6% [|||                                                         ]  7% [||||                                                        ]  8% [||||                                                        ]  9% [|||||                                                       ] 10% [||||||                                                      ] 11% [||||||                                                      ] 12% [|||||||                                                     ] 13% [|||||||                                                     ] 14% [||||||||                                                    ] 15% [|||||||||                                                   ] 16% [|||||||||                                                   ] 17% [||||||||||                                                  ] 18% [||||||||||                                                  ] 19% [|||||||||||                                                 ] 20% [||||||||||||                                                ] 21% [||||||||||||                                                ] 22% [|||||||||||||                                               ] 23% [|||||||||||||                                               ] 24% [||||||||||||||                                              ] 25% [|||||||||||||||                                             ] 26% [|||||||||||||||                                             ] 27% [||||||||||||||||                                            ] 28% [||||||||||||||||                                            ] 29% [|||||||||||||||||                                           ] 30% [||||||||||||||||||                                          ] 31% [||||||||||||||||||                                          ] 32% [|||||||||||||||||||                                         ] 33% [|||||||||||||||||||                                         ] 34% [||||||||||||||||||||                                        ] 35% [|||||||||||||||||||||                                       ] 36% [|||||||||||||||||||||                                       ] 37% [||||||||||||||||||||||                                      ] 38% [||||||||||||||||||||||                                      ] 39% [|||||||||||||||||||||||                                     ] 40% [||||||||||||||||||||||||                                    ] 41% [||||||||||||||||||||||||                                    ] 42% [|||||||||||||||||||||||||                                   ] 43% [|||||||||||||||||||||||||                                   ] 44% [||||||||||||||||||||||||||                                  ] 45% [|||||||||||||||||||||||||||                                 ] 46% [|||||||||||||||||||||||||||                                 ] 47% [||||||||||||||||||||||||||||                                ] 48% [||||||||||||||||||||||||||||                                ] 49% [|||||||||||||||||||||||||||||                               ] 50% [||||||||||||||||||||||||||||||                              ] 51% [||||||||||||||||||||||||||||||                              ] 52% [|||||||||||||||||||||||||||||||                             ] 52% [|||||||||||||||||||||||||||||||                             ] 54% [||||||||||||||||||||||||||||||||                            ] 55% [|||||||||||||||||||||||||||||||||                           ] 56% [|||||||||||||||||||||||||||||||||                           ] 57% [||||||||||||||||||||||||||||||||||                          ] 58% [||||||||||||||||||||||||||||||||||                          ] 58% [|||||||||||||||||||||||||||||||||||                         ] 60% [||||||||||||||||||||||||||||||||||||                        ] 61% [||||||||||||||||||||||||||||||||||||                        ] 62% [|||||||||||||||||||||||||||||||||||||                       ] 63% [|||||||||||||||||||||||||||||||||||||                       ] 64% [||||||||||||||||||||||||||||||||||||||                      ] 65% [|||||||||||||||||||||||||||||||||||||||                     ] 66% [|||||||||||||||||||||||||||||||||||||||                     ] 67% [||||||||||||||||||||||||||||||||||||||||                    ] 68% [||||||||||||||||||||||||||||||||||||||||                    ] 69% [|||||||||||||||||||||||||||||||||||||||||                   ] 70% [||||||||||||||||||||||||||||||||||||||||||                  ] 71% [||||||||||||||||||||||||||||||||||||||||||                  ] 72% [|||||||||||||||||||||||||||||||||||||||||||                 ] 73% [|||||||||||||||||||||||||||||||||||||||||||                 ] 74% [||||||||||||||||||||||||||||||||||||||||||||                ] 75% [|||||||||||||||||||||||||||||||||||||||||||||               ] 76% [|||||||||||||||||||||||||||||||||||||||||||||               ] 77% [||||||||||||||||||||||||||||||||||||||||||||||              ] 78% [||||||||||||||||||||||||||||||||||||||||||||||              ] 79% [|||||||||||||||||||||||||||||||||||||||||||||||             ] 80% [||||||||||||||||||||||||||||||||||||||||||||||||            ] 81% [||||||||||||||||||||||||||||||||||||||||||||||||            ] 82% [|||||||||||||||||||||||||||||||||||||||||||||||||           ] 83% [|||||||||||||||||||||||||||||||||||||||||||||||||           ] 84% [||||||||||||||||||||||||||||||||||||||||||||||||||          ] 85% [|||||||||||||||||||||||||||||||||||||||||||||||||||         ] 86% [|||||||||||||||||||||||||||||||||||||||||||||||||||         ] 87% [||||||||||||||||||||||||||||||||||||||||||||||||||||        ] 88% [||||||||||||||||||||||||||||||||||||||||||||||||||||        ] 89% [|||||||||||||||||||||||||||||||||||||||||||||||||||||       ] 90% [||||||||||||||||||||||||||||||||||||||||||||||||||||||      ] 91% [||||||||||||||||||||||||||||||||||||||||||||||||||||||      ] 92% [|||||||||||||||||||||||||||||||||||||||||||||||||||||||     ] 93% [|||||||||||||||||||||||||||||||||||||||||||||||||||||||     ] 94% [||||||||||||||||||||||||||||||||||||||||||||||||||||||||    ] 95% [|||||||||||||||||||||||||||||||||||||||||||||||||||||||||   ] 96% [|||||||||||||||||||||||||||||||||||||||||||||||||||||||||   ] 97% [||||||||||||||||||||||||||||||||||||||||||||||||||||||||||  ] 98% [||||||||||||||||||||||||||||||||||||||||||||||||||||||||||  ] 99% [||||||||||||||||||||||||||||||||||||||||||||||||||||||||||| ]
Peak FLOPs (BF16), GPU ID: 0, workgroupSize:256, workgroups:38912, experiments:100, FLOP:530428461056, duration:96.103 ms, mean:5523.4 GFLOPS, stdev=6.4 GFLOPS
  0% [                                                            ]  1% [                                                            ]  2% [|                                                           ]  3% [|                                                           ]  4% [||                                                          ]  5% [|||                                                         ]  6% [|||                                                         ]  7% [||||                                                        ]  8% [||||                                                        ]  9% [|||||                                                       ] 10% [||||||                                                      ] 11% [||||||                                                      ] 12% [|||||||                                                     ] 13% [|||||||                                                     ] 14% [||||||||                                                    ] 15% [|||||||||                                                   ] 16% [|||||||||                                                   ] 17% [||||||||||                                                  ] 18% [||||||||||                                                  ] 19% [|||||||||||                                                 ] 20% [||||||||||||                                                ] 21% [||||||||||||                                                ] 22% [|||||||||||||                                               ] 23% [|||||||||||||                                               ] 24% [||||||||||||||                                              ] 25% [|||||||||||||||                                             ] 26% [|||||||||||||||                                             ] 27% [||||||||||||||||                                            ] 28% [||||||||||||||||                                            ] 29% [|||||||||||||||||                                           ] 30% [||||||||||||||||||                                          ] 31% [||||||||||||||||||                                          ] 32% [|||||||||||||||||||                                         ] 33% [|||||||||||||||||||                                         ] 34% [||||||||||||||||||||                                        ] 35% [|||||||||||||||||||||                                       ] 36% [|||||||||||||||||||||                                       ] 37% [||||||||||||||||||||||                                      ] 38% [||||||||||||||||||||||                                      ] 39% [|||||||||||||||||||||||                                     ] 40% [||||||||||||||||||||||||                                    ] 41% [||||||||||||||||||||||||                                    ] 42% [|||||||||||||||||||||||||                                   ] 43% [|||||||||||||||||||||||||                                   ] 44% [||||||||||||||||||||||||||                                  ] 45% [|||||||||||||||||||||||||||                                 ] 46% [|||||||||||||||||||||||||||                                 ] 47% [||||||||||||||||||||||||||||                                ] 48% [||||||||||||||||||||||||||||                                ] 49% [|||||||||||||||||||||||||||||                               ] 50% [||||||||||||||||||||||||||||||                              ] 51% [||||||||||||||||||||||||||||||                              ] 52% [|||||||||||||||||||||||||||||||                             ] 52% [|||||||||||||||||||||||||||||||                             ] 54% [||||||||||||||||||||||||||||||||                            ] 55% [|||||||||||||||||||||||||||||||||                           ] 56% [|||||||||||||||||||||||||||||||||                           ] 57% [||||||||||||||||||||||||||||||||||                          ] 58% [||||||||||||||||||||||||||||||||||                          ] 58% [|||||||||||||||||||||||||||||||||||                         ] 60% [||||||||||||||||||||||||||||||||||||                        ] 61% [||||||||||||||||||||||||||||||||||||                        ] 62% [|||||||||||||||||||||||||||||||||||||                       ] 63% [|||||||||||||||||||||||||||||||||||||                       ] 64% [||||||||||||||||||||||||||||||||||||||                      ] 65% [|||||||||||||||||||||||||||||||||||||||                     ] 66% [|||||||||||||||||||||||||||||||||||||||                     ] 67% [||||||||||||||||||||||||||||||||||||||||                    ] 68% [||||||||||||||||||||||||||||||||||||||||                    ] 69% [|||||||||||||||||||||||||||||||||||||||||                   ] 70% [||||||||||||||||||||||||||||||||||||||||||                  ] 71% [||||||||||||||||||||||||||||||||||||||||||                  ] 72% [|||||||||||||||||||||||||||||||||||||||||||                 ] 73% [|||||||||||||||||||||||||||||||||||||||||||                 ] 74% [||||||||||||||||||||||||||||||||||||||||||||                ] 75% [|||||||||||||||||||||||||||||||||||||||||||||               ] 76% [|||||||||||||||||||||||||||||||||||||||||||||               ] 77% [||||||||||||||||||||||||||||||||||||||||||||||              ] 78% [||||||||||||||||||||||||||||||||||||||||||||||              ] 79% [|||||||||||||||||||||||||||||||||||||||||||||||             ] 80% [||||||||||||||||||||||||||||||||||||||||||||||||            ] 81% [||||||||||||||||||||||||||||||||||||||||||||||||            ] 82% [|||||||||||||||||||||||||||||||||||||||||||||||||           ] 83% [|||||||||||||||||||||||||||||||||||||||||||||||||           ] 84% [||||||||||||||||||||||||||||||||||||||||||||||||||          ] 85% [|||||||||||||||||||||||||||||||||||||||||||||||||||         ] 86% [|||||||||||||||||||||||||||||||||||||||||||||||||||         ] 87% [||||||||||||||||||||||||||||||||||||||||||||||||||||        ] 88% [||||||||||||||||||||||||||||||||||||||||||||||||||||        ] 89% [|||||||||||||||||||||||||||||||||||||||||||||||||||||       ] 90% [||||||||||||||||||||||||||||||||||||||||||||||||||||||      ] 91% [||||||||||||||||||||||||||||||||||||||||||||||||||||||      ] 92% [|||||||||||||||||||||||||||||||||||||||||||||||||||||||     ] 93% [|||||||||||||||||||||||||||||||||||||||||||||||||||||||     ] 94% [||||||||||||||||||||||||||||||||||||||||||||||||||||||||    ] 95% [|||||||||||||||||||||||||||||||||||||||||||||||||||||||||   ] 96% [|||||||||||||||||||||||||||||||||||||||||||||||||||||||||   ] 97% [||||||||||||||||||||||||||||||||||||||||||||||||||||||||||  ] 98% [||||||||||||||||||||||||||||||||||||||||||||||||||||||||||  ] 99% [||||||||||||||||||||||||||||||||||||||||||||||||||||||||||| ]
Peak FLOPs (FP32), GPU ID: 0, workgroupSize:256, workgroups:38912, experiments:100, FLOP:265214230528, duration:2.073 ms, mean:128360.5 GFLOPS, stdev=1262.7 GFLOPS
  0% [                                                            ]  1% [                                                            ]  2% [|                                                           ]  3% [|                                                           ]  4% [||                                                          ]  5% [|||                                                         ]  6% [|||                                                         ]  7% [||||                                                        ]  8% [||||                                                        ]  9% [|||||                                                       ] 10% [||||||                                                      ] 11% [||||||                                                      ] 12% [|||||||                                                     ] 13% [|||||||                                                     ] 14% [||||||||                                                    ] 15% [|||||||||                                                   ] 16% [|||||||||                                                   ] 17% [||||||||||                                                  ] 18% [||||||||||                                                  ] 19% [|||||||||||                                                 ] 20% [||||||||||||                                                ] 21% [||||||||||||                                                ] 22% [|||||||||||||                                               ] 23% [|||||||||||||                                               ] 24% [||||||||||||||                                              ] 25% [|||||||||||||||                                             ] 26% [|||||||||||||||                                             ] 27% [||||||||||||||||                                            ] 28% [||||||||||||||||                                            ] 29% [|||||||||||||||||                                           ] 30% [||||||||||||||||||                                          ] 31% [||||||||||||||||||                                          ] 32% [|||||||||||||||||||                                         ] 33% [|||||||||||||||||||                                         ] 34% [||||||||||||||||||||                                        ] 35% [|||||||||||||||||||||                                       ] 36% [|||||||||||||||||||||                                       ] 37% [||||||||||||||||||||||                                      ] 38% [||||||||||||||||||||||                                      ] 39% [|||||||||||||||||||||||                                     ] 40% [||||||||||||||||||||||||                                    ] 41% [||||||||||||||||||||||||                                    ] 42% [|||||||||||||||||||||||||                                   ] 43% [|||||||||||||||||||||||||                                   ] 44% [||||||||||||||||||||||||||                                  ] 45% [|||||||||||||||||||||||||||                                 ] 46% [|||||||||||||||||||||||||||                                 ] 47% [||||||||||||||||||||||||||||                                ] 48% [||||||||||||||||||||||||||||                                ] 49% [|||||||||||||||||||||||||||||                               ] 50% [||||||||||||||||||||||||||||||                              ] 51% [||||||||||||||||||||||||||||||                              ] 52% [|||||||||||||||||||||||||||||||                             ] 52% [|||||||||||||||||||||||||||||||                             ] 54% [||||||||||||||||||||||||||||||||                            ] 55% [|||||||||||||||||||||||||||||||||                           ] 56% [|||||||||||||||||||||||||||||||||                           ] 57% [||||||||||||||||||||||||||||||||||                          ] 58% [||||||||||||||||||||||||||||||||||                          ] 58% [|||||||||||||||||||||||||||||||||||                         ] 60% [||||||||||||||||||||||||||||||||||||                        ] 61% [||||||||||||||||||||||||||||||||||||                        ] 62% [|||||||||||||||||||||||||||||||||||||                       ] 63% [|||||||||||||||||||||||||||||||||||||                       ] 64% [||||||||||||||||||||||||||||||||||||||                      ] 65% [|||||||||||||||||||||||||||||||||||||||                     ] 66% [|||||||||||||||||||||||||||||||||||||||                     ] 67% [||||||||||||||||||||||||||||||||||||||||                    ] 68% [||||||||||||||||||||||||||||||||||||||||                    ] 69% [|||||||||||||||||||||||||||||||||||||||||                   ] 70% [||||||||||||||||||||||||||||||||||||||||||                  ] 71% [||||||||||||||||||||||||||||||||||||||||||                  ] 72% [|||||||||||||||||||||||||||||||||||||||||||                 ] 73% [|||||||||||||||||||||||||||||||||||||||||||                 ] 74% [||||||||||||||||||||||||||||||||||||||||||||                ] 75% [|||||||||||||||||||||||||||||||||||||||||||||               ] 76% [|||||||||||||||||||||||||||||||||||||||||||||               ] 77% [||||||||||||||||||||||||||||||||||||||||||||||              ] 78% [||||||||||||||||||||||||||||||||||||||||||||||              ] 79% [|||||||||||||||||||||||||||||||||||||||||||||||             ] 80% [||||||||||||||||||||||||||||||||||||||||||||||||            ] 81% [||||||||||||||||||||||||||||||||||||||||||||||||            ] 82% [|||||||||||||||||||||||||||||||||||||||||||||||||           ] 83% [|||||||||||||||||||||||||||||||||||||||||||||||||           ] 84% [||||||||||||||||||||||||||||||||||||||||||||||||||          ] 85% [|||||||||||||||||||||||||||||||||||||||||||||||||||         ] 86% [|||||||||||||||||||||||||||||||||||||||||||||||||||         ] 87% [||||||||||||||||||||||||||||||||||||||||||||||||||||        ] 88% [||||||||||||||||||||||||||||||||||||||||||||||||||||        ] 89% [|||||||||||||||||||||||||||||||||||||||||||||||||||||       ] 90% [||||||||||||||||||||||||||||||||||||||||||||||||||||||      ] 91% [||||||||||||||||||||||||||||||||||||||||||||||||||||||      ] 92% [|||||||||||||||||||||||||||||||||||||||||||||||||||||||     ] 93% [|||||||||||||||||||||||||||||||||||||||||||||||||||||||     ] 94% [||||||||||||||||||||||||||||||||||||||||||||||||||||||||    ] 95% [|||||||||||||||||||||||||||||||||||||||||||||||||||||||||   ] 96% [|||||||||||||||||||||||||||||||||||||||||||||||||||||||||   ] 97% [||||||||||||||||||||||||||||||||||||||||||||||||||||||||||  ] 98% [||||||||||||||||||||||||||||||||||||||||||||||||||||||||||  ] 99% [||||||||||||||||||||||||||||||||||||||||||||||||||||||||||| ]
Peak FLOPs (FP64), GPU ID: 0, workgroupSize:256, workgroups:38912, experiments:100, FLOP:122406567936, duration:1.8 ms, mean:67442.2 GFLOPS, stdev=482.1 GFLOPS
  0% [                                                            ]  1% [                                                            ]  2% [|                                                           ]  3% [|                                                           ]  4% [||                                                          ]  5% [|||                                                         ]  6% [|||                                                         ]  7% [||||                                                        ]  8% [||||                                                        ]  9% [|||||                                                       ] 10% [||||||                                                      ] 11% [||||||                                                      ] 12% [|||||||                                                     ] 13% [|||||||                                                     ] 14% [||||||||                                                    ] 15% [|||||||||                                                   ] 16% [|||||||||                                                   ] 17% [||||||||||                                                  ] 18% [||||||||||                                                  ] 19% [|||||||||||                                                 ] 20% [||||||||||||                                                ] 21% [||||||||||||                                                ] 22% [|||||||||||||                                               ] 23% [|||||||||||||                                               ] 24% [||||||||||||||                                              ] 25% [|||||||||||||||                                             ] 26% [|||||||||||||||                                             ] 27% [||||||||||||||||                                            ] 28% [||||||||||||||||                                            ] 29% [|||||||||||||||||                                           ] 30% [||||||||||||||||||                                          ] 31% [||||||||||||||||||                                          ] 32% [|||||||||||||||||||                                         ] 33% [|||||||||||||||||||                                         ] 34% [||||||||||||||||||||                                        ] 35% [|||||||||||||||||||||                                       ] 36% [|||||||||||||||||||||                                       ] 37% [||||||||||||||||||||||                                      ] 38% [||||||||||||||||||||||                                      ] 39% [|||||||||||||||||||||||                                     ] 40% [||||||||||||||||||||||||                                    ] 41% [||||||||||||||||||||||||                                    ] 42% [|||||||||||||||||||||||||                                   ] 43% [|||||||||||||||||||||||||                                   ] 44% [||||||||||||||||||||||||||                                  ] 45% [|||||||||||||||||||||||||||                                 ] 46% [|||||||||||||||||||||||||||                                 ] 47% [||||||||||||||||||||||||||||                                ] 48% [||||||||||||||||||||||||||||                                ] 49% [|||||||||||||||||||||||||||||                               ] 50% [||||||||||||||||||||||||||||||                              ] 51% [||||||||||||||||||||||||||||||                              ] 52% [|||||||||||||||||||||||||||||||                             ] 52% [|||||||||||||||||||||||||||||||                             ] 54% [||||||||||||||||||||||||||||||||                            ] 55% [|||||||||||||||||||||||||||||||||                           ] 56% [|||||||||||||||||||||||||||||||||                           ] 57% [||||||||||||||||||||||||||||||||||                          ] 58% [||||||||||||||||||||||||||||||||||                          ] 58% [|||||||||||||||||||||||||||||||||||                         ] 60% [||||||||||||||||||||||||||||||||||||                        ] 61% [||||||||||||||||||||||||||||||||||||                        ] 62% [|||||||||||||||||||||||||||||||||||||                       ] 63% [|||||||||||||||||||||||||||||||||||||                       ] 64% [||||||||||||||||||||||||||||||||||||||                      ] 65% [|||||||||||||||||||||||||||||||||||||||                     ] 66% [|||||||||||||||||||||||||||||||||||||||                     ] 67% [||||||||||||||||||||||||||||||||||||||||                    ] 68% [||||||||||||||||||||||||||||||||||||||||                    ] 69% [|||||||||||||||||||||||||||||||||||||||||                   ] 70% [||||||||||||||||||||||||||||||||||||||||||                  ] 71% [||||||||||||||||||||||||||||||||||||||||||                  ] 72% [|||||||||||||||||||||||||||||||||||||||||||                 ] 73% [|||||||||||||||||||||||||||||||||||||||||||                 ] 74% [||||||||||||||||||||||||||||||||||||||||||||                ] 75% [|||||||||||||||||||||||||||||||||||||||||||||               ] 76% [|||||||||||||||||||||||||||||||||||||||||||||               ] 77% [||||||||||||||||||||||||||||||||||||||||||||||              ] 78% [||||||||||||||||||||||||||||||||||||||||||||||              ] 79% [|||||||||||||||||||||||||||||||||||||||||||||||             ] 80% [||||||||||||||||||||||||||||||||||||||||||||||||            ] 81% [||||||||||||||||||||||||||||||||||||||||||||||||            ] 82% [|||||||||||||||||||||||||||||||||||||||||||||||||           ] 83% [|||||||||||||||||||||||||||||||||||||||||||||||||           ] 84% [||||||||||||||||||||||||||||||||||||||||||||||||||          ] 85% [|||||||||||||||||||||||||||||||||||||||||||||||||||         ] 86% [|||||||||||||||||||||||||||||||||||||||||||||||||||         ] 87% [||||||||||||||||||||||||||||||||||||||||||||||||||||        ] 88% [||||||||||||||||||||||||||||||||||||||||||||||||||||        ] 89% [|||||||||||||||||||||||||||||||||||||||||||||||||||||       ] 90% [||||||||||||||||||||||||||||||||||||||||||||||||||||||      ] 91% [||||||||||||||||||||||||||||||||||||||||||||||||||||||      ] 92% [|||||||||||||||||||||||||||||||||||||||||||||||||||||||     ] 93% [|||||||||||||||||||||||||||||||||||||||||||||||||||||||     ] 94% [||||||||||||||||||||||||||||||||||||||||||||||||||||||||    ] 95% [|||||||||||||||||||||||||||||||||||||||||||||||||||||||||   ] 96% [|||||||||||||||||||||||||||||||||||||||||||||||||||||||||   ] 97% [||||||||||||||||||||||||||||||||||||||||||||||||||||||||||  ] 98% [||||||||||||||||||||||||||||||||||||||||||||||||||||||||||  ] 99% [||||||||||||||||||||||||||||||||||||||||||||||||||||||||||| ]
Peak IOPs (INT8), GPU ID: 0, workgroupSize:256, workgroups:38912, experiments:100, IOP:1081258016768, duration:13.2 ms, mean:81412.4 GOPS, stdev=132.1 GOPS
  0% [                                                            ]  1% [                                                            ]  2% [|                                                           ]  3% [|                                                           ]  4% [||                                                          ]  5% [|||                                                         ]  6% [|||                                                         ]  7% [||||                                                        ]  8% [||||                                                        ]  9% [|||||                                                       ] 10% [||||||                                                      ] 11% [||||||                                                      ] 12% [|||||||                                                     ] 13% [|||||||                                                     ] 14% [||||||||                                                    ] 15% [|||||||||                                                   ] 16% [|||||||||                                                   ] 17% [||||||||||                                                  ] 18% [||||||||||                                                  ] 19% [|||||||||||                                                 ] 20% [||||||||||||                                                ] 21% [||||||||||||                                                ] 22% [|||||||||||||                                               ] 23% [|||||||||||||                                               ] 24% [||||||||||||||                                              ] 25% [|||||||||||||||                                             ] 26% [|||||||||||||||                                             ] 27% [||||||||||||||||                                            ] 28% [||||||||||||||||                                            ] 29% [|||||||||||||||||                                           ] 30% [||||||||||||||||||                                          ] 31% [||||||||||||||||||                                          ] 32% [|||||||||||||||||||                                         ] 33% [|||||||||||||||||||                                         ] 34% [||||||||||||||||||||                                        ] 35% [|||||||||||||||||||||                                       ] 36% [|||||||||||||||||||||                                       ] 37% [||||||||||||||||||||||                                      ] 38% [||||||||||||||||||||||                                      ] 39% [|||||||||||||||||||||||                                     ] 40% [||||||||||||||||||||||||                                    ] 41% [||||||||||||||||||||||||                                    ] 42% [|||||||||||||||||||||||||                                   ] 43% [|||||||||||||||||||||||||                                   ] 44% [||||||||||||||||||||||||||                                  ] 45% [|||||||||||||||||||||||||||                                 ] 46% [|||||||||||||||||||||||||||                                 ] 47% [||||||||||||||||||||||||||||                                ] 48% [||||||||||||||||||||||||||||                                ] 49% [|||||||||||||||||||||||||||||                               ] 50% [||||||||||||||||||||||||||||||                              ] 51% [||||||||||||||||||||||||||||||                              ] 52% [|||||||||||||||||||||||||||||||                             ] 52% [|||||||||||||||||||||||||||||||                             ] 54% [||||||||||||||||||||||||||||||||                            ] 55% [|||||||||||||||||||||||||||||||||                           ] 56% [|||||||||||||||||||||||||||||||||                           ] 57% [||||||||||||||||||||||||||||||||||                          ] 58% [||||||||||||||||||||||||||||||||||                          ] 58% [|||||||||||||||||||||||||||||||||||                         ] 60% [||||||||||||||||||||||||||||||||||||                        ] 61% [||||||||||||||||||||||||||||||||||||                        ] 62% [|||||||||||||||||||||||||||||||||||||                       ] 63% [|||||||||||||||||||||||||||||||||||||                       ] 64% [||||||||||||||||||||||||||||||||||||||                      ] 65% [|||||||||||||||||||||||||||||||||||||||                     ] 66% [|||||||||||||||||||||||||||||||||||||||                     ] 67% [||||||||||||||||||||||||||||||||||||||||                    ] 68% [||||||||||||||||||||||||||||||||||||||||                    ] 69% [|||||||||||||||||||||||||||||||||||||||||                   ] 70% [||||||||||||||||||||||||||||||||||||||||||                  ] 71% [||||||||||||||||||||||||||||||||||||||||||                  ] 72% [|||||||||||||||||||||||||||||||||||||||||||                 ] 73% [|||||||||||||||||||||||||||||||||||||||||||                 ] 74% [||||||||||||||||||||||||||||||||||||||||||||                ] 75% [|||||||||||||||||||||||||||||||||||||||||||||               ] 76% [|||||||||||||||||||||||||||||||||||||||||||||               ] 77% [||||||||||||||||||||||||||||||||||||||||||||||              ] 78% [||||||||||||||||||||||||||||||||||||||||||||||              ] 79% [|||||||||||||||||||||||||||||||||||||||||||||||             ] 80% [||||||||||||||||||||||||||||||||||||||||||||||||            ] 81% [||||||||||||||||||||||||||||||||||||||||||||||||            ] 82% [|||||||||||||||||||||||||||||||||||||||||||||||||           ] 83% [|||||||||||||||||||||||||||||||||||||||||||||||||           ] 84% [||||||||||||||||||||||||||||||||||||||||||||||||||          ] 85% [|||||||||||||||||||||||||||||||||||||||||||||||||||         ] 86% [|||||||||||||||||||||||||||||||||||||||||||||||||||         ] 87% [||||||||||||||||||||||||||||||||||||||||||||||||||||        ] 88% [||||||||||||||||||||||||||||||||||||||||||||||||||||        ] 89% [|||||||||||||||||||||||||||||||||||||||||||||||||||||       ] 90% [||||||||||||||||||||||||||||||||||||||||||||||||||||||      ] 91% [||||||||||||||||||||||||||||||||||||||||||||||||||||||      ] 92% [|||||||||||||||||||||||||||||||||||||||||||||||||||||||     ] 93% [|||||||||||||||||||||||||||||||||||||||||||||||||||||||     ] 94% [||||||||||||||||||||||||||||||||||||||||||||||||||||||||    ] 95% [|||||||||||||||||||||||||||||||||||||||||||||||||||||||||   ] 96% [|||||||||||||||||||||||||||||||||||||||||||||||||||||||||   ] 97% [||||||||||||||||||||||||||||||||||||||||||||||||||||||||||  ] 98% [||||||||||||||||||||||||||||||||||||||||||||||||||||||||||  ] 99% [||||||||||||||||||||||||||||||||||||||||||||||||||||||||||| ]
Peak IOPs (INT32), GPU ID: 0, workgroupSize:256, workgroups:38912, experiments:100, IOP:265214230528, duration:3.8 ms, mean:70262.0 GOPS, stdev=403.4 GOPS
  0% [                                                            ]  1% [                                                            ]  2% [|                                                           ]  3% [|                                                           ]  4% [||                                                          ]  5% [|||                                                         ]  6% [|||                                                         ]  7% [||||                                                        ]  8% [||||                                                        ]  9% [|||||                                                       ] 10% [||||||                                                      ] 11% [||||||                                                      ] 12% [|||||||                                                     ] 13% [|||||||                                                     ] 14% [||||||||                                                    ] 15% [|||||||||                                                   ] 16% [|||||||||                                                   ] 17% [||||||||||                                                  ] 18% [||||||||||                                                  ] 19% [|||||||||||                                                 ] 20% [||||||||||||                                                ] 21% [||||||||||||                                                ] 22% [|||||||||||||                                               ] 23% [|||||||||||||                                               ] 24% [||||||||||||||                                              ] 25% [|||||||||||||||                                             ] 26% [|||||||||||||||                                             ] 27% [||||||||||||||||                                            ] 28% [||||||||||||||||                                            ] 29% [|||||||||||||||||                                           ] 30% [||||||||||||||||||                                          ] 31% [||||||||||||||||||                                          ] 32% [|||||||||||||||||||                                         ] 33% [|||||||||||||||||||                                         ] 34% [||||||||||||||||||||                                        ] 35% [|||||||||||||||||||||                                       ] 36% [|||||||||||||||||||||                                       ] 37% [||||||||||||||||||||||                                      ] 38% [||||||||||||||||||||||                                      ] 39% [|||||||||||||||||||||||                                     ] 40% [||||||||||||||||||||||||                                    ] 41% [||||||||||||||||||||||||                                    ] 42% [|||||||||||||||||||||||||                                   ] 43% [|||||||||||||||||||||||||                                   ] 44% [||||||||||||||||||||||||||                                  ] 45% [|||||||||||||||||||||||||||                                 ] 46% [|||||||||||||||||||||||||||                                 ] 47% [||||||||||||||||||||||||||||                                ] 48% [||||||||||||||||||||||||||||                                ] 49% [|||||||||||||||||||||||||||||                               ] 50% [||||||||||||||||||||||||||||||                              ] 51% [||||||||||||||||||||||||||||||                              ] 52% [|||||||||||||||||||||||||||||||                             ] 52% [|||||||||||||||||||||||||||||||                             ] 54% [||||||||||||||||||||||||||||||||                            ] 55% [|||||||||||||||||||||||||||||||||                           ] 56% [|||||||||||||||||||||||||||||||||                           ] 57% [||||||||||||||||||||||||||||||||||                          ] 58% [||||||||||||||||||||||||||||||||||                          ] 58% [|||||||||||||||||||||||||||||||||||                         ] 60% [||||||||||||||||||||||||||||||||||||                        ] 61% [||||||||||||||||||||||||||||||||||||                        ] 62% [|||||||||||||||||||||||||||||||||||||                       ] 63% [|||||||||||||||||||||||||||||||||||||                       ] 64% [||||||||||||||||||||||||||||||||||||||                      ] 65% [|||||||||||||||||||||||||||||||||||||||                     ] 66% [|||||||||||||||||||||||||||||||||||||||                     ] 67% [||||||||||||||||||||||||||||||||||||||||                    ] 68% [||||||||||||||||||||||||||||||||||||||||                    ] 69% [|||||||||||||||||||||||||||||||||||||||||                   ] 70% [||||||||||||||||||||||||||||||||||||||||||                  ] 71% [||||||||||||||||||||||||||||||||||||||||||                  ] 72% [|||||||||||||||||||||||||||||||||||||||||||                 ] 73% [|||||||||||||||||||||||||||||||||||||||||||                 ] 74% [||||||||||||||||||||||||||||||||||||||||||||                ] 75% [|||||||||||||||||||||||||||||||||||||||||||||               ] 76% [|||||||||||||||||||||||||||||||||||||||||||||               ] 77% [||||||||||||||||||||||||||||||||||||||||||||||              ] 78% [||||||||||||||||||||||||||||||||||||||||||||||              ] 79% [|||||||||||||||||||||||||||||||||||||||||||||||             ] 80% [||||||||||||||||||||||||||||||||||||||||||||||||            ] 81% [||||||||||||||||||||||||||||||||||||||||||||||||            ] 82% [|||||||||||||||||||||||||||||||||||||||||||||||||           ] 83% [|||||||||||||||||||||||||||||||||||||||||||||||||           ] 84% [||||||||||||||||||||||||||||||||||||||||||||||||||          ] 85% [|||||||||||||||||||||||||||||||||||||||||||||||||||         ] 86% [|||||||||||||||||||||||||||||||||||||||||||||||||||         ] 87% [||||||||||||||||||||||||||||||||||||||||||||||||||||        ] 88% [||||||||||||||||||||||||||||||||||||||||||||||||||||        ] 89% [|||||||||||||||||||||||||||||||||||||||||||||||||||||       ] 90% [||||||||||||||||||||||||||||||||||||||||||||||||||||||      ] 91% [||||||||||||||||||||||||||||||||||||||||||||||||||||||      ] 92% [|||||||||||||||||||||||||||||||||||||||||||||||||||||||     ] 93% [|||||||||||||||||||||||||||||||||||||||||||||||||||||||     ] 94% [||||||||||||||||||||||||||||||||||||||||||||||||||||||||    ] 95% [|||||||||||||||||||||||||||||||||||||||||||||||||||||||||   ] 96% [|||||||||||||||||||||||||||||||||||||||||||||||||||||||||   ] 97% [||||||||||||||||||||||||||||||||||||||||||||||||||||||||||  ] 98% [||||||||||||||||||||||||||||||||||||||||||||||||||||||||||  ] 99% [||||||||||||||||||||||||||||||||||||||||||||||||||||||||||| ]
Peak IOPs (INT64), GPU ID: 0, workgroupSize:256, workgroups:38912, experiments:100, IOP:122406567936, duration:6.3 ms, mean:19529.1 GOPS, stdev=60.3 GOPS
100% [||||||||||||||||||||||||||||||||||||||||||||||||||||||||||||]
Peak MFMA FLOPs (F4), GPU ID: 0, workgroupSize:256, workgroups:38912, experiments:1, FLOP:0, duration:0.0 ms, mean:0.0 GFLOPS, stdev=0.0 GFLOPS
100% [||||||||||||||||||||||||||||||||||||||||||||||||||||||||||||]
Peak MFMA FLOPs (F6), GPU ID: 0, workgroupSize:256, workgroups:38912, experiments:1, FLOP:0, duration:0.0 ms, mean:0.0 GFLOPS, stdev=0.0 GFLOPS
  0% [                                                            ]  1% [                                                            ]  2% [|                                                           ]  3% [|                                                           ]  4% [||                                                          ]  5% [|||                                                         ]  6% [|||                                                         ]  7% [||||                                                        ]  8% [||||                                                        ]  9% [|||||                                                       ] 10% [||||||                                                      ] 11% [||||||                                                      ] 12% [|||||||                                                     ] 13% [|||||||                                                     ] 14% [||||||||                                                    ] 15% [|||||||||                                                   ] 16% [|||||||||                                                   ] 17% [||||||||||                                                  ] 18% [||||||||||                                                  ] 19% [|||||||||||                                                 ] 20% [||||||||||||                                                ] 21% [||||||||||||                                                ] 22% [|||||||||||||                                               ] 23% [|||||||||||||                                               ] 24% [||||||||||||||                                              ] 25% [|||||||||||||||                                             ] 26% [|||||||||||||||                                             ] 27% [||||||||||||||||                                            ] 28% [||||||||||||||||                                            ] 29% [|||||||||||||||||                                           ] 30% [||||||||||||||||||                                          ] 31% [||||||||||||||||||                                          ] 32% [|||||||||||||||||||                                         ] 33% [|||||||||||||||||||                                         ] 34% [||||||||||||||||||||                                        ] 35% [|||||||||||||||||||||                                       ] 36% [|||||||||||||||||||||                                       ] 37% [||||||||||||||||||||||                                      ] 38% [||||||||||||||||||||||                                      ] 39% [|||||||||||||||||||||||                                     ] 40% [||||||||||||||||||||||||                                    ] 41% [||||||||||||||||||||||||                                    ] 42% [|||||||||||||||||||||||||                                   ] 43% [|||||||||||||||||||||||||                                   ] 44% [||||||||||||||||||||||||||                                  ] 45% [|||||||||||||||||||||||||||                                 ] 46% [|||||||||||||||||||||||||||                                 ] 47% [||||||||||||||||||||||||||||                                ] 48% [||||||||||||||||||||||||||||                                ] 49% [|||||||||||||||||||||||||||||                               ] 50% [||||||||||||||||||||||||||||||                              ] 51% [||||||||||||||||||||||||||||||                              ] 52% [|||||||||||||||||||||||||||||||                             ] 52% [|||||||||||||||||||||||||||||||                             ] 54% [||||||||||||||||||||||||||||||||                            ] 55% [|||||||||||||||||||||||||||||||||                           ] 56% [|||||||||||||||||||||||||||||||||                           ] 57% [||||||||||||||||||||||||||||||||||                          ] 58% [||||||||||||||||||||||||||||||||||                          ] 58% [|||||||||||||||||||||||||||||||||||                         ] 60% [||||||||||||||||||||||||||||||||||||                        ] 61% [||||||||||||||||||||||||||||||||||||                        ] 62% [|||||||||||||||||||||||||||||||||||||                       ] 63% [|||||||||||||||||||||||||||||||||||||                       ] 64% [||||||||||||||||||||||||||||||||||||||                      ] 65% [|||||||||||||||||||||||||||||||||||||||                     ] 66% [|||||||||||||||||||||||||||||||||||||||                     ] 67% [||||||||||||||||||||||||||||||||||||||||                    ] 68% [||||||||||||||||||||||||||||||||||||||||                    ] 69% [|||||||||||||||||||||||||||||||||||||||||                   ] 70% [||||||||||||||||||||||||||||||||||||||||||                  ] 71% [||||||||||||||||||||||||||||||||||||||||||                  ] 72% [|||||||||||||||||||||||||||||||||||||||||||                 ] 73% [|||||||||||||||||||||||||||||||||||||||||||                 ] 74% [||||||||||||||||||||||||||||||||||||||||||||                ] 75% [|||||||||||||||||||||||||||||||||||||||||||||               ] 76% [|||||||||||||||||||||||||||||||||||||||||||||               ] 77% [||||||||||||||||||||||||||||||||||||||||||||||              ] 78% [||||||||||||||||||||||||||||||||||||||||||||||              ] 79% [|||||||||||||||||||||||||||||||||||||||||||||||             ] 80% [||||||||||||||||||||||||||||||||||||||||||||||||            ] 81% [||||||||||||||||||||||||||||||||||||||||||||||||            ] 82% [|||||||||||||||||||||||||||||||||||||||||||||||||           ] 83% [|||||||||||||||||||||||||||||||||||||||||||||||||           ] 84% [||||||||||||||||||||||||||||||||||||||||||||||||||          ] 85% [|||||||||||||||||||||||||||||||||||||||||||||||||||         ] 86% [|||||||||||||||||||||||||||||||||||||||||||||||||||         ] 87% [||||||||||||||||||||||||||||||||||||||||||||||||||||        ] 88% [||||||||||||||||||||||||||||||||||||||||||||||||||||        ] 89% [|||||||||||||||||||||||||||||||||||||||||||||||||||||       ] 90% [||||||||||||||||||||||||||||||||||||||||||||||||||||||      ] 91% [||||||||||||||||||||||||||||||||||||||||||||||||||||||      ] 92% [|||||||||||||||||||||||||||||||||||||||||||||||||||||||     ] 93% [|||||||||||||||||||||||||||||||||||||||||||||||||||||||     ] 94% [||||||||||||||||||||||||||||||||||||||||||||||||||||||||    ] 95% [|||||||||||||||||||||||||||||||||||||||||||||||||||||||||   ] 96% [|||||||||||||||||||||||||||||||||||||||||||||||||||||||||   ] 97% [||||||||||||||||||||||||||||||||||||||||||||||||||||||||||  ] 98% [||||||||||||||||||||||||||||||||||||||||||||||||||||||||||  ] 99% [||||||||||||||||||||||||||||||||||||||||||||||||||||||||||| ]
Peak MFMA FLOPs (F8), GPU ID: 0, workgroupSize:256, workgroups:38912, experiments:100, FLOP:10200547328000, duration:5.4 ms, mean:1889311.9 GFLOPS, stdev=22293.0 GFLOPS
  0% [                                                            ]  1% [                                                            ]  2% [|                                                           ]  3% [|                                                           ]  4% [||                                                          ]  5% [|||                                                         ]  6% [|||                                                         ]  7% [||||                                                        ]  8% [||||                                                        ]  9% [|||||                                                       ] 10% [||||||                                                      ] 11% [||||||                                                      ] 12% [|||||||                                                     ] 13% [|||||||                                                     ] 14% [||||||||                                                    ] 15% [|||||||||                                                   ] 16% [|||||||||                                                   ] 17% [||||||||||                                                  ] 18% [||||||||||                                                  ] 19% [|||||||||||                                                 ] 20% [||||||||||||                                                ] 21% [||||||||||||                                                ] 22% [|||||||||||||                                               ] 23% [|||||||||||||                                               ] 24% [||||||||||||||                                              ] 25% [|||||||||||||||                                             ] 26% [|||||||||||||||                                             ] 27% [||||||||||||||||                                            ] 28% [||||||||||||||||                                            ] 29% [|||||||||||||||||                                           ] 30% [||||||||||||||||||                                          ] 31% [||||||||||||||||||                                          ] 32% [|||||||||||||||||||                                         ] 33% [|||||||||||||||||||                                         ] 34% [||||||||||||||||||||                                        ] 35% [|||||||||||||||||||||                                       ] 36% [|||||||||||||||||||||                                       ] 37% [||||||||||||||||||||||                                      ] 38% [||||||||||||||||||||||                                      ] 39% [|||||||||||||||||||||||                                     ] 40% [||||||||||||||||||||||||                                    ] 41% [||||||||||||||||||||||||                                    ] 42% [|||||||||||||||||||||||||                                   ] 43% [|||||||||||||||||||||||||                                   ] 44% [||||||||||||||||||||||||||                                  ] 45% [|||||||||||||||||||||||||||                                 ] 46% [|||||||||||||||||||||||||||                                 ] 47% [||||||||||||||||||||||||||||                                ] 48% [||||||||||||||||||||||||||||                                ] 49% [|||||||||||||||||||||||||||||                               ] 50% [||||||||||||||||||||||||||||||                              ] 51% [||||||||||||||||||||||||||||||                              ] 52% [|||||||||||||||||||||||||||||||                             ] 52% [|||||||||||||||||||||||||||||||                             ] 54% [||||||||||||||||||||||||||||||||                            ] 55% [|||||||||||||||||||||||||||||||||                           ] 56% [|||||||||||||||||||||||||||||||||                           ] 57% [||||||||||||||||||||||||||||||||||                          ] 58% [||||||||||||||||||||||||||||||||||                          ] 58% [|||||||||||||||||||||||||||||||||||                         ] 60% [||||||||||||||||||||||||||||||||||||                        ] 61% [||||||||||||||||||||||||||||||||||||                        ] 62% [|||||||||||||||||||||||||||||||||||||                       ] 63% [|||||||||||||||||||||||||||||||||||||                       ] 64% [||||||||||||||||||||||||||||||||||||||                      ] 65% [|||||||||||||||||||||||||||||||||||||||                     ] 66% [|||||||||||||||||||||||||||||||||||||||                     ] 67% [||||||||||||||||||||||||||||||||||||||||                    ] 68% [||||||||||||||||||||||||||||||||||||||||                    ] 69% [|||||||||||||||||||||||||||||||||||||||||                   ] 70% [||||||||||||||||||||||||||||||||||||||||||                  ] 71% [||||||||||||||||||||||||||||||||||||||||||                  ] 72% [|||||||||||||||||||||||||||||||||||||||||||                 ] 73% [|||||||||||||||||||||||||||||||||||||||||||                 ] 74% [||||||||||||||||||||||||||||||||||||||||||||                ] 75% [|||||||||||||||||||||||||||||||||||||||||||||               ] 76% [|||||||||||||||||||||||||||||||||||||||||||||               ] 77% [||||||||||||||||||||||||||||||||||||||||||||||              ] 78% [||||||||||||||||||||||||||||||||||||||||||||||              ] 79% [|||||||||||||||||||||||||||||||||||||||||||||||             ] 80% [||||||||||||||||||||||||||||||||||||||||||||||||            ] 81% [||||||||||||||||||||||||||||||||||||||||||||||||            ] 82% [|||||||||||||||||||||||||||||||||||||||||||||||||           ] 83% [|||||||||||||||||||||||||||||||||||||||||||||||||           ] 84% [||||||||||||||||||||||||||||||||||||||||||||||||||          ] 85% [|||||||||||||||||||||||||||||||||||||||||||||||||||         ] 86% [|||||||||||||||||||||||||||||||||||||||||||||||||||         ] 87% [||||||||||||||||||||||||||||||||||||||||||||||||||||        ] 88% [||||||||||||||||||||||||||||||||||||||||||||||||||||        ] 89% [|||||||||||||||||||||||||||||||||||||||||||||||||||||       ] 90% [||||||||||||||||||||||||||||||||||||||||||||||||||||||      ] 91% [||||||||||||||||||||||||||||||||||||||||||||||||||||||      ] 92% [|||||||||||||||||||||||||||||||||||||||||||||||||||||||     ] 93% [|||||||||||||||||||||||||||||||||||||||||||||||||||||||     ] 94% [||||||||||||||||||||||||||||||||||||||||||||||||||||||||    ] 95% [|||||||||||||||||||||||||||||||||||||||||||||||||||||||||   ] 96% [|||||||||||||||||||||||||||||||||||||||||||||||||||||||||   ] 97% [||||||||||||||||||||||||||||||||||||||||||||||||||||||||||  ] 98% [||||||||||||||||||||||||||||||||||||||||||||||||||||||||||  ] 99% [||||||||||||||||||||||||||||||||||||||||||||||||||||||||||| ]
Peak MFMA FLOPs (F16), GPU ID: 0, workgroupSize:256, workgroups:38912, experiments:100, FLOP:5100273664000, duration:5.5 ms, mean:928352.0 GFLOPS, stdev=2810.6 GFLOPS
  0% [                                                            ]  1% [                                                            ]  2% [|                                                           ]  3% [|                                                           ]  4% [||                                                          ]  5% [|||                                                         ]  6% [|||                                                         ]  7% [||||                                                        ]  8% [||||                                                        ]  9% [|||||                                                       ] 10% [||||||                                                      ] 11% [||||||                                                      ] 12% [|||||||                                                     ] 13% [|||||||                                                     ] 14% [||||||||                                                    ] 15% [|||||||||                                                   ] 16% [|||||||||                                                   ] 17% [||||||||||                                                  ] 18% [||||||||||                                                  ] 19% [|||||||||||                                                 ] 20% [||||||||||||                                                ] 21% [||||||||||||                                                ] 22% [|||||||||||||                                               ] 23% [|||||||||||||                                               ] 24% [||||||||||||||                                              ] 25% [|||||||||||||||                                             ] 26% [|||||||||||||||                                             ] 27% [||||||||||||||||                                            ] 28% [||||||||||||||||                                            ] 29% [|||||||||||||||||                                           ] 30% [||||||||||||||||||                                          ] 31% [||||||||||||||||||                                          ] 32% [|||||||||||||||||||                                         ] 33% [|||||||||||||||||||                                         ] 34% [||||||||||||||||||||                                        ] 35% [|||||||||||||||||||||                                       ] 36% [|||||||||||||||||||||                                       ] 37% [||||||||||||||||||||||                                      ] 38% [||||||||||||||||||||||                                      ] 39% [|||||||||||||||||||||||                                     ] 40% [||||||||||||||||||||||||                                    ] 41% [||||||||||||||||||||||||                                    ] 42% [|||||||||||||||||||||||||                                   ] 43% [|||||||||||||||||||||||||                                   ] 44% [||||||||||||||||||||||||||                                  ] 45% [|||||||||||||||||||||||||||                                 ] 46% [|||||||||||||||||||||||||||                                 ] 47% [||||||||||||||||||||||||||||                                ] 48% [||||||||||||||||||||||||||||                                ] 49% [|||||||||||||||||||||||||||||                               ] 50% [||||||||||||||||||||||||||||||                              ] 51% [||||||||||||||||||||||||||||||                              ] 52% [|||||||||||||||||||||||||||||||                             ] 52% [|||||||||||||||||||||||||||||||                             ] 54% [||||||||||||||||||||||||||||||||                            ] 55% [|||||||||||||||||||||||||||||||||                           ] 56% [|||||||||||||||||||||||||||||||||                           ] 57% [||||||||||||||||||||||||||||||||||                          ] 58% [||||||||||||||||||||||||||||||||||                          ] 58% [|||||||||||||||||||||||||||||||||||                         ] 60% [||||||||||||||||||||||||||||||||||||                        ] 61% [||||||||||||||||||||||||||||||||||||                        ] 62% [|||||||||||||||||||||||||||||||||||||                       ] 63% [|||||||||||||||||||||||||||||||||||||                       ] 64% [||||||||||||||||||||||||||||||||||||||                      ] 65% [|||||||||||||||||||||||||||||||||||||||                     ] 66% [|||||||||||||||||||||||||||||||||||||||                     ] 67% [||||||||||||||||||||||||||||||||||||||||                    ] 68% [||||||||||||||||||||||||||||||||||||||||                    ] 69% [|||||||||||||||||||||||||||||||||||||||||                   ] 70% [||||||||||||||||||||||||||||||||||||||||||                  ] 71% [||||||||||||||||||||||||||||||||||||||||||                  ] 72% [|||||||||||||||||||||||||||||||||||||||||||                 ] 73% [|||||||||||||||||||||||||||||||||||||||||||                 ] 74% [||||||||||||||||||||||||||||||||||||||||||||                ] 75% [|||||||||||||||||||||||||||||||||||||||||||||               ] 76% [|||||||||||||||||||||||||||||||||||||||||||||               ] 77% [||||||||||||||||||||||||||||||||||||||||||||||              ] 78% [||||||||||||||||||||||||||||||||||||||||||||||              ] 79% [|||||||||||||||||||||||||||||||||||||||||||||||             ] 80% [||||||||||||||||||||||||||||||||||||||||||||||||            ] 81% [||||||||||||||||||||||||||||||||||||||||||||||||            ] 82% [|||||||||||||||||||||||||||||||||||||||||||||||||           ] 83% [|||||||||||||||||||||||||||||||||||||||||||||||||           ] 84% [||||||||||||||||||||||||||||||||||||||||||||||||||          ] 85% [|||||||||||||||||||||||||||||||||||||||||||||||||||         ] 86% [|||||||||||||||||||||||||||||||||||||||||||||||||||         ] 87% [||||||||||||||||||||||||||||||||||||||||||||||||||||        ] 88% [||||||||||||||||||||||||||||||||||||||||||||||||||||        ] 89% [|||||||||||||||||||||||||||||||||||||||||||||||||||||       ] 90% [||||||||||||||||||||||||||||||||||||||||||||||||||||||      ] 91% [||||||||||||||||||||||||||||||||||||||||||||||||||||||      ] 92% [|||||||||||||||||||||||||||||||||||||||||||||||||||||||     ] 93% [|||||||||||||||||||||||||||||||||||||||||||||||||||||||     ] 94% [||||||||||||||||||||||||||||||||||||||||||||||||||||||||    ] 95% [|||||||||||||||||||||||||||||||||||||||||||||||||||||||||   ] 96% [|||||||||||||||||||||||||||||||||||||||||||||||||||||||||   ] 97% [||||||||||||||||||||||||||||||||||||||||||||||||||||||||||  ] 98% [||||||||||||||||||||||||||||||||||||||||||||||||||||||||||  ] 99% [||||||||||||||||||||||||||||||||||||||||||||||||||||||||||| ]
Peak MFMA FLOPs (BF16), GPU ID: 0, workgroupSize:256, workgroups:38912, experiments:100, FLOP:2550136832000, duration:4.9 ms, mean:519104.1 GFLOPS, stdev=3473.9 GFLOPS
  0% [                                                            ]  1% [                                                            ]  2% [|                                                           ]  3% [|                                                           ]  4% [||                                                          ]  5% [|||                                                         ]  6% [|||                                                         ]  7% [||||                                                        ]  8% [||||                                                        ]  9% [|||||                                                       ] 10% [||||||                                                      ] 11% [||||||                                                      ] 12% [|||||||                                                     ] 13% [|||||||                                                     ] 14% [||||||||                                                    ] 15% [|||||||||                                                   ] 16% [|||||||||                                                   ] 17% [||||||||||                                                  ] 18% [||||||||||                                                  ] 19% [|||||||||||                                                 ] 20% [||||||||||||                                                ] 21% [||||||||||||                                                ] 22% [|||||||||||||                                               ] 23% [|||||||||||||                                               ] 24% [||||||||||||||                                              ] 25% [|||||||||||||||                                             ] 26% [|||||||||||||||                                             ] 27% [||||||||||||||||                                            ] 28% [||||||||||||||||                                            ] 29% [|||||||||||||||||                                           ] 30% [||||||||||||||||||                                          ] 31% [||||||||||||||||||                                          ] 32% [|||||||||||||||||||                                         ] 33% [|||||||||||||||||||                                         ] 34% [||||||||||||||||||||                                        ] 35% [|||||||||||||||||||||                                       ] 36% [|||||||||||||||||||||                                       ] 37% [||||||||||||||||||||||                                      ] 38% [||||||||||||||||||||||                                      ] 39% [|||||||||||||||||||||||                                     ] 40% [||||||||||||||||||||||||                                    ] 41% [||||||||||||||||||||||||                                    ] 42% [|||||||||||||||||||||||||                                   ] 43% [|||||||||||||||||||||||||                                   ] 44% [||||||||||||||||||||||||||                                  ] 45% [|||||||||||||||||||||||||||                                 ] 46% [|||||||||||||||||||||||||||                                 ] 47% [||||||||||||||||||||||||||||                                ] 48% [||||||||||||||||||||||||||||                                ] 49% [|||||||||||||||||||||||||||||                               ] 50% [||||||||||||||||||||||||||||||                              ] 51% [||||||||||||||||||||||||||||||                              ] 52% [|||||||||||||||||||||||||||||||                             ] 52% [|||||||||||||||||||||||||||||||                             ] 54% [||||||||||||||||||||||||||||||||                            ] 55% [|||||||||||||||||||||||||||||||||                           ] 56% [|||||||||||||||||||||||||||||||||                           ] 57% [||||||||||||||||||||||||||||||||||                          ] 58% [||||||||||||||||||||||||||||||||||                          ] 58% [|||||||||||||||||||||||||||||||||||                         ] 60% [||||||||||||||||||||||||||||||||||||                        ] 61% [||||||||||||||||||||||||||||||||||||                        ] 62% [|||||||||||||||||||||||||||||||||||||                       ] 63% [|||||||||||||||||||||||||||||||||||||                       ] 64% [||||||||||||||||||||||||||||||||||||||                      ] 65% [|||||||||||||||||||||||||||||||||||||||                     ] 66% [|||||||||||||||||||||||||||||||||||||||                     ] 67% [||||||||||||||||||||||||||||||||||||||||                    ] 68% [||||||||||||||||||||||||||||||||||||||||                    ] 69% [|||||||||||||||||||||||||||||||||||||||||                   ] 70% [||||||||||||||||||||||||||||||||||||||||||                  ] 71% [||||||||||||||||||||||||||||||||||||||||||                  ] 72% [|||||||||||||||||||||||||||||||||||||||||||                 ] 73% [|||||||||||||||||||||||||||||||||||||||||||                 ] 74% [||||||||||||||||||||||||||||||||||||||||||||                ] 75% [|||||||||||||||||||||||||||||||||||||||||||||               ] 76% [|||||||||||||||||||||||||||||||||||||||||||||               ] 77% [||||||||||||||||||||||||||||||||||||||||||||||              ] 78% [||||||||||||||||||||||||||||||||||||||||||||||              ] 79% [|||||||||||||||||||||||||||||||||||||||||||||||             ] 80% [||||||||||||||||||||||||||||||||||||||||||||||||            ] 81% [||||||||||||||||||||||||||||||||||||||||||||||||            ] 82% [|||||||||||||||||||||||||||||||||||||||||||||||||           ] 83% [|||||||||||||||||||||||||||||||||||||||||||||||||           ] 84% [||||||||||||||||||||||||||||||||||||||||||||||||||          ] 85% [|||||||||||||||||||||||||||||||||||||||||||||||||||         ] 86% [|||||||||||||||||||||||||||||||||||||||||||||||||||         ] 87% [||||||||||||||||||||||||||||||||||||||||||||||||||||        ] 88% [||||||||||||||||||||||||||||||||||||||||||||||||||||        ] 89% [|||||||||||||||||||||||||||||||||||||||||||||||||||||       ] 90% [||||||||||||||||||||||||||||||||||||||||||||||||||||||      ] 91% [||||||||||||||||||||||||||||||||||||||||||||||||||||||      ] 92% [|||||||||||||||||||||||||||||||||||||||||||||||||||||||     ] 93% [|||||||||||||||||||||||||||||||||||||||||||||||||||||||     ] 94% [||||||||||||||||||||||||||||||||||||||||||||||||||||||||    ] 95% [|||||||||||||||||||||||||||||||||||||||||||||||||||||||||   ] 96% [|||||||||||||||||||||||||||||||||||||||||||||||||||||||||   ] 97% [||||||||||||||||||||||||||||||||||||||||||||||||||||||||||  ] 98% [||||||||||||||||||||||||||||||||||||||||||||||||||||||||||  ] 99% [||||||||||||||||||||||||||||||||||||||||||||||||||||||||||| ]
Peak MFMA FLOPs (F32), GPU ID: 0, workgroupSize:256, workgroups:38912, experiments:100, FLOP:1275068416000, duration:9.2 ms, mean:139528.2 GFLOPS, stdev=878.8 GFLOPS
  0% [                                                            ]  1% [                                                            ]  2% [|                                                           ]  3% [|                                                           ]  4% [||                                                          ]  5% [|||                                                         ]  6% [|||                                                         ]  7% [||||                                                        ]  8% [||||                                                        ]  9% [|||||                                                       ] 10% [||||||                                                      ] 11% [||||||                                                      ] 12% [|||||||                                                     ] 13% [|||||||                                                     ] 14% [||||||||                                                    ] 15% [|||||||||                                                   ] 16% [|||||||||                                                   ] 17% [||||||||||                                                  ] 18% [||||||||||                                                  ] 19% [|||||||||||                                                 ] 20% [||||||||||||                                                ] 21% [||||||||||||                                                ] 22% [|||||||||||||                                               ] 23% [|||||||||||||                                               ] 24% [||||||||||||||                                              ] 25% [|||||||||||||||                                             ] 26% [|||||||||||||||                                             ] 27% [||||||||||||||||                                            ] 28% [||||||||||||||||                                            ] 29% [|||||||||||||||||                                           ] 30% [||||||||||||||||||                                          ] 31% [||||||||||||||||||                                          ] 32% [|||||||||||||||||||                                         ] 33% [|||||||||||||||||||                                         ] 34% [||||||||||||||||||||                                        ] 35% [|||||||||||||||||||||                                       ] 36% [|||||||||||||||||||||                                       ] 37% [||||||||||||||||||||||                                      ] 38% [||||||||||||||||||||||                                      ] 39% [|||||||||||||||||||||||                                     ] 40% [||||||||||||||||||||||||                                    ] 41% [||||||||||||||||||||||||                                    ] 42% [|||||||||||||||||||||||||                                   ] 43% [|||||||||||||||||||||||||                                   ] 44% [||||||||||||||||||||||||||                                  ] 45% [|||||||||||||||||||||||||||                                 ] 46% [|||||||||||||||||||||||||||                                 ] 47% [||||||||||||||||||||||||||||                                ] 48% [||||||||||||||||||||||||||||                                ] 49% [|||||||||||||||||||||||||||||                               ] 50% [||||||||||||||||||||||||||||||                              ] 51% [||||||||||||||||||||||||||||||                              ] 52% [|||||||||||||||||||||||||||||||                             ] 52% [|||||||||||||||||||||||||||||||                             ] 54% [||||||||||||||||||||||||||||||||                            ] 55% [|||||||||||||||||||||||||||||||||                           ] 56% [|||||||||||||||||||||||||||||||||                           ] 57% [||||||||||||||||||||||||||||||||||                          ] 58% [||||||||||||||||||||||||||||||||||                          ] 58% [|||||||||||||||||||||||||||||||||||                         ] 60% [||||||||||||||||||||||||||||||||||||                        ] 61% [||||||||||||||||||||||||||||||||||||                        ] 62% [|||||||||||||||||||||||||||||||||||||                       ] 63% [|||||||||||||||||||||||||||||||||||||                       ] 64% [||||||||||||||||||||||||||||||||||||||                      ] 65% [|||||||||||||||||||||||||||||||||||||||                     ] 66% [|||||||||||||||||||||||||||||||||||||||                     ] 67% [||||||||||||||||||||||||||||||||||||||||                    ] 68% [||||||||||||||||||||||||||||||||||||||||                    ] 69% [|||||||||||||||||||||||||||||||||||||||||                   ] 70% [||||||||||||||||||||||||||||||||||||||||||                  ] 71% [||||||||||||||||||||||||||||||||||||||||||                  ] 72% [|||||||||||||||||||||||||||||||||||||||||||                 ] 73% [|||||||||||||||||||||||||||||||||||||||||||                 ] 74% [||||||||||||||||||||||||||||||||||||||||||||                ] 75% [|||||||||||||||||||||||||||||||||||||||||||||               ] 76% [|||||||||||||||||||||||||||||||||||||||||||||               ] 77% [||||||||||||||||||||||||||||||||||||||||||||||              ] 78% [||||||||||||||||||||||||||||||||||||||||||||||              ] 79% [|||||||||||||||||||||||||||||||||||||||||||||||             ] 80% [||||||||||||||||||||||||||||||||||||||||||||||||            ] 81% [||||||||||||||||||||||||||||||||||||||||||||||||            ] 82% [|||||||||||||||||||||||||||||||||||||||||||||||||           ] 83% [|||||||||||||||||||||||||||||||||||||||||||||||||           ] 84% [||||||||||||||||||||||||||||||||||||||||||||||||||          ] 85% [|||||||||||||||||||||||||||||||||||||||||||||||||||         ] 86% [|||||||||||||||||||||||||||||||||||||||||||||||||||         ] 87% [||||||||||||||||||||||||||||||||||||||||||||||||||||        ] 88% [||||||||||||||||||||||||||||||||||||||||||||||||||||        ] 89% [|||||||||||||||||||||||||||||||||||||||||||||||||||||       ] 90% [||||||||||||||||||||||||||||||||||||||||||||||||||||||      ] 91% [||||||||||||||||||||||||||||||||||||||||||||||||||||||      ] 92% [|||||||||||||||||||||||||||||||||||||||||||||||||||||||     ] 93% [|||||||||||||||||||||||||||||||||||||||||||||||||||||||     ] 94% [||||||||||||||||||||||||||||||||||||||||||||||||||||||||    ] 95% [|||||||||||||||||||||||||||||||||||||||||||||||||||||||||   ] 96% [|||||||||||||||||||||||||||||||||||||||||||||||||||||||||   ] 97% [||||||||||||||||||||||||||||||||||||||||||||||||||||||||||  ] 98% [||||||||||||||||||||||||||||||||||||||||||||||||||||||||||  ] 99% [||||||||||||||||||||||||||||||||||||||||||||||||||||||||||| ]
Peak MFMA FLOPs (F64), GPU ID: 0, workgroupSize:256, workgroups:38912, experiments:100, FLOP:637534208000, duration:4.4 ms, mean:144430.5 GFLOPS, stdev=499.9 GFLOPS
  0% [                                                            ]  1% [                                                            ]  2% [|                                                           ]  3% [|                                                           ]  4% [||                                                          ]  5% [|||                                                         ]  6% [|||                                                         ]  7% [||||                                                        ]  8% [||||                                                        ]  9% [|||||                                                       ] 10% [||||||                                                      ] 11% [||||||                                                      ] 12% [|||||||                                                     ] 13% [|||||||                                                     ] 14% [||||||||                                                    ] 15% [|||||||||                                                   ] 16% [|||||||||                                                   ] 17% [||||||||||                                                  ] 18% [||||||||||                                                  ] 19% [|||||||||||                                                 ] 20% [||||||||||||                                                ] 21% [||||||||||||                                                ] 22% [|||||||||||||                                               ] 23% [|||||||||||||                                               ] 24% [||||||||||||||                                              ] 25% [|||||||||||||||                                             ] 26% [|||||||||||||||                                             ] 27% [||||||||||||||||                                            ] 28% [||||||||||||||||                                            ] 29% [|||||||||||||||||                                           ] 30% [||||||||||||||||||                                          ] 31% [||||||||||||||||||                                          ] 32% [|||||||||||||||||||                                         ] 33% [|||||||||||||||||||                                         ] 34% [||||||||||||||||||||                                        ] 35% [|||||||||||||||||||||                                       ] 36% [|||||||||||||||||||||                                       ] 37% [||||||||||||||||||||||                                      ] 38% [||||||||||||||||||||||                                      ] 39% [|||||||||||||||||||||||                                     ] 40% [||||||||||||||||||||||||                                    ] 41% [||||||||||||||||||||||||                                    ] 42% [|||||||||||||||||||||||||                                   ] 43% [|||||||||||||||||||||||||                                   ] 44% [||||||||||||||||||||||||||                                  ] 45% [|||||||||||||||||||||||||||                                 ] 46% [|||||||||||||||||||||||||||                                 ] 47% [||||||||||||||||||||||||||||                                ] 48% [||||||||||||||||||||||||||||                                ] 49% [|||||||||||||||||||||||||||||                               ] 50% [||||||||||||||||||||||||||||||                              ] 51% [||||||||||||||||||||||||||||||                              ] 52% [|||||||||||||||||||||||||||||||                             ] 52% [|||||||||||||||||||||||||||||||                             ] 54% [||||||||||||||||||||||||||||||||                            ] 55% [|||||||||||||||||||||||||||||||||                           ] 56% [|||||||||||||||||||||||||||||||||                           ] 57% [||||||||||||||||||||||||||||||||||                          ] 58% [||||||||||||||||||||||||||||||||||                          ] 58% [|||||||||||||||||||||||||||||||||||                         ] 60% [||||||||||||||||||||||||||||||||||||                        ] 61% [||||||||||||||||||||||||||||||||||||                        ] 62% [|||||||||||||||||||||||||||||||||||||                       ] 63% [|||||||||||||||||||||||||||||||||||||                       ] 64% [||||||||||||||||||||||||||||||||||||||                      ] 65% [|||||||||||||||||||||||||||||||||||||||                     ] 66% [|||||||||||||||||||||||||||||||||||||||                     ] 67% [||||||||||||||||||||||||||||||||||||||||                    ] 68% [||||||||||||||||||||||||||||||||||||||||                    ] 69% [|||||||||||||||||||||||||||||||||||||||||                   ] 70% [||||||||||||||||||||||||||||||||||||||||||                  ] 71% [||||||||||||||||||||||||||||||||||||||||||                  ] 72% [|||||||||||||||||||||||||||||||||||||||||||                 ] 73% [|||||||||||||||||||||||||||||||||||||||||||                 ] 74% [||||||||||||||||||||||||||||||||||||||||||||                ] 75% [|||||||||||||||||||||||||||||||||||||||||||||               ] 76% [|||||||||||||||||||||||||||||||||||||||||||||               ] 77% [||||||||||||||||||||||||||||||||||||||||||||||              ] 78% [||||||||||||||||||||||||||||||||||||||||||||||              ] 79% [|||||||||||||||||||||||||||||||||||||||||||||||             ] 80% [||||||||||||||||||||||||||||||||||||||||||||||||            ] 81% [||||||||||||||||||||||||||||||||||||||||||||||||            ] 82% [|||||||||||||||||||||||||||||||||||||||||||||||||           ] 83% [|||||||||||||||||||||||||||||||||||||||||||||||||           ] 84% [||||||||||||||||||||||||||||||||||||||||||||||||||          ] 85% [|||||||||||||||||||||||||||||||||||||||||||||||||||         ] 86% [|||||||||||||||||||||||||||||||||||||||||||||||||||         ] 87% [||||||||||||||||||||||||||||||||||||||||||||||||||||        ] 88% [||||||||||||||||||||||||||||||||||||||||||||||||||||        ] 89% [|||||||||||||||||||||||||||||||||||||||||||||||||||||       ] 90% [||||||||||||||||||||||||||||||||||||||||||||||||||||||      ] 91% [||||||||||||||||||||||||||||||||||||||||||||||||||||||      ] 92% [|||||||||||||||||||||||||||||||||||||||||||||||||||||||     ] 93% [|||||||||||||||||||||||||||||||||||||||||||||||||||||||     ] 94% [||||||||||||||||||||||||||||||||||||||||||||||||||||||||    ] 95% [|||||||||||||||||||||||||||||||||||||||||||||||||||||||||   ] 96% [|||||||||||||||||||||||||||||||||||||||||||||||||||||||||   ] 97% [||||||||||||||||||||||||||||||||||||||||||||||||||||||||||  ] 98% [||||||||||||||||||||||||||||||||||||||||||||||||||||||||||  ] 99% [||||||||||||||||||||||||||||||||||||||||||||||||||||||||||| ]
Peak MFMA IOPs (I8), GPU ID: 0, workgroupSize:256, workgroups:38912, experiments:100, IOP:5100273664000, duration:5.2 ms, mean:987529.4 GOPS, stdev=3913.2 GOPS

   [32mINFO[0m [roofline] Empirical Roofline PDFs saved!
   [32mINFO[0m [roofline] Checking for roofline.csv in /root/rocm-examples/Applications/fdtd_profile/workloads/main_bp_l1/MI300X_A1
   [32mINFO[0m [roofline] Empirical Roofline PDFs saved!
rocprof-compute analyze -p workloads/main_bp_l1/MI300X_A1/ -b 3

                                 __                                       _
 _ __ ___   ___ _ __  _ __ ___  / _|       ___ ___  _ __ ___  _ __  _   _| |_ ___
| '__/ _ \ / __| '_ \| '__/ _ \| |_ _____ / __/ _ \| '_ ` _ \| '_ \| | | | __/ _ \
| | | (_) | (__| |_) | | | (_) |  _|_____| (_| (_) | | | | | | |_) | |_| | ||  __/
|_|  \___/ \___| .__/|_|  \___/|_|        \___\___/|_| |_| |_| .__/ \__,_|\__\___|
               |_|                                           |_|

   [32mINFO[0m Analysis mode = cli
   [32mINFO[0m fatal: not a git repository (or any of the parent directories): .git
   [32mINFO[0m [analysis] deriving rocprofiler-compute metrics...
  [31mERROR[0m PC sampling: can not read /root/rocm-examples/Applications/fdtd_profile/workloads/main_bp_l1/MI300X_A1/ps_file_kernel_trace.csv
[33mWARNING[0m Failed to evaluate expression '
to_round(to_avg(
(raw_pmc_df['pmc_perf']['TCP_TCP_LATENCY_sum'] / raw_pmc_df['pmc_perf']['TCP_TA_TCP_STATE_READ_sum']).where((raw_pmc_df['pmc_perf']['TCP_TA_TCP_STATE_READ_sum'] != 0), None)), 0)
': 'TCP_TCP_LATENCY_sum'.

--------------------------------------------------------------------------------
0. Top Stats
0.1 Top Kernels
╒═════════╤══════════════════════════════════════════╤═════════╤══════════════╤════════════╤══════════════╤═══════╕
│   index │ Kernel_Name                              │   Count │      Sum(ns) │   Mean(ns) │   Median(ns) │   Pct │
╞═════════╪══════════════════════════════════════════╪═════════╪══════════════╪════════════╪══════════════╪═══════╡
│       0 │ updateH_kernel(FDTD_Setup, float*, float │   90.00 │ 246668689.84 │ 2740763.22 │   2701460.72 │ 53.93 │
│         │  const*, float const*, float*, float*, f │         │              │            │              │       │
│         │ loat, float, unsigned int, unsigned i... │         │              │            │              │       │
├─────────┼──────────────────────────────────────────┼─────────┼──────────────┼────────────┼──────────────┼───────┤
│       1 │ updateEz_kernel(FDTD_Setup, Medium_Param │   30.00 │  84335636.12 │ 2811187.87 │   2746252.44 │ 18.44 │
│         │ s, float*, float const*, float const*)   │         │              │            │              │       │
├─────────┼──────────────────────────────────────────┼─────────┼──────────────┼────────────┼──────────────┼───────┤
│       2 │ updateEy_kernel(FDTD_Setup, Medium_Param │   30.00 │  63725135.09 │ 2124171.17 │   2123733.10 │ 13.93 │
│         │ s, float*, float const*, float const*)   │         │              │            │              │       │
├─────────┼──────────────────────────────────────────┼─────────┼──────────────┼────────────┼──────────────┼───────┤
│       3 │ updateEx_kernel(FDTD_Setup, Medium_Param │   30.00 │  62610320.00 │ 2087010.67 │   2086949.84 │ 13.69 │
│         │ s, float*, float const*, float const*)   │         │              │            │              │       │
├─────────┼──────────────────────────────────────────┼─────────┼──────────────┼────────────┼──────────────┼───────┤
│       4 │ apply_source_kernel(FDTD_Setup, float*,  │   30.00 │     50351.91 │    1678.40 │      1650.20 │  0.01 │
│         │ float)                                   │         │              │            │              │       │
├─────────┼──────────────────────────────────────────┼─────────┼──────────────┼────────────┼──────────────┼───────┤
│       5 │ __amd_rocclr_fillBufferAligned           │    6.00 │     27320.80 │    4553.47 │      4532.86 │  0.01 │
╘═════════╧══════════════════════════════════════════╧═════════╧══════════════╧════════════╧══════════════╧═══════╛
0.2 Dispatch List
╒═════════╤═══════════════╤══════════════════════════════════════════════════════════════════════════════════╤══════════╕
│   index │   Dispatch_ID │ Kernel_Name                                                                      │   GPU_ID │
╞═════════╪═══════════════╪══════════════════════════════════════════════════════════════════════════════════╪══════════╡
│       0 │             0 │ __amd_rocclr_fillBufferAligned                                                   │        0 │
├─────────┼───────────────┼──────────────────────────────────────────────────────────────────────────────────┼──────────┤
│       1 │             1 │ __amd_rocclr_fillBufferAligned                                                   │        0 │
├─────────┼───────────────┼──────────────────────────────────────────────────────────────────────────────────┼──────────┤
│       2 │             2 │ __amd_rocclr_fillBufferAligned                                                   │        0 │
├─────────┼───────────────┼──────────────────────────────────────────────────────────────────────────────────┼──────────┤
│       3 │             3 │ __amd_rocclr_fillBufferAligned                                                   │        0 │
├─────────┼───────────────┼──────────────────────────────────────────────────────────────────────────────────┼──────────┤
│       4 │             4 │ __amd_rocclr_fillBufferAligned                                                   │        0 │
├─────────┼───────────────┼──────────────────────────────────────────────────────────────────────────────────┼──────────┤
│       5 │             5 │ __amd_rocclr_fillBufferAligned                                                   │        0 │
├─────────┼───────────────┼──────────────────────────────────────────────────────────────────────────────────┼──────────┤
│       6 │             6 │ apply_source_kernel(FDTD_Setup, float*, float)                                   │        0 │
├─────────┼───────────────┼──────────────────────────────────────────────────────────────────────────────────┼──────────┤
│       7 │             7 │ updateH_kernel(FDTD_Setup, float*, float const*, float const*, float*, float*, f │        0 │
│         │               │ loat, float, unsigned int, unsigned int, unsigned int, unsigned int, unsigned in │          │
│         │               │ t)                                                                               │          │
├─────────┼───────────────┼──────────────────────────────────────────────────────────────────────────────────┼──────────┤
│       8 │             8 │ updateH_kernel(FDTD_Setup, float*, float const*, float const*, float*, float*, f │        0 │
│         │               │ loat, float, unsigned int, unsigned int, unsigned int, unsigned int, unsigned in │          │
│         │               │ t)                                                                               │          │
├─────────┼───────────────┼──────────────────────────────────────────────────────────────────────────────────┼──────────┤
│       9 │             9 │ updateH_kernel(FDTD_Setup, float*, float const*, float const*, float*, float*, f │        0 │
│         │               │ loat, float, unsigned int, unsigned int, unsigned int, unsigned int, unsigned in │          │
│         │               │ t)                                                                               │          │
╘═════════╧═══════════════╧══════════════════════════════════════════════════════════════════════════════════╧══════════╛


--------------------------------------------------------------------------------
3. Memory Chart
3.1 Memory Chart
⣀⣀⣀⣀⣀⣀⣀⣀⣀⣀⣀⣀⣀⣀⣀⣀⣀⣀⣀⣀⣀⣀⣀⣀⣀⣀⣀⣀⣀⣀⣀⣀⣀⣀⣀⣀⣀⣀⣀⣀⣀⣀⣀⣀⣀⣀⣀⣀⣀⣀⣀⣀⣀⣀⣀⣀⣀⣀⣀⣀⣀⣀⣀⣀⣀⣀⣀⣀⣀⣀⣀⣀⣀⣀⣀⣀⣀⣀⣀⣀⣀⣀⣀⣀⣀⣀⣀⣀⣀⣀⣀⣀⣀⣀⣀⣀⣀⣀⣀⣀⣀⣀⣀⣀⣀⣀⣀⣀⣀⣀⣀⣀⣀⣀⣀⣀⣀⣀⣀⣀⣀⣀⣀⣀⣀⣀⣀⣀⣀⣀⣀⣀⣀⣀⣀⣀⣀⣀⣀⣀⣀⣀⣀⣀⣀⣀⣀⣀⣀⣀⣀⣀⣀⣀⣀⣀⣀⣀⣀⣀⣀⣀⣀⣀⣀⣀⣀⣀⣀⣀⣀⣀⣀⣀⣀⣀⣀⣀⣀⣀⣀⣀⣀⣀⣀⣀⣀⣀⣀⣀⣀⣀⣀⣀⣀⣀⣀⣀⣀⣀⣀⣀⣀⣀⣀⣀⣀⣀⣀⣀⣀⣀⣀⣀⣀⣀⣀⣀⣀⣀⣀⣀⣀⣀⣀⣀⣀⣀⣀⣀⣀⣀⣀⡀
⡇⠀⠀⠀⠀⠀⠀⠀⠀⠀⠀⠀⠀⠀⠀⠀⠀⠀⠀⠀⠀⠀⠀⠀⠀⠀⠀⠀⠀⠀⠀⠀⠀⠀⠀⠀⠀⠀⠀⠀⠀⠀⠀⠀⠀⠀⠀⠀⠀⠀⠀⠀⠀⠀⠀⠀⠀⠀⠀⠀⠀⠀⠀⠀⠀⠀⠀⠀⠀⠀⠀⠀⠀⠀⠀⠀⠀⠀⠀⠀⠀⠀⠀⠀⠀⠀⠀⠀⠀⠀⠀⠀⠀⠀⠀⠀⠀⠀⠀⠀⠀⠀⠀⠀⠀⠀⠀⠀⠀⠀⠀⠀⠀⠀⠀⠀⠀⠀⠀⠀⠀⠀⠀⠀⠀⠀⠀⠀⠀⠀⠀⠀⠀⠀⠀⠀⠀⠀⠀⠀⠀⠀⠀⠀⠀⠀⠀⠀⠀⠀⠀⠀⠀⠀⠀⠀⠀⠀⠀⠀⠀⠀⠀⠀⠀⠀⠀⠀⠀⠀⠀⠀⠀⠀⠀⠀⠀⠀⠀⠀⠀⠀⠀⠀⠀⠀⠀⠀⠀⠀⠀⠀⠀⠀⠀⠀⠀⠀⠀⠀⠀⠀⠀⠀⠀⠀⠀⠀⠀⠀⠀⠀⠀⠀⠀⠀⠀⠀⠀⠀⠀⠀⠀⠀⠀⠀⠀⠀⠀⠀⠀⠀⠀⡇
⡇⠀(Normalization: per_kernel)⠀⠀⠀⠀⠀⠀⠀⠀⠀⠀⠀⠀⠀⠀⠀⠀⠀⠀⠀⠀⠀⠀⠀⠀⠀⠀⠀⠀⠀⠀⠀⠀⠀⠀⠀⠀⠀⠀⠀⠀⠀⠀⠀⠀⠀⠀⠀⠀⠀⠀⠀⠀⠀⠀⠀⠀⠀⠀⠀⠀⠀⠀⠀⠀⠀⠀⠀⠀⠀⠀⠀⠀⠀⠀⠀⠀⠀⠀⠀⠀⠀⠀⠀⠀⠀⠀⠀⠀⠀⠀⠀⠀⠀⠀⠀⠀⠀⠀⠀⠀⠀⠀⠀⠀⠀⠀⠀⠀⠀⠀⠀⠀⠀⠀⠀⠀⠀⠀⠀⠀⠀⠀⠀⠀⠀⠀⠀⠀⠀⠀⠀⠀⠀⠀⠀⠀⠀⠀⠀⠀⠀⠀⠀⠀⠀⠀⠀⠀⠀⠀⠀⠀⠀⠀⠀⠀⠀⠀⠀⠀⠀⠀⠀⠀⠀⠀⠀⠀⠀⠀⠀⠀⠀⠀⠀⠀⠀⠀⠀⠀⠀⠀⠀⠀⠀⠀⠀⠀⠀⠀⠀⠀⠀⠀⠀⠀⠀⠀⠀⠀⠀⠀⠀⠀⡇
⡇⠀⠀⠀⠀⠀⠀⠀⠀⠀⠀⠀⠀⠀⠀⠀⠀⠀⠀⠀⠀⠀⠀⠀⠀⠀⠀⠀⠀⠀⠀⠀⠀⠀⠀⠀⠀⠀⠀⠀⠀⠀⠀⠀⠀⠀⠀⠀⠀⠀⠀⠀⠀⠀⠀⠀⠀⠀⠀⠀⠀⠀⠀⠀⠀⠀⠀⠀⠀⠀⠀⠀⠀⠀⠀⠀⠀⠀⠀⠀⠀⠀⠀⠀⠀⠀⠀⠀⠀⠀⠀⠀⠀⠀⠀⠀⠀⠀⠀⠀⠀⠀⠀⠀⠀⠀⠀⠀⠀⠀⠀⠀⠀⠀⠀⠀⠀⠀⠀⠀⠀⠀⠀⠀⠀⠀⠀⠀⠀⠀⠀⠀⠀⠀⠀⠀⠀⠀⠀⠀⠀⠀⠀⠀⠀⠀⠀⠀⠀⠀⠀⠀⠀⠀⠀⠀⠀⠀⠀⠀⠀⠀⠀⠀⠀⠀⠀⠀⠀⠀⠀⠀⠀⠀⠀⠀⠀⠀⠀⠀⠀⠀⠀⠀⠀⠀⠀⠀⠀⠀⠀⠀⠀⠀⠀⠀⠀⠀⠀⠀⠀⠀⠀⠀⠀⠀⠀⠀⠀⠀⠀⠀⠀⠀⠀⠀⠀⠀⠀⠀⠀⠀⠀⠀⠀⠀⠀⠀⠀⠀⠀⠀⠀⡇
⡇⠀Instr Buff⠀⠀⠀⠀⠀⠀⠀⠀⠀⠀⠀⠀⠀⠀⠀⠀⠀⠀⠀⠀⠀⠀⠀⠀⠀⠀Instr Dispatch⠀⠀⠀⠀⠀⠀Exec⠀⠀⠀⠀⠀⠀⠀⠀⠀⠀⠀⠀⠀⠀⠀⠀⠀⠀⠀⠀⠀⠀⠀⠀⠀⠀⠀⠀⠀⠀⠀⠀⠀LDS⠀⠀⠀⠀⠀⠀⠀⠀⠀⠀⠀⠀⠀⠀⠀⠀⠀⠀⠀⠀⠀⠀⠀⠀⠀⠀⠀⠀⠀⠀⠀⠀⠀⠀⠀⠀⠀⠀⠀⠀L2 Cache⠀⠀⠀⠀⠀⠀⠀⠀⠀⠀⠀⠀⠀⠀⠀⠀⠀⠀⠀⠀⠀⠀⠀⠀⠀⠀⠀⠀⠀⠀⠀⠀⠀⠀⠀⠀⠀⠀⠀⠀⠀⠀⠀⠀⠀⠀⠀⠀⠀⠀⠀⠀⠀⠀⠀⠀⠀⠀⠀⠀⠀⠀⠀⠀⠀⠀⠀⠀⠀⠀⠀⠀⠀⠀⠀⠀⠀⠀⠀⠀⠀⠀⠀⠀⠀⠀⠀⡇
⡇⠀⠀⠀⣀⣀⣀⣀⣀⣀⣀⣀⣀⣀⣀⣀⣀⣀⣀⣀⣀⣀⣀⣀⣀⣀⣀⣀⣀⡀⠀⠀⡀⠀⠀⠀⠀⠀⠀⠀⠀⠀⠀⠀⠀⠀⠀⠀⠀⠀⠀⠀⠀⠀⠀⠀⠀⠀⣀⣀⣀⣀⣀⣀⣀⣀⣀⣀⣀⣀⣀⣀⣀⣀⣀⣀⣀⣀⡀⠀⠀⠀⠀⠀⠀⠀⠀⠀⠀⠀⠀⠀⠀⠀⠀⣀⣀⣀⣀⣀⣀⣀⣀⣀⣀⣀⣀⣀⣀⣀⣀⣀⣀⣀⣀⣀⣀⣀⣀⡀⠀⠀⠀⠀⠀⠀⠀⠀⠀⠀⠀⠀⠀⠀⠀⠀⠀⠀⣀⣀⣀⣀⣀⣀⣀⣀⣀⣀⣀⣀⣀⣀⣀⣀⣀⣀⣀⣀⣀⣀⣀⣀⡀⠀⠀⠀⠀⠀⠀⠀⠀⠀⠀⠀⠀⠀⠀⠀⠀⠀⠀⠀⠀⠀⠀⠀⠀⠀⣀⣀⣀⣀⣀⣀⣀⣀⣀⣀⡀⠀⠀⠀⠀⠀⠀⠀⠀⠀⠀⠀⠀⠀⠀⠀⠀⠀⠀⠀⠀⠀⠀⠀⠀⠀⠀⠀⠀⠀⠀⠀⠀⠀⠀⡇
⡇⠀⣀⣖⣗⣒⣒⣒⣒⣒⣒⣒⣒⣒⣒⣒⣒⣒⣒⣒⣒⣒⣒⣒⣒⣒⣒⡒⡆⡇⠀⠀⡏⠢⢄⠀⠀⠀⠀⠀⠀SALU: 340030⠀⠀⠀⠀⠀⡇⠀⠀⠀⠀⠀⠀⠀⠀⠀⠀⠀⠀⠀⠀⠀⠀⠀⠀⠀⡇⠀⠀⠀⠀⠀⠀⠀⠀⠀⠀⠀⠀⠀⠀⠀⠀⡇⠀⠀⠀⠀⠀⠀⠀⠀⠀⠀⠀⠀⠀⠀⠀⠀⠀⠀⠀⠀⠀⠀⠀⡇⠀⠀⠀⠀⠀⠀⠀⠀⠀⠀⠀⠀⠀⠀⠀⠀⠀⠀⡇⠀⠀⠀⠀⠀⠀⠀⠀⠀⠀⠀⠀⠀⠀⠀⠀⠀⠀⠀⠀⠀⠀⠀⡇⠀⠀⠀⠀⠀⠀⠀⠀⠀⠀⠀⠀⠀⠀⠀⠀⠀⠀⠀⠀⠀⠀⠀⠀⠀⡇⠀⠀⠀⠀⠀⠀⠀⠀⠀⡇⠀⠀⠀⠀⠀⠀⠀⠀⠀⠀⠀⠀⠀⠀⠀⠀⠀⠀⠀⠀⠀⠀⠀⠀⠀⠀⠀⠀⠀⠀⠀⠀⠀⠀⡇
⡇⠀⡇⡇⡇⠀⣀⣀⣀⣀⣀⣀⣀⣀⣀⣀⣀⣀⣀⣀⣀⣀⣀⣀⣀⡀⠀⡇⡇⡇⠀⠀⡇⠀⠀⠑⡆⠀------------------>⠀⡇⠀Active CUs⠀⠀⠀⠀⠀⠀⠀⠀⡇⠀⠀Req:    0⠀⠀⠀⠀⠀⡇⠀Util:      0 %⠀⠀⠀⠀⠀⠀⠀⠀⡇⠀⠀⠀⠀⠀⠀⠀⠀⠀⠀⠀⠀⠀⠀⠀⠀⠀⠀⡇⠀⠀⠀⠀⠀⠀⠀⠀⠀⠀⠀⠀⠀⠀⠀⠀⠀⠀⠀⠀⠀⠀⠀⡇⠀⠀⠀⠀⠀⠀⠀⠀⠀⠀⠀⠀⠀⠀⠀⠀⠀⠀⠀⠀⠀⠀⠀⠀⠀⡇xGMI/PCIe⡇⠀⠀⠀⠀⠀⠀⠀⠀⠀⠀⠀⠀⠀⠀⠀⠀⠀⠀⠀⠀⠀⠀⠀⠀⠀⠀⠀⠀⠀⠀⠀⠀⠀⠀⡇
⡇⠀⡇⡇⡇⠀⡇Wave   0 Instr Buf⡇⠀⡇⡇⡇⠀⠀⡇⠀⠀⠀⡇⠀⠀⠀⠀⠀⠀⠀⠀⠀⠀⠀⠀⠀⠀⠀⠀⠀⠀⠀⠀⠀⡇⠀n/a: 304⠀⠀⠀⠀⠀⠀⠀⠀⠀⠀⡇<---------------⡇⠀⠀⠀⠀⠀⠀⠀⠀⠀⠀⠀⠀⠀⠀⠀⠀⠀⠀⠀⠀⠀⠀⠀⡇⠀⠀⠀⠀⠀⠀⠀⠀⠀⠀⠀⠀⠀⠀⠀⠀⠀⠀⡇⠀⣀⣀⣀⣀⣀⣀⣀⣀⣀⣀⣀⣀⣀⣀⣀⣀⣀⣀⣀⣀⡀⠀⡇⠀⠀⠀⠀⠀⠀⠀⠀⠀⠀⠀⠀⠀⠀⠀⠀⠀⠀⠀⠀⠀⠀⠀⠀⠀⡇⠀⠀⠀⠀⠀⠀⠀⠀⠀⡇⠀⠀⠀⠀⠀⠀⠀⠀⠀⠀⠀⠀⠀⠀⠀⠀⠀⠀⠀⠀⠀⠀⠀⠀⠀⠀⠀⠀⠀⠀⠀⠀⠀⠀⡇
⡇⠀⡇⡇⡇⠀⠓⠒⠒⠒⠒⠒⠒⠒⠒⠒⠒⠒⠒⠒⠒⠒⠒⠒⠒⠃⠀⡇⡇⡇⠀⠀⡇⠀⠀⠀⡇⠀⠀⠀⠀SMEM: 205028⠀⠀⠀⠀⠀⡇⠀⠀⠀⠀⠀⠀⠀⠀⠀⠀⠀⠀⠀⠀⠀⠀⠀⠀⠀⡇⠀⠀⠀⠀⠀⠀⠀⠀⠀⠀⠀⠀⠀⠀⠀⠀⡇⠀Lat:    N/A⠀⠀⠀⠀⠀⠀⠀⠀⠀⠀⠀⡇⠀⠀⠀⠀⠀⠀⠀⠀⠀⠀⠀⠀⠀⠀⠀⠀⠀⠀⡇⠀⡇⠀Hit:     23 %⠀⠀⠀⠀⠀⡇⠀⡇⠀⠀⠀⠀⠀⠀⠀⠀⠀⠀⠀⠀⠀⠀⠀⠀⠀⠀⠀⠀⠀⠀⠀⠀⠀⣇⣀⣀⣀⣀⣀⣀⣀⣀⣀⡇⠀⠀⠀⠀⠀⠀⠀⠀⠀⠀⠀⠀⠀⠀⠀⠀⠀⠀⠀⠀⠀⠀⠀⠀⠀⠀⠀⠀⠀⠀⠀⠀⠀⠀⡇
⡇⠀⡇⡇⡇⠀⠀⠀⠀⠀⠀⠀⠀⠀⠀⠀⠀⠀⠀⠀⠀⠀⠀⠀⠀⠀⠀⡇⡇⡇⠀⠀⡇⠀⠀⠀⡇⠀------------------>⠀⡇⠀⣀⣀⣀⣀⣀⣀⣀⣀⣀⣀⣀⣀⣀⣀⣀⣀⡀⠀⡇⠀⠀⠀⠀⠀⠀⠀⠀⠀⠀⠀⠀⠀⠀⠀⠀⣇⣀⣀⣀⣀⣀⣀⣀⣀⣀⣀⣀⣀⣀⣀⣀⣀⣀⣀⣀⣀⣀⣀⣀⡇⠀⠀⠀⠀⠀⠀⠀⠀⠀⠀⠀⠀⠀⠀⠀⠀⠀⠀⡇⠀⣇⣀⣀⣀⣀⣀⣀⣀⣀⣀⣀⣀⣀⣀⣀⣀⣀⣀⣀⣀⡇⠀⡇⠀⠀⠀⠀⠀⠀⠀⠀⠀⠀⠀⠀⠀⠀⠀⠀⠀⠀⠀⠀⠀⠀⠀⠀⠀⠀⠀⠀^   |⠀⠀⠀⠀⠀⠀⠀⠀⠀⠀⠀⠀⠀⠀⠀⠀⠀⠀⠀⠀⠀⠀⠀⠀⠀⠀⠀⠀⠀⠀⠀⠀⠀⠀⠀⠀⠀⡇
⡇⠀⡇⡇⡇⠀⣀⣀⣀⣀⣀⣀⣀⣀⣀⣀⣀⣀⣀⣀⣀⣀⣀⣀⣀⡀⠀⡇⡇⡇⠀⠀⡇⠀⠀⠀⡇⠀⠀⠀⠀⠀⠀⠀⠀⠀⠀⠀⠀⠀⠀⠀⠀⠀⠀⠀⠀⠀⡇⠀⡇⠀RVGPRseq:  21.0⠀⡇⠀⠀⠀⠀⠀⠀⠀⠀⠀⠀⠀⠀⠀⠀⠀⠀⠀⠀⠀⠀⠀⠀⠀⠀⠀⠀⠀⠀⠀⠀⠀⠀⠀⠀⠀⠀⠀⠀⠀⠀⠀⠀⠀⠀⠀⠀⠀⠀⠀⠀⠀⠀⠀⠀⠀⠀⠀⠀⠀⡇⠀⠀⠀⠀⠀⠀⠀⠀⠀⠀⠀⠀⠀⠀⠀⠀⠀⠀⠀⠀⠀⠀⠀⡇⠀⠀⠀⠀⠀⠀⠀⠀⠀⠀⠀⠀⠀⠀⠀⠀⠀⠀⠀⠀⠀⠀⠀⠀⠀⠀⠀⠀|   |⠀⠀⠀⠀⠀⠀⠀⠀⠀⠀⠀⠀⠀⠀⠀⠀⠀⠀⠀⠀⠀⠀⠀⠀⠀⠀⠀⠀⠀⠀⠀⠀⠀⠀⠀⠀⠀⡇
⡇⠀⡇⡇⡇⠀⡇Wave N-1 Instr Buf⡇⠀⡇⡇⡇⠀⠀⡇⠀⠀⠀⡇⠀⠀⠀⠀VALU: 2554616⠀⠀⠀⠀⡇⠀⣇⣀⣀⣀⣀⣀⣀⣀⣀⣀⣀⣀⣀⣀⣀⣀⡇⠀⡇⠀⠀⠀⠀⠀⠀⠀⠀⠀⠀⠀⠀⠀⠀⠀⠀Vector L1 Cache⠀⠀⠀⠀⠀⠀⠀⠀⠀⠀⠀⠀⠀⠀⠀⠀⠀⠀⠀⠀⠀⠀⠀⠀⠀⠀⠀⠀⡇⠀Request⠀⠀⠀⠀⠀⠀⠀⠀⠀⠀⠀⠀⠀⠀⠀⡇⠀⠀⠀⠀⠀⠀⠀⠀⠀⠀⠀⠀⠀⠀⠀⠀⠀⠀⠀⠀⠀⠀⠀⠀⠀⠀⠀⠀|   |⠀⠀⠀⠀⠀⠀⠀⠀⠀⠀⠀⠀⠀⠀⠀⠀⠀⠀⠀⠀⠀⠀⠀⠀⠀⠀⠀⠀⠀⠀⠀⠀⠀⠀⠀⠀⠀⡇
⡇⠀⡇⡇⡇⠀⠓⠒⠒⠒⠒⠒⠒⠒⠒⠒⠒⠒⠒⠒⠒⠒⠒⠒⠒⠃⠀⡇⡇⡇⠀⠀⡇⠀⠀⠀⡇⠀------------------>⠀⡇⠀⣀⣀⣀⣀⣀⣀⣀⣀⣀⣀⣀⣀⣀⣀⣀⣀⡀⠀⡇⠀⠀⠀⠀⠀⠀⠀⠀⠀⠀⠀⠀⠀⠀⠀⠀⣀⣀⣀⣀⣀⣀⣀⣀⣀⣀⣀⣀⣀⣀⣀⣀⣀⣀⣀⣀⣀⣀⣀⣀⡀⠀⠀⠀⠀⠀⠀⠀⠀⠀⠀⠀⠀⠀⠀⠀⠀⠀⠀⡇⠀⡖⠒⠒⠒⠒⠒⠒⠒⠒⠒⠒⠒⠒⠒⠒⠒⠒⠒⠒⠒⡆⠀⡇⠀⠀⠀⠀⠀⠀⠀⠀⠀⠀⠀⠀⠀⠀⠀⠀⠀⠀⠀⠀⠀⠀⠀⠀⠀⠀⠀⠀|   v⠀⠀⠀⠀⠀⠀⠀⠀⠀⠀⠀⠀⠀⠀⠀⠀⠀⠀⠀⠀⠀⠀⠀⠀⠀⠀⠀⠀⠀⠀⠀⠀⠀⠀⠀⠀⠀⡇
⡇⠀⡇⡇⡇⠀⠀⠀⠀⠀⠀⠀⠀⠀⠀⠀⠀⠀⠀⠀⠀⠀⠀⠀⠀⠀⠀⡇⡇⡇⠀⠀⡇⠀⠀⠀⡇⠀⠀⠀⠀⠀⠀⠀⠀⠀⠀⠀⠀⠀⠀⠀⠀⠀⠀⠀⠀⠀⡇⠀⡇⠀SGPRs:    30⠀⠀⡇⠀⡇⠀⠀⠀⠀⠀⠀⠀⠀⠀⠀⠀⠀⠀⠀⠀⠀⡇⠀⠀⠀⠀⠀⠀⠀⠀⠀⠀⠀⠀⠀⠀⠀⠀⠀⠀⠀⠀⠀⠀⠀⡇⠀⠀⠀⠀⠀⠀⠀⠀⠀⠀⠀⠀⠀⠀⠀⠀⠀⠀⡇⠀⡇⠀⠀⠀⠀⠀⠀⠀⠀⠀⠀⠀⠀⠀⠀⠀⠀⠀⠀⠀⡇⠀⡇⠀⠀⠀⠀⠀⠀⠀⠀⠀⠀⠀⠀⠀⠀⠀⠀⠀⠀⣀⣀⣀⣀⣀⣀⣀⣀⣀⣀⣀⣀⣀⣀⣀⣀⣀⣀⣀⣀⣀⣀⣀⣀⡀⠀⠀⠀⠀⠀⠀⠀⠀⠀⠀⠀⠀⠀⠀⠀⠀⠀⠀⠀⠀⠀⠀⠀⠀⠀⠀⠀⡇
⡇⠀⡇⡇⡇⠀⠀⠀⠀⠀⠀⠀⠀⠀⠀⠀⠀⠀⠀⠀⠀⠀⠀⠀⠀⠀⠀⡇⡇⡇⠀⠀⡇⠀⠀⠀⡇⠀⠀⠀⠀MFMA: 0   ⠀⠀⠀⠀⠀⠀⠀⡇⠀⣇⣀⣀⣀⣀⣀⣀⣀⣀⣀⣀⣀⣀⣀⣀⣀⡇⠀⡇⠀⠀Rd: 3058347⠀⠀⠀⡇⠀Hit:      0 %⠀⠀⠀⠀⠀⠀⠀⠀⠀⡇⠀⠀⠀Rd: 3057613⠀⠀⠀⠀⡇⠀⡇⠀Rd: 3282158⠀⠀⠀⠀⠀⠀⠀⡇⠀⡇⠀⠀⠀⠀⠀⠀⠀⠀⠀⠀⠀⠀⠀⠀⠀⠀⠀⠀⡇⠀⠀⠀⠀⠀⠀⠀⠀⠀⠀⠀⠀⠀⠀⠀⠀⠀⠀⠀⠀⠀⠀⠀⡇⠀⠀⠀⠀⠀⠀⠀⠀⠀⠀⠀⠀⠀⠀⠀⠀⠀⠀⠀⠀⠀⠀⠀⠀⠀⠀⠀⡇
⡇⠀⡇⡇⡇⠀⠀⠀⠀⠀⠀⠀⠀⠀⠀⠀⠀⠀⠀⠀⠀⠀⠀⠀⠀⠀⠀⡇⡇⡇⠀⠀⡇⠀⠀⠀⡇⠀------------------>⠀⡇⠀⠀⠀⠀⠀⠀⠀⠀⠀⠀⠀⠀⠀⠀⠀⠀⠀⠀⠀⡇<---------------⡇⠀⠀⠀⠀⠀⠀⠀⠀⠀⠀⠀⠀⠀⠀⠀⠀⠀⠀⠀⠀⠀⠀⠀⡇⠀<---------------⠀⡇⠀⡇⠀⠀⠀⠀⠀⠀⠀⠀⠀⠀⠀⠀⠀⠀⠀⠀⠀⠀⠀⡇⠀⡇⠀⠀⠀⠀⠀⠀⠀⠀⠀⠀⠀⠀⠀⠀⠀⠀⠀⠀⡇⠀⠀⠀⠀⠀   Fabric⠀⠀⠀⠀⠀⠀⠀⠀⠀⡇⠀⠀⠀⠀⠀⠀⠀⠀⠀⠀⠀⠀⠀⠀⠀⠀⠀⠀⠀⠀⠀⠀⠀⠀⠀⠀⠀⡇
⡇⠀⡇⡇⡇⠀⠀⠀⠀⠀⠀⠀⠀⠀⠀⠀⠀⠀⠀⠀⠀⠀⠀⠀⠀⠀⠀⡇⡇⡇⠀⠀⡇⠀⠀⠀⡇⠀⠀⠀⠀⠀⠀⠀⠀⠀⠀⠀⠀⠀⠀⠀⠀⠀⠀⠀⠀⠀⡇⠀⣀⣀⣀⣀⣀⣀⣀⣀⣀⣀⣀⣀⣀⣀⣀⣀⡀⠀⡇⠀⠀Wt: 451472⠀⠀⠀⠀⡇⠀Lat:    N/A⠀⠀⠀⠀⠀⠀⠀⠀⠀⠀⠀⡇⠀⠀⠀Wr: 437139⠀⠀⠀⠀⠀⡇⠀⡇⠀Wr: 437139⠀⠀⠀⠀⠀⠀⠀⠀⡇⠀⡇⠀⠀⠀Rd: 2600267⠀⠀⠀⠀⡇⠀⠀⠀⠀⠀⠀⠀⠀⠀⠀⠀⠀⠀⠀⠀⠀⠀⠀⠀⠀⠀⠀⠀⡇⠀⠀⠀⠀⠀⠀⠀⠀⠀⠀⠀⠀⠀⠀⣀⣀⣀⣀⣀⣀⣀⣀⣀⣀⡀⠀⠀⡇
⡇⠀⡇⡇⡇⠀⠀⠀⠀⠀⠀⠀⠀⠀⠀⠀⠀⠀⠀⠀⠀⠀⠀⠀⠀⠀⠀⡇⡇⡇⠀⠀⡇⠀⠀⠀⡇⠀⠀⠀⠀VMEM: 218681⠀⠀⠀⠀⠀⡇⠀⡇⠀LDS Alloc:⠀⠀⠀⠀⡇⠀⡇--------------->⡇⠀⠀⠀⠀⠀⠀⠀⠀⠀⠀⠀⠀⠀⠀⠀⠀⠀⠀⠀⠀⠀⠀⠀⡇⠀--------------->⠀⡇⠀⡇⠀⠀⠀⠀⠀⠀⠀⠀⠀⠀⠀⠀⠀⠀⠀⠀⠀⠀⠀⡇⠀⡇⠀<---------------⠀⡇⠀Latency (cycles)⠀⠀⠀⠀⠀⠀⡇⠀⠀⠀Rd: 2598364⡇⠀⠀⠀⠀⠀⠀⠀⠀⠀⡇⠀⠀⡇
⡇⠀⡇⡇⡇⠀⠀⠀⠀⠀⠀⠀⠀⠀⠀⠀⠀⠀⠀⠀⠀⠀⠀⠀⠀⠀⠀⡇⡇⡇⠀⠀⡇⠀⠀⠀⡇⠀------------------>⠀⡇⠀⡇⠀            0⠀⡇⠀⡇⠀⠀Atomic:    0⠀⠀⡇⠀Coales:     98 %⠀⠀⠀⠀⠀⠀⡇⠀⠀⠀Atomic:    0⠀⠀⠀⡇⠀⡇⠀Atomic:      0⠀⠀⠀⠀⡇⠀⡇⠀⠀⠀Wr: 437139⠀⠀⠀⠀⠀⡇⠀⡖⠒⠒⠒⠒⠒⠒⠒⠒⠒⠒⠒⠒⠒⠒⠒⠒⠒⠒⠒⡆⠀⡇⠀<-----------⠀⡇⠀⠀⠀HBM⠀⠀⠀⡇⠀⠀⡇
⡇⠀⡇⡇⡇⠀⠀⠀⠀⠀⠀⠀⠀⠀⠀⠀⠀⠀⠀⠀⠀⠀⠀⠀⠀⠀⠀⡇⡇⡇⠀⠀⡇⠀⠀⠀⡇⠀⠀⠀⠀⠀⠀⠀⠀⠀⠀⠀⠀⠀⠀⠀⠀⠀⠀⠀⠀⠀⡇⠀⣇⣀⣀⣀⣀⣀⣀⣀⣀⣀⣀⣀⣀⣀⣀⣀⡇⠀⡇<-------------->⡇⠀⠀⠀⠀⠀⠀⠀⠀⠀⠀⠀⠀⠀⠀⠀⠀⠀⠀⠀⠀⠀⠀⠀⡇⠀<-------------->⠀⡇⠀⡇⠀⠀⠀⠀⠀⠀⠀⠀⠀⠀⠀⠀⠀⠀⠀⠀⠀⠀⠀⡇⠀⡇⠀--------------->⠀⡇⠀⡇⠀Rd:   1023⠀⠀⠀⠀⠀⠀⠀⠀⡇⠀⡇⠀⠀⠀Wr: 437139⠀⡇⠀⠀⠀⠀⠀⠀⠀⠀⠀⡇⠀⠀⡇
⡇⠀⡇⡇⡇⠀⠀⠀⠀⠀⠀⠀⠀⠀⠀⠀⠀⠀⠀⠀⠀⠀⠀⠀⠀⠀⠀⡇⡇⡇⠀⠀⡇⠀⠀⠀⡇⠀⠀⠀⠀LDS: 0   ⠀⠀⠀⠀⠀⠀⠀⠀⡇⠀⣀⣀⣀⣀⣀⣀⣀⣀⣀⣀⣀⣀⣀⣀⣀⣀⡀⠀⡇⠀⠀⠀⠀⠀⠀⠀⠀⠀⠀⠀⠀⠀⠀⠀⠀⡇⠀Stall:     47 cycles⠀⠀⡇⠀⠀⠀⠀⠀⠀⠀⠀⠀⠀⠀⠀⠀⠀⠀⠀⠀⠀⡇⠀⣇⣀⣀⣀⣀⣀⣀⣀⣀⣀⣀⣀⣀⣀⣀⣀⣀⣀⣀⣀⡇⠀⡇⠀⠀⠀Atomic:    0⠀⠀⠀⡇⠀⡇⠀Wr:    291⠀⠀⠀⠀⠀⠀⠀⠀⡇⠀⡇⠀----------->⠀⣇⣀⣀⣀⣀⣀⣀⣀⣀⣀⡇⠀⠀⡇
⡇⠀⡇⡇⡇⠀⠀⠀⠀⠀⠀⠀⠀⠀⠀⠀⠀⠀⠀⠀⠀⠀⠀⠀⠀⠀⠀⡇⡇⡇⠀⠀⡇⠀⠀⠀⡇⠀------------------>⠀⡇⠀⡇⠀Scratch Alloc:⡇⠀⡇⠀⠀⠀⠀⠀⠀⠀⠀⠀⠀⠀⠀⠀⠀⠀⠀⣇⣀⣀⣀⣀⣀⣀⣀⣀⣀⣀⣀⣀⣀⣀⣀⣀⣀⣀⣀⣀⣀⣀⣀⡇⠀⠀⠀⠀⠀⠀⠀⠀⠀⠀⠀⠀⠀⠀⠀⠀⠀⠀⡇⠀⠀⠀⠀⠀⠀⠀⠀⠀⠀⠀⠀⠀⠀⠀⠀⠀⠀⠀⠀⠀⠀⠀⡇⠀--------------->⠀⡇⠀⡇⠀Atomic:      0⠀⠀⠀⠀⡇⠀⡇⠀⠀⠀⠀⠀⠀⠀⠀⠀⠀⠀⠀⠀⠀⠀⠀⠀⠀⠀⠀⠀⠀⠀⠀⠀⠀⠀⡇
⡇⠀⡇⡇⡇⠀⠀⠀⠀⠀⠀⠀⠀⠀⠀⠀⠀⠀⠀⠀⠀⠀⠀⠀⠀⠀⠀⡇⡇⡇⠀⠀⡇⠀⠀⠀⡇⠀⠀⠀⠀⠀⠀⠀⠀⠀⠀⠀⠀⠀⠀⠀⠀⠀⠀⠀⠀⠀⡇⠀⡇⠀            0⠀⡇⠀⡇⠀⠀⠀⠀⠀⠀⠀⠀⠀⠀⠀⠀⠀⠀⠀⠀⠀⠀⠀⠀⠀⠀⠀⠀⠀⠀⠀⠀⠀⠀⠀⠀⠀⠀⠀⠀⠀⠀⠀⠀⠀⠀⠀⠀⠀⠀⠀⠀⠀⠀⠀⠀⠀⠀⠀⠀⠀⠀⠀⡇⠀⠀⠀⠀⠀⠀⠀⠀⠀⠀⠀⠀⠀⠀⠀⠀⠀⠀⠀⠀⠀⠀⠀⡇⠀⠀⠀⠀⠀⠀⠀⠀⠀⠀⠀⠀⠀⠀⠀⠀⠀⠀⡇⠀⣇⣀⣀⣀⣀⣀⣀⣀⣀⣀⣀⣀⣀⣀⣀⣀⣀⣀⣀⣀⡇⠀⡇⠀⠀⠀⠀⠀⠀⠀⠀⠀⠀⠀⠀⠀⠀⠀⠀⠀⠀⠀⠀⠀⠀⠀⠀⠀⠀⠀⡇
⡇⠀⡇⡇⡇⠀⠀⠀⠀Wave Occupancy⠀⠀⠀⠀⡇⡇⡇⠀⠀⡇⠀⠀⠀⡇⠀⠀⠀⠀GWS: 0   ⠀⠀⠀⠀⠀⠀⠀⠀⡇⠀⣇⣀⣀⣀⣀⣀⣀⣀⣀⣀⣀⣀⣀⣀⣀⣀⡇⠀⡇⠀⠀⠀⠀⠀⠀⠀⠀⠀⠀⠀⠀⠀⠀⠀⠀Scalar L1D Cache⠀⠀⠀⠀⠀⠀⠀⠀⠀⠀⠀⠀⠀⠀⠀⠀⠀⠀⠀⠀⠀⠀⠀⠀⠀⠀⠀⡇⠀Latency (cycles)⠀⠀⠀⠀⠀⠀⡇⠀⠀⠀⠀⠀⠀⠀⠀⠀⠀⠀⠀⠀⠀⠀⠀⠀⠀⡇⠀⠀⠀⠀⠀⠀⠀⠀⠀⠀⠀⠀⠀⠀⠀⠀⠀⠀⠀⠀⠀⠀⠀⡇⠀⠀⠀⠀⠀⠀⠀⠀⠀⠀⠀⠀⠀⠀⠀⠀⠀⠀⠀⠀⠀⠀⠀⠀⠀⠀⠀⡇
⡇⠀⡇⡇⡇⠀⠀⠀⠀⠀⠀⠀  0⠀⠀⠀⠀⠀⠀⠀⠀⠀⠀⠀⠀⡇⡇⡇⠀⠀⡇⠀⠀⠀⡇⠀------------------>⠀⡇⠀⠀⠀⠀⠀⠀⠀⠀⠀⠀⠀⠀⠀⠀⠀⠀⠀⠀⠀⡇⠀⠀⠀⠀⠀⠀⠀⠀⠀⠀⠀⠀⠀⠀⠀⠀⣀⣀⣀⣀⣀⣀⣀⣀⣀⣀⣀⣀⣀⣀⣀⣀⣀⣀⣀⣀⣀⣀⣀⣀⡀⠀⠀⠀Rd: 218459⠀⠀⠀⠀⠀⡇⠀⡖⠒⠒⠒⠒⠒⠒⠒⠒⠒⠒⠒⠒⠒⠒⠒⠒⠒⠒⠒⡆⠀⡇⠀⠀⠀⠀⠀⠀⠀⠀⠀⠀⠀⠀⠀⠀⠀⠀⠀⠀⣇⣀⣀⣀⣀⣀⣀⣀⣀⣀⣀⣀⣀⣀⣀⣀⣀⣀⣀⣀⣀⣀⣀⣀⡇⠀⠀⠀⠀⠀⠀⠀⠀⠀⠀⠀⠀⠀⠀⠀⠀⠀⠀⠀⠀⠀⠀⠀⠀⠀⠀⠀⡇
⡇⠀⡇⡇⡇⠀⠀⠀⠀Wave Life⠀⠀⠀⠀⠀⠀⠀⠀⠀⡇⡇⡇⠀⠀⡇⠀⠀⠀⡇⠀⠀⠀⠀⠀⠀⠀⠀⠀⠀⠀⠀⠀⠀⠀⠀⠀⠀⠀⠀⠀⡇⠀⣀⣀⣀⣀⣀⣀⣀⣀⣀⣀⣀⣀⣀⣀⣀⣀⡀⠀⡇⠀⠀⠀⠀⠀⠀⠀⠀⠀⠀⠀⠀⠀⠀⠀⠀⡇⠀⠀⠀⠀⠀⠀⠀⠀⠀⠀⠀⠀⠀⠀⠀⠀⠀⠀⠀⠀⠀⠀⠀⡇⠀<---------------⠀⡇⠀⡇⠀⠀⠀⠀⠀⠀⠀⠀⠀⠀⠀⠀⠀⠀⠀⠀⠀⠀⠀⡇⠀⡇⠀⠀⠀⠀⠀⠀⠀⠀⠀⠀⠀⠀⠀⠀⠀⠀⠀⠀⠀⠀⠀⠀⠀⠀⠀⠀⠀⠀^   |⠀⠀⠀⠀⠀⠀⠀⠀⠀⠀⠀⠀⠀⠀⠀⠀⠀⠀⠀⠀⠀⠀⠀⠀⠀⠀⠀⠀⠀⠀⠀⠀⠀⠀⠀⠀⠀⡇
⡇⠀⡇⡇⡇⠀⠀⠀⠀⠀1151388⠀⠀⠀⠀⠀⠀⠀⠀⠀⠀⡇⡇⡇⠀⠀⡇⠀⠀⠀⡇⠀⠀⠀⠀BRANCH: 28521⠀⠀⠀⠀⡇⠀⡇⠀Wavefronts:⠀⠀⠀⡇⠀⡇⠀⠀Rd: 218682⠀⠀⠀⠀⡇⠀Hit:      2 %⠀⠀⠀⠀⠀⠀⠀⠀⠀⡇⠀⠀⠀Wr:    0⠀⠀⠀⠀⠀⠀⠀⡇⠀⡇⠀Rd:    N/A⠀⠀⠀⠀⠀⠀⠀⠀⡇⠀⡇⠀⠀⠀⠀⠀⠀⠀⠀⠀⠀⠀⠀⠀⠀⠀⠀⠀⠀⠀⠀⠀⠀⠀⠀⠀⠀⠀⠀|   |⠀⠀⠀⠀⠀⠀⠀⠀⠀⠀⠀⠀⠀⠀⠀⠀⠀⠀⠀⠀⠀⠀⠀⠀⠀⠀⠀⠀⠀⠀⠀⠀⠀⠀⠀⠀⠀⡇
⡇⠀⡇⡇⣇⣀⣀⣀⣀⣀⣀⣀⣀⣀⣀⣀⣀⣀⣀⣀⣀⣀⣀⣀⣀⣀⣀⣇⣇⡇⠀⠀⡇⠀⢀⡠⠃⠀------------------>⠀⡇⠀⡇⠀         9136⠀⡇⠀⡇<---------------⡇⠀⠀⠀⠀⠀⠀⠀⠀⠀⠀⠀⠀⠀⠀⠀⠀⠀⠀⠀⠀⠀⠀⠀⡇⠀--------------->⠀⡇⠀⡇⠀⠀⠀⠀⠀⠀⠀⠀⠀⠀⠀⠀⠀⠀⠀⠀⠀⠀⠀⡇⠀⡇⠀⠀⠀⠀⠀⠀⠀⠀⠀⠀⠀⠀⠀⠀⠀⠀⠀⠀⠀⠀⠀⠀⠀⠀⠀⠀⠀⠀|   |⠀⠀⠀⠀⠀⠀⠀⠀⠀⠀⠀⠀⠀⠀⠀⠀⠀⠀⠀⠀⠀⠀⠀⠀⠀⠀⠀⠀⠀⠀⠀⠀⠀⠀⠀⠀⠀⡇
⡇⠀⣇⣓⣒⣒⣒⣒⣒⣒⣒⣒⣒⣒⣒⣒⣒⣒⣒⣒⣒⣒⣒⣒⣒⣒⣒⡗⠃⠀⠀⠀⡧⠒⠁⠀⠀⠀⠀⠀⠀⠀⠀⠀⠀⠀⠀⠀⠀⠀⠀⠀⠀⠀⠀⠀⠀⠀⡇⠀⣇⣀⣀⣀⣀⣀⣀⣀⣀⣀⣀⣀⣀⣀⣀⣀⡇⠀⡇⠀⠀⠀⠀⠀⠀⠀⠀⠀⠀⠀⠀⠀⠀⠀⠀⡇⠀Lat: 6731.0 cycles⠀⠀⠀⠀⡇⠀⠀⠀Atomic:    0⠀⠀⠀⡇⠀⡇⠀Wr:    N/A⠀⠀⠀⠀⠀⠀⠀⠀⡇⠀⡇⠀⠀⠀⠀⠀⠀⠀⠀⠀⠀⠀⠀⠀⠀⠀⠀⠀⠀⠀⠀⠀⠀⠀⠀⠀⠀⠀⠀|   v⠀⠀⠀⠀⠀⠀⠀⠀⠀⠀⠀⠀⠀⠀⠀⠀⠀⠀⠀⠀⠀⠀⠀⠀⠀⠀⠀⠀⠀⠀⠀⠀⠀⠀⠀⠀⠀⡇
⡇⠀⠀⠀⠀⠀⠀⠀⠀⠀⠀⠀⠀⠀^⠀⠀⠀⠀⠀⠀⠀⠀⠀⠀⠀⠀⠀⠀⠀⠀⠀⠀⠀⠀⠀⠀⠀⠀⠀⠀⠀⠀⠀⠀⠀⠀⠀⠀⠀⠀⠀⠀⠀⠀⠀⠀⠀⡇⠀⣀⣀⣀⣀⣀⣀⣀⣀⣀⣀⣀⣀⣀⣀⣀⣀⡀⠀⡇⠀⠀⠀⠀⠀⠀⠀⠀⠀⠀⠀⠀⠀⠀⠀⠀⣇⣀⣀⣀⣀⣀⣀⣀⣀⣀⣀⣀⣀⣀⣀⣀⣀⣀⣀⣀⣀⣀⣀⣀⡇⠀<-------------->⠀⡇⠀⣇⣀⣀⣀⣀⣀⣀⣀⣀⣀⣀⣀⣀⣀⣀⣀⣀⣀⣀⣀⡇⠀⡇⠀⠀⠀⠀⠀⠀⠀⠀⠀⠀⠀⠀⠀⠀⠀⠀⠀⠀⠀⠀⠀⠀⠀⠀⠀⣀⣀⣀⣀⣀⣀⣀⣀⣀⣀⡀⠀⠀⠀⠀⠀⠀⠀⠀⠀⠀⠀⠀⠀⠀⠀⠀⠀⠀⠀⠀⠀⠀⠀⠀⠀⠀⠀⠀⠀⠀⠀⠀⠀⠀⡇
⡇⠀⠀⠀⠀⠀⠀⠀⠀⠀⠀⠀⠀⠀|⠀⠀⠀⠀⠀⠀⠀⠀⠀⠀⠀⠀⠀⠀⠀⠀⠀⠀⠀⠀⠀⠀⠀⠀⠀⠀⠀⠀⠀⠀⠀⠀⠀⠀⠀⠀⠀⠀⠀⠀⠀⠀⠀⡇⠀⡇⠀Workgroups:⠀⠀⠀⡇⠀⡇⠀⠀⠀⠀⠀⠀⠀⠀⠀⠀⠀⠀⠀⠀⠀⠀⠀⠀⠀⠀⠀⠀⠀⠀⠀⠀⠀⠀⠀⠀⠀⠀⠀⠀⠀⠀⠀⠀⠀⠀⠀⠀⠀⠀⠀⠀⠀⠀⠀⠀⠀⠀⠀⠀⠀⠀⠀⠀⠀⡇⠀⠀⠀⠀⠀⠀⠀⠀⠀⠀⠀⠀⠀⠀⠀⠀⠀⠀⠀⠀⠀⠀⠀⡇⠀⠀⠀⠀⠀⠀⠀⠀⠀⠀⠀⠀⠀⠀⠀⠀⠀⠀⠀⠀⠀⠀⠀⠀⠀⡇⠀⠀⠀⠀⠀⠀⠀⠀⠀⡇⠀⠀⠀⠀⠀⠀⠀⠀⠀⠀⠀⠀⠀⠀⠀⠀⠀⠀⠀⠀⠀⠀⠀⠀⠀⠀⠀⠀⠀⠀⠀⠀⠀⠀⡇
⡇⠀⠀⠀⠀⠀⠀⠀⠀⠀⠀⠀⠀⠀|⠀⠀⠀⠀⠀⠀⠀⠀⠀⠀⠀⠀⠀⠀⠀⠀⠀⠀⠀⠀⠀⠀⠀⠀⠀⠀⠀⠀⠀⠀⠀⠀⠀⠀⠀⠀⠀⠀⠀⠀⠀⠀⠀⡇⠀⡇⠀         9111⠀⡇⠀⡇⠀⠀⠀⠀⠀⠀⠀⠀⠀⠀⠀⠀⠀⠀⠀⠀Instr L1 Cache⠀⠀⠀⠀⠀⠀⠀⠀⠀⠀⠀⠀⠀⠀⠀⠀⠀⠀⠀⠀⠀⠀⠀⠀⠀⠀⠀⠀⠀⡇⠀⠀⠀⠀⠀⠀⠀⠀⠀⠀⠀⠀⠀⠀⠀⠀⠀⠀⠀⠀⠀⠀⠀⡇⠀⠀⠀⠀⠀⠀⠀⠀⠀⠀⠀⠀⠀⠀⠀⠀⠀⠀⠀⠀⠀⠀⠀⠀⠀⡇⠀⠀⠀GMI⠀⠀⠀⡇⠀⠀⠀⠀⠀⠀⠀⠀⠀⠀⠀⠀⠀⠀⠀⠀⠀⠀⠀⠀⠀⠀⠀⠀⠀⠀⠀⠀⠀⠀⠀⠀⠀⠀⡇
⡇⠀⠀⠀⠀⠀⠀⠀⠀⠀⠀⠀⠀⠀|⠀⠀⠀⠀⠀⠀⠀⠀⠀⠀⠀⠀⠀⠀⠀⠀⠀⠀⠀⠀⠀⠀⠀⠀⠀⠀⠀⠀⠀⠀⠀⠀⠀⠀⠀⠀⠀⠀⠀⠀⠀⠀⠀⡇⠀⣇⣀⣀⣀⣀⣀⣀⣀⣀⣀⣀⣀⣀⣀⣀⣀⡇⠀⡇⠀⠀⠀⠀⠀⠀⠀⠀⠀⠀⠀⠀⠀⠀⠀⠀⣀⣀⣀⣀⣀⣀⣀⣀⣀⣀⣀⣀⣀⣀⣀⣀⣀⣀⣀⣀⣀⣀⣀⣀⡀⠀⠀⠀⠀⠀⠀⠀⠀⠀⠀⠀⠀⠀⠀⠀⠀⠀⠀⡇⠀⠀⠀⠀⠀⠀⠀⠀⠀⠀⠀⠀⠀⠀⠀⠀⠀⠀⠀⠀⠀⠀⠀⡇⠀⠀⠀⠀⠀⠀⠀⠀⠀⠀⠀⠀⠀⠀⠀⠀⠀⠀⠀⠀⠀⠀⠀⠀⠀⡇⠀⠀⠀⠀⠀⠀⠀⠀⠀⡇⠀⠀⠀⠀⠀⠀⠀⠀⠀⠀⠀⠀⠀⠀⠀⠀⠀⠀⠀⠀⠀⠀⠀⠀⠀⠀⠀⠀⠀⠀⠀⠀⠀⠀⡇
⡇⠀⠀⠀⠀⠀⠀⠀⠀⠀⠀⠀⠀⠀|⠀⠀⠀⠀⠀⠀⠀⠀⠀⠀⠀⠀⠀⠀⠀⠀⠀⠀⠀⠀⠀⠀⠀⠀⠀⠀⠀⠀⠀⠀⠀⠀⠀⠀⠀⠀⠀⠀⠀⠀⠀⠀⠀⡇⠀⠀⠀⠀⠀⠀⠀⠀⠀⠀⠀⠀⠀⠀⠀⠀⠀⠀⠀⡇⠀⠀⠀⠀⠀⠀⠀⠀⠀⠀⠀⠀⠀⠀⠀⠀⡇⠀⠀⠀⠀⠀⠀⠀⠀⠀⠀⠀⠀⠀⠀⠀⠀⠀⠀⠀⠀⠀⠀⠀⡇⠀⠀⠀⠀⠀⠀⠀⠀⠀⠀⠀⠀⠀⠀⠀⠀⠀⠀⡇⠀⠀⠀⠀⠀⠀⠀⠀⠀⠀⠀⠀⠀⠀⠀⠀⠀⠀⠀⠀⠀⠀⠀⡇⠀⠀⠀⠀⠀⠀⠀⠀⠀⠀⠀⠀⠀⠀⠀⠀⠀⠀⠀⠀⠀⠀⠀⠀⠀⣇⣀⣀⣀⣀⣀⣀⣀⣀⣀⡇⠀⠀⠀⠀⠀⠀⠀⠀⠀⠀⠀⠀⠀⠀⠀⠀⠀⠀⠀⠀⠀⠀⠀⠀⠀⠀⠀⠀⠀⠀⠀⠀⠀⠀⡇
⡇⠀⠀⠀⠀⠀⠀⠀⠀⠀⠀⠀⠀⠀|⠀⠀⠀⠀⠀⠀⠀⠀⠀⠀⠀⠀⠀⠀⠀⠀⠀⠀⠀⠀⠀⠀⠀⠀⠀⠀Fetch: 711323⠀⠀⠀⠀⣇⣀⣀⣀⣀⣀⣀⣀⣀⣀⣀⣀⣀⣀⣀⣀⣀⣀⣀⣀⡇⠀⠀⠀⠀⠀⠀⠀⠀⠀⠀⠀⠀⠀⠀⠀⠀⡇⠀Hit:     96 %⠀⠀⠀⠀⠀⠀⠀⠀⠀⡇⠀⠀⠀Req: 3251⠀⠀⠀⠀⠀⠀⡇⠀⠀⠀⠀⠀⠀⠀⠀⠀⠀⠀⠀⠀⠀⠀⠀⠀⠀⠀⠀⠀⠀⠀⡇⠀⠀⠀⠀⠀⠀⠀⠀⠀⠀⠀⠀⠀⠀⠀⠀⠀⠀⠀⠀⠀⠀⠀⠀⠀⠀⠀⠀⠀⠀⠀⠀⠀⠀⠀⠀⠀⠀⠀⠀⠀⠀⠀⠀⠀⠀⠀⠀⠀⠀⠀⠀⠀⠀⠀⠀⠀⠀⠀⠀⠀⠀⠀⠀⠀⠀⠀⠀⠀⠀⡇
⡇⠀⠀⠀⠀⠀⠀⠀⠀⠀⠀⠀⠀⠀--------------------------------------------------------------------------------⠀⡇⠀⠀⠀⠀⠀⠀⠀⠀⠀⠀⠀⠀⠀⠀⠀⠀⠀⠀⠀⠀⠀⠀⠀⡇⠀<---------------⠀⡇⠀⠀⠀⠀⠀⠀⠀⠀⠀⠀⠀⠀⠀⠀⠀⠀⠀⠀⠀⠀⠀⠀⠀⡇⠀⠀⠀⠀⠀⠀⠀⠀⠀⠀⠀⠀⠀⠀⠀⠀⠀⠀⠀⠀⠀⠀⠀⠀⠀⠀⠀⠀⠀⠀⠀⠀⠀⠀⠀⠀⠀⠀⠀⠀⠀⠀⠀⠀⠀⠀⠀⠀⠀⠀⠀⠀⠀⠀⠀⠀⠀⠀⠀⠀⠀⠀⠀⠀⠀⠀⠀⠀⠀⠀⡇
⡇⠀⠀⠀⠀⠀⠀⠀⠀⠀⠀⠀⠀⠀⠀⠀⠀⠀⠀⠀⠀⠀⠀⠀⠀⠀⠀⠀⠀⠀⠀⠀⠀⠀⠀⠀⠀⠀⠀⠀⠀⠀⠀⠀⠀⠀⠀⠀⠀⠀⠀⠀⠀⠀⠀⠀⠀⠀⠀⠀⠀⠀⠀⠀⠀⠀⠀⠀⠀⠀⠀⠀⠀⠀⠀⠀⠀⠀⠀⠀⠀⠀⠀⠀⠀⠀⠀⠀⠀⠀⠀⠀⠀⠀⠀⡇⠀Lat: 3372.0 cycles⠀⠀⠀⠀⡇⠀⠀⠀⠀⠀⠀⠀⠀⠀⠀⠀⠀⠀⠀⠀⠀⠀⠀⡇⠀⠀⠀⠀⠀⠀⠀⠀⠀⠀⠀⠀⠀⠀⠀⠀⠀⠀⠀⠀⠀⠀⠀⡇⠀⠀⠀⠀⠀⠀⠀⠀⠀⠀⠀⠀⠀⠀⠀⠀⠀⠀⠀⠀⠀⠀⠀⠀⠀⠀⠀⠀⠀⠀⠀⠀⠀⠀⠀⠀⠀⠀⠀⠀⠀⠀⠀⠀⠀⠀⠀⠀⠀⠀⠀⠀⠀⠀⠀⠀⠀⠀⠀⠀⠀⠀⠀⠀⠀⠀⠀⠀⠀⠀⡇
⡇⠀⠀⠀⠀⠀⠀⠀⠀⠀⠀⠀⠀⠀⠀⠀⠀⠀⠀⠀⠀⠀⠀⠀⠀⠀⠀⠀⠀⠀⠀⠀⠀⠀⠀⠀⠀⠀⠀⠀⠀⠀⠀⠀⠀⠀⠀⠀⠀⠀⠀⠀⠀⠀⠀⠀⠀⠀⠀⠀⠀⠀⠀⠀⠀⠀⠀⠀⠀⠀⠀⠀⠀⠀⠀⠀⠀⠀⠀⠀⠀⠀⠀⠀⠀⠀⠀⠀⠀⠀⠀⠀⠀⠀⠀⣇⣀⣀⣀⣀⣀⣀⣀⣀⣀⣀⣀⣀⣀⣀⣀⣀⣀⣀⣀⣀⣀⣀⣀⡇⠀⠀⠀⠀⠀⠀⠀⠀⠀⠀⠀⠀⠀⠀⠀⠀⠀⠀⣇⣀⣀⣀⣀⣀⣀⣀⣀⣀⣀⣀⣀⣀⣀⣀⣀⣀⣀⣀⣀⣀⣀⣀⡇⠀⠀⠀⠀⠀⠀⠀⠀⠀⠀⠀⠀⠀⠀⠀⠀⠀⠀⠀⠀⠀⠀⠀⠀⠀⠀⠀⠀⠀⠀⠀⠀⠀⠀⠀⠀⠀⠀⠀⠀⠀⠀⠀⠀⠀⠀⠀⠀⠀⠀⠀⠀⠀⠀⠀⠀⠀⠀⠀⠀⠀⠀⠀⠀⠀⠀⠀⠀⠀⠀⡇
⡇⠀⠀⠀⠀⠀⠀⠀⠀⠀⠀⠀⠀⠀⠀⠀⠀⠀⠀⠀⠀⠀⠀⠀⠀⠀⠀⠀⠀⠀⠀⠀⠀⠀⠀⠀⠀⠀⠀⠀⠀⠀⠀⠀⠀⠀⠀⠀⠀⠀⠀⠀⠀⠀⠀⠀⠀⠀⠀⠀⠀⠀⠀⠀⠀⠀⠀⠀⠀⠀⠀⠀⠀⠀⠀⠀⠀⠀⠀⠀⠀⠀⠀⠀⠀⠀⠀⠀⠀⠀⠀⠀⠀⠀⠀⠀⠀⠀⠀⠀⠀⠀⠀⠀⠀⠀⠀⠀⠀⠀⠀⠀⠀⠀⠀⠀⠀⠀⠀⠀⠀⠀⠀⠀⠀⠀⠀⠀⠀⠀⠀⠀⠀⠀⠀⠀⠀⠀⠀⠀⠀⠀⠀⠀⠀⠀⠀⠀⠀⠀⠀⠀⠀⠀⠀⠀⠀⠀⠀⠀⠀⠀⠀⠀⠀⠀⠀⠀⠀⠀⠀⠀⠀⠀⠀⠀⠀⠀⠀⠀⠀⠀⠀⠀⠀⠀⠀⠀⠀⠀⠀⠀⠀⠀⠀⠀⠀⠀⠀⠀⠀⠀⠀⠀⠀⠀⠀⠀⠀⠀⠀⠀⠀⠀⠀⠀⠀⠀⠀⠀⠀⠀⠀⠀⠀⠀⠀⠀⠀⠀⠀⠀⠀⡇
⡇⠀⠀⠀⠀⠀⠀⠀⠀⠀⠀⠀⠀⠀⠀⠀⠀⠀⠀⠀⠀⠀⠀⠀⠀⠀⠀⠀⠀⠀⠀⠀⠀⠀⠀⠀⠀⠀⠀⠀⠀⠀⠀⠀⠀⠀⠀⠀⠀⠀⠀⠀⠀⠀⠀⠀⠀⠀⠀⠀⠀⠀⠀⠀⠀⠀⠀⠀⠀⠀⠀⠀⠀⠀⠀⠀⠀⠀⠀⠀⠀⠀⠀⠀⠀⠀⠀⠀⠀⠀⠀⠀⠀⠀⠀⠀⠀⠀⠀⠀⠀⠀⠀⠀⠀⠀⠀⠀⠀⠀⠀⠀⠀⠀⠀⠀⠀⠀⠀⠀⠀⠀⠀⠀⠀⠀⠀⠀⠀⠀⠀⠀⠀⠀⠀⠀⠀⠀⠀⠀⠀⠀⠀⠀⠀⠀⠀⠀⠀⠀⠀⠀⠀⠀⠀⠀⠀⠀⠀⠀⠀⠀⠀⠀⠀⠀⠀⠀⠀⠀⠀⠀⠀⠀⠀⠀⠀⠀⠀⠀⠀⠀⠀⠀⠀⠀⠀⠀⠀⠀⠀⠀⠀⠀⠀⠀⠀⠀⠀⠀⠀⠀⠀⠀⠀⠀⠀⠀⠀⠀⠀⠀⠀⠀⠀⠀⠀⠀⠀⠀⠀⠀⠀⠀⠀⠀⠀⠀⠀⠀⠀⠀⠀⡇
⣇⣀⣀⣀⣀⣀⣀⣀⣀⣀⣀⣀⣀⣀⣀⣀⣀⣀⣀⣀⣀⣀⣀⣀⣀⣀⣀⣀⣀⣀⣀⣀⣀⣀⣀⣀⣀⣀⣀⣀⣀⣀⣀⣀⣀⣀⣀⣀⣀⣀⣀⣀⣀⣀⣀⣀⣀⣀⣀⣀⣀⣀⣀⣀⣀⣀⣀⣀⣀⣀⣀⣀⣀⣀⣀⣀⣀⣀⣀⣀⣀⣀⣀⣀⣀⣀⣀⣀⣀⣀⣀⣀⣀⣀⣀⣀⣀⣀⣀⣀⣀⣀⣀⣀⣀⣀⣀⣀⣀⣀⣀⣀⣀⣀⣀⣀⣀⣀⣀⣀⣀⣀⣀⣀⣀⣀⣀⣀⣀⣀⣀⣀⣀⣀⣀⣀⣀⣀⣀⣀⣀⣀⣀⣀⣀⣀⣀⣀⣀⣀⣀⣀⣀⣀⣀⣀⣀⣀⣀⣀⣀⣀⣀⣀⣀⣀⣀⣀⣀⣀⣀⣀⣀⣀⣀⣀⣀⣀⣀⣀⣀⣀⣀⣀⣀⣀⣀⣀⣀⣀⣀⣀⣀⣀⣀⣀⣀⣀⣀⣀⣀⣀⣀⣀⣀⣀⣀⣀⣀⣀⣀⣀⣀⣀⣀⣀⣀⣀⣀⣀⣀⣀⣀⣀⣀⣀⣀⣀⣀⣀⣀⣀⣀⡇


--- Executing: make BP_LV=l2 profile_bp ---
python3 bp.py main-dev.s l2 main-dev_bp_l2.s
Generated: main-dev_bp_l2.s
clang -target amdgcn-amd-amdhsa -mcpu=gfx942 main-dev_bp_l2.s -o main-dev_bp_l2.o
clang-offload-bundler -type=o -bundle-align=4096 -targets=host-x86_64-unknown-linux-gnu,hipv4-amdgcn-amd-amdhsa--gfx942 -input=/dev/null -input=main-dev_bp_l2.o  -output=main-dev_bp_l2.hipfb
./gen_mcin main-host.o main-dev_bp_l2.hipfb > main-host.mcin
llvm-mc -triple x86_64-unknown-linux-gnu -o main-dev_em_bp_l2.o main-host.mcin --filetype=obj
hipcc -std=c++17 -Wall -Wextra -I ../../Common -I ../../External  -o main_bp_l2 main-host.o main-dev_em_bp_l2.o 
rocprof-compute profile -n main_bp_l2 -- ./main_bp_l2
[33mWARNING[0m The option --format-rocprof-output currently set to csv will default to rocpd in a future release.

                                 __                                       _
 _ __ ___   ___ _ __  _ __ ___  / _|       ___ ___  _ __ ___  _ __  _   _| |_ ___
| '__/ _ \ / __| '_ \| '__/ _ \| |_ _____ / __/ _ \| '_ ` _ \| '_ \| | | | __/ _ \
| | | (_) | (__| |_) | | | (_) |  _|_____| (_| (_) | | | | | | |_) | |_| | ||  __/
|_|  \___/ \___| .__/|_|  \___/|_|        \___\___/|_| |_| |_| .__/ \__,_|\__\___|
               |_|                                           |_|

   [32mINFO[0m fatal: not a git repository (or any of the parent directories): .git
   [32mINFO[0m Rocprofiler-Compute version: 3.4.0
   [32mINFO[0m Profiler choice: rocprofiler-sdk
   [32mINFO[0m Path: /root/rocm-examples/Applications/fdtd_profile/workloads/main_bp_l2/MI300X_A1
   [32mINFO[0m Target: MI300X_A1
   [32mINFO[0m Command: ./main_bp_l2
   [32mINFO[0m Kernel Selection: None
   [32mINFO[0m Dispatch Selection: None
   [32mINFO[0m Filtered sections: All
   [32mINFO[0m 
   [32mINFO[0m ~~~~~~~~~~~~~~~~~~~~~~~~~~~~~~~~
   [32mINFO[0m Collecting Performance Counters
   [32mINFO[0m ~~~~~~~~~~~~~~~~~~~~~~~~~~~~~~~~
   [32mINFO[0m 
   [32mINFO[0m [Run 1/13][Approximate profiling time left: pending first measurement...]
   [32mINFO[0m [profiling] Current input file: /root/rocm-examples/Applications/fdtd_profile/workloads/main_bp_l2/MI300X_A1/perfmon/SQC_DCACHE_INFLIGHT_LEVEL.txt
   [32mINFO[0m    |-> [rocprofiler-sdk] W20260209 14:59:47.125643 124412809065984 simple_timer.cpp:55] [rocprofv3] tool initialization ::     0.112026 sec
   [32mINFO[0m    |-> [rocprofiler-sdk] W20260209 14:59:47.125857 124412809065984 simple_timer.cpp:55] [rocprofv3] './main_bp_l2' ::     0.000000 sec
   [32mINFO[0m    |-> [rocprofiler-sdk] W20260209 14:59:47.316547 124412809065984 tool.cpp:2422] HSA version 8.20.0 initialized (instance=0)
   [32mINFO[0m    |-> [rocprofiler-sdk] iteration: 3	 time serial: 0.0687968	 time HIP: 0.028194	 consistency: 100%
   [32mINFO[0m    |-> [rocprofiler-sdk] iteration: 6	 time serial: 0.136129	 time HIP: 0.0563288	 consistency: 100%
   [32mINFO[0m    |-> [rocprofiler-sdk] iteration: 9	 time serial: 0.203348	 time HIP: 0.0844537	 consistency: 100%
   [32mINFO[0m    |-> [rocprofiler-sdk] iteration: 12	 time serial: 0.27057	 time HIP: 0.112575	 consistency: 100%
   [32mINFO[0m    |-> [rocprofiler-sdk] iteration: 15	 time serial: 0.337673	 time HIP: 0.140713	 consistency: 100%
   [32mINFO[0m    |-> [rocprofiler-sdk] iteration: 18	 time serial: 0.404881	 time HIP: 0.168858	 consistency: 100%
   [32mINFO[0m    |-> [rocprofiler-sdk] iteration: 21	 time serial: 0.486025	 time HIP: 0.197097	 consistency: 100%
   [32mINFO[0m    |-> [rocprofiler-sdk] iteration: 24	 time serial: 0.560057	 time HIP: 0.225285	 consistency: 99.9999%
   [32mINFO[0m    |-> [rocprofiler-sdk] iteration: 27	 time serial: 0.627093	 time HIP: 0.253423	 consistency: 99.3826%
   [32mINFO[0m    |-> [rocprofiler-sdk] iteration: 30	 time serial: 0.694591	 time HIP: 0.281564	 consistency: 99.382%
   [32mINFO[0m    |-> [rocprofiler-sdk] W20260209 14:59:48.778886 124412809065984 simple_timer.cpp:55] [rocprofv3] './main_bp_l2' ::     1.653028 sec
   [32mINFO[0m    |-> [rocprofiler-sdk] E20260209 14:59:48.787482 124412809065984 output_stream.cpp:111] Opened result file: /root/rocm-examples/Applications/fdtd_profile/workloads/main_bp_l2/MI300X_A1/out/pmc_1/f5fa73aad503/12793_kernel_trace.csv
   [32mINFO[0m    |-> [rocprofiler-sdk] E20260209 14:59:48.800730 124412809065984 output_stream.cpp:111] Opened result file: /root/rocm-examples/Applications/fdtd_profile/workloads/main_bp_l2/MI300X_A1/out/pmc_1/f5fa73aad503/12793_counter_collection.csv
   [32mINFO[0m    |-> [rocprofiler-sdk] E20260209 14:59:48.840781 124412809065984 output_stream.cpp:111] Opened result file: /root/rocm-examples/Applications/fdtd_profile/workloads/main_bp_l2/MI300X_A1/out/pmc_1/f5fa73aad503/12793_agent_info.csv
   [32mINFO[0m    |-> [rocprofiler-sdk] W20260209 14:59:48.843977 124412809065984 simple_timer.cpp:55] [rocprofv3] output generation ::     0.063621 sec
   [32mINFO[0m    |-> [rocprofiler-sdk] W20260209 14:59:48.844080 124412809065984 simple_timer.cpp:55] [rocprofv3] tool finalization ::     0.063761 sec
   [32mINFO[0m [Run 2/13][Approximate profiling time left: 46 seconds]...
   [32mINFO[0m [profiling] Current input file: /root/rocm-examples/Applications/fdtd_profile/workloads/main_bp_l2/MI300X_A1/perfmon/SQC_ICACHE_INFLIGHT_LEVEL.txt
   [32mINFO[0m    |-> [rocprofiler-sdk] W20260209 14:59:51.310994 128965896590848 simple_timer.cpp:55] [rocprofv3] tool initialization ::     0.110803 sec
   [32mINFO[0m    |-> [rocprofiler-sdk] W20260209 14:59:51.311205 128965896590848 simple_timer.cpp:55] [rocprofv3] './main_bp_l2' ::     0.000000 sec
   [32mINFO[0m    |-> [rocprofiler-sdk] W20260209 14:59:51.504788 128965896590848 tool.cpp:2422] HSA version 8.20.0 initialized (instance=0)
   [32mINFO[0m    |-> [rocprofiler-sdk] iteration: 3	 time serial: 0.0682743	 time HIP: 0.0281342	 consistency: 100%
   [32mINFO[0m    |-> [rocprofiler-sdk] iteration: 6	 time serial: 0.136315	 time HIP: 0.0562352	 consistency: 100%
   [32mINFO[0m    |-> [rocprofiler-sdk] iteration: 9	 time serial: 0.204457	 time HIP: 0.0843074	 consistency: 100%
   [32mINFO[0m    |-> [rocprofiler-sdk] iteration: 12	 time serial: 0.272487	 time HIP: 0.112388	 consistency: 100%
   [32mINFO[0m    |-> [rocprofiler-sdk] iteration: 15	 time serial: 0.340494	 time HIP: 0.140469	 consistency: 100%
   [32mINFO[0m    |-> [rocprofiler-sdk] iteration: 18	 time serial: 0.408523	 time HIP: 0.16854	 consistency: 100%
   [32mINFO[0m    |-> [rocprofiler-sdk] iteration: 21	 time serial: 0.489472	 time HIP: 0.196695	 consistency: 100%
   [32mINFO[0m    |-> [rocprofiler-sdk] iteration: 24	 time serial: 0.560582	 time HIP: 0.224803	 consistency: 99.9999%
   [32mINFO[0m    |-> [rocprofiler-sdk] iteration: 27	 time serial: 0.628636	 time HIP: 0.252905	 consistency: 99.3826%
   [32mINFO[0m    |-> [rocprofiler-sdk] iteration: 30	 time serial: 0.696704	 time HIP: 0.281024	 consistency: 99.382%
   [32mINFO[0m    |-> [rocprofiler-sdk] W20260209 14:59:52.970297 128965896590848 simple_timer.cpp:55] [rocprofv3] './main_bp_l2' ::     1.659092 sec
   [32mINFO[0m    |-> [rocprofiler-sdk] E20260209 14:59:52.978966 128965896590848 output_stream.cpp:111] Opened result file: /root/rocm-examples/Applications/fdtd_profile/workloads/main_bp_l2/MI300X_A1/out/pmc_1/f5fa73aad503/12801_kernel_trace.csv
   [32mINFO[0m    |-> [rocprofiler-sdk] E20260209 14:59:52.992549 128965896590848 output_stream.cpp:111] Opened result file: /root/rocm-examples/Applications/fdtd_profile/workloads/main_bp_l2/MI300X_A1/out/pmc_1/f5fa73aad503/12801_counter_collection.csv
   [32mINFO[0m    |-> [rocprofiler-sdk] E20260209 14:59:53.035681 128965896590848 output_stream.cpp:111] Opened result file: /root/rocm-examples/Applications/fdtd_profile/workloads/main_bp_l2/MI300X_A1/out/pmc_1/f5fa73aad503/12801_agent_info.csv
   [32mINFO[0m    |-> [rocprofiler-sdk] W20260209 14:59:53.039061 128965896590848 simple_timer.cpp:55] [rocprofv3] output generation ::     0.067287 sec
   [32mINFO[0m    |-> [rocprofiler-sdk] W20260209 14:59:53.039178 128965896590848 simple_timer.cpp:55] [rocprofv3] tool finalization ::     0.067440 sec
   [32mINFO[0m [Run 3/13][Approximate profiling time left: 42 seconds]...
   [32mINFO[0m [profiling] Current input file: /root/rocm-examples/Applications/fdtd_profile/workloads/main_bp_l2/MI300X_A1/perfmon/SQ_IFETCH_LEVEL.txt
   [32mINFO[0m    |-> [rocprofiler-sdk] W20260209 14:59:55.615852 129348250211840 simple_timer.cpp:55] [rocprofv3] tool initialization ::     0.120824 sec
   [32mINFO[0m    |-> [rocprofiler-sdk] W20260209 14:59:55.616075 129348250211840 simple_timer.cpp:55] [rocprofv3] './main_bp_l2' ::     0.000000 sec
   [32mINFO[0m    |-> [rocprofiler-sdk] W20260209 14:59:55.809977 129348250211840 tool.cpp:2422] HSA version 8.20.0 initialized (instance=0)
   [32mINFO[0m    |-> [rocprofiler-sdk] iteration: 3	 time serial: 0.0672148	 time HIP: 0.027983	 consistency: 100%
   [32mINFO[0m    |-> [rocprofiler-sdk] iteration: 6	 time serial: 0.134076	 time HIP: 0.0559161	 consistency: 100%
   [32mINFO[0m    |-> [rocprofiler-sdk] iteration: 9	 time serial: 0.200933	 time HIP: 0.0838376	 consistency: 100%
   [32mINFO[0m    |-> [rocprofiler-sdk] iteration: 12	 time serial: 0.267754	 time HIP: 0.111786	 consistency: 100%
   [32mINFO[0m    |-> [rocprofiler-sdk] iteration: 15	 time serial: 0.334576	 time HIP: 0.139718	 consistency: 100%
   [32mINFO[0m    |-> [rocprofiler-sdk] iteration: 18	 time serial: 0.401372	 time HIP: 0.167651	 consistency: 100%
   [32mINFO[0m    |-> [rocprofiler-sdk] iteration: 21	 time serial: 0.470235	 time HIP: 0.195725	 consistency: 100%
   [32mINFO[0m    |-> [rocprofiler-sdk] iteration: 24	 time serial: 0.547717	 time HIP: 0.223744	 consistency: 99.9999%
   [32mINFO[0m    |-> [rocprofiler-sdk] iteration: 27	 time serial: 0.614528	 time HIP: 0.251749	 consistency: 99.3826%
   [32mINFO[0m    |-> [rocprofiler-sdk] iteration: 30	 time serial: 0.681374	 time HIP: 0.279752	 consistency: 99.382%
   [32mINFO[0m    |-> [rocprofiler-sdk] W20260209 14:59:57.276960 129348250211840 simple_timer.cpp:55] [rocprofv3] './main_bp_l2' ::     1.660885 sec
   [32mINFO[0m    |-> [rocprofiler-sdk] E20260209 14:59:57.286197 129348250211840 output_stream.cpp:111] Opened result file: /root/rocm-examples/Applications/fdtd_profile/workloads/main_bp_l2/MI300X_A1/out/pmc_1/f5fa73aad503/12809_kernel_trace.csv
   [32mINFO[0m    |-> [rocprofiler-sdk] E20260209 14:59:57.299705 129348250211840 output_stream.cpp:111] Opened result file: /root/rocm-examples/Applications/fdtd_profile/workloads/main_bp_l2/MI300X_A1/out/pmc_1/f5fa73aad503/12809_counter_collection.csv
   [32mINFO[0m    |-> [rocprofiler-sdk] E20260209 14:59:57.364286 129348250211840 output_stream.cpp:111] Opened result file: /root/rocm-examples/Applications/fdtd_profile/workloads/main_bp_l2/MI300X_A1/out/pmc_1/f5fa73aad503/12809_agent_info.csv
   [32mINFO[0m    |-> [rocprofiler-sdk] W20260209 14:59:57.367691 129348250211840 simple_timer.cpp:55] [rocprofv3] output generation ::     0.088731 sec
   [32mINFO[0m    |-> [rocprofiler-sdk] W20260209 14:59:57.367827 129348250211840 simple_timer.cpp:55] [rocprofv3] tool finalization ::     0.088913 sec
   [32mINFO[0m [Run 4/13][Approximate profiling time left: 38 seconds]...
   [32mINFO[0m [profiling] Current input file: /root/rocm-examples/Applications/fdtd_profile/workloads/main_bp_l2/MI300X_A1/perfmon/SQ_INST_LEVEL_LDS.txt
   [32mINFO[0m    |-> [rocprofiler-sdk] W20260209 15:00:00.005869 139063406110208 simple_timer.cpp:55] [rocprofv3] tool initialization ::     0.118740 sec
   [32mINFO[0m    |-> [rocprofiler-sdk] W20260209 15:00:00.006083 139063406110208 simple_timer.cpp:55] [rocprofv3] './main_bp_l2' ::     0.000000 sec
   [32mINFO[0m    |-> [rocprofiler-sdk] W20260209 15:00:00.198909 139063406110208 tool.cpp:2422] HSA version 8.20.0 initialized (instance=0)
   [32mINFO[0m    |-> [rocprofiler-sdk] iteration: 3	 time serial: 0.0675933	 time HIP: 0.027797	 consistency: 100%
   [32mINFO[0m    |-> [rocprofiler-sdk] iteration: 6	 time serial: 0.135032	 time HIP: 0.0555498	 consistency: 100%
   [32mINFO[0m    |-> [rocprofiler-sdk] iteration: 9	 time serial: 0.202267	 time HIP: 0.0832959	 consistency: 100%
   [32mINFO[0m    |-> [rocprofiler-sdk] iteration: 12	 time serial: 0.269402	 time HIP: 0.111036	 consistency: 100%
   [32mINFO[0m    |-> [rocprofiler-sdk] iteration: 15	 time serial: 0.336727	 time HIP: 0.138784	 consistency: 100%
   [32mINFO[0m    |-> [rocprofiler-sdk] iteration: 18	 time serial: 0.403938	 time HIP: 0.166524	 consistency: 100%
   [32mINFO[0m    |-> [rocprofiler-sdk] iteration: 21	 time serial: 0.490771	 time HIP: 0.194457	 consistency: 100%
   [32mINFO[0m    |-> [rocprofiler-sdk] iteration: 24	 time serial: 0.565502	 time HIP: 0.222292	 consistency: 99.9999%
   [32mINFO[0m    |-> [rocprofiler-sdk] iteration: 27	 time serial: 0.632145	 time HIP: 0.250111	 consistency: 99.3826%
   [32mINFO[0m    |-> [rocprofiler-sdk] iteration: 30	 time serial: 0.699223	 time HIP: 0.277913	 consistency: 99.382%
   [32mINFO[0m    |-> [rocprofiler-sdk] W20260209 15:00:01.660877 139063406110208 simple_timer.cpp:55] [rocprofv3] './main_bp_l2' ::     1.654793 sec
   [32mINFO[0m    |-> [rocprofiler-sdk] E20260209 15:00:01.669760 139063406110208 output_stream.cpp:111] Opened result file: /root/rocm-examples/Applications/fdtd_profile/workloads/main_bp_l2/MI300X_A1/out/pmc_1/f5fa73aad503/12848_kernel_trace.csv
   [32mINFO[0m    |-> [rocprofiler-sdk] E20260209 15:00:01.683255 139063406110208 output_stream.cpp:111] Opened result file: /root/rocm-examples/Applications/fdtd_profile/workloads/main_bp_l2/MI300X_A1/out/pmc_1/f5fa73aad503/12848_counter_collection.csv
   [32mINFO[0m    |-> [rocprofiler-sdk] E20260209 15:00:01.751598 139063406110208 output_stream.cpp:111] Opened result file: /root/rocm-examples/Applications/fdtd_profile/workloads/main_bp_l2/MI300X_A1/out/pmc_1/f5fa73aad503/12848_agent_info.csv
   [32mINFO[0m    |-> [rocprofiler-sdk] W20260209 15:00:01.755007 139063406110208 simple_timer.cpp:55] [rocprofv3] output generation ::     0.092431 sec
   [32mINFO[0m    |-> [rocprofiler-sdk] W20260209 15:00:01.755148 139063406110208 simple_timer.cpp:55] [rocprofv3] tool finalization ::     0.092620 sec
   [32mINFO[0m [Run 5/13][Approximate profiling time left: 34 seconds]...
   [32mINFO[0m [profiling] Current input file: /root/rocm-examples/Applications/fdtd_profile/workloads/main_bp_l2/MI300X_A1/perfmon/SQ_INST_LEVEL_SMEM.txt
   [32mINFO[0m    |-> [rocprofiler-sdk] W20260209 15:00:04.350951 124051380344320 simple_timer.cpp:55] [rocprofv3] tool initialization ::     0.112601 sec
   [32mINFO[0m    |-> [rocprofiler-sdk] W20260209 15:00:04.351177 124051380344320 simple_timer.cpp:55] [rocprofv3] './main_bp_l2' ::     0.000000 sec
   [32mINFO[0m    |-> [rocprofiler-sdk] W20260209 15:00:04.542062 124051380344320 tool.cpp:2422] HSA version 8.20.0 initialized (instance=0)
   [32mINFO[0m    |-> [rocprofiler-sdk] iteration: 3	 time serial: 0.0674843	 time HIP: 0.0274916	 consistency: 100%
   [32mINFO[0m    |-> [rocprofiler-sdk] iteration: 6	 time serial: 0.134566	 time HIP: 0.0549297	 consistency: 100%
   [32mINFO[0m    |-> [rocprofiler-sdk] iteration: 9	 time serial: 0.201625	 time HIP: 0.0823807	 consistency: 100%
   [32mINFO[0m    |-> [rocprofiler-sdk] iteration: 12	 time serial: 0.268567	 time HIP: 0.10981	 consistency: 100%
   [32mINFO[0m    |-> [rocprofiler-sdk] iteration: 15	 time serial: 0.335546	 time HIP: 0.137233	 consistency: 100%
   [32mINFO[0m    |-> [rocprofiler-sdk] iteration: 18	 time serial: 0.402666	 time HIP: 0.164676	 consistency: 100%
   [32mINFO[0m    |-> [rocprofiler-sdk] iteration: 21	 time serial: 0.46966	 time HIP: 0.214878	 consistency: 100%
   [32mINFO[0m    |-> [rocprofiler-sdk] iteration: 24	 time serial: 0.547786	 time HIP: 0.242354	 consistency: 99.9999%
   [32mINFO[0m    |-> [rocprofiler-sdk] iteration: 27	 time serial: 0.61495	 time HIP: 0.269797	 consistency: 99.3826%
   [32mINFO[0m    |-> [rocprofiler-sdk] iteration: 30	 time serial: 0.681998	 time HIP: 0.297229	 consistency: 99.382%
   [32mINFO[0m    |-> [rocprofiler-sdk] W20260209 15:00:05.998385 124051380344320 simple_timer.cpp:55] [rocprofv3] './main_bp_l2' ::     1.647208 sec
   [32mINFO[0m    |-> [rocprofiler-sdk] E20260209 15:00:06.006810 124051380344320 output_stream.cpp:111] Opened result file: /root/rocm-examples/Applications/fdtd_profile/workloads/main_bp_l2/MI300X_A1/out/pmc_1/f5fa73aad503/12856_kernel_trace.csv
   [32mINFO[0m    |-> [rocprofiler-sdk] E20260209 15:00:06.019986 124051380344320 output_stream.cpp:111] Opened result file: /root/rocm-examples/Applications/fdtd_profile/workloads/main_bp_l2/MI300X_A1/out/pmc_1/f5fa73aad503/12856_counter_collection.csv
   [32mINFO[0m    |-> [rocprofiler-sdk] E20260209 15:00:06.058393 124051380344320 output_stream.cpp:111] Opened result file: /root/rocm-examples/Applications/fdtd_profile/workloads/main_bp_l2/MI300X_A1/out/pmc_1/f5fa73aad503/12856_agent_info.csv
   [32mINFO[0m    |-> [rocprofiler-sdk] W20260209 15:00:06.061534 124051380344320 simple_timer.cpp:55] [rocprofv3] output generation ::     0.061810 sec
   [32mINFO[0m    |-> [rocprofiler-sdk] W20260209 15:00:06.061633 124051380344320 simple_timer.cpp:55] [rocprofv3] tool finalization ::     0.061945 sec
   [32mINFO[0m [Run 6/13][Approximate profiling time left: 29 seconds]...
   [32mINFO[0m [profiling] Current input file: /root/rocm-examples/Applications/fdtd_profile/workloads/main_bp_l2/MI300X_A1/perfmon/SQ_INST_LEVEL_VMEM.txt
   [32mINFO[0m    |-> [rocprofiler-sdk] W20260209 15:00:08.636570 127055691789824 simple_timer.cpp:55] [rocprofv3] tool initialization ::     0.112142 sec
   [32mINFO[0m    |-> [rocprofiler-sdk] W20260209 15:00:08.636854 127055691789824 simple_timer.cpp:55] [rocprofv3] './main_bp_l2' ::     0.000000 sec
   [32mINFO[0m    |-> [rocprofiler-sdk] W20260209 15:00:08.824894 127055691789824 tool.cpp:2422] HSA version 8.20.0 initialized (instance=0)
   [32mINFO[0m    |-> [rocprofiler-sdk] iteration: 3	 time serial: 0.0678525	 time HIP: 0.0290553	 consistency: 100%
   [32mINFO[0m    |-> [rocprofiler-sdk] iteration: 6	 time serial: 0.135403	 time HIP: 0.0587431	 consistency: 100%
   [32mINFO[0m    |-> [rocprofiler-sdk] iteration: 9	 time serial: 0.202731	 time HIP: 0.0886062	 consistency: 100%
   [32mINFO[0m    |-> [rocprofiler-sdk] iteration: 12	 time serial: 0.27008	 time HIP: 0.118489	 consistency: 100%
   [32mINFO[0m    |-> [rocprofiler-sdk] iteration: 15	 time serial: 0.337278	 time HIP: 0.148331	 consistency: 100%
   [32mINFO[0m    |-> [rocprofiler-sdk] iteration: 18	 time serial: 0.404718	 time HIP: 0.178209	 consistency: 100%
   [32mINFO[0m    |-> [rocprofiler-sdk] iteration: 21	 time serial: 0.498408	 time HIP: 0.207754	 consistency: 100%
   [32mINFO[0m    |-> [rocprofiler-sdk] iteration: 24	 time serial: 0.565756	 time HIP: 0.237188	 consistency: 99.9999%
   [32mINFO[0m    |-> [rocprofiler-sdk] iteration: 27	 time serial: 0.632984	 time HIP: 0.266544	 consistency: 99.3826%
   [32mINFO[0m    |-> [rocprofiler-sdk] iteration: 30	 time serial: 0.700606	 time HIP: 0.296322	 consistency: 99.382%
   [32mINFO[0m    |-> [rocprofiler-sdk] W20260209 15:00:10.349994 127055691789824 simple_timer.cpp:55] [rocprofv3] './main_bp_l2' ::     1.713141 sec
   [32mINFO[0m    |-> [rocprofiler-sdk] E20260209 15:00:10.359601 127055691789824 output_stream.cpp:111] Opened result file: /root/rocm-examples/Applications/fdtd_profile/workloads/main_bp_l2/MI300X_A1/out/pmc_1/f5fa73aad503/12864_kernel_trace.csv
   [32mINFO[0m    |-> [rocprofiler-sdk] E20260209 15:00:10.374455 127055691789824 output_stream.cpp:111] Opened result file: /root/rocm-examples/Applications/fdtd_profile/workloads/main_bp_l2/MI300X_A1/out/pmc_1/f5fa73aad503/12864_counter_collection.csv
   [32mINFO[0m    |-> [rocprofiler-sdk] E20260209 15:00:10.415029 127055691789824 output_stream.cpp:111] Opened result file: /root/rocm-examples/Applications/fdtd_profile/workloads/main_bp_l2/MI300X_A1/out/pmc_1/f5fa73aad503/12864_agent_info.csv
   [32mINFO[0m    |-> [rocprofiler-sdk] W20260209 15:00:10.418626 127055691789824 simple_timer.cpp:55] [rocprofv3] output generation ::     0.066814 sec
   [32mINFO[0m    |-> [rocprofiler-sdk] W20260209 15:00:10.418733 127055691789824 simple_timer.cpp:55] [rocprofv3] tool finalization ::     0.066963 sec
   [32mINFO[0m [Run 7/13][Approximate profiling time left: 25 seconds]...
   [32mINFO[0m [profiling] Current input file: /root/rocm-examples/Applications/fdtd_profile/workloads/main_bp_l2/MI300X_A1/perfmon/SQ_LEVEL_WAVES.txt
   [32mINFO[0m    |-> [rocprofiler-sdk] W20260209 15:00:13.043885 125715600197120 simple_timer.cpp:55] [rocprofv3] tool initialization ::     0.112450 sec
   [32mINFO[0m    |-> [rocprofiler-sdk] W20260209 15:00:13.044168 125715600197120 simple_timer.cpp:55] [rocprofv3] './main_bp_l2' ::     0.000000 sec
   [32mINFO[0m    |-> [rocprofiler-sdk] W20260209 15:00:13.236697 125715600197120 tool.cpp:2422] HSA version 8.20.0 initialized (instance=0)
   [32mINFO[0m    |-> [rocprofiler-sdk] iteration: 3	 time serial: 0.0680241	 time HIP: 0.0290413	 consistency: 100%
   [32mINFO[0m    |-> [rocprofiler-sdk] iteration: 6	 time serial: 0.135617	 time HIP: 0.058794	 consistency: 100%
   [32mINFO[0m    |-> [rocprofiler-sdk] iteration: 9	 time serial: 0.203191	 time HIP: 0.0885084	 consistency: 100%
   [32mINFO[0m    |-> [rocprofiler-sdk] iteration: 12	 time serial: 0.270788	 time HIP: 0.118373	 consistency: 100%
   [32mINFO[0m    |-> [rocprofiler-sdk] iteration: 15	 time serial: 0.338286	 time HIP: 0.148064	 consistency: 100%
   [32mINFO[0m    |-> [rocprofiler-sdk] iteration: 18	 time serial: 0.405796	 time HIP: 0.177889	 consistency: 100%
   [32mINFO[0m    |-> [rocprofiler-sdk] iteration: 21	 time serial: 0.485912	 time HIP: 0.207562	 consistency: 100%
   [32mINFO[0m    |-> [rocprofiler-sdk] iteration: 24	 time serial: 0.553451	 time HIP: 0.237423	 consistency: 99.9999%
   [32mINFO[0m    |-> [rocprofiler-sdk] iteration: 27	 time serial: 0.621024	 time HIP: 0.267391	 consistency: 99.3826%
   [32mINFO[0m    |-> [rocprofiler-sdk] iteration: 30	 time serial: 0.688629	 time HIP: 0.297193	 consistency: 99.382%
   [32mINFO[0m    |-> [rocprofiler-sdk] W20260209 15:00:14.760464 125715600197120 simple_timer.cpp:55] [rocprofv3] './main_bp_l2' ::     1.716295 sec
   [32mINFO[0m    |-> [rocprofiler-sdk] E20260209 15:00:14.770170 125715600197120 output_stream.cpp:111] Opened result file: /root/rocm-examples/Applications/fdtd_profile/workloads/main_bp_l2/MI300X_A1/out/pmc_1/f5fa73aad503/12872_kernel_trace.csv
   [32mINFO[0m    |-> [rocprofiler-sdk] E20260209 15:00:14.784208 125715600197120 output_stream.cpp:111] Opened result file: /root/rocm-examples/Applications/fdtd_profile/workloads/main_bp_l2/MI300X_A1/out/pmc_1/f5fa73aad503/12872_counter_collection.csv
   [32mINFO[0m    |-> [rocprofiler-sdk] E20260209 15:00:14.823308 125715600197120 output_stream.cpp:111] Opened result file: /root/rocm-examples/Applications/fdtd_profile/workloads/main_bp_l2/MI300X_A1/out/pmc_1/f5fa73aad503/12872_agent_info.csv
   [32mINFO[0m    |-> [rocprofiler-sdk] W20260209 15:00:14.826768 125715600197120 simple_timer.cpp:55] [rocprofv3] output generation ::     0.064045 sec
   [32mINFO[0m    |-> [rocprofiler-sdk] W20260209 15:00:14.826865 125715600197120 simple_timer.cpp:55] [rocprofv3] tool finalization ::     0.064188 sec
   [32mINFO[0m [Run 8/13][Approximate profiling time left: 21 seconds]...
   [32mINFO[0m [profiling] Current input file: /root/rocm-examples/Applications/fdtd_profile/workloads/main_bp_l2/MI300X_A1/perfmon/pmc_perf_0.txt
   [32mINFO[0m    |-> [rocprofiler-sdk] W20260209 15:00:17.428699 139768208406016 simple_timer.cpp:55] [rocprofv3] tool initialization ::     0.112891 sec
   [32mINFO[0m    |-> [rocprofiler-sdk] W20260209 15:00:17.429003 139768208406016 simple_timer.cpp:55] [rocprofv3] './main_bp_l2' ::     0.000000 sec
   [32mINFO[0m    |-> [rocprofiler-sdk] W20260209 15:00:17.621945 139768208406016 tool.cpp:2422] HSA version 8.20.0 initialized (instance=0)
   [32mINFO[0m    |-> [rocprofiler-sdk] iteration: 3	 time serial: 0.0682186	 time HIP: 0.0290387	 consistency: 100%
   [32mINFO[0m    |-> [rocprofiler-sdk] iteration: 6	 time serial: 0.136061	 time HIP: 0.0587086	 consistency: 100%
   [32mINFO[0m    |-> [rocprofiler-sdk] iteration: 9	 time serial: 0.20386	 time HIP: 0.0886233	 consistency: 100%
   [32mINFO[0m    |-> [rocprofiler-sdk] iteration: 12	 time serial: 0.271743	 time HIP: 0.118369	 consistency: 100%
   [32mINFO[0m    |-> [rocprofiler-sdk] iteration: 15	 time serial: 0.339474	 time HIP: 0.1483	 consistency: 100%
   [32mINFO[0m    |-> [rocprofiler-sdk] iteration: 18	 time serial: 0.407331	 time HIP: 0.178132	 consistency: 100%
   [32mINFO[0m    |-> [rocprofiler-sdk] iteration: 21	 time serial: 0.499098	 time HIP: 0.207859	 consistency: 100%
   [32mINFO[0m    |-> [rocprofiler-sdk] iteration: 24	 time serial: 0.566287	 time HIP: 0.23786	 consistency: 99.9999%
   [32mINFO[0m    |-> [rocprofiler-sdk] iteration: 27	 time serial: 0.633442	 time HIP: 0.267595	 consistency: 99.3826%
   [32mINFO[0m    |-> [rocprofiler-sdk] iteration: 30	 time serial: 0.700815	 time HIP: 0.297553	 consistency: 99.382%
   [32mINFO[0m    |-> [rocprofiler-sdk] W20260209 15:00:19.141967 139768208406016 simple_timer.cpp:55] [rocprofv3] './main_bp_l2' ::     1.712964 sec
   [32mINFO[0m    |-> [rocprofiler-sdk] E20260209 15:00:19.151613 139768208406016 output_stream.cpp:111] Opened result file: /root/rocm-examples/Applications/fdtd_profile/workloads/main_bp_l2/MI300X_A1/out/pmc_1/f5fa73aad503/12880_kernel_trace.csv
   [32mINFO[0m    |-> [rocprofiler-sdk] E20260209 15:00:19.165660 139768208406016 output_stream.cpp:111] Opened result file: /root/rocm-examples/Applications/fdtd_profile/workloads/main_bp_l2/MI300X_A1/out/pmc_1/f5fa73aad503/12880_counter_collection.csv
   [32mINFO[0m    |-> [rocprofiler-sdk] E20260209 15:00:19.204712 139768208406016 output_stream.cpp:111] Opened result file: /root/rocm-examples/Applications/fdtd_profile/workloads/main_bp_l2/MI300X_A1/out/pmc_1/f5fa73aad503/12880_agent_info.csv
   [32mINFO[0m    |-> [rocprofiler-sdk] W20260209 15:00:19.208158 139768208406016 simple_timer.cpp:55] [rocprofv3] output generation ::     0.063956 sec
   [32mINFO[0m    |-> [rocprofiler-sdk] W20260209 15:00:19.208268 139768208406016 simple_timer.cpp:55] [rocprofv3] tool finalization ::     0.064106 sec
   [32mINFO[0m [Run 9/13][Approximate profiling time left: 17 seconds]...
   [32mINFO[0m [profiling] Current input file: /root/rocm-examples/Applications/fdtd_profile/workloads/main_bp_l2/MI300X_A1/perfmon/pmc_perf_1.txt
   [32mINFO[0m    |-> [rocprofiler-sdk] W20260209 15:00:21.696346 125017928586752 simple_timer.cpp:55] [rocprofv3] tool initialization ::     0.113637 sec
   [32mINFO[0m    |-> [rocprofiler-sdk] W20260209 15:00:21.696559 125017928586752 simple_timer.cpp:55] [rocprofv3] './main_bp_l2' ::     0.000000 sec
   [32mINFO[0m    |-> [rocprofiler-sdk] W20260209 15:00:21.884885 125017928586752 tool.cpp:2422] HSA version 8.20.0 initialized (instance=0)
   [32mINFO[0m    |-> [rocprofiler-sdk] iteration: 3	 time serial: 0.0679363	 time HIP: 0.026366	 consistency: 100%
   [32mINFO[0m    |-> [rocprofiler-sdk] iteration: 6	 time serial: 0.135705	 time HIP: 0.0526906	 consistency: 100%
   [32mINFO[0m    |-> [rocprofiler-sdk] iteration: 9	 time serial: 0.203268	 time HIP: 0.0790081	 consistency: 100%
   [32mINFO[0m    |-> [rocprofiler-sdk] iteration: 12	 time serial: 0.270835	 time HIP: 0.105319	 consistency: 100%
   [32mINFO[0m    |-> [rocprofiler-sdk] iteration: 15	 time serial: 0.338409	 time HIP: 0.131649	 consistency: 100%
   [32mINFO[0m    |-> [rocprofiler-sdk] iteration: 18	 time serial: 0.406001	 time HIP: 0.157976	 consistency: 100%
   [32mINFO[0m    |-> [rocprofiler-sdk] iteration: 21	 time serial: 0.473737	 time HIP: 0.184315	 consistency: 100%
   [32mINFO[0m    |-> [rocprofiler-sdk] iteration: 24	 time serial: 0.556077	 time HIP: 0.210723	 consistency: 99.9999%
   [32mINFO[0m    |-> [rocprofiler-sdk] iteration: 27	 time serial: 0.623751	 time HIP: 0.237065	 consistency: 99.3826%
   [32mINFO[0m    |-> [rocprofiler-sdk] iteration: 30	 time serial: 0.691345	 time HIP: 0.263409	 consistency: 99.382%
   [32mINFO[0m    |-> [rocprofiler-sdk] W20260209 15:00:23.296512 125017928586752 simple_timer.cpp:55] [rocprofv3] './main_bp_l2' ::     1.599954 sec
   [32mINFO[0m    |-> [rocprofiler-sdk] E20260209 15:00:23.305336 125017928586752 output_stream.cpp:111] Opened result file: /root/rocm-examples/Applications/fdtd_profile/workloads/main_bp_l2/MI300X_A1/out/pmc_1/f5fa73aad503/12888_kernel_trace.csv
   [32mINFO[0m    |-> [rocprofiler-sdk] E20260209 15:00:23.319136 125017928586752 output_stream.cpp:111] Opened result file: /root/rocm-examples/Applications/fdtd_profile/workloads/main_bp_l2/MI300X_A1/out/pmc_1/f5fa73aad503/12888_counter_collection.csv
   [32mINFO[0m    |-> [rocprofiler-sdk] E20260209 15:00:23.356695 125017928586752 output_stream.cpp:111] Opened result file: /root/rocm-examples/Applications/fdtd_profile/workloads/main_bp_l2/MI300X_A1/out/pmc_1/f5fa73aad503/12888_agent_info.csv
   [32mINFO[0m    |-> [rocprofiler-sdk] W20260209 15:00:23.360088 125017928586752 simple_timer.cpp:55] [rocprofv3] output generation ::     0.062282 sec
   [32mINFO[0m    |-> [rocprofiler-sdk] W20260209 15:00:23.360191 125017928586752 simple_timer.cpp:55] [rocprofv3] tool finalization ::     0.062427 sec
   [32mINFO[0m [Run 10/13][Approximate profiling time left: 12 seconds]...
   [32mINFO[0m [profiling] Current input file: /root/rocm-examples/Applications/fdtd_profile/workloads/main_bp_l2/MI300X_A1/perfmon/pmc_perf_2.txt
   [32mINFO[0m    |-> [rocprofiler-sdk] W20260209 15:00:25.842900 124444055004672 simple_timer.cpp:55] [rocprofv3] tool initialization ::     0.110436 sec
   [32mINFO[0m    |-> [rocprofiler-sdk] W20260209 15:00:25.843122 124444055004672 simple_timer.cpp:55] [rocprofv3] './main_bp_l2' ::     0.000000 sec
   [32mINFO[0m    |-> [rocprofiler-sdk] W20260209 15:00:26.030848 124444055004672 tool.cpp:2422] HSA version 8.20.0 initialized (instance=0)
   [32mINFO[0m    |-> [rocprofiler-sdk] iteration: 3	 time serial: 0.0683588	 time HIP: 0.0253797	 consistency: 100%
   [32mINFO[0m    |-> [rocprofiler-sdk] iteration: 6	 time serial: 0.136617	 time HIP: 0.0507176	 consistency: 100%
   [32mINFO[0m    |-> [rocprofiler-sdk] iteration: 9	 time serial: 0.204712	 time HIP: 0.076033	 consistency: 100%
   [32mINFO[0m    |-> [rocprofiler-sdk] iteration: 12	 time serial: 0.272648	 time HIP: 0.101364	 consistency: 100%
   [32mINFO[0m    |-> [rocprofiler-sdk] iteration: 15	 time serial: 0.340558	 time HIP: 0.12669	 consistency: 100%
   [32mINFO[0m    |-> [rocprofiler-sdk] iteration: 18	 time serial: 0.408372	 time HIP: 0.152011	 consistency: 100%
   [32mINFO[0m    |-> [rocprofiler-sdk] iteration: 21	 time serial: 0.476269	 time HIP: 0.177346	 consistency: 100%
   [32mINFO[0m    |-> [rocprofiler-sdk] iteration: 24	 time serial: 0.569071	 time HIP: 0.202769	 consistency: 99.9999%
   [32mINFO[0m    |-> [rocprofiler-sdk] iteration: 27	 time serial: 0.636719	 time HIP: 0.228088	 consistency: 99.3826%
   [32mINFO[0m    |-> [rocprofiler-sdk] iteration: 30	 time serial: 0.7042	 time HIP: 0.253428	 consistency: 99.382%
   [32mINFO[0m    |-> [rocprofiler-sdk] W20260209 15:00:27.432700 124444055004672 simple_timer.cpp:55] [rocprofv3] './main_bp_l2' ::     1.589577 sec
   [32mINFO[0m    |-> [rocprofiler-sdk] E20260209 15:00:27.442101 124444055004672 output_stream.cpp:111] Opened result file: /root/rocm-examples/Applications/fdtd_profile/workloads/main_bp_l2/MI300X_A1/out/pmc_1/f5fa73aad503/12896_kernel_trace.csv
   [32mINFO[0m    |-> [rocprofiler-sdk] E20260209 15:00:27.457049 124444055004672 output_stream.cpp:111] Opened result file: /root/rocm-examples/Applications/fdtd_profile/workloads/main_bp_l2/MI300X_A1/out/pmc_1/f5fa73aad503/12896_counter_collection.csv
   [32mINFO[0m    |-> [rocprofiler-sdk] E20260209 15:00:27.495509 124444055004672 output_stream.cpp:111] Opened result file: /root/rocm-examples/Applications/fdtd_profile/workloads/main_bp_l2/MI300X_A1/out/pmc_1/f5fa73aad503/12896_agent_info.csv
   [32mINFO[0m    |-> [rocprofiler-sdk] W20260209 15:00:27.499070 124444055004672 simple_timer.cpp:55] [rocprofv3] output generation ::     0.064665 sec
   [32mINFO[0m    |-> [rocprofiler-sdk] W20260209 15:00:27.499173 124444055004672 simple_timer.cpp:55] [rocprofv3] tool finalization ::     0.064813 sec
   [32mINFO[0m [Run 11/13][Approximate profiling time left: 8 seconds]...
   [32mINFO[0m [profiling] Current input file: /root/rocm-examples/Applications/fdtd_profile/workloads/main_bp_l2/MI300X_A1/perfmon/pmc_perf_3.txt
   [32mINFO[0m    |-> [rocprofiler-sdk] W20260209 15:00:30.014419 129231948727808 simple_timer.cpp:55] [rocprofv3] tool initialization ::     0.114157 sec
   [32mINFO[0m    |-> [rocprofiler-sdk] W20260209 15:00:30.014643 129231948727808 simple_timer.cpp:55] [rocprofv3] './main_bp_l2' ::     0.000000 sec
   [32mINFO[0m    |-> [rocprofiler-sdk] W20260209 15:00:30.206991 129231948727808 tool.cpp:2422] HSA version 8.20.0 initialized (instance=0)
   [32mINFO[0m    |-> [rocprofiler-sdk] iteration: 3	 time serial: 0.0676936	 time HIP: 0.0254279	 consistency: 100%
   [32mINFO[0m    |-> [rocprofiler-sdk] iteration: 6	 time serial: 0.134861	 time HIP: 0.0508261	 consistency: 100%
   [32mINFO[0m    |-> [rocprofiler-sdk] iteration: 9	 time serial: 0.201998	 time HIP: 0.0762152	 consistency: 100%
   [32mINFO[0m    |-> [rocprofiler-sdk] iteration: 12	 time serial: 0.269089	 time HIP: 0.101597	 consistency: 100%
   [32mINFO[0m    |-> [rocprofiler-sdk] iteration: 15	 time serial: 0.336084	 time HIP: 0.126999	 consistency: 100%
   [32mINFO[0m    |-> [rocprofiler-sdk] iteration: 18	 time serial: 0.403221	 time HIP: 0.152384	 consistency: 100%
   [32mINFO[0m    |-> [rocprofiler-sdk] iteration: 21	 time serial: 0.470242	 time HIP: 0.17779	 consistency: 100%
   [32mINFO[0m    |-> [rocprofiler-sdk] iteration: 24	 time serial: 0.562827	 time HIP: 0.203277	 consistency: 99.9999%
   [32mINFO[0m    |-> [rocprofiler-sdk] iteration: 27	 time serial: 0.629473	 time HIP: 0.228664	 consistency: 99.3826%
   [32mINFO[0m    |-> [rocprofiler-sdk] iteration: 30	 time serial: 0.696099	 time HIP: 0.254055	 consistency: 99.382%
   [32mINFO[0m    |-> [rocprofiler-sdk] W20260209 15:00:31.608001 129231948727808 simple_timer.cpp:55] [rocprofv3] './main_bp_l2' ::     1.593358 sec
   [32mINFO[0m    |-> [rocprofiler-sdk] E20260209 15:00:31.616940 129231948727808 output_stream.cpp:111] Opened result file: /root/rocm-examples/Applications/fdtd_profile/workloads/main_bp_l2/MI300X_A1/out/pmc_1/f5fa73aad503/12904_kernel_trace.csv
   [32mINFO[0m    |-> [rocprofiler-sdk] E20260209 15:00:31.630214 129231948727808 output_stream.cpp:111] Opened result file: /root/rocm-examples/Applications/fdtd_profile/workloads/main_bp_l2/MI300X_A1/out/pmc_1/f5fa73aad503/12904_counter_collection.csv
   [32mINFO[0m    |-> [rocprofiler-sdk] E20260209 15:00:31.665254 129231948727808 output_stream.cpp:111] Opened result file: /root/rocm-examples/Applications/fdtd_profile/workloads/main_bp_l2/MI300X_A1/out/pmc_1/f5fa73aad503/12904_agent_info.csv
   [32mINFO[0m    |-> [rocprofiler-sdk] W20260209 15:00:31.668503 129231948727808 simple_timer.cpp:55] [rocprofv3] output generation ::     0.058755 sec
   [32mINFO[0m    |-> [rocprofiler-sdk] W20260209 15:00:31.668609 129231948727808 simple_timer.cpp:55] [rocprofv3] tool finalization ::     0.058898 sec
   [32mINFO[0m [Run 12/13][Approximate profiling time left: 4 seconds]...
   [32mINFO[0m [profiling] Current input file: /root/rocm-examples/Applications/fdtd_profile/workloads/main_bp_l2/MI300X_A1/perfmon/pmc_perf_4.txt
   [32mINFO[0m    |-> [rocprofiler-sdk] W20260209 15:00:34.195964 137667684095488 simple_timer.cpp:55] [rocprofv3] tool initialization ::     0.111657 sec
   [32mINFO[0m    |-> [rocprofiler-sdk] W20260209 15:00:34.196178 137667684095488 simple_timer.cpp:55] [rocprofv3] './main_bp_l2' ::     0.000000 sec
   [32mINFO[0m    |-> [rocprofiler-sdk] W20260209 15:00:34.389528 137667684095488 tool.cpp:2422] HSA version 8.20.0 initialized (instance=0)
   [32mINFO[0m    |-> [rocprofiler-sdk] iteration: 3	 time serial: 0.067672	 time HIP: 0.0251276	 consistency: 100%
   [32mINFO[0m    |-> [rocprofiler-sdk] iteration: 6	 time serial: 0.134773	 time HIP: 0.0502315	 consistency: 100%
   [32mINFO[0m    |-> [rocprofiler-sdk] iteration: 9	 time serial: 0.201743	 time HIP: 0.0753207	 consistency: 100%
   [32mINFO[0m    |-> [rocprofiler-sdk] iteration: 12	 time serial: 0.268811	 time HIP: 0.100414	 consistency: 100%
   [32mINFO[0m    |-> [rocprofiler-sdk] iteration: 15	 time serial: 0.335829	 time HIP: 0.125512	 consistency: 100%
   [32mINFO[0m    |-> [rocprofiler-sdk] iteration: 18	 time serial: 0.402817	 time HIP: 0.150602	 consistency: 100%
   [32mINFO[0m    |-> [rocprofiler-sdk] iteration: 21	 time serial: 0.469749	 time HIP: 0.175707	 consistency: 100%
   [32mINFO[0m    |-> [rocprofiler-sdk] iteration: 24	 time serial: 0.548028	 time HIP: 0.22796	 consistency: 99.9999%
   [32mINFO[0m    |-> [rocprofiler-sdk] iteration: 27	 time serial: 0.615096	 time HIP: 0.253069	 consistency: 99.3826%
   [32mINFO[0m    |-> [rocprofiler-sdk] iteration: 30	 time serial: 0.682139	 time HIP: 0.278164	 consistency: 99.382%
   [32mINFO[0m    |-> [rocprofiler-sdk] W20260209 15:00:35.794183 137667684095488 simple_timer.cpp:55] [rocprofv3] './main_bp_l2' ::     1.598005 sec
   [32mINFO[0m    |-> [rocprofiler-sdk] E20260209 15:00:35.803074 137667684095488 output_stream.cpp:111] Opened result file: /root/rocm-examples/Applications/fdtd_profile/workloads/main_bp_l2/MI300X_A1/out/pmc_1/f5fa73aad503/12912_kernel_trace.csv
   [32mINFO[0m    |-> [rocprofiler-sdk] E20260209 15:00:35.816293 137667684095488 output_stream.cpp:111] Opened result file: /root/rocm-examples/Applications/fdtd_profile/workloads/main_bp_l2/MI300X_A1/out/pmc_1/f5fa73aad503/12912_counter_collection.csv
   [32mINFO[0m    |-> [rocprofiler-sdk] E20260209 15:00:35.852932 137667684095488 output_stream.cpp:111] Opened result file: /root/rocm-examples/Applications/fdtd_profile/workloads/main_bp_l2/MI300X_A1/out/pmc_1/f5fa73aad503/12912_agent_info.csv
   [32mINFO[0m    |-> [rocprofiler-sdk] W20260209 15:00:35.856159 137667684095488 simple_timer.cpp:55] [rocprofv3] output generation ::     0.060205 sec
   [32mINFO[0m    |-> [rocprofiler-sdk] W20260209 15:00:35.856258 137667684095488 simple_timer.cpp:55] [rocprofv3] tool finalization ::     0.060343 sec
   [32mINFO[0m [Run 13/13][Approximate profiling time left: 0 seconds]...
   [32mINFO[0m [profiling] Current input file: /root/rocm-examples/Applications/fdtd_profile/workloads/main_bp_l2/MI300X_A1/perfmon/pmc_perf_5.txt
   [32mINFO[0m    |-> [rocprofiler-sdk] W20260209 15:00:38.201341 128697862133248 simple_timer.cpp:55] [rocprofv3] tool initialization ::     0.101911 sec
   [32mINFO[0m    |-> [rocprofiler-sdk] W20260209 15:00:38.201567 128697862133248 simple_timer.cpp:55] [rocprofv3] './main_bp_l2' ::     0.000000 sec
   [32mINFO[0m    |-> [rocprofiler-sdk] W20260209 15:00:38.390510 128697862133248 tool.cpp:2422] HSA version 8.20.0 initialized (instance=0)
   [32mINFO[0m    |-> [rocprofiler-sdk] iteration: 3	 time serial: 0.0684565	 time HIP: 0.0248734	 consistency: 100%
   [32mINFO[0m    |-> [rocprofiler-sdk] iteration: 6	 time serial: 0.136548	 time HIP: 0.0496926	 consistency: 100%
   [32mINFO[0m    |-> [rocprofiler-sdk] iteration: 9	 time serial: 0.204641	 time HIP: 0.0745028	 consistency: 100%
   [32mINFO[0m    |-> [rocprofiler-sdk] iteration: 12	 time serial: 0.27283	 time HIP: 0.0993207	 consistency: 100%
   [32mINFO[0m    |-> [rocprofiler-sdk] iteration: 15	 time serial: 0.340862	 time HIP: 0.124125	 consistency: 100%
   [32mINFO[0m    |-> [rocprofiler-sdk] iteration: 18	 time serial: 0.408974	 time HIP: 0.148955	 consistency: 100%
   [32mINFO[0m    |-> [rocprofiler-sdk] iteration: 21	 time serial: 0.477086	 time HIP: 0.173773	 consistency: 100%
   [32mINFO[0m    |-> [rocprofiler-sdk] iteration: 24	 time serial: 0.555997	 time HIP: 0.223252	 consistency: 99.9999%
   [32mINFO[0m    |-> [rocprofiler-sdk] iteration: 27	 time serial: 0.624088	 time HIP: 0.248083	 consistency: 99.3826%
   [32mINFO[0m    |-> [rocprofiler-sdk] iteration: 30	 time serial: 0.69213	 time HIP: 0.272911	 consistency: 99.382%
   [32mINFO[0m    |-> [rocprofiler-sdk] W20260209 15:00:39.791290 128697862133248 simple_timer.cpp:55] [rocprofv3] './main_bp_l2' ::     1.589724 sec
   [32mINFO[0m    |-> [rocprofiler-sdk] E20260209 15:00:39.800336 128697862133248 output_stream.cpp:111] Opened result file: /root/rocm-examples/Applications/fdtd_profile/workloads/main_bp_l2/MI300X_A1/out/pmc_1/f5fa73aad503/12920_kernel_trace.csv
   [32mINFO[0m    |-> [rocprofiler-sdk] E20260209 15:00:39.813787 128697862133248 output_stream.cpp:111] Opened result file: /root/rocm-examples/Applications/fdtd_profile/workloads/main_bp_l2/MI300X_A1/out/pmc_1/f5fa73aad503/12920_counter_collection.csv
   [32mINFO[0m    |-> [rocprofiler-sdk] E20260209 15:00:39.821369 128697862133248 output_stream.cpp:111] Opened result file: /root/rocm-examples/Applications/fdtd_profile/workloads/main_bp_l2/MI300X_A1/out/pmc_1/f5fa73aad503/12920_agent_info.csv
   [32mINFO[0m    |-> [rocprofiler-sdk] W20260209 15:00:39.824693 128697862133248 simple_timer.cpp:55] [rocprofv3] output generation ::     0.031618 sec
   [32mINFO[0m    |-> [rocprofiler-sdk] W20260209 15:00:39.824783 128697862133248 simple_timer.cpp:55] [rocprofv3] tool finalization ::     0.031766 sec
[33mWARNING[0m PC sampling data collection skipped as block 21 is not specified.
   [32mINFO[0m [roofline] Checking for roofline.csv in /root/rocm-examples/Applications/fdtd_profile/workloads/main_bp_l2/MI300X_A1
   [32mINFO[0m [roofline] No roofline data found. Generating...
Empirical Roofline Calculation
Copyright © 2025  Advanced Micro Devices, Inc. All rights reserved.
Total detected GPU devices: 1
GPU Device 0 (gfx942) with 304 CUs: Profiling...
  0% [                                                            ]  1% [                                                            ]  2% [|                                                           ]  3% [|                                                           ]  4% [||                                                          ]  5% [|||                                                         ]  6% [|||                                                         ]  7% [||||                                                        ]  8% [||||                                                        ]  9% [|||||                                                       ] 10% [||||||                                                      ] 11% [||||||                                                      ] 12% [|||||||                                                     ] 13% [|||||||                                                     ] 14% [||||||||                                                    ] 15% [|||||||||                                                   ] 16% [|||||||||                                                   ] 17% [||||||||||                                                  ] 18% [||||||||||                                                  ] 19% [|||||||||||                                                 ] 20% [||||||||||||                                                ] 21% [||||||||||||                                                ] 22% [|||||||||||||                                               ] 23% [|||||||||||||                                               ] 24% [||||||||||||||                                              ] 25% [|||||||||||||||                                             ] 26% [|||||||||||||||                                             ] 27% [||||||||||||||||                                            ] 28% [||||||||||||||||                                            ] 29% [|||||||||||||||||                                           ] 30% [||||||||||||||||||                                          ] 31% [||||||||||||||||||                                          ] 32% [|||||||||||||||||||                                         ] 33% [|||||||||||||||||||                                         ] 34% [||||||||||||||||||||                                        ] 35% [|||||||||||||||||||||                                       ] 36% [|||||||||||||||||||||                                       ] 37% [||||||||||||||||||||||                                      ] 38% [||||||||||||||||||||||                                      ] 39% [|||||||||||||||||||||||                                     ] 40% [||||||||||||||||||||||||                                    ] 41% [||||||||||||||||||||||||                                    ] 42% [|||||||||||||||||||||||||                                   ] 43% [|||||||||||||||||||||||||                                   ] 44% [||||||||||||||||||||||||||                                  ] 45% [|||||||||||||||||||||||||||                                 ] 46% [|||||||||||||||||||||||||||                                 ] 47% [||||||||||||||||||||||||||||                                ] 48% [||||||||||||||||||||||||||||                                ] 49% [|||||||||||||||||||||||||||||                               ] 50% [||||||||||||||||||||||||||||||                              ] 51% [||||||||||||||||||||||||||||||                              ] 52% [|||||||||||||||||||||||||||||||                             ] 52% [|||||||||||||||||||||||||||||||                             ] 54% [||||||||||||||||||||||||||||||||                            ] 55% [|||||||||||||||||||||||||||||||||                           ] 56% [|||||||||||||||||||||||||||||||||                           ] 57% [||||||||||||||||||||||||||||||||||                          ] 58% [||||||||||||||||||||||||||||||||||                          ] 58% [|||||||||||||||||||||||||||||||||||                         ] 60% [||||||||||||||||||||||||||||||||||||                        ] 61% [||||||||||||||||||||||||||||||||||||                        ] 62% [|||||||||||||||||||||||||||||||||||||                       ] 63% [|||||||||||||||||||||||||||||||||||||                       ] 64% [||||||||||||||||||||||||||||||||||||||                      ] 65% [|||||||||||||||||||||||||||||||||||||||                     ] 66% [|||||||||||||||||||||||||||||||||||||||                     ] 67% [||||||||||||||||||||||||||||||||||||||||                    ] 68% [||||||||||||||||||||||||||||||||||||||||                    ] 69% [|||||||||||||||||||||||||||||||||||||||||                   ] 70% [||||||||||||||||||||||||||||||||||||||||||                  ] 71% [||||||||||||||||||||||||||||||||||||||||||                  ] 72% [|||||||||||||||||||||||||||||||||||||||||||                 ] 73% [|||||||||||||||||||||||||||||||||||||||||||                 ] 74% [||||||||||||||||||||||||||||||||||||||||||||                ] 75% [|||||||||||||||||||||||||||||||||||||||||||||               ] 76% [|||||||||||||||||||||||||||||||||||||||||||||               ] 77% [||||||||||||||||||||||||||||||||||||||||||||||              ] 78% [||||||||||||||||||||||||||||||||||||||||||||||              ] 79% [|||||||||||||||||||||||||||||||||||||||||||||||             ] 80% [||||||||||||||||||||||||||||||||||||||||||||||||            ] 81% [||||||||||||||||||||||||||||||||||||||||||||||||            ] 82% [|||||||||||||||||||||||||||||||||||||||||||||||||           ] 83% [|||||||||||||||||||||||||||||||||||||||||||||||||           ] 84% [||||||||||||||||||||||||||||||||||||||||||||||||||          ] 85% [|||||||||||||||||||||||||||||||||||||||||||||||||||         ] 86% [|||||||||||||||||||||||||||||||||||||||||||||||||||         ] 87% [||||||||||||||||||||||||||||||||||||||||||||||||||||        ] 88% [||||||||||||||||||||||||||||||||||||||||||||||||||||        ] 89% [|||||||||||||||||||||||||||||||||||||||||||||||||||||       ] 90% [||||||||||||||||||||||||||||||||||||||||||||||||||||||      ] 91% [||||||||||||||||||||||||||||||||||||||||||||||||||||||      ] 92% [|||||||||||||||||||||||||||||||||||||||||||||||||||||||     ] 93% [|||||||||||||||||||||||||||||||||||||||||||||||||||||||     ] 94% [||||||||||||||||||||||||||||||||||||||||||||||||||||||||    ] 95% [|||||||||||||||||||||||||||||||||||||||||||||||||||||||||   ] 96% [|||||||||||||||||||||||||||||||||||||||||||||||||||||||||   ] 97% [||||||||||||||||||||||||||||||||||||||||||||||||||||||||||  ] 98% [||||||||||||||||||||||||||||||||||||||||||||||||||||||||||  ] 99% [||||||||||||||||||||||||||||||||||||||||||||||||||||||||||| ]
HBM BW, GPU ID: 0, workgroupSize:256, workgroups:6225920, experiments:100, traffic:25501368320 bytes, duration:6.1 ms, mean:4226.4 GB/sec, stdev=13.0 GB/sec
  0% [                                                            ]  1% [                                                            ]  2% [|                                                           ]  3% [|                                                           ]  4% [||                                                          ]  5% [|||                                                         ]  6% [|||                                                         ]  7% [||||                                                        ]  8% [||||                                                        ]  9% [|||||                                                       ] 10% [||||||                                                      ] 11% [||||||                                                      ] 12% [|||||||                                                     ] 13% [|||||||                                                     ] 14% [||||||||                                                    ] 15% [|||||||||                                                   ] 16% [|||||||||                                                   ] 17% [||||||||||                                                  ] 18% [||||||||||                                                  ] 19% [|||||||||||                                                 ] 20% [||||||||||||                                                ] 21% [||||||||||||                                                ] 22% [|||||||||||||                                               ] 23% [|||||||||||||                                               ] 24% [||||||||||||||                                              ] 25% [|||||||||||||||                                             ] 26% [|||||||||||||||                                             ] 27% [||||||||||||||||                                            ] 28% [||||||||||||||||                                            ] 29% [|||||||||||||||||                                           ] 30% [||||||||||||||||||                                          ] 31% [||||||||||||||||||                                          ] 32% [|||||||||||||||||||                                         ] 33% [|||||||||||||||||||                                         ] 34% [||||||||||||||||||||                                        ] 35% [|||||||||||||||||||||                                       ] 36% [|||||||||||||||||||||                                       ] 37% [||||||||||||||||||||||                                      ] 38% [||||||||||||||||||||||                                      ] 39% [|||||||||||||||||||||||                                     ] 40% [||||||||||||||||||||||||                                    ] 41% [||||||||||||||||||||||||                                    ] 42% [|||||||||||||||||||||||||                                   ] 43% [|||||||||||||||||||||||||                                   ] 44% [||||||||||||||||||||||||||                                  ] 45% [|||||||||||||||||||||||||||                                 ] 46% [|||||||||||||||||||||||||||                                 ] 47% [||||||||||||||||||||||||||||                                ] 48% [||||||||||||||||||||||||||||                                ] 49% [|||||||||||||||||||||||||||||                               ] 50% [||||||||||||||||||||||||||||||                              ] 51% [||||||||||||||||||||||||||||||                              ] 52% [|||||||||||||||||||||||||||||||                             ] 52% [|||||||||||||||||||||||||||||||                             ] 54% [||||||||||||||||||||||||||||||||                            ] 55% [|||||||||||||||||||||||||||||||||                           ] 56% [|||||||||||||||||||||||||||||||||                           ] 57% [||||||||||||||||||||||||||||||||||                          ] 58% [||||||||||||||||||||||||||||||||||                          ] 58% [|||||||||||||||||||||||||||||||||||                         ] 60% [||||||||||||||||||||||||||||||||||||                        ] 61% [||||||||||||||||||||||||||||||||||||                        ] 62% [|||||||||||||||||||||||||||||||||||||                       ] 63% [|||||||||||||||||||||||||||||||||||||                       ] 64% [||||||||||||||||||||||||||||||||||||||                      ] 65% [|||||||||||||||||||||||||||||||||||||||                     ] 66% [|||||||||||||||||||||||||||||||||||||||                     ] 67% [||||||||||||||||||||||||||||||||||||||||                    ] 68% [||||||||||||||||||||||||||||||||||||||||                    ] 69% [|||||||||||||||||||||||||||||||||||||||||                   ] 70% [||||||||||||||||||||||||||||||||||||||||||                  ] 71% [||||||||||||||||||||||||||||||||||||||||||                  ] 72% [|||||||||||||||||||||||||||||||||||||||||||                 ] 73% [|||||||||||||||||||||||||||||||||||||||||||                 ] 74% [||||||||||||||||||||||||||||||||||||||||||||                ] 75% [|||||||||||||||||||||||||||||||||||||||||||||               ] 76% [|||||||||||||||||||||||||||||||||||||||||||||               ] 77% [||||||||||||||||||||||||||||||||||||||||||||||              ] 78% [||||||||||||||||||||||||||||||||||||||||||||||              ] 79% [|||||||||||||||||||||||||||||||||||||||||||||||             ] 80% [||||||||||||||||||||||||||||||||||||||||||||||||            ] 81% [||||||||||||||||||||||||||||||||||||||||||||||||            ] 82% [|||||||||||||||||||||||||||||||||||||||||||||||||           ] 83% [|||||||||||||||||||||||||||||||||||||||||||||||||           ] 84% [||||||||||||||||||||||||||||||||||||||||||||||||||          ] 85% [|||||||||||||||||||||||||||||||||||||||||||||||||||         ] 86% [|||||||||||||||||||||||||||||||||||||||||||||||||||         ] 87% [||||||||||||||||||||||||||||||||||||||||||||||||||||        ] 88% [||||||||||||||||||||||||||||||||||||||||||||||||||||        ] 89% [|||||||||||||||||||||||||||||||||||||||||||||||||||||       ] 90% [||||||||||||||||||||||||||||||||||||||||||||||||||||||      ] 91% [||||||||||||||||||||||||||||||||||||||||||||||||||||||      ] 92% [|||||||||||||||||||||||||||||||||||||||||||||||||||||||     ] 93% [|||||||||||||||||||||||||||||||||||||||||||||||||||||||     ] 94% [||||||||||||||||||||||||||||||||||||||||||||||||||||||||    ] 95% [|||||||||||||||||||||||||||||||||||||||||||||||||||||||||   ] 96% [|||||||||||||||||||||||||||||||||||||||||||||||||||||||||   ] 97% [||||||||||||||||||||||||||||||||||||||||||||||||||||||||||  ] 98% [||||||||||||||||||||||||||||||||||||||||||||||||||||||||||  ] 99% [||||||||||||||||||||||||||||||||||||||||||||||||||||||||||| ]
MALL BW, GPU ID: 0, workgroupSize:256, workgroups:38912, experiments:100, traffic:2611340115968 bytes, duration:423.4 ms, mean:6169.5 GB/sec, stdev=27.5 GB/sec
  0% [                                                            ]  1% [                                                            ]  2% [|                                                           ]  3% [|                                                           ]  4% [||                                                          ]  5% [|||                                                         ]  6% [|||                                                         ]  7% [||||                                                        ]  8% [||||                                                        ]  9% [|||||                                                       ] 10% [||||||                                                      ] 11% [||||||                                                      ] 12% [|||||||                                                     ] 13% [|||||||                                                     ] 14% [||||||||                                                    ] 15% [|||||||||                                                   ] 16% [|||||||||                                                   ] 17% [||||||||||                                                  ] 18% [||||||||||                                                  ] 19% [|||||||||||                                                 ] 20% [||||||||||||                                                ] 21% [||||||||||||                                                ] 22% [|||||||||||||                                               ] 23% [|||||||||||||                                               ] 24% [||||||||||||||                                              ] 25% [|||||||||||||||                                             ] 26% [|||||||||||||||                                             ] 27% [||||||||||||||||                                            ] 28% [||||||||||||||||                                            ] 29% [|||||||||||||||||                                           ] 30% [||||||||||||||||||                                          ] 31% [||||||||||||||||||                                          ] 32% [|||||||||||||||||||                                         ] 33% [|||||||||||||||||||                                         ] 34% [||||||||||||||||||||                                        ] 35% [|||||||||||||||||||||                                       ] 36% [|||||||||||||||||||||                                       ] 37% [||||||||||||||||||||||                                      ] 38% [||||||||||||||||||||||                                      ] 39% [|||||||||||||||||||||||                                     ] 40% [||||||||||||||||||||||||                                    ] 41% [||||||||||||||||||||||||                                    ] 42% [|||||||||||||||||||||||||                                   ] 43% [|||||||||||||||||||||||||                                   ] 44% [||||||||||||||||||||||||||                                  ] 45% [|||||||||||||||||||||||||||                                 ] 46% [|||||||||||||||||||||||||||                                 ] 47% [||||||||||||||||||||||||||||                                ] 48% [||||||||||||||||||||||||||||                                ] 49% [|||||||||||||||||||||||||||||                               ] 50% [||||||||||||||||||||||||||||||                              ] 51% [||||||||||||||||||||||||||||||                              ] 52% [|||||||||||||||||||||||||||||||                             ] 52% [|||||||||||||||||||||||||||||||                             ] 54% [||||||||||||||||||||||||||||||||                            ] 55% [|||||||||||||||||||||||||||||||||                           ] 56% [|||||||||||||||||||||||||||||||||                           ] 57% [||||||||||||||||||||||||||||||||||                          ] 58% [||||||||||||||||||||||||||||||||||                          ] 58% [|||||||||||||||||||||||||||||||||||                         ] 60% [||||||||||||||||||||||||||||||||||||                        ] 61% [||||||||||||||||||||||||||||||||||||                        ] 62% [|||||||||||||||||||||||||||||||||||||                       ] 63% [|||||||||||||||||||||||||||||||||||||                       ] 64% [||||||||||||||||||||||||||||||||||||||                      ] 65% [|||||||||||||||||||||||||||||||||||||||                     ] 66% [|||||||||||||||||||||||||||||||||||||||                     ] 67% [||||||||||||||||||||||||||||||||||||||||                    ] 68% [||||||||||||||||||||||||||||||||||||||||                    ] 69% [|||||||||||||||||||||||||||||||||||||||||                   ] 70% [||||||||||||||||||||||||||||||||||||||||||                  ] 71% [||||||||||||||||||||||||||||||||||||||||||                  ] 72% [|||||||||||||||||||||||||||||||||||||||||||                 ] 73% [|||||||||||||||||||||||||||||||||||||||||||                 ] 74% [||||||||||||||||||||||||||||||||||||||||||||                ] 75% [|||||||||||||||||||||||||||||||||||||||||||||               ] 76% [|||||||||||||||||||||||||||||||||||||||||||||               ] 77% [||||||||||||||||||||||||||||||||||||||||||||||              ] 78% [||||||||||||||||||||||||||||||||||||||||||||||              ] 79% [|||||||||||||||||||||||||||||||||||||||||||||||             ] 80% [||||||||||||||||||||||||||||||||||||||||||||||||            ] 81% [||||||||||||||||||||||||||||||||||||||||||||||||            ] 82% [|||||||||||||||||||||||||||||||||||||||||||||||||           ] 83% [|||||||||||||||||||||||||||||||||||||||||||||||||           ] 84% [||||||||||||||||||||||||||||||||||||||||||||||||||          ] 85% [|||||||||||||||||||||||||||||||||||||||||||||||||||         ] 86% [|||||||||||||||||||||||||||||||||||||||||||||||||||         ] 87% [||||||||||||||||||||||||||||||||||||||||||||||||||||        ] 88% [||||||||||||||||||||||||||||||||||||||||||||||||||||        ] 89% [|||||||||||||||||||||||||||||||||||||||||||||||||||||       ] 90% [||||||||||||||||||||||||||||||||||||||||||||||||||||||      ] 91% [||||||||||||||||||||||||||||||||||||||||||||||||||||||      ] 92% [|||||||||||||||||||||||||||||||||||||||||||||||||||||||     ] 93% [|||||||||||||||||||||||||||||||||||||||||||||||||||||||     ] 94% [||||||||||||||||||||||||||||||||||||||||||||||||||||||||    ] 95% [|||||||||||||||||||||||||||||||||||||||||||||||||||||||||   ] 96% [|||||||||||||||||||||||||||||||||||||||||||||||||||||||||   ] 97% [||||||||||||||||||||||||||||||||||||||||||||||||||||||||||  ] 98% [||||||||||||||||||||||||||||||||||||||||||||||||||||||||||  ] 99% [||||||||||||||||||||||||||||||||||||||||||||||||||||||||||| ]
L2 BW, GPU ID: 0, workgroupSize:256, workgroups:38912, experiments:100, traffic:1632087572480 bytes, duration:63.6 ms, mean:25693.5 GB/sec, stdev=63.7 GB/sec
  0% [                                                            ]  1% [                                                            ]  2% [|                                                           ]  3% [|                                                           ]  4% [||                                                          ]  5% [|||                                                         ]  6% [|||                                                         ]  7% [||||                                                        ]  8% [||||                                                        ]  9% [|||||                                                       ] 10% [||||||                                                      ] 11% [||||||                                                      ] 12% [|||||||                                                     ] 13% [|||||||                                                     ] 14% [||||||||                                                    ] 15% [|||||||||                                                   ] 16% [|||||||||                                                   ] 17% [||||||||||                                                  ] 18% [||||||||||                                                  ] 19% [|||||||||||                                                 ] 20% [||||||||||||                                                ] 21% [||||||||||||                                                ] 22% [|||||||||||||                                               ] 23% [|||||||||||||                                               ] 24% [||||||||||||||                                              ] 25% [|||||||||||||||                                             ] 26% [|||||||||||||||                                             ] 27% [||||||||||||||||                                            ] 28% [||||||||||||||||                                            ] 29% [|||||||||||||||||                                           ] 30% [||||||||||||||||||                                          ] 31% [||||||||||||||||||                                          ] 32% [|||||||||||||||||||                                         ] 33% [|||||||||||||||||||                                         ] 34% [||||||||||||||||||||                                        ] 35% [|||||||||||||||||||||                                       ] 36% [|||||||||||||||||||||                                       ] 37% [||||||||||||||||||||||                                      ] 38% [||||||||||||||||||||||                                      ] 39% [|||||||||||||||||||||||                                     ] 40% [||||||||||||||||||||||||                                    ] 41% [||||||||||||||||||||||||                                    ] 42% [|||||||||||||||||||||||||                                   ] 43% [|||||||||||||||||||||||||                                   ] 44% [||||||||||||||||||||||||||                                  ] 45% [|||||||||||||||||||||||||||                                 ] 46% [|||||||||||||||||||||||||||                                 ] 47% [||||||||||||||||||||||||||||                                ] 48% [||||||||||||||||||||||||||||                                ] 49% [|||||||||||||||||||||||||||||                               ] 50% [||||||||||||||||||||||||||||||                              ] 51% [||||||||||||||||||||||||||||||                              ] 52% [|||||||||||||||||||||||||||||||                             ] 52% [|||||||||||||||||||||||||||||||                             ] 54% [||||||||||||||||||||||||||||||||                            ] 55% [|||||||||||||||||||||||||||||||||                           ] 56% [|||||||||||||||||||||||||||||||||                           ] 57% [||||||||||||||||||||||||||||||||||                          ] 58% [||||||||||||||||||||||||||||||||||                          ] 58% [|||||||||||||||||||||||||||||||||||                         ] 60% [||||||||||||||||||||||||||||||||||||                        ] 61% [||||||||||||||||||||||||||||||||||||                        ] 62% [|||||||||||||||||||||||||||||||||||||                       ] 63% [|||||||||||||||||||||||||||||||||||||                       ] 64% [||||||||||||||||||||||||||||||||||||||                      ] 65% [|||||||||||||||||||||||||||||||||||||||                     ] 66% [|||||||||||||||||||||||||||||||||||||||                     ] 67% [||||||||||||||||||||||||||||||||||||||||                    ] 68% [||||||||||||||||||||||||||||||||||||||||                    ] 69% [|||||||||||||||||||||||||||||||||||||||||                   ] 70% [||||||||||||||||||||||||||||||||||||||||||                  ] 71% [||||||||||||||||||||||||||||||||||||||||||                  ] 72% [|||||||||||||||||||||||||||||||||||||||||||                 ] 73% [|||||||||||||||||||||||||||||||||||||||||||                 ] 74% [||||||||||||||||||||||||||||||||||||||||||||                ] 75% [|||||||||||||||||||||||||||||||||||||||||||||               ] 76% [|||||||||||||||||||||||||||||||||||||||||||||               ] 77% [||||||||||||||||||||||||||||||||||||||||||||||              ] 78% [||||||||||||||||||||||||||||||||||||||||||||||              ] 79% [|||||||||||||||||||||||||||||||||||||||||||||||             ] 80% [||||||||||||||||||||||||||||||||||||||||||||||||            ] 81% [||||||||||||||||||||||||||||||||||||||||||||||||            ] 82% [|||||||||||||||||||||||||||||||||||||||||||||||||           ] 83% [|||||||||||||||||||||||||||||||||||||||||||||||||           ] 84% [||||||||||||||||||||||||||||||||||||||||||||||||||          ] 85% [|||||||||||||||||||||||||||||||||||||||||||||||||||         ] 86% [|||||||||||||||||||||||||||||||||||||||||||||||||||         ] 87% [||||||||||||||||||||||||||||||||||||||||||||||||||||        ] 88% [||||||||||||||||||||||||||||||||||||||||||||||||||||        ] 89% [|||||||||||||||||||||||||||||||||||||||||||||||||||||       ] 90% [||||||||||||||||||||||||||||||||||||||||||||||||||||||      ] 91% [||||||||||||||||||||||||||||||||||||||||||||||||||||||      ] 92% [|||||||||||||||||||||||||||||||||||||||||||||||||||||||     ] 93% [|||||||||||||||||||||||||||||||||||||||||||||||||||||||     ] 94% [||||||||||||||||||||||||||||||||||||||||||||||||||||||||    ] 95% [|||||||||||||||||||||||||||||||||||||||||||||||||||||||||   ] 96% [|||||||||||||||||||||||||||||||||||||||||||||||||||||||||   ] 97% [||||||||||||||||||||||||||||||||||||||||||||||||||||||||||  ] 98% [||||||||||||||||||||||||||||||||||||||||||||||||||||||||||  ] 99% [||||||||||||||||||||||||||||||||||||||||||||||||||||||||||| ]
L1 BW, GPU ID: 0, workgroupSize:256, workgroups:38912, experiments:100, traffic:127506841600 bytes, duration:3.8 ms, mean:33837.4 GB/sec, stdev=172.4 GB/sec
  0% [                                                            ]  1% [                                                            ]  2% [|                                                           ]  3% [|                                                           ]  4% [||                                                          ]  5% [|||                                                         ]  6% [|||                                                         ]  7% [||||                                                        ]  8% [||||                                                        ]  9% [|||||                                                       ] 10% [||||||                                                      ] 11% [||||||                                                      ] 12% [|||||||                                                     ] 13% [|||||||                                                     ] 14% [||||||||                                                    ] 15% [|||||||||                                                   ] 16% [|||||||||                                                   ] 17% [||||||||||                                                  ] 18% [||||||||||                                                  ] 19% [|||||||||||                                                 ] 20% [||||||||||||                                                ] 21% [||||||||||||                                                ] 22% [|||||||||||||                                               ] 23% [|||||||||||||                                               ] 24% [||||||||||||||                                              ] 25% [|||||||||||||||                                             ] 26% [|||||||||||||||                                             ] 27% [||||||||||||||||                                            ] 28% [||||||||||||||||                                            ] 29% [|||||||||||||||||                                           ] 30% [||||||||||||||||||                                          ] 31% [||||||||||||||||||                                          ] 32% [|||||||||||||||||||                                         ] 33% [|||||||||||||||||||                                         ] 34% [||||||||||||||||||||                                        ] 35% [|||||||||||||||||||||                                       ] 36% [|||||||||||||||||||||                                       ] 37% [||||||||||||||||||||||                                      ] 38% [||||||||||||||||||||||                                      ] 39% [|||||||||||||||||||||||                                     ] 40% [||||||||||||||||||||||||                                    ] 41% [||||||||||||||||||||||||                                    ] 42% [|||||||||||||||||||||||||                                   ] 43% [|||||||||||||||||||||||||                                   ] 44% [||||||||||||||||||||||||||                                  ] 45% [|||||||||||||||||||||||||||                                 ] 46% [|||||||||||||||||||||||||||                                 ] 47% [||||||||||||||||||||||||||||                                ] 48% [||||||||||||||||||||||||||||                                ] 49% [|||||||||||||||||||||||||||||                               ] 50% [||||||||||||||||||||||||||||||                              ] 51% [||||||||||||||||||||||||||||||                              ] 52% [|||||||||||||||||||||||||||||||                             ] 52% [|||||||||||||||||||||||||||||||                             ] 54% [||||||||||||||||||||||||||||||||                            ] 55% [|||||||||||||||||||||||||||||||||                           ] 56% [|||||||||||||||||||||||||||||||||                           ] 57% [||||||||||||||||||||||||||||||||||                          ] 58% [||||||||||||||||||||||||||||||||||                          ] 58% [|||||||||||||||||||||||||||||||||||                         ] 60% [||||||||||||||||||||||||||||||||||||                        ] 61% [||||||||||||||||||||||||||||||||||||                        ] 62% [|||||||||||||||||||||||||||||||||||||                       ] 63% [|||||||||||||||||||||||||||||||||||||                       ] 64% [||||||||||||||||||||||||||||||||||||||                      ] 65% [|||||||||||||||||||||||||||||||||||||||                     ] 66% [|||||||||||||||||||||||||||||||||||||||                     ] 67% [||||||||||||||||||||||||||||||||||||||||                    ] 68% [||||||||||||||||||||||||||||||||||||||||                    ] 69% [|||||||||||||||||||||||||||||||||||||||||                   ] 70% [||||||||||||||||||||||||||||||||||||||||||                  ] 71% [||||||||||||||||||||||||||||||||||||||||||                  ] 72% [|||||||||||||||||||||||||||||||||||||||||||                 ] 73% [|||||||||||||||||||||||||||||||||||||||||||                 ] 74% [||||||||||||||||||||||||||||||||||||||||||||                ] 75% [|||||||||||||||||||||||||||||||||||||||||||||               ] 76% [|||||||||||||||||||||||||||||||||||||||||||||               ] 77% [||||||||||||||||||||||||||||||||||||||||||||||              ] 78% [||||||||||||||||||||||||||||||||||||||||||||||              ] 79% [|||||||||||||||||||||||||||||||||||||||||||||||             ] 80% [||||||||||||||||||||||||||||||||||||||||||||||||            ] 81% [||||||||||||||||||||||||||||||||||||||||||||||||            ] 82% [|||||||||||||||||||||||||||||||||||||||||||||||||           ] 83% [|||||||||||||||||||||||||||||||||||||||||||||||||           ] 84% [||||||||||||||||||||||||||||||||||||||||||||||||||          ] 85% [|||||||||||||||||||||||||||||||||||||||||||||||||||         ] 86% [|||||||||||||||||||||||||||||||||||||||||||||||||||         ] 87% [||||||||||||||||||||||||||||||||||||||||||||||||||||        ] 88% [||||||||||||||||||||||||||||||||||||||||||||||||||||        ] 89% [|||||||||||||||||||||||||||||||||||||||||||||||||||||       ] 90% [||||||||||||||||||||||||||||||||||||||||||||||||||||||      ] 91% [||||||||||||||||||||||||||||||||||||||||||||||||||||||      ] 92% [|||||||||||||||||||||||||||||||||||||||||||||||||||||||     ] 93% [|||||||||||||||||||||||||||||||||||||||||||||||||||||||     ] 94% [||||||||||||||||||||||||||||||||||||||||||||||||||||||||    ] 95% [|||||||||||||||||||||||||||||||||||||||||||||||||||||||||   ] 96% [|||||||||||||||||||||||||||||||||||||||||||||||||||||||||   ] 97% [||||||||||||||||||||||||||||||||||||||||||||||||||||||||||  ] 98% [||||||||||||||||||||||||||||||||||||||||||||||||||||||||||  ] 99% [||||||||||||||||||||||||||||||||||||||||||||||||||||||||||| ]
LDS BW, GPU ID: 0, workgroupSize:256, workgroups:38912, experiments:100, traffic:79691776000 bytes, duration:1.1 ms, mean:71268.4 GB/sec, stdev=370.5 GB/sec
  0% [                                                            ]  1% [                                                            ]  2% [|                                                           ]  3% [|                                                           ]  4% [||                                                          ]  5% [|||                                                         ]  6% [|||                                                         ]  7% [||||                                                        ]  8% [||||                                                        ]  9% [|||||                                                       ] 10% [||||||                                                      ] 11% [||||||                                                      ] 12% [|||||||                                                     ] 13% [|||||||                                                     ] 14% [||||||||                                                    ] 15% [|||||||||                                                   ] 16% [|||||||||                                                   ] 17% [||||||||||                                                  ] 18% [||||||||||                                                  ] 19% [|||||||||||                                                 ] 20% [||||||||||||                                                ] 21% [||||||||||||                                                ] 22% [|||||||||||||                                               ] 23% [|||||||||||||                                               ] 24% [||||||||||||||                                              ] 25% [|||||||||||||||                                             ] 26% [|||||||||||||||                                             ] 27% [||||||||||||||||                                            ] 28% [||||||||||||||||                                            ] 29% [|||||||||||||||||                                           ] 30% [||||||||||||||||||                                          ] 31% [||||||||||||||||||                                          ] 32% [|||||||||||||||||||                                         ] 33% [|||||||||||||||||||                                         ] 34% [||||||||||||||||||||                                        ] 35% [|||||||||||||||||||||                                       ] 36% [|||||||||||||||||||||                                       ] 37% [||||||||||||||||||||||                                      ] 38% [||||||||||||||||||||||                                      ] 39% [|||||||||||||||||||||||                                     ] 40% [||||||||||||||||||||||||                                    ] 41% [||||||||||||||||||||||||                                    ] 42% [|||||||||||||||||||||||||                                   ] 43% [|||||||||||||||||||||||||                                   ] 44% [||||||||||||||||||||||||||                                  ] 45% [|||||||||||||||||||||||||||                                 ] 46% [|||||||||||||||||||||||||||                                 ] 47% [||||||||||||||||||||||||||||                                ] 48% [||||||||||||||||||||||||||||                                ] 49% [|||||||||||||||||||||||||||||                               ] 50% [||||||||||||||||||||||||||||||                              ] 51% [||||||||||||||||||||||||||||||                              ] 52% [|||||||||||||||||||||||||||||||                             ] 52% [|||||||||||||||||||||||||||||||                             ] 54% [||||||||||||||||||||||||||||||||                            ] 55% [|||||||||||||||||||||||||||||||||                           ] 56% [|||||||||||||||||||||||||||||||||                           ] 57% [||||||||||||||||||||||||||||||||||                          ] 58% [||||||||||||||||||||||||||||||||||                          ] 58% [|||||||||||||||||||||||||||||||||||                         ] 60% [||||||||||||||||||||||||||||||||||||                        ] 61% [||||||||||||||||||||||||||||||||||||                        ] 62% [|||||||||||||||||||||||||||||||||||||                       ] 63% [|||||||||||||||||||||||||||||||||||||                       ] 64% [||||||||||||||||||||||||||||||||||||||                      ] 65% [|||||||||||||||||||||||||||||||||||||||                     ] 66% [|||||||||||||||||||||||||||||||||||||||                     ] 67% [||||||||||||||||||||||||||||||||||||||||                    ] 68% [||||||||||||||||||||||||||||||||||||||||                    ] 69% [|||||||||||||||||||||||||||||||||||||||||                   ] 70% [||||||||||||||||||||||||||||||||||||||||||                  ] 71% [||||||||||||||||||||||||||||||||||||||||||                  ] 72% [|||||||||||||||||||||||||||||||||||||||||||                 ] 73% [|||||||||||||||||||||||||||||||||||||||||||                 ] 74% [||||||||||||||||||||||||||||||||||||||||||||                ] 75% [|||||||||||||||||||||||||||||||||||||||||||||               ] 76% [|||||||||||||||||||||||||||||||||||||||||||||               ] 77% [||||||||||||||||||||||||||||||||||||||||||||||              ] 78% [||||||||||||||||||||||||||||||||||||||||||||||              ] 79% [|||||||||||||||||||||||||||||||||||||||||||||||             ] 80% [||||||||||||||||||||||||||||||||||||||||||||||||            ] 81% [||||||||||||||||||||||||||||||||||||||||||||||||            ] 82% [|||||||||||||||||||||||||||||||||||||||||||||||||           ] 83% [|||||||||||||||||||||||||||||||||||||||||||||||||           ] 84% [||||||||||||||||||||||||||||||||||||||||||||||||||          ] 85% [|||||||||||||||||||||||||||||||||||||||||||||||||||         ] 86% [|||||||||||||||||||||||||||||||||||||||||||||||||||         ] 87% [||||||||||||||||||||||||||||||||||||||||||||||||||||        ] 88% [||||||||||||||||||||||||||||||||||||||||||||||||||||        ] 89% [|||||||||||||||||||||||||||||||||||||||||||||||||||||       ] 90% [||||||||||||||||||||||||||||||||||||||||||||||||||||||      ] 91% [||||||||||||||||||||||||||||||||||||||||||||||||||||||      ] 92% [|||||||||||||||||||||||||||||||||||||||||||||||||||||||     ] 93% [|||||||||||||||||||||||||||||||||||||||||||||||||||||||     ] 94% [||||||||||||||||||||||||||||||||||||||||||||||||||||||||    ] 95% [|||||||||||||||||||||||||||||||||||||||||||||||||||||||||   ] 96% [|||||||||||||||||||||||||||||||||||||||||||||||||||||||||   ] 97% [||||||||||||||||||||||||||||||||||||||||||||||||||||||||||  ] 98% [||||||||||||||||||||||||||||||||||||||||||||||||||||||||||  ] 99% [||||||||||||||||||||||||||||||||||||||||||||||||||||||||||| ]
Peak FLOPs (FP8), GPU ID: 0, workgroupSize:256, workgroups:38912, experiments:100, FLOP:1081258016768, duration:13.1 ms, mean:82514.5 GFLOPS, stdev=131.9 GFLOPS
  0% [                                                            ]  1% [                                                            ]  2% [|                                                           ]  3% [|                                                           ]  4% [||                                                          ]  5% [|||                                                         ]  6% [|||                                                         ]  7% [||||                                                        ]  8% [||||                                                        ]  9% [|||||                                                       ] 10% [||||||                                                      ] 11% [||||||                                                      ] 12% [|||||||                                                     ] 13% [|||||||                                                     ] 14% [||||||||                                                    ] 15% [|||||||||                                                   ] 16% [|||||||||                                                   ] 17% [||||||||||                                                  ] 18% [||||||||||                                                  ] 19% [|||||||||||                                                 ] 20% [||||||||||||                                                ] 21% [||||||||||||                                                ] 22% [|||||||||||||                                               ] 23% [|||||||||||||                                               ] 24% [||||||||||||||                                              ] 25% [|||||||||||||||                                             ] 26% [|||||||||||||||                                             ] 27% [||||||||||||||||                                            ] 28% [||||||||||||||||                                            ] 29% [|||||||||||||||||                                           ] 30% [||||||||||||||||||                                          ] 31% [||||||||||||||||||                                          ] 32% [|||||||||||||||||||                                         ] 33% [|||||||||||||||||||                                         ] 34% [||||||||||||||||||||                                        ] 35% [|||||||||||||||||||||                                       ] 36% [|||||||||||||||||||||                                       ] 37% [||||||||||||||||||||||                                      ] 38% [||||||||||||||||||||||                                      ] 39% [|||||||||||||||||||||||                                     ] 40% [||||||||||||||||||||||||                                    ] 41% [||||||||||||||||||||||||                                    ] 42% [|||||||||||||||||||||||||                                   ] 43% [|||||||||||||||||||||||||                                   ] 44% [||||||||||||||||||||||||||                                  ] 45% [|||||||||||||||||||||||||||                                 ] 46% [|||||||||||||||||||||||||||                                 ] 47% [||||||||||||||||||||||||||||                                ] 48% [||||||||||||||||||||||||||||                                ] 49% [|||||||||||||||||||||||||||||                               ] 50% [||||||||||||||||||||||||||||||                              ] 51% [||||||||||||||||||||||||||||||                              ] 52% [|||||||||||||||||||||||||||||||                             ] 52% [|||||||||||||||||||||||||||||||                             ] 54% [||||||||||||||||||||||||||||||||                            ] 55% [|||||||||||||||||||||||||||||||||                           ] 56% [|||||||||||||||||||||||||||||||||                           ] 57% [||||||||||||||||||||||||||||||||||                          ] 58% [||||||||||||||||||||||||||||||||||                          ] 58% [|||||||||||||||||||||||||||||||||||                         ] 60% [||||||||||||||||||||||||||||||||||||                        ] 61% [||||||||||||||||||||||||||||||||||||                        ] 62% [|||||||||||||||||||||||||||||||||||||                       ] 63% [|||||||||||||||||||||||||||||||||||||                       ] 64% [||||||||||||||||||||||||||||||||||||||                      ] 65% [|||||||||||||||||||||||||||||||||||||||                     ] 66% [|||||||||||||||||||||||||||||||||||||||                     ] 67% [||||||||||||||||||||||||||||||||||||||||                    ] 68% [||||||||||||||||||||||||||||||||||||||||                    ] 69% [|||||||||||||||||||||||||||||||||||||||||                   ] 70% [||||||||||||||||||||||||||||||||||||||||||                  ] 71% [||||||||||||||||||||||||||||||||||||||||||                  ] 72% [|||||||||||||||||||||||||||||||||||||||||||                 ] 73% [|||||||||||||||||||||||||||||||||||||||||||                 ] 74% [||||||||||||||||||||||||||||||||||||||||||||                ] 75% [|||||||||||||||||||||||||||||||||||||||||||||               ] 76% [|||||||||||||||||||||||||||||||||||||||||||||               ] 77% [||||||||||||||||||||||||||||||||||||||||||||||              ] 78% [||||||||||||||||||||||||||||||||||||||||||||||              ] 79% [|||||||||||||||||||||||||||||||||||||||||||||||             ] 80% [||||||||||||||||||||||||||||||||||||||||||||||||            ] 81% [||||||||||||||||||||||||||||||||||||||||||||||||            ] 82% [|||||||||||||||||||||||||||||||||||||||||||||||||           ] 83% [|||||||||||||||||||||||||||||||||||||||||||||||||           ] 84% [||||||||||||||||||||||||||||||||||||||||||||||||||          ] 85% [|||||||||||||||||||||||||||||||||||||||||||||||||||         ] 86% [|||||||||||||||||||||||||||||||||||||||||||||||||||         ] 87% [||||||||||||||||||||||||||||||||||||||||||||||||||||        ] 88% [||||||||||||||||||||||||||||||||||||||||||||||||||||        ] 89% [|||||||||||||||||||||||||||||||||||||||||||||||||||||       ] 90% [||||||||||||||||||||||||||||||||||||||||||||||||||||||      ] 91% [||||||||||||||||||||||||||||||||||||||||||||||||||||||      ] 92% [|||||||||||||||||||||||||||||||||||||||||||||||||||||||     ] 93% [|||||||||||||||||||||||||||||||||||||||||||||||||||||||     ] 94% [||||||||||||||||||||||||||||||||||||||||||||||||||||||||    ] 95% [|||||||||||||||||||||||||||||||||||||||||||||||||||||||||   ] 96% [|||||||||||||||||||||||||||||||||||||||||||||||||||||||||   ] 97% [||||||||||||||||||||||||||||||||||||||||||||||||||||||||||  ] 98% [||||||||||||||||||||||||||||||||||||||||||||||||||||||||||  ] 99% [||||||||||||||||||||||||||||||||||||||||||||||||||||||||||| ]
Peak FLOPs (FP16), GPU ID: 0, workgroupSize:256, workgroups:38912, experiments:100, FLOP:530428461056, duration:13.5 ms, mean:39335.7 GFLOPS, stdev=51.0 GFLOPS
  0% [                                                            ]  1% [                                                            ]  2% [|                                                           ]  3% [|                                                           ]  4% [||                                                          ]  5% [|||                                                         ]  6% [|||                                                         ]  7% [||||                                                        ]  8% [||||                                                        ]  9% [|||||                                                       ] 10% [||||||                                                      ] 11% [||||||                                                      ] 12% [|||||||                                                     ] 13% [|||||||                                                     ] 14% [||||||||                                                    ] 15% [|||||||||                                                   ] 16% [|||||||||                                                   ] 17% [||||||||||                                                  ] 18% [||||||||||                                                  ] 19% [|||||||||||                                                 ] 20% [||||||||||||                                                ] 21% [||||||||||||                                                ] 22% [|||||||||||||                                               ] 23% [|||||||||||||                                               ] 24% [||||||||||||||                                              ] 25% [|||||||||||||||                                             ] 26% [|||||||||||||||                                             ] 27% [||||||||||||||||                                            ] 28% [||||||||||||||||                                            ] 29% [|||||||||||||||||                                           ] 30% [||||||||||||||||||                                          ] 31% [||||||||||||||||||                                          ] 32% [|||||||||||||||||||                                         ] 33% [|||||||||||||||||||                                         ] 34% [||||||||||||||||||||                                        ] 35% [|||||||||||||||||||||                                       ] 36% [|||||||||||||||||||||                                       ] 37% [||||||||||||||||||||||                                      ] 38% [||||||||||||||||||||||                                      ] 39% [|||||||||||||||||||||||                                     ] 40% [||||||||||||||||||||||||                                    ] 41% [||||||||||||||||||||||||                                    ] 42% [|||||||||||||||||||||||||                                   ] 43% [|||||||||||||||||||||||||                                   ] 44% [||||||||||||||||||||||||||                                  ] 45% [|||||||||||||||||||||||||||                                 ] 46% [|||||||||||||||||||||||||||                                 ] 47% [||||||||||||||||||||||||||||                                ] 48% [||||||||||||||||||||||||||||                                ] 49% [|||||||||||||||||||||||||||||                               ] 50% [||||||||||||||||||||||||||||||                              ] 51% [||||||||||||||||||||||||||||||                              ] 52% [|||||||||||||||||||||||||||||||                             ] 52% [|||||||||||||||||||||||||||||||                             ] 54% [||||||||||||||||||||||||||||||||                            ] 55% [|||||||||||||||||||||||||||||||||                           ] 56% [|||||||||||||||||||||||||||||||||                           ] 57% [||||||||||||||||||||||||||||||||||                          ] 58% [||||||||||||||||||||||||||||||||||                          ] 58% [|||||||||||||||||||||||||||||||||||                         ] 60% [||||||||||||||||||||||||||||||||||||                        ] 61% [||||||||||||||||||||||||||||||||||||                        ] 62% [|||||||||||||||||||||||||||||||||||||                       ] 63% [|||||||||||||||||||||||||||||||||||||                       ] 64% [||||||||||||||||||||||||||||||||||||||                      ] 65% [|||||||||||||||||||||||||||||||||||||||                     ] 66% [|||||||||||||||||||||||||||||||||||||||                     ] 67% [||||||||||||||||||||||||||||||||||||||||                    ] 68% [||||||||||||||||||||||||||||||||||||||||                    ] 69% [|||||||||||||||||||||||||||||||||||||||||                   ] 70% [||||||||||||||||||||||||||||||||||||||||||                  ] 71% [||||||||||||||||||||||||||||||||||||||||||                  ] 72% [|||||||||||||||||||||||||||||||||||||||||||                 ] 73% [|||||||||||||||||||||||||||||||||||||||||||                 ] 74% [||||||||||||||||||||||||||||||||||||||||||||                ] 75% [|||||||||||||||||||||||||||||||||||||||||||||               ] 76% [|||||||||||||||||||||||||||||||||||||||||||||               ] 77% [||||||||||||||||||||||||||||||||||||||||||||||              ] 78% [||||||||||||||||||||||||||||||||||||||||||||||              ] 79% [|||||||||||||||||||||||||||||||||||||||||||||||             ] 80% [||||||||||||||||||||||||||||||||||||||||||||||||            ] 81% [||||||||||||||||||||||||||||||||||||||||||||||||            ] 82% [|||||||||||||||||||||||||||||||||||||||||||||||||           ] 83% [|||||||||||||||||||||||||||||||||||||||||||||||||           ] 84% [||||||||||||||||||||||||||||||||||||||||||||||||||          ] 85% [|||||||||||||||||||||||||||||||||||||||||||||||||||         ] 86% [|||||||||||||||||||||||||||||||||||||||||||||||||||         ] 87% [||||||||||||||||||||||||||||||||||||||||||||||||||||        ] 88% [||||||||||||||||||||||||||||||||||||||||||||||||||||        ] 89% [|||||||||||||||||||||||||||||||||||||||||||||||||||||       ] 90% [||||||||||||||||||||||||||||||||||||||||||||||||||||||      ] 91% [||||||||||||||||||||||||||||||||||||||||||||||||||||||      ] 92% [|||||||||||||||||||||||||||||||||||||||||||||||||||||||     ] 93% [|||||||||||||||||||||||||||||||||||||||||||||||||||||||     ] 94% [||||||||||||||||||||||||||||||||||||||||||||||||||||||||    ] 95% [|||||||||||||||||||||||||||||||||||||||||||||||||||||||||   ] 96% [|||||||||||||||||||||||||||||||||||||||||||||||||||||||||   ] 97% [||||||||||||||||||||||||||||||||||||||||||||||||||||||||||  ] 98% [||||||||||||||||||||||||||||||||||||||||||||||||||||||||||  ] 99% [||||||||||||||||||||||||||||||||||||||||||||||||||||||||||| ]
Peak FLOPs (BF16), GPU ID: 0, workgroupSize:256, workgroups:38912, experiments:100, FLOP:530428461056, duration:96.006 ms, mean:5529.6 GFLOPS, stdev=5.2 GFLOPS
  0% [                                                            ]  1% [                                                            ]  2% [|                                                           ]  3% [|                                                           ]  4% [||                                                          ]  5% [|||                                                         ]  6% [|||                                                         ]  7% [||||                                                        ]  8% [||||                                                        ]  9% [|||||                                                       ] 10% [||||||                                                      ] 11% [||||||                                                      ] 12% [|||||||                                                     ] 13% [|||||||                                                     ] 14% [||||||||                                                    ] 15% [|||||||||                                                   ] 16% [|||||||||                                                   ] 17% [||||||||||                                                  ] 18% [||||||||||                                                  ] 19% [|||||||||||                                                 ] 20% [||||||||||||                                                ] 21% [||||||||||||                                                ] 22% [|||||||||||||                                               ] 23% [|||||||||||||                                               ] 24% [||||||||||||||                                              ] 25% [|||||||||||||||                                             ] 26% [|||||||||||||||                                             ] 27% [||||||||||||||||                                            ] 28% [||||||||||||||||                                            ] 29% [|||||||||||||||||                                           ] 30% [||||||||||||||||||                                          ] 31% [||||||||||||||||||                                          ] 32% [|||||||||||||||||||                                         ] 33% [|||||||||||||||||||                                         ] 34% [||||||||||||||||||||                                        ] 35% [|||||||||||||||||||||                                       ] 36% [|||||||||||||||||||||                                       ] 37% [||||||||||||||||||||||                                      ] 38% [||||||||||||||||||||||                                      ] 39% [|||||||||||||||||||||||                                     ] 40% [||||||||||||||||||||||||                                    ] 41% [||||||||||||||||||||||||                                    ] 42% [|||||||||||||||||||||||||                                   ] 43% [|||||||||||||||||||||||||                                   ] 44% [||||||||||||||||||||||||||                                  ] 45% [|||||||||||||||||||||||||||                                 ] 46% [|||||||||||||||||||||||||||                                 ] 47% [||||||||||||||||||||||||||||                                ] 48% [||||||||||||||||||||||||||||                                ] 49% [|||||||||||||||||||||||||||||                               ] 50% [||||||||||||||||||||||||||||||                              ] 51% [||||||||||||||||||||||||||||||                              ] 52% [|||||||||||||||||||||||||||||||                             ] 52% [|||||||||||||||||||||||||||||||                             ] 54% [||||||||||||||||||||||||||||||||                            ] 55% [|||||||||||||||||||||||||||||||||                           ] 56% [|||||||||||||||||||||||||||||||||                           ] 57% [||||||||||||||||||||||||||||||||||                          ] 58% [||||||||||||||||||||||||||||||||||                          ] 58% [|||||||||||||||||||||||||||||||||||                         ] 60% [||||||||||||||||||||||||||||||||||||                        ] 61% [||||||||||||||||||||||||||||||||||||                        ] 62% [|||||||||||||||||||||||||||||||||||||                       ] 63% [|||||||||||||||||||||||||||||||||||||                       ] 64% [||||||||||||||||||||||||||||||||||||||                      ] 65% [|||||||||||||||||||||||||||||||||||||||                     ] 66% [|||||||||||||||||||||||||||||||||||||||                     ] 67% [||||||||||||||||||||||||||||||||||||||||                    ] 68% [||||||||||||||||||||||||||||||||||||||||                    ] 69% [|||||||||||||||||||||||||||||||||||||||||                   ] 70% [||||||||||||||||||||||||||||||||||||||||||                  ] 71% [||||||||||||||||||||||||||||||||||||||||||                  ] 72% [|||||||||||||||||||||||||||||||||||||||||||                 ] 73% [|||||||||||||||||||||||||||||||||||||||||||                 ] 74% [||||||||||||||||||||||||||||||||||||||||||||                ] 75% [|||||||||||||||||||||||||||||||||||||||||||||               ] 76% [|||||||||||||||||||||||||||||||||||||||||||||               ] 77% [||||||||||||||||||||||||||||||||||||||||||||||              ] 78% [||||||||||||||||||||||||||||||||||||||||||||||              ] 79% [|||||||||||||||||||||||||||||||||||||||||||||||             ] 80% [||||||||||||||||||||||||||||||||||||||||||||||||            ] 81% [||||||||||||||||||||||||||||||||||||||||||||||||            ] 82% [|||||||||||||||||||||||||||||||||||||||||||||||||           ] 83% [|||||||||||||||||||||||||||||||||||||||||||||||||           ] 84% [||||||||||||||||||||||||||||||||||||||||||||||||||          ] 85% [|||||||||||||||||||||||||||||||||||||||||||||||||||         ] 86% [|||||||||||||||||||||||||||||||||||||||||||||||||||         ] 87% [||||||||||||||||||||||||||||||||||||||||||||||||||||        ] 88% [||||||||||||||||||||||||||||||||||||||||||||||||||||        ] 89% [|||||||||||||||||||||||||||||||||||||||||||||||||||||       ] 90% [||||||||||||||||||||||||||||||||||||||||||||||||||||||      ] 91% [||||||||||||||||||||||||||||||||||||||||||||||||||||||      ] 92% [|||||||||||||||||||||||||||||||||||||||||||||||||||||||     ] 93% [|||||||||||||||||||||||||||||||||||||||||||||||||||||||     ] 94% [||||||||||||||||||||||||||||||||||||||||||||||||||||||||    ] 95% [|||||||||||||||||||||||||||||||||||||||||||||||||||||||||   ] 96% [|||||||||||||||||||||||||||||||||||||||||||||||||||||||||   ] 97% [||||||||||||||||||||||||||||||||||||||||||||||||||||||||||  ] 98% [||||||||||||||||||||||||||||||||||||||||||||||||||||||||||  ] 99% [||||||||||||||||||||||||||||||||||||||||||||||||||||||||||| ]
Peak FLOPs (FP32), GPU ID: 0, workgroupSize:256, workgroups:38912, experiments:100, FLOP:265214230528, duration:2.060 ms, mean:128362.9 GFLOPS, stdev=1153.2 GFLOPS
  0% [                                                            ]  1% [                                                            ]  2% [|                                                           ]  3% [|                                                           ]  4% [||                                                          ]  5% [|||                                                         ]  6% [|||                                                         ]  7% [||||                                                        ]  8% [||||                                                        ]  9% [|||||                                                       ] 10% [||||||                                                      ] 11% [||||||                                                      ] 12% [|||||||                                                     ] 13% [|||||||                                                     ] 14% [||||||||                                                    ] 15% [|||||||||                                                   ] 16% [|||||||||                                                   ] 17% [||||||||||                                                  ] 18% [||||||||||                                                  ] 19% [|||||||||||                                                 ] 20% [||||||||||||                                                ] 21% [||||||||||||                                                ] 22% [|||||||||||||                                               ] 23% [|||||||||||||                                               ] 24% [||||||||||||||                                              ] 25% [|||||||||||||||                                             ] 26% [|||||||||||||||                                             ] 27% [||||||||||||||||                                            ] 28% [||||||||||||||||                                            ] 29% [|||||||||||||||||                                           ] 30% [||||||||||||||||||                                          ] 31% [||||||||||||||||||                                          ] 32% [|||||||||||||||||||                                         ] 33% [|||||||||||||||||||                                         ] 34% [||||||||||||||||||||                                        ] 35% [|||||||||||||||||||||                                       ] 36% [|||||||||||||||||||||                                       ] 37% [||||||||||||||||||||||                                      ] 38% [||||||||||||||||||||||                                      ] 39% [|||||||||||||||||||||||                                     ] 40% [||||||||||||||||||||||||                                    ] 41% [||||||||||||||||||||||||                                    ] 42% [|||||||||||||||||||||||||                                   ] 43% [|||||||||||||||||||||||||                                   ] 44% [||||||||||||||||||||||||||                                  ] 45% [|||||||||||||||||||||||||||                                 ] 46% [|||||||||||||||||||||||||||                                 ] 47% [||||||||||||||||||||||||||||                                ] 48% [||||||||||||||||||||||||||||                                ] 49% [|||||||||||||||||||||||||||||                               ] 50% [||||||||||||||||||||||||||||||                              ] 51% [||||||||||||||||||||||||||||||                              ] 52% [|||||||||||||||||||||||||||||||                             ] 52% [|||||||||||||||||||||||||||||||                             ] 54% [||||||||||||||||||||||||||||||||                            ] 55% [|||||||||||||||||||||||||||||||||                           ] 56% [|||||||||||||||||||||||||||||||||                           ] 57% [||||||||||||||||||||||||||||||||||                          ] 58% [||||||||||||||||||||||||||||||||||                          ] 58% [|||||||||||||||||||||||||||||||||||                         ] 60% [||||||||||||||||||||||||||||||||||||                        ] 61% [||||||||||||||||||||||||||||||||||||                        ] 62% [|||||||||||||||||||||||||||||||||||||                       ] 63% [|||||||||||||||||||||||||||||||||||||                       ] 64% [||||||||||||||||||||||||||||||||||||||                      ] 65% [|||||||||||||||||||||||||||||||||||||||                     ] 66% [|||||||||||||||||||||||||||||||||||||||                     ] 67% [||||||||||||||||||||||||||||||||||||||||                    ] 68% [||||||||||||||||||||||||||||||||||||||||                    ] 69% [|||||||||||||||||||||||||||||||||||||||||                   ] 70% [||||||||||||||||||||||||||||||||||||||||||                  ] 71% [||||||||||||||||||||||||||||||||||||||||||                  ] 72% [|||||||||||||||||||||||||||||||||||||||||||                 ] 73% [|||||||||||||||||||||||||||||||||||||||||||                 ] 74% [||||||||||||||||||||||||||||||||||||||||||||                ] 75% [|||||||||||||||||||||||||||||||||||||||||||||               ] 76% [|||||||||||||||||||||||||||||||||||||||||||||               ] 77% [||||||||||||||||||||||||||||||||||||||||||||||              ] 78% [||||||||||||||||||||||||||||||||||||||||||||||              ] 79% [|||||||||||||||||||||||||||||||||||||||||||||||             ] 80% [||||||||||||||||||||||||||||||||||||||||||||||||            ] 81% [||||||||||||||||||||||||||||||||||||||||||||||||            ] 82% [|||||||||||||||||||||||||||||||||||||||||||||||||           ] 83% [|||||||||||||||||||||||||||||||||||||||||||||||||           ] 84% [||||||||||||||||||||||||||||||||||||||||||||||||||          ] 85% [|||||||||||||||||||||||||||||||||||||||||||||||||||         ] 86% [|||||||||||||||||||||||||||||||||||||||||||||||||||         ] 87% [||||||||||||||||||||||||||||||||||||||||||||||||||||        ] 88% [||||||||||||||||||||||||||||||||||||||||||||||||||||        ] 89% [|||||||||||||||||||||||||||||||||||||||||||||||||||||       ] 90% [||||||||||||||||||||||||||||||||||||||||||||||||||||||      ] 91% [||||||||||||||||||||||||||||||||||||||||||||||||||||||      ] 92% [|||||||||||||||||||||||||||||||||||||||||||||||||||||||     ] 93% [|||||||||||||||||||||||||||||||||||||||||||||||||||||||     ] 94% [||||||||||||||||||||||||||||||||||||||||||||||||||||||||    ] 95% [|||||||||||||||||||||||||||||||||||||||||||||||||||||||||   ] 96% [|||||||||||||||||||||||||||||||||||||||||||||||||||||||||   ] 97% [||||||||||||||||||||||||||||||||||||||||||||||||||||||||||  ] 98% [||||||||||||||||||||||||||||||||||||||||||||||||||||||||||  ] 99% [||||||||||||||||||||||||||||||||||||||||||||||||||||||||||| ]
Peak FLOPs (FP64), GPU ID: 0, workgroupSize:256, workgroups:38912, experiments:100, FLOP:122406567936, duration:1.8 ms, mean:67487.8 GFLOPS, stdev=601.6 GFLOPS
  0% [                                                            ]  1% [                                                            ]  2% [|                                                           ]  3% [|                                                           ]  4% [||                                                          ]  5% [|||                                                         ]  6% [|||                                                         ]  7% [||||                                                        ]  8% [||||                                                        ]  9% [|||||                                                       ] 10% [||||||                                                      ] 11% [||||||                                                      ] 12% [|||||||                                                     ] 13% [|||||||                                                     ] 14% [||||||||                                                    ] 15% [|||||||||                                                   ] 16% [|||||||||                                                   ] 17% [||||||||||                                                  ] 18% [||||||||||                                                  ] 19% [|||||||||||                                                 ] 20% [||||||||||||                                                ] 21% [||||||||||||                                                ] 22% [|||||||||||||                                               ] 23% [|||||||||||||                                               ] 24% [||||||||||||||                                              ] 25% [|||||||||||||||                                             ] 26% [|||||||||||||||                                             ] 27% [||||||||||||||||                                            ] 28% [||||||||||||||||                                            ] 29% [|||||||||||||||||                                           ] 30% [||||||||||||||||||                                          ] 31% [||||||||||||||||||                                          ] 32% [|||||||||||||||||||                                         ] 33% [|||||||||||||||||||                                         ] 34% [||||||||||||||||||||                                        ] 35% [|||||||||||||||||||||                                       ] 36% [|||||||||||||||||||||                                       ] 37% [||||||||||||||||||||||                                      ] 38% [||||||||||||||||||||||                                      ] 39% [|||||||||||||||||||||||                                     ] 40% [||||||||||||||||||||||||                                    ] 41% [||||||||||||||||||||||||                                    ] 42% [|||||||||||||||||||||||||                                   ] 43% [|||||||||||||||||||||||||                                   ] 44% [||||||||||||||||||||||||||                                  ] 45% [|||||||||||||||||||||||||||                                 ] 46% [|||||||||||||||||||||||||||                                 ] 47% [||||||||||||||||||||||||||||                                ] 48% [||||||||||||||||||||||||||||                                ] 49% [|||||||||||||||||||||||||||||                               ] 50% [||||||||||||||||||||||||||||||                              ] 51% [||||||||||||||||||||||||||||||                              ] 52% [|||||||||||||||||||||||||||||||                             ] 52% [|||||||||||||||||||||||||||||||                             ] 54% [||||||||||||||||||||||||||||||||                            ] 55% [|||||||||||||||||||||||||||||||||                           ] 56% [|||||||||||||||||||||||||||||||||                           ] 57% [||||||||||||||||||||||||||||||||||                          ] 58% [||||||||||||||||||||||||||||||||||                          ] 58% [|||||||||||||||||||||||||||||||||||                         ] 60% [||||||||||||||||||||||||||||||||||||                        ] 61% [||||||||||||||||||||||||||||||||||||                        ] 62% [|||||||||||||||||||||||||||||||||||||                       ] 63% [|||||||||||||||||||||||||||||||||||||                       ] 64% [||||||||||||||||||||||||||||||||||||||                      ] 65% [|||||||||||||||||||||||||||||||||||||||                     ] 66% [|||||||||||||||||||||||||||||||||||||||                     ] 67% [||||||||||||||||||||||||||||||||||||||||                    ] 68% [||||||||||||||||||||||||||||||||||||||||                    ] 69% [|||||||||||||||||||||||||||||||||||||||||                   ] 70% [||||||||||||||||||||||||||||||||||||||||||                  ] 71% [||||||||||||||||||||||||||||||||||||||||||                  ] 72% [|||||||||||||||||||||||||||||||||||||||||||                 ] 73% [|||||||||||||||||||||||||||||||||||||||||||                 ] 74% [||||||||||||||||||||||||||||||||||||||||||||                ] 75% [|||||||||||||||||||||||||||||||||||||||||||||               ] 76% [|||||||||||||||||||||||||||||||||||||||||||||               ] 77% [||||||||||||||||||||||||||||||||||||||||||||||              ] 78% [||||||||||||||||||||||||||||||||||||||||||||||              ] 79% [|||||||||||||||||||||||||||||||||||||||||||||||             ] 80% [||||||||||||||||||||||||||||||||||||||||||||||||            ] 81% [||||||||||||||||||||||||||||||||||||||||||||||||            ] 82% [|||||||||||||||||||||||||||||||||||||||||||||||||           ] 83% [|||||||||||||||||||||||||||||||||||||||||||||||||           ] 84% [||||||||||||||||||||||||||||||||||||||||||||||||||          ] 85% [|||||||||||||||||||||||||||||||||||||||||||||||||||         ] 86% [|||||||||||||||||||||||||||||||||||||||||||||||||||         ] 87% [||||||||||||||||||||||||||||||||||||||||||||||||||||        ] 88% [||||||||||||||||||||||||||||||||||||||||||||||||||||        ] 89% [|||||||||||||||||||||||||||||||||||||||||||||||||||||       ] 90% [||||||||||||||||||||||||||||||||||||||||||||||||||||||      ] 91% [||||||||||||||||||||||||||||||||||||||||||||||||||||||      ] 92% [|||||||||||||||||||||||||||||||||||||||||||||||||||||||     ] 93% [|||||||||||||||||||||||||||||||||||||||||||||||||||||||     ] 94% [||||||||||||||||||||||||||||||||||||||||||||||||||||||||    ] 95% [|||||||||||||||||||||||||||||||||||||||||||||||||||||||||   ] 96% [|||||||||||||||||||||||||||||||||||||||||||||||||||||||||   ] 97% [||||||||||||||||||||||||||||||||||||||||||||||||||||||||||  ] 98% [||||||||||||||||||||||||||||||||||||||||||||||||||||||||||  ] 99% [||||||||||||||||||||||||||||||||||||||||||||||||||||||||||| ]
Peak IOPs (INT8), GPU ID: 0, workgroupSize:256, workgroups:38912, experiments:100, IOP:1081258016768, duration:13.3 ms, mean:81536.3 GOPS, stdev=138.4 GOPS
  0% [                                                            ]  1% [                                                            ]  2% [|                                                           ]  3% [|                                                           ]  4% [||                                                          ]  5% [|||                                                         ]  6% [|||                                                         ]  7% [||||                                                        ]  8% [||||                                                        ]  9% [|||||                                                       ] 10% [||||||                                                      ] 11% [||||||                                                      ] 12% [|||||||                                                     ] 13% [|||||||                                                     ] 14% [||||||||                                                    ] 15% [|||||||||                                                   ] 16% [|||||||||                                                   ] 17% [||||||||||                                                  ] 18% [||||||||||                                                  ] 19% [|||||||||||                                                 ] 20% [||||||||||||                                                ] 21% [||||||||||||                                                ] 22% [|||||||||||||                                               ] 23% [|||||||||||||                                               ] 24% [||||||||||||||                                              ] 25% [|||||||||||||||                                             ] 26% [|||||||||||||||                                             ] 27% [||||||||||||||||                                            ] 28% [||||||||||||||||                                            ] 29% [|||||||||||||||||                                           ] 30% [||||||||||||||||||                                          ] 31% [||||||||||||||||||                                          ] 32% [|||||||||||||||||||                                         ] 33% [|||||||||||||||||||                                         ] 34% [||||||||||||||||||||                                        ] 35% [|||||||||||||||||||||                                       ] 36% [|||||||||||||||||||||                                       ] 37% [||||||||||||||||||||||                                      ] 38% [||||||||||||||||||||||                                      ] 39% [|||||||||||||||||||||||                                     ] 40% [||||||||||||||||||||||||                                    ] 41% [||||||||||||||||||||||||                                    ] 42% [|||||||||||||||||||||||||                                   ] 43% [|||||||||||||||||||||||||                                   ] 44% [||||||||||||||||||||||||||                                  ] 45% [|||||||||||||||||||||||||||                                 ] 46% [|||||||||||||||||||||||||||                                 ] 47% [||||||||||||||||||||||||||||                                ] 48% [||||||||||||||||||||||||||||                                ] 49% [|||||||||||||||||||||||||||||                               ] 50% [||||||||||||||||||||||||||||||                              ] 51% [||||||||||||||||||||||||||||||                              ] 52% [|||||||||||||||||||||||||||||||                             ] 52% [|||||||||||||||||||||||||||||||                             ] 54% [||||||||||||||||||||||||||||||||                            ] 55% [|||||||||||||||||||||||||||||||||                           ] 56% [|||||||||||||||||||||||||||||||||                           ] 57% [||||||||||||||||||||||||||||||||||                          ] 58% [||||||||||||||||||||||||||||||||||                          ] 58% [|||||||||||||||||||||||||||||||||||                         ] 60% [||||||||||||||||||||||||||||||||||||                        ] 61% [||||||||||||||||||||||||||||||||||||                        ] 62% [|||||||||||||||||||||||||||||||||||||                       ] 63% [|||||||||||||||||||||||||||||||||||||                       ] 64% [||||||||||||||||||||||||||||||||||||||                      ] 65% [|||||||||||||||||||||||||||||||||||||||                     ] 66% [|||||||||||||||||||||||||||||||||||||||                     ] 67% [||||||||||||||||||||||||||||||||||||||||                    ] 68% [||||||||||||||||||||||||||||||||||||||||                    ] 69% [|||||||||||||||||||||||||||||||||||||||||                   ] 70% [||||||||||||||||||||||||||||||||||||||||||                  ] 71% [||||||||||||||||||||||||||||||||||||||||||                  ] 72% [|||||||||||||||||||||||||||||||||||||||||||                 ] 73% [|||||||||||||||||||||||||||||||||||||||||||                 ] 74% [||||||||||||||||||||||||||||||||||||||||||||                ] 75% [|||||||||||||||||||||||||||||||||||||||||||||               ] 76% [|||||||||||||||||||||||||||||||||||||||||||||               ] 77% [||||||||||||||||||||||||||||||||||||||||||||||              ] 78% [||||||||||||||||||||||||||||||||||||||||||||||              ] 79% [|||||||||||||||||||||||||||||||||||||||||||||||             ] 80% [||||||||||||||||||||||||||||||||||||||||||||||||            ] 81% [||||||||||||||||||||||||||||||||||||||||||||||||            ] 82% [|||||||||||||||||||||||||||||||||||||||||||||||||           ] 83% [|||||||||||||||||||||||||||||||||||||||||||||||||           ] 84% [||||||||||||||||||||||||||||||||||||||||||||||||||          ] 85% [|||||||||||||||||||||||||||||||||||||||||||||||||||         ] 86% [|||||||||||||||||||||||||||||||||||||||||||||||||||         ] 87% [||||||||||||||||||||||||||||||||||||||||||||||||||||        ] 88% [||||||||||||||||||||||||||||||||||||||||||||||||||||        ] 89% [|||||||||||||||||||||||||||||||||||||||||||||||||||||       ] 90% [||||||||||||||||||||||||||||||||||||||||||||||||||||||      ] 91% [||||||||||||||||||||||||||||||||||||||||||||||||||||||      ] 92% [|||||||||||||||||||||||||||||||||||||||||||||||||||||||     ] 93% [|||||||||||||||||||||||||||||||||||||||||||||||||||||||     ] 94% [||||||||||||||||||||||||||||||||||||||||||||||||||||||||    ] 95% [|||||||||||||||||||||||||||||||||||||||||||||||||||||||||   ] 96% [|||||||||||||||||||||||||||||||||||||||||||||||||||||||||   ] 97% [||||||||||||||||||||||||||||||||||||||||||||||||||||||||||  ] 98% [||||||||||||||||||||||||||||||||||||||||||||||||||||||||||  ] 99% [||||||||||||||||||||||||||||||||||||||||||||||||||||||||||| ]
Peak IOPs (INT32), GPU ID: 0, workgroupSize:256, workgroups:38912, experiments:100, IOP:265214230528, duration:3.8 ms, mean:70295.9 GOPS, stdev=345.3 GOPS
  0% [                                                            ]  1% [                                                            ]  2% [|                                                           ]  3% [|                                                           ]  4% [||                                                          ]  5% [|||                                                         ]  6% [|||                                                         ]  7% [||||                                                        ]  8% [||||                                                        ]  9% [|||||                                                       ] 10% [||||||                                                      ] 11% [||||||                                                      ] 12% [|||||||                                                     ] 13% [|||||||                                                     ] 14% [||||||||                                                    ] 15% [|||||||||                                                   ] 16% [|||||||||                                                   ] 17% [||||||||||                                                  ] 18% [||||||||||                                                  ] 19% [|||||||||||                                                 ] 20% [||||||||||||                                                ] 21% [||||||||||||                                                ] 22% [|||||||||||||                                               ] 23% [|||||||||||||                                               ] 24% [||||||||||||||                                              ] 25% [|||||||||||||||                                             ] 26% [|||||||||||||||                                             ] 27% [||||||||||||||||                                            ] 28% [||||||||||||||||                                            ] 29% [|||||||||||||||||                                           ] 30% [||||||||||||||||||                                          ] 31% [||||||||||||||||||                                          ] 32% [|||||||||||||||||||                                         ] 33% [|||||||||||||||||||                                         ] 34% [||||||||||||||||||||                                        ] 35% [|||||||||||||||||||||                                       ] 36% [|||||||||||||||||||||                                       ] 37% [||||||||||||||||||||||                                      ] 38% [||||||||||||||||||||||                                      ] 39% [|||||||||||||||||||||||                                     ] 40% [||||||||||||||||||||||||                                    ] 41% [||||||||||||||||||||||||                                    ] 42% [|||||||||||||||||||||||||                                   ] 43% [|||||||||||||||||||||||||                                   ] 44% [||||||||||||||||||||||||||                                  ] 45% [|||||||||||||||||||||||||||                                 ] 46% [|||||||||||||||||||||||||||                                 ] 47% [||||||||||||||||||||||||||||                                ] 48% [||||||||||||||||||||||||||||                                ] 49% [|||||||||||||||||||||||||||||                               ] 50% [||||||||||||||||||||||||||||||                              ] 51% [||||||||||||||||||||||||||||||                              ] 52% [|||||||||||||||||||||||||||||||                             ] 52% [|||||||||||||||||||||||||||||||                             ] 54% [||||||||||||||||||||||||||||||||                            ] 55% [|||||||||||||||||||||||||||||||||                           ] 56% [|||||||||||||||||||||||||||||||||                           ] 57% [||||||||||||||||||||||||||||||||||                          ] 58% [||||||||||||||||||||||||||||||||||                          ] 58% [|||||||||||||||||||||||||||||||||||                         ] 60% [||||||||||||||||||||||||||||||||||||                        ] 61% [||||||||||||||||||||||||||||||||||||                        ] 62% [|||||||||||||||||||||||||||||||||||||                       ] 63% [|||||||||||||||||||||||||||||||||||||                       ] 64% [||||||||||||||||||||||||||||||||||||||                      ] 65% [|||||||||||||||||||||||||||||||||||||||                     ] 66% [|||||||||||||||||||||||||||||||||||||||                     ] 67% [||||||||||||||||||||||||||||||||||||||||                    ] 68% [||||||||||||||||||||||||||||||||||||||||                    ] 69% [|||||||||||||||||||||||||||||||||||||||||                   ] 70% [||||||||||||||||||||||||||||||||||||||||||                  ] 71% [||||||||||||||||||||||||||||||||||||||||||                  ] 72% [|||||||||||||||||||||||||||||||||||||||||||                 ] 73% [|||||||||||||||||||||||||||||||||||||||||||                 ] 74% [||||||||||||||||||||||||||||||||||||||||||||                ] 75% [|||||||||||||||||||||||||||||||||||||||||||||               ] 76% [|||||||||||||||||||||||||||||||||||||||||||||               ] 77% [||||||||||||||||||||||||||||||||||||||||||||||              ] 78% [||||||||||||||||||||||||||||||||||||||||||||||              ] 79% [|||||||||||||||||||||||||||||||||||||||||||||||             ] 80% [||||||||||||||||||||||||||||||||||||||||||||||||            ] 81% [||||||||||||||||||||||||||||||||||||||||||||||||            ] 82% [|||||||||||||||||||||||||||||||||||||||||||||||||           ] 83% [|||||||||||||||||||||||||||||||||||||||||||||||||           ] 84% [||||||||||||||||||||||||||||||||||||||||||||||||||          ] 85% [|||||||||||||||||||||||||||||||||||||||||||||||||||         ] 86% [|||||||||||||||||||||||||||||||||||||||||||||||||||         ] 87% [||||||||||||||||||||||||||||||||||||||||||||||||||||        ] 88% [||||||||||||||||||||||||||||||||||||||||||||||||||||        ] 89% [|||||||||||||||||||||||||||||||||||||||||||||||||||||       ] 90% [||||||||||||||||||||||||||||||||||||||||||||||||||||||      ] 91% [||||||||||||||||||||||||||||||||||||||||||||||||||||||      ] 92% [|||||||||||||||||||||||||||||||||||||||||||||||||||||||     ] 93% [|||||||||||||||||||||||||||||||||||||||||||||||||||||||     ] 94% [||||||||||||||||||||||||||||||||||||||||||||||||||||||||    ] 95% [|||||||||||||||||||||||||||||||||||||||||||||||||||||||||   ] 96% [|||||||||||||||||||||||||||||||||||||||||||||||||||||||||   ] 97% [||||||||||||||||||||||||||||||||||||||||||||||||||||||||||  ] 98% [||||||||||||||||||||||||||||||||||||||||||||||||||||||||||  ] 99% [||||||||||||||||||||||||||||||||||||||||||||||||||||||||||| ]
Peak IOPs (INT64), GPU ID: 0, workgroupSize:256, workgroups:38912, experiments:100, IOP:122406567936, duration:6.3 ms, mean:19531.0 GOPS, stdev=54.4 GOPS
100% [||||||||||||||||||||||||||||||||||||||||||||||||||||||||||||]
Peak MFMA FLOPs (F4), GPU ID: 0, workgroupSize:256, workgroups:38912, experiments:1, FLOP:0, duration:0.0 ms, mean:0.0 GFLOPS, stdev=0.0 GFLOPS
100% [||||||||||||||||||||||||||||||||||||||||||||||||||||||||||||]
Peak MFMA FLOPs (F6), GPU ID: 0, workgroupSize:256, workgroups:38912, experiments:1, FLOP:0, duration:0.0 ms, mean:0.0 GFLOPS, stdev=0.0 GFLOPS
  0% [                                                            ]  1% [                                                            ]  2% [|                                                           ]  3% [|                                                           ]  4% [||                                                          ]  5% [|||                                                         ]  6% [|||                                                         ]  7% [||||                                                        ]  8% [||||                                                        ]  9% [|||||                                                       ] 10% [||||||                                                      ] 11% [||||||                                                      ] 12% [|||||||                                                     ] 13% [|||||||                                                     ] 14% [||||||||                                                    ] 15% [|||||||||                                                   ] 16% [|||||||||                                                   ] 17% [||||||||||                                                  ] 18% [||||||||||                                                  ] 19% [|||||||||||                                                 ] 20% [||||||||||||                                                ] 21% [||||||||||||                                                ] 22% [|||||||||||||                                               ] 23% [|||||||||||||                                               ] 24% [||||||||||||||                                              ] 25% [|||||||||||||||                                             ] 26% [|||||||||||||||                                             ] 27% [||||||||||||||||                                            ] 28% [||||||||||||||||                                            ] 29% [|||||||||||||||||                                           ] 30% [||||||||||||||||||                                          ] 31% [||||||||||||||||||                                          ] 32% [|||||||||||||||||||                                         ] 33% [|||||||||||||||||||                                         ] 34% [||||||||||||||||||||                                        ] 35% [|||||||||||||||||||||                                       ] 36% [|||||||||||||||||||||                                       ] 37% [||||||||||||||||||||||                                      ] 38% [||||||||||||||||||||||                                      ] 39% [|||||||||||||||||||||||                                     ] 40% [||||||||||||||||||||||||                                    ] 41% [||||||||||||||||||||||||                                    ] 42% [|||||||||||||||||||||||||                                   ] 43% [|||||||||||||||||||||||||                                   ] 44% [||||||||||||||||||||||||||                                  ] 45% [|||||||||||||||||||||||||||                                 ] 46% [|||||||||||||||||||||||||||                                 ] 47% [||||||||||||||||||||||||||||                                ] 48% [||||||||||||||||||||||||||||                                ] 49% [|||||||||||||||||||||||||||||                               ] 50% [||||||||||||||||||||||||||||||                              ] 51% [||||||||||||||||||||||||||||||                              ] 52% [|||||||||||||||||||||||||||||||                             ] 52% [|||||||||||||||||||||||||||||||                             ] 54% [||||||||||||||||||||||||||||||||                            ] 55% [|||||||||||||||||||||||||||||||||                           ] 56% [|||||||||||||||||||||||||||||||||                           ] 57% [||||||||||||||||||||||||||||||||||                          ] 58% [||||||||||||||||||||||||||||||||||                          ] 58% [|||||||||||||||||||||||||||||||||||                         ] 60% [||||||||||||||||||||||||||||||||||||                        ] 61% [||||||||||||||||||||||||||||||||||||                        ] 62% [|||||||||||||||||||||||||||||||||||||                       ] 63% [|||||||||||||||||||||||||||||||||||||                       ] 64% [||||||||||||||||||||||||||||||||||||||                      ] 65% [|||||||||||||||||||||||||||||||||||||||                     ] 66% [|||||||||||||||||||||||||||||||||||||||                     ] 67% [||||||||||||||||||||||||||||||||||||||||                    ] 68% [||||||||||||||||||||||||||||||||||||||||                    ] 69% [|||||||||||||||||||||||||||||||||||||||||                   ] 70% [||||||||||||||||||||||||||||||||||||||||||                  ] 71% [||||||||||||||||||||||||||||||||||||||||||                  ] 72% [|||||||||||||||||||||||||||||||||||||||||||                 ] 73% [|||||||||||||||||||||||||||||||||||||||||||                 ] 74% [||||||||||||||||||||||||||||||||||||||||||||                ] 75% [|||||||||||||||||||||||||||||||||||||||||||||               ] 76% [|||||||||||||||||||||||||||||||||||||||||||||               ] 77% [||||||||||||||||||||||||||||||||||||||||||||||              ] 78% [||||||||||||||||||||||||||||||||||||||||||||||              ] 79% [|||||||||||||||||||||||||||||||||||||||||||||||             ] 80% [||||||||||||||||||||||||||||||||||||||||||||||||            ] 81% [||||||||||||||||||||||||||||||||||||||||||||||||            ] 82% [|||||||||||||||||||||||||||||||||||||||||||||||||           ] 83% [|||||||||||||||||||||||||||||||||||||||||||||||||           ] 84% [||||||||||||||||||||||||||||||||||||||||||||||||||          ] 85% [|||||||||||||||||||||||||||||||||||||||||||||||||||         ] 86% [|||||||||||||||||||||||||||||||||||||||||||||||||||         ] 87% [||||||||||||||||||||||||||||||||||||||||||||||||||||        ] 88% [||||||||||||||||||||||||||||||||||||||||||||||||||||        ] 89% [|||||||||||||||||||||||||||||||||||||||||||||||||||||       ] 90% [||||||||||||||||||||||||||||||||||||||||||||||||||||||      ] 91% [||||||||||||||||||||||||||||||||||||||||||||||||||||||      ] 92% [|||||||||||||||||||||||||||||||||||||||||||||||||||||||     ] 93% [|||||||||||||||||||||||||||||||||||||||||||||||||||||||     ] 94% [||||||||||||||||||||||||||||||||||||||||||||||||||||||||    ] 95% [|||||||||||||||||||||||||||||||||||||||||||||||||||||||||   ] 96% [|||||||||||||||||||||||||||||||||||||||||||||||||||||||||   ] 97% [||||||||||||||||||||||||||||||||||||||||||||||||||||||||||  ] 98% [||||||||||||||||||||||||||||||||||||||||||||||||||||||||||  ] 99% [||||||||||||||||||||||||||||||||||||||||||||||||||||||||||| ]
Peak MFMA FLOPs (F8), GPU ID: 0, workgroupSize:256, workgroups:38912, experiments:100, FLOP:10200547328000, duration:5.4 ms, mean:1899171.0 GFLOPS, stdev=20752.5 GFLOPS
  0% [                                                            ]  1% [                                                            ]  2% [|                                                           ]  3% [|                                                           ]  4% [||                                                          ]  5% [|||                                                         ]  6% [|||                                                         ]  7% [||||                                                        ]  8% [||||                                                        ]  9% [|||||                                                       ] 10% [||||||                                                      ] 11% [||||||                                                      ] 12% [|||||||                                                     ] 13% [|||||||                                                     ] 14% [||||||||                                                    ] 15% [|||||||||                                                   ] 16% [|||||||||                                                   ] 17% [||||||||||                                                  ] 18% [||||||||||                                                  ] 19% [|||||||||||                                                 ] 20% [||||||||||||                                                ] 21% [||||||||||||                                                ] 22% [|||||||||||||                                               ] 23% [|||||||||||||                                               ] 24% [||||||||||||||                                              ] 25% [|||||||||||||||                                             ] 26% [|||||||||||||||                                             ] 27% [||||||||||||||||                                            ] 28% [||||||||||||||||                                            ] 29% [|||||||||||||||||                                           ] 30% [||||||||||||||||||                                          ] 31% [||||||||||||||||||                                          ] 32% [|||||||||||||||||||                                         ] 33% [|||||||||||||||||||                                         ] 34% [||||||||||||||||||||                                        ] 35% [|||||||||||||||||||||                                       ] 36% [|||||||||||||||||||||                                       ] 37% [||||||||||||||||||||||                                      ] 38% [||||||||||||||||||||||                                      ] 39% [|||||||||||||||||||||||                                     ] 40% [||||||||||||||||||||||||                                    ] 41% [||||||||||||||||||||||||                                    ] 42% [|||||||||||||||||||||||||                                   ] 43% [|||||||||||||||||||||||||                                   ] 44% [||||||||||||||||||||||||||                                  ] 45% [|||||||||||||||||||||||||||                                 ] 46% [|||||||||||||||||||||||||||                                 ] 47% [||||||||||||||||||||||||||||                                ] 48% [||||||||||||||||||||||||||||                                ] 49% [|||||||||||||||||||||||||||||                               ] 50% [||||||||||||||||||||||||||||||                              ] 51% [||||||||||||||||||||||||||||||                              ] 52% [|||||||||||||||||||||||||||||||                             ] 52% [|||||||||||||||||||||||||||||||                             ] 54% [||||||||||||||||||||||||||||||||                            ] 55% [|||||||||||||||||||||||||||||||||                           ] 56% [|||||||||||||||||||||||||||||||||                           ] 57% [||||||||||||||||||||||||||||||||||                          ] 58% [||||||||||||||||||||||||||||||||||                          ] 58% [|||||||||||||||||||||||||||||||||||                         ] 60% [||||||||||||||||||||||||||||||||||||                        ] 61% [||||||||||||||||||||||||||||||||||||                        ] 62% [|||||||||||||||||||||||||||||||||||||                       ] 63% [|||||||||||||||||||||||||||||||||||||                       ] 64% [||||||||||||||||||||||||||||||||||||||                      ] 65% [|||||||||||||||||||||||||||||||||||||||                     ] 66% [|||||||||||||||||||||||||||||||||||||||                     ] 67% [||||||||||||||||||||||||||||||||||||||||                    ] 68% [||||||||||||||||||||||||||||||||||||||||                    ] 69% [|||||||||||||||||||||||||||||||||||||||||                   ] 70% [||||||||||||||||||||||||||||||||||||||||||                  ] 71% [||||||||||||||||||||||||||||||||||||||||||                  ] 72% [|||||||||||||||||||||||||||||||||||||||||||                 ] 73% [|||||||||||||||||||||||||||||||||||||||||||                 ] 74% [||||||||||||||||||||||||||||||||||||||||||||                ] 75% [|||||||||||||||||||||||||||||||||||||||||||||               ] 76% [|||||||||||||||||||||||||||||||||||||||||||||               ] 77% [||||||||||||||||||||||||||||||||||||||||||||||              ] 78% [||||||||||||||||||||||||||||||||||||||||||||||              ] 79% [|||||||||||||||||||||||||||||||||||||||||||||||             ] 80% [||||||||||||||||||||||||||||||||||||||||||||||||            ] 81% [||||||||||||||||||||||||||||||||||||||||||||||||            ] 82% [|||||||||||||||||||||||||||||||||||||||||||||||||           ] 83% [|||||||||||||||||||||||||||||||||||||||||||||||||           ] 84% [||||||||||||||||||||||||||||||||||||||||||||||||||          ] 85% [|||||||||||||||||||||||||||||||||||||||||||||||||||         ] 86% [|||||||||||||||||||||||||||||||||||||||||||||||||||         ] 87% [||||||||||||||||||||||||||||||||||||||||||||||||||||        ] 88% [||||||||||||||||||||||||||||||||||||||||||||||||||||        ] 89% [|||||||||||||||||||||||||||||||||||||||||||||||||||||       ] 90% [||||||||||||||||||||||||||||||||||||||||||||||||||||||      ] 91% [||||||||||||||||||||||||||||||||||||||||||||||||||||||      ] 92% [|||||||||||||||||||||||||||||||||||||||||||||||||||||||     ] 93% [|||||||||||||||||||||||||||||||||||||||||||||||||||||||     ] 94% [||||||||||||||||||||||||||||||||||||||||||||||||||||||||    ] 95% [|||||||||||||||||||||||||||||||||||||||||||||||||||||||||   ] 96% [|||||||||||||||||||||||||||||||||||||||||||||||||||||||||   ] 97% [||||||||||||||||||||||||||||||||||||||||||||||||||||||||||  ] 98% [||||||||||||||||||||||||||||||||||||||||||||||||||||||||||  ] 99% [||||||||||||||||||||||||||||||||||||||||||||||||||||||||||| ]
Peak MFMA FLOPs (F16), GPU ID: 0, workgroupSize:256, workgroups:38912, experiments:100, FLOP:5100273664000, duration:5.5 ms, mean:932578.8 GFLOPS, stdev=3434.1 GFLOPS
  0% [                                                            ]  1% [                                                            ]  2% [|                                                           ]  3% [|                                                           ]  4% [||                                                          ]  5% [|||                                                         ]  6% [|||                                                         ]  7% [||||                                                        ]  8% [||||                                                        ]  9% [|||||                                                       ] 10% [||||||                                                      ] 11% [||||||                                                      ] 12% [|||||||                                                     ] 13% [|||||||                                                     ] 14% [||||||||                                                    ] 15% [|||||||||                                                   ] 16% [|||||||||                                                   ] 17% [||||||||||                                                  ] 18% [||||||||||                                                  ] 19% [|||||||||||                                                 ] 20% [||||||||||||                                                ] 21% [||||||||||||                                                ] 22% [|||||||||||||                                               ] 23% [|||||||||||||                                               ] 24% [||||||||||||||                                              ] 25% [|||||||||||||||                                             ] 26% [|||||||||||||||                                             ] 27% [||||||||||||||||                                            ] 28% [||||||||||||||||                                            ] 29% [|||||||||||||||||                                           ] 30% [||||||||||||||||||                                          ] 31% [||||||||||||||||||                                          ] 32% [|||||||||||||||||||                                         ] 33% [|||||||||||||||||||                                         ] 34% [||||||||||||||||||||                                        ] 35% [|||||||||||||||||||||                                       ] 36% [|||||||||||||||||||||                                       ] 37% [||||||||||||||||||||||                                      ] 38% [||||||||||||||||||||||                                      ] 39% [|||||||||||||||||||||||                                     ] 40% [||||||||||||||||||||||||                                    ] 41% [||||||||||||||||||||||||                                    ] 42% [|||||||||||||||||||||||||                                   ] 43% [|||||||||||||||||||||||||                                   ] 44% [||||||||||||||||||||||||||                                  ] 45% [|||||||||||||||||||||||||||                                 ] 46% [|||||||||||||||||||||||||||                                 ] 47% [||||||||||||||||||||||||||||                                ] 48% [||||||||||||||||||||||||||||                                ] 49% [|||||||||||||||||||||||||||||                               ] 50% [||||||||||||||||||||||||||||||                              ] 51% [||||||||||||||||||||||||||||||                              ] 52% [|||||||||||||||||||||||||||||||                             ] 52% [|||||||||||||||||||||||||||||||                             ] 54% [||||||||||||||||||||||||||||||||                            ] 55% [|||||||||||||||||||||||||||||||||                           ] 56% [|||||||||||||||||||||||||||||||||                           ] 57% [||||||||||||||||||||||||||||||||||                          ] 58% [||||||||||||||||||||||||||||||||||                          ] 58% [|||||||||||||||||||||||||||||||||||                         ] 60% [||||||||||||||||||||||||||||||||||||                        ] 61% [||||||||||||||||||||||||||||||||||||                        ] 62% [|||||||||||||||||||||||||||||||||||||                       ] 63% [|||||||||||||||||||||||||||||||||||||                       ] 64% [||||||||||||||||||||||||||||||||||||||                      ] 65% [|||||||||||||||||||||||||||||||||||||||                     ] 66% [|||||||||||||||||||||||||||||||||||||||                     ] 67% [||||||||||||||||||||||||||||||||||||||||                    ] 68% [||||||||||||||||||||||||||||||||||||||||                    ] 69% [|||||||||||||||||||||||||||||||||||||||||                   ] 70% [||||||||||||||||||||||||||||||||||||||||||                  ] 71% [||||||||||||||||||||||||||||||||||||||||||                  ] 72% [|||||||||||||||||||||||||||||||||||||||||||                 ] 73% [|||||||||||||||||||||||||||||||||||||||||||                 ] 74% [||||||||||||||||||||||||||||||||||||||||||||                ] 75% [|||||||||||||||||||||||||||||||||||||||||||||               ] 76% [|||||||||||||||||||||||||||||||||||||||||||||               ] 77% [||||||||||||||||||||||||||||||||||||||||||||||              ] 78% [||||||||||||||||||||||||||||||||||||||||||||||              ] 79% [|||||||||||||||||||||||||||||||||||||||||||||||             ] 80% [||||||||||||||||||||||||||||||||||||||||||||||||            ] 81% [||||||||||||||||||||||||||||||||||||||||||||||||            ] 82% [|||||||||||||||||||||||||||||||||||||||||||||||||           ] 83% [|||||||||||||||||||||||||||||||||||||||||||||||||           ] 84% [||||||||||||||||||||||||||||||||||||||||||||||||||          ] 85% [|||||||||||||||||||||||||||||||||||||||||||||||||||         ] 86% [|||||||||||||||||||||||||||||||||||||||||||||||||||         ] 87% [||||||||||||||||||||||||||||||||||||||||||||||||||||        ] 88% [||||||||||||||||||||||||||||||||||||||||||||||||||||        ] 89% [|||||||||||||||||||||||||||||||||||||||||||||||||||||       ] 90% [||||||||||||||||||||||||||||||||||||||||||||||||||||||      ] 91% [||||||||||||||||||||||||||||||||||||||||||||||||||||||      ] 92% [|||||||||||||||||||||||||||||||||||||||||||||||||||||||     ] 93% [|||||||||||||||||||||||||||||||||||||||||||||||||||||||     ] 94% [||||||||||||||||||||||||||||||||||||||||||||||||||||||||    ] 95% [|||||||||||||||||||||||||||||||||||||||||||||||||||||||||   ] 96% [|||||||||||||||||||||||||||||||||||||||||||||||||||||||||   ] 97% [||||||||||||||||||||||||||||||||||||||||||||||||||||||||||  ] 98% [||||||||||||||||||||||||||||||||||||||||||||||||||||||||||  ] 99% [||||||||||||||||||||||||||||||||||||||||||||||||||||||||||| ]
Peak MFMA FLOPs (BF16), GPU ID: 0, workgroupSize:256, workgroups:38912, experiments:100, FLOP:2550136832000, duration:4.9 ms, mean:523702.8 GFLOPS, stdev=2599.9 GFLOPS
  0% [                                                            ]  1% [                                                            ]  2% [|                                                           ]  3% [|                                                           ]  4% [||                                                          ]  5% [|||                                                         ]  6% [|||                                                         ]  7% [||||                                                        ]  8% [||||                                                        ]  9% [|||||                                                       ] 10% [||||||                                                      ] 11% [||||||                                                      ] 12% [|||||||                                                     ] 13% [|||||||                                                     ] 14% [||||||||                                                    ] 15% [|||||||||                                                   ] 16% [|||||||||                                                   ] 17% [||||||||||                                                  ] 18% [||||||||||                                                  ] 19% [|||||||||||                                                 ] 20% [||||||||||||                                                ] 21% [||||||||||||                                                ] 22% [|||||||||||||                                               ] 23% [|||||||||||||                                               ] 24% [||||||||||||||                                              ] 25% [|||||||||||||||                                             ] 26% [|||||||||||||||                                             ] 27% [||||||||||||||||                                            ] 28% [||||||||||||||||                                            ] 29% [|||||||||||||||||                                           ] 30% [||||||||||||||||||                                          ] 31% [||||||||||||||||||                                          ] 32% [|||||||||||||||||||                                         ] 33% [|||||||||||||||||||                                         ] 34% [||||||||||||||||||||                                        ] 35% [|||||||||||||||||||||                                       ] 36% [|||||||||||||||||||||                                       ] 37% [||||||||||||||||||||||                                      ] 38% [||||||||||||||||||||||                                      ] 39% [|||||||||||||||||||||||                                     ] 40% [||||||||||||||||||||||||                                    ] 41% [||||||||||||||||||||||||                                    ] 42% [|||||||||||||||||||||||||                                   ] 43% [|||||||||||||||||||||||||                                   ] 44% [||||||||||||||||||||||||||                                  ] 45% [|||||||||||||||||||||||||||                                 ] 46% [|||||||||||||||||||||||||||                                 ] 47% [||||||||||||||||||||||||||||                                ] 48% [||||||||||||||||||||||||||||                                ] 49% [|||||||||||||||||||||||||||||                               ] 50% [||||||||||||||||||||||||||||||                              ] 51% [||||||||||||||||||||||||||||||                              ] 52% [|||||||||||||||||||||||||||||||                             ] 52% [|||||||||||||||||||||||||||||||                             ] 54% [||||||||||||||||||||||||||||||||                            ] 55% [|||||||||||||||||||||||||||||||||                           ] 56% [|||||||||||||||||||||||||||||||||                           ] 57% [||||||||||||||||||||||||||||||||||                          ] 58% [||||||||||||||||||||||||||||||||||                          ] 58% [|||||||||||||||||||||||||||||||||||                         ] 60% [||||||||||||||||||||||||||||||||||||                        ] 61% [||||||||||||||||||||||||||||||||||||                        ] 62% [|||||||||||||||||||||||||||||||||||||                       ] 63% [|||||||||||||||||||||||||||||||||||||                       ] 64% [||||||||||||||||||||||||||||||||||||||                      ] 65% [|||||||||||||||||||||||||||||||||||||||                     ] 66% [|||||||||||||||||||||||||||||||||||||||                     ] 67% [||||||||||||||||||||||||||||||||||||||||                    ] 68% [||||||||||||||||||||||||||||||||||||||||                    ] 69% [|||||||||||||||||||||||||||||||||||||||||                   ] 70% [||||||||||||||||||||||||||||||||||||||||||                  ] 71% [||||||||||||||||||||||||||||||||||||||||||                  ] 72% [|||||||||||||||||||||||||||||||||||||||||||                 ] 73% [|||||||||||||||||||||||||||||||||||||||||||                 ] 74% [||||||||||||||||||||||||||||||||||||||||||||                ] 75% [|||||||||||||||||||||||||||||||||||||||||||||               ] 76% [|||||||||||||||||||||||||||||||||||||||||||||               ] 77% [||||||||||||||||||||||||||||||||||||||||||||||              ] 78% [||||||||||||||||||||||||||||||||||||||||||||||              ] 79% [|||||||||||||||||||||||||||||||||||||||||||||||             ] 80% [||||||||||||||||||||||||||||||||||||||||||||||||            ] 81% [||||||||||||||||||||||||||||||||||||||||||||||||            ] 82% [|||||||||||||||||||||||||||||||||||||||||||||||||           ] 83% [|||||||||||||||||||||||||||||||||||||||||||||||||           ] 84% [||||||||||||||||||||||||||||||||||||||||||||||||||          ] 85% [|||||||||||||||||||||||||||||||||||||||||||||||||||         ] 86% [|||||||||||||||||||||||||||||||||||||||||||||||||||         ] 87% [||||||||||||||||||||||||||||||||||||||||||||||||||||        ] 88% [||||||||||||||||||||||||||||||||||||||||||||||||||||        ] 89% [|||||||||||||||||||||||||||||||||||||||||||||||||||||       ] 90% [||||||||||||||||||||||||||||||||||||||||||||||||||||||      ] 91% [||||||||||||||||||||||||||||||||||||||||||||||||||||||      ] 92% [|||||||||||||||||||||||||||||||||||||||||||||||||||||||     ] 93% [|||||||||||||||||||||||||||||||||||||||||||||||||||||||     ] 94% [||||||||||||||||||||||||||||||||||||||||||||||||||||||||    ] 95% [|||||||||||||||||||||||||||||||||||||||||||||||||||||||||   ] 96% [|||||||||||||||||||||||||||||||||||||||||||||||||||||||||   ] 97% [||||||||||||||||||||||||||||||||||||||||||||||||||||||||||  ] 98% [||||||||||||||||||||||||||||||||||||||||||||||||||||||||||  ] 99% [||||||||||||||||||||||||||||||||||||||||||||||||||||||||||| ]
Peak MFMA FLOPs (F32), GPU ID: 0, workgroupSize:256, workgroups:38912, experiments:100, FLOP:1275068416000, duration:9.1 ms, mean:140109.2 GFLOPS, stdev=577.2 GFLOPS
  0% [                                                            ]  1% [                                                            ]  2% [|                                                           ]  3% [|                                                           ]  4% [||                                                          ]  5% [|||                                                         ]  6% [|||                                                         ]  7% [||||                                                        ]  8% [||||                                                        ]  9% [|||||                                                       ] 10% [||||||                                                      ] 11% [||||||                                                      ] 12% [|||||||                                                     ] 13% [|||||||                                                     ] 14% [||||||||                                                    ] 15% [|||||||||                                                   ] 16% [|||||||||                                                   ] 17% [||||||||||                                                  ] 18% [||||||||||                                                  ] 19% [|||||||||||                                                 ] 20% [||||||||||||                                                ] 21% [||||||||||||                                                ] 22% [|||||||||||||                                               ] 23% [|||||||||||||                                               ] 24% [||||||||||||||                                              ] 25% [|||||||||||||||                                             ] 26% [|||||||||||||||                                             ] 27% [||||||||||||||||                                            ] 28% [||||||||||||||||                                            ] 29% [|||||||||||||||||                                           ] 30% [||||||||||||||||||                                          ] 31% [||||||||||||||||||                                          ] 32% [|||||||||||||||||||                                         ] 33% [|||||||||||||||||||                                         ] 34% [||||||||||||||||||||                                        ] 35% [|||||||||||||||||||||                                       ] 36% [|||||||||||||||||||||                                       ] 37% [||||||||||||||||||||||                                      ] 38% [||||||||||||||||||||||                                      ] 39% [|||||||||||||||||||||||                                     ] 40% [||||||||||||||||||||||||                                    ] 41% [||||||||||||||||||||||||                                    ] 42% [|||||||||||||||||||||||||                                   ] 43% [|||||||||||||||||||||||||                                   ] 44% [||||||||||||||||||||||||||                                  ] 45% [|||||||||||||||||||||||||||                                 ] 46% [|||||||||||||||||||||||||||                                 ] 47% [||||||||||||||||||||||||||||                                ] 48% [||||||||||||||||||||||||||||                                ] 49% [|||||||||||||||||||||||||||||                               ] 50% [||||||||||||||||||||||||||||||                              ] 51% [||||||||||||||||||||||||||||||                              ] 52% [|||||||||||||||||||||||||||||||                             ] 52% [|||||||||||||||||||||||||||||||                             ] 54% [||||||||||||||||||||||||||||||||                            ] 55% [|||||||||||||||||||||||||||||||||                           ] 56% [|||||||||||||||||||||||||||||||||                           ] 57% [||||||||||||||||||||||||||||||||||                          ] 58% [||||||||||||||||||||||||||||||||||                          ] 58% [|||||||||||||||||||||||||||||||||||                         ] 60% [||||||||||||||||||||||||||||||||||||                        ] 61% [||||||||||||||||||||||||||||||||||||                        ] 62% [|||||||||||||||||||||||||||||||||||||                       ] 63% [|||||||||||||||||||||||||||||||||||||                       ] 64% [||||||||||||||||||||||||||||||||||||||                      ] 65% [|||||||||||||||||||||||||||||||||||||||                     ] 66% [|||||||||||||||||||||||||||||||||||||||                     ] 67% [||||||||||||||||||||||||||||||||||||||||                    ] 68% [||||||||||||||||||||||||||||||||||||||||                    ] 69% [|||||||||||||||||||||||||||||||||||||||||                   ] 70% [||||||||||||||||||||||||||||||||||||||||||                  ] 71% [||||||||||||||||||||||||||||||||||||||||||                  ] 72% [|||||||||||||||||||||||||||||||||||||||||||                 ] 73% [|||||||||||||||||||||||||||||||||||||||||||                 ] 74% [||||||||||||||||||||||||||||||||||||||||||||                ] 75% [|||||||||||||||||||||||||||||||||||||||||||||               ] 76% [|||||||||||||||||||||||||||||||||||||||||||||               ] 77% [||||||||||||||||||||||||||||||||||||||||||||||              ] 78% [||||||||||||||||||||||||||||||||||||||||||||||              ] 79% [|||||||||||||||||||||||||||||||||||||||||||||||             ] 80% [||||||||||||||||||||||||||||||||||||||||||||||||            ] 81% [||||||||||||||||||||||||||||||||||||||||||||||||            ] 82% [|||||||||||||||||||||||||||||||||||||||||||||||||           ] 83% [|||||||||||||||||||||||||||||||||||||||||||||||||           ] 84% [||||||||||||||||||||||||||||||||||||||||||||||||||          ] 85% [|||||||||||||||||||||||||||||||||||||||||||||||||||         ] 86% [|||||||||||||||||||||||||||||||||||||||||||||||||||         ] 87% [||||||||||||||||||||||||||||||||||||||||||||||||||||        ] 88% [||||||||||||||||||||||||||||||||||||||||||||||||||||        ] 89% [|||||||||||||||||||||||||||||||||||||||||||||||||||||       ] 90% [||||||||||||||||||||||||||||||||||||||||||||||||||||||      ] 91% [||||||||||||||||||||||||||||||||||||||||||||||||||||||      ] 92% [|||||||||||||||||||||||||||||||||||||||||||||||||||||||     ] 93% [|||||||||||||||||||||||||||||||||||||||||||||||||||||||     ] 94% [||||||||||||||||||||||||||||||||||||||||||||||||||||||||    ] 95% [|||||||||||||||||||||||||||||||||||||||||||||||||||||||||   ] 96% [|||||||||||||||||||||||||||||||||||||||||||||||||||||||||   ] 97% [||||||||||||||||||||||||||||||||||||||||||||||||||||||||||  ] 98% [||||||||||||||||||||||||||||||||||||||||||||||||||||||||||  ] 99% [||||||||||||||||||||||||||||||||||||||||||||||||||||||||||| ]
Peak MFMA FLOPs (F64), GPU ID: 0, workgroupSize:256, workgroups:38912, experiments:100, FLOP:637534208000, duration:4.4 ms, mean:145606.4 GFLOPS, stdev=559.6 GFLOPS
  0% [                                                            ]  1% [                                                            ]  2% [|                                                           ]  3% [|                                                           ]  4% [||                                                          ]  5% [|||                                                         ]  6% [|||                                                         ]  7% [||||                                                        ]  8% [||||                                                        ]  9% [|||||                                                       ] 10% [||||||                                                      ] 11% [||||||                                                      ] 12% [|||||||                                                     ] 13% [|||||||                                                     ] 14% [||||||||                                                    ] 15% [|||||||||                                                   ] 16% [|||||||||                                                   ] 17% [||||||||||                                                  ] 18% [||||||||||                                                  ] 19% [|||||||||||                                                 ] 20% [||||||||||||                                                ] 21% [||||||||||||                                                ] 22% [|||||||||||||                                               ] 23% [|||||||||||||                                               ] 24% [||||||||||||||                                              ] 25% [|||||||||||||||                                             ] 26% [|||||||||||||||                                             ] 27% [||||||||||||||||                                            ] 28% [||||||||||||||||                                            ] 29% [|||||||||||||||||                                           ] 30% [||||||||||||||||||                                          ] 31% [||||||||||||||||||                                          ] 32% [|||||||||||||||||||                                         ] 33% [|||||||||||||||||||                                         ] 34% [||||||||||||||||||||                                        ] 35% [|||||||||||||||||||||                                       ] 36% [|||||||||||||||||||||                                       ] 37% [||||||||||||||||||||||                                      ] 38% [||||||||||||||||||||||                                      ] 39% [|||||||||||||||||||||||                                     ] 40% [||||||||||||||||||||||||                                    ] 41% [||||||||||||||||||||||||                                    ] 42% [|||||||||||||||||||||||||                                   ] 43% [|||||||||||||||||||||||||                                   ] 44% [||||||||||||||||||||||||||                                  ] 45% [|||||||||||||||||||||||||||                                 ] 46% [|||||||||||||||||||||||||||                                 ] 47% [||||||||||||||||||||||||||||                                ] 48% [||||||||||||||||||||||||||||                                ] 49% [|||||||||||||||||||||||||||||                               ] 50% [||||||||||||||||||||||||||||||                              ] 51% [||||||||||||||||||||||||||||||                              ] 52% [|||||||||||||||||||||||||||||||                             ] 52% [|||||||||||||||||||||||||||||||                             ] 54% [||||||||||||||||||||||||||||||||                            ] 55% [|||||||||||||||||||||||||||||||||                           ] 56% [|||||||||||||||||||||||||||||||||                           ] 57% [||||||||||||||||||||||||||||||||||                          ] 58% [||||||||||||||||||||||||||||||||||                          ] 58% [|||||||||||||||||||||||||||||||||||                         ] 60% [||||||||||||||||||||||||||||||||||||                        ] 61% [||||||||||||||||||||||||||||||||||||                        ] 62% [|||||||||||||||||||||||||||||||||||||                       ] 63% [|||||||||||||||||||||||||||||||||||||                       ] 64% [||||||||||||||||||||||||||||||||||||||                      ] 65% [|||||||||||||||||||||||||||||||||||||||                     ] 66% [|||||||||||||||||||||||||||||||||||||||                     ] 67% [||||||||||||||||||||||||||||||||||||||||                    ] 68% [||||||||||||||||||||||||||||||||||||||||                    ] 69% [|||||||||||||||||||||||||||||||||||||||||                   ] 70% [||||||||||||||||||||||||||||||||||||||||||                  ] 71% [||||||||||||||||||||||||||||||||||||||||||                  ] 72% [|||||||||||||||||||||||||||||||||||||||||||                 ] 73% [|||||||||||||||||||||||||||||||||||||||||||                 ] 74% [||||||||||||||||||||||||||||||||||||||||||||                ] 75% [|||||||||||||||||||||||||||||||||||||||||||||               ] 76% [|||||||||||||||||||||||||||||||||||||||||||||               ] 77% [||||||||||||||||||||||||||||||||||||||||||||||              ] 78% [||||||||||||||||||||||||||||||||||||||||||||||              ] 79% [|||||||||||||||||||||||||||||||||||||||||||||||             ] 80% [||||||||||||||||||||||||||||||||||||||||||||||||            ] 81% [||||||||||||||||||||||||||||||||||||||||||||||||            ] 82% [|||||||||||||||||||||||||||||||||||||||||||||||||           ] 83% [|||||||||||||||||||||||||||||||||||||||||||||||||           ] 84% [||||||||||||||||||||||||||||||||||||||||||||||||||          ] 85% [|||||||||||||||||||||||||||||||||||||||||||||||||||         ] 86% [|||||||||||||||||||||||||||||||||||||||||||||||||||         ] 87% [||||||||||||||||||||||||||||||||||||||||||||||||||||        ] 88% [||||||||||||||||||||||||||||||||||||||||||||||||||||        ] 89% [|||||||||||||||||||||||||||||||||||||||||||||||||||||       ] 90% [||||||||||||||||||||||||||||||||||||||||||||||||||||||      ] 91% [||||||||||||||||||||||||||||||||||||||||||||||||||||||      ] 92% [|||||||||||||||||||||||||||||||||||||||||||||||||||||||     ] 93% [|||||||||||||||||||||||||||||||||||||||||||||||||||||||     ] 94% [||||||||||||||||||||||||||||||||||||||||||||||||||||||||    ] 95% [|||||||||||||||||||||||||||||||||||||||||||||||||||||||||   ] 96% [|||||||||||||||||||||||||||||||||||||||||||||||||||||||||   ] 97% [||||||||||||||||||||||||||||||||||||||||||||||||||||||||||  ] 98% [||||||||||||||||||||||||||||||||||||||||||||||||||||||||||  ] 99% [||||||||||||||||||||||||||||||||||||||||||||||||||||||||||| ]
Peak MFMA IOPs (I8), GPU ID: 0, workgroupSize:256, workgroups:38912, experiments:100, IOP:5100273664000, duration:5.2 ms, mean:994791.2 GOPS, stdev=4742.2 GOPS

   [32mINFO[0m [roofline] Empirical Roofline PDFs saved!
   [32mINFO[0m [roofline] Checking for roofline.csv in /root/rocm-examples/Applications/fdtd_profile/workloads/main_bp_l2/MI300X_A1
   [32mINFO[0m [roofline] Empirical Roofline PDFs saved!
rocprof-compute analyze -p workloads/main_bp_l2/MI300X_A1/ -b 3

                                 __                                       _
 _ __ ___   ___ _ __  _ __ ___  / _|       ___ ___  _ __ ___  _ __  _   _| |_ ___
| '__/ _ \ / __| '_ \| '__/ _ \| |_ _____ / __/ _ \| '_ ` _ \| '_ \| | | | __/ _ \
| | | (_) | (__| |_) | | | (_) |  _|_____| (_| (_) | | | | | | |_) | |_| | ||  __/
|_|  \___/ \___| .__/|_|  \___/|_|        \___\___/|_| |_| |_| .__/ \__,_|\__\___|
               |_|                                           |_|

   [32mINFO[0m Analysis mode = cli
   [32mINFO[0m fatal: not a git repository (or any of the parent directories): .git
   [32mINFO[0m [analysis] deriving rocprofiler-compute metrics...
  [31mERROR[0m PC sampling: can not read /root/rocm-examples/Applications/fdtd_profile/workloads/main_bp_l2/MI300X_A1/ps_file_kernel_trace.csv
[33mWARNING[0m Failed to evaluate expression '
to_round(to_avg(
(raw_pmc_df['pmc_perf']['TCP_TCP_LATENCY_sum'] / raw_pmc_df['pmc_perf']['TCP_TA_TCP_STATE_READ_sum']).where((raw_pmc_df['pmc_perf']['TCP_TA_TCP_STATE_READ_sum'] != 0), None)), 0)
': 'TCP_TCP_LATENCY_sum'.

--------------------------------------------------------------------------------
0. Top Stats
0.1 Top Kernels
╒═════════╤══════════════════════════════════════════╤═════════╤══════════════╤════════════╤══════════════╤═══════╕
│   index │ Kernel_Name                              │   Count │      Sum(ns) │   Mean(ns) │   Median(ns) │   Pct │
╞═════════╪══════════════════════════════════════════╪═════════╪══════════════╪════════════╪══════════════╪═══════╡
│       0 │ updateH_kernel(FDTD_Setup, float*, float │   90.00 │ 246674673.72 │ 2740829.71 │   2698387.70 │ 54.23 │
│         │  const*, float const*, float*, float*, f │         │              │            │              │       │
│         │ loat, float, unsigned int, unsigned i... │         │              │            │              │       │
├─────────┼──────────────────────────────────────────┼─────────┼──────────────┼────────────┼──────────────┼───────┤
│       1 │ updateEz_kernel(FDTD_Setup, Medium_Param │   30.00 │  82212250.00 │ 2740408.33 │   2740418.08 │ 18.07 │
│         │ s, float*, float const*, float const*)   │         │              │            │              │       │
├─────────┼──────────────────────────────────────────┼─────────┼──────────────┼────────────┼──────────────┼───────┤
│       2 │ updateEy_kernel(FDTD_Setup, Medium_Param │   30.00 │  63352394.95 │ 2111746.50 │   2111793.66 │ 13.93 │
│         │ s, float*, float const*, float const*)   │         │              │            │              │       │
├─────────┼──────────────────────────────────────────┼─────────┼──────────────┼────────────┼──────────────┼───────┤
│       3 │ updateEx_kernel(FDTD_Setup, Medium_Param │   30.00 │  62546614.50 │ 2084887.15 │   2085001.55 │ 13.75 │
│         │ s, float*, float const*, float const*)   │         │              │            │              │       │
├─────────┼──────────────────────────────────────────┼─────────┼──────────────┼────────────┼──────────────┼───────┤
│       4 │ apply_source_kernel(FDTD_Setup, float*,  │   30.00 │     52766.33 │    1758.88 │      1724.09 │  0.01 │
│         │ float)                                   │         │              │            │              │       │
├─────────┼──────────────────────────────────────────┼─────────┼──────────────┼────────────┼──────────────┼───────┤
│       5 │ __amd_rocclr_fillBufferAligned           │    6.00 │     27049.50 │    4508.25 │      4480.54 │  0.01 │
╘═════════╧══════════════════════════════════════════╧═════════╧══════════════╧════════════╧══════════════╧═══════╛
0.2 Dispatch List
╒═════════╤═══════════════╤══════════════════════════════════════════════════════════════════════════════════╤══════════╕
│   index │   Dispatch_ID │ Kernel_Name                                                                      │   GPU_ID │
╞═════════╪═══════════════╪══════════════════════════════════════════════════════════════════════════════════╪══════════╡
│       0 │             0 │ __amd_rocclr_fillBufferAligned                                                   │        0 │
├─────────┼───────────────┼──────────────────────────────────────────────────────────────────────────────────┼──────────┤
│       1 │             1 │ __amd_rocclr_fillBufferAligned                                                   │        0 │
├─────────┼───────────────┼──────────────────────────────────────────────────────────────────────────────────┼──────────┤
│       2 │             2 │ __amd_rocclr_fillBufferAligned                                                   │        0 │
├─────────┼───────────────┼──────────────────────────────────────────────────────────────────────────────────┼──────────┤
│       3 │             3 │ __amd_rocclr_fillBufferAligned                                                   │        0 │
├─────────┼───────────────┼──────────────────────────────────────────────────────────────────────────────────┼──────────┤
│       4 │             4 │ __amd_rocclr_fillBufferAligned                                                   │        0 │
├─────────┼───────────────┼──────────────────────────────────────────────────────────────────────────────────┼──────────┤
│       5 │             5 │ __amd_rocclr_fillBufferAligned                                                   │        0 │
├─────────┼───────────────┼──────────────────────────────────────────────────────────────────────────────────┼──────────┤
│       6 │             6 │ apply_source_kernel(FDTD_Setup, float*, float)                                   │        0 │
├─────────┼───────────────┼──────────────────────────────────────────────────────────────────────────────────┼──────────┤
│       7 │             7 │ updateH_kernel(FDTD_Setup, float*, float const*, float const*, float*, float*, f │        0 │
│         │               │ loat, float, unsigned int, unsigned int, unsigned int, unsigned int, unsigned in │          │
│         │               │ t)                                                                               │          │
├─────────┼───────────────┼──────────────────────────────────────────────────────────────────────────────────┼──────────┤
│       8 │             8 │ updateH_kernel(FDTD_Setup, float*, float const*, float const*, float*, float*, f │        0 │
│         │               │ loat, float, unsigned int, unsigned int, unsigned int, unsigned int, unsigned in │          │
│         │               │ t)                                                                               │          │
├─────────┼───────────────┼──────────────────────────────────────────────────────────────────────────────────┼──────────┤
│       9 │             9 │ updateH_kernel(FDTD_Setup, float*, float const*, float const*, float*, float*, f │        0 │
│         │               │ loat, float, unsigned int, unsigned int, unsigned int, unsigned int, unsigned in │          │
│         │               │ t)                                                                               │          │
╘═════════╧═══════════════╧══════════════════════════════════════════════════════════════════════════════════╧══════════╛


--------------------------------------------------------------------------------
3. Memory Chart
3.1 Memory Chart
⣀⣀⣀⣀⣀⣀⣀⣀⣀⣀⣀⣀⣀⣀⣀⣀⣀⣀⣀⣀⣀⣀⣀⣀⣀⣀⣀⣀⣀⣀⣀⣀⣀⣀⣀⣀⣀⣀⣀⣀⣀⣀⣀⣀⣀⣀⣀⣀⣀⣀⣀⣀⣀⣀⣀⣀⣀⣀⣀⣀⣀⣀⣀⣀⣀⣀⣀⣀⣀⣀⣀⣀⣀⣀⣀⣀⣀⣀⣀⣀⣀⣀⣀⣀⣀⣀⣀⣀⣀⣀⣀⣀⣀⣀⣀⣀⣀⣀⣀⣀⣀⣀⣀⣀⣀⣀⣀⣀⣀⣀⣀⣀⣀⣀⣀⣀⣀⣀⣀⣀⣀⣀⣀⣀⣀⣀⣀⣀⣀⣀⣀⣀⣀⣀⣀⣀⣀⣀⣀⣀⣀⣀⣀⣀⣀⣀⣀⣀⣀⣀⣀⣀⣀⣀⣀⣀⣀⣀⣀⣀⣀⣀⣀⣀⣀⣀⣀⣀⣀⣀⣀⣀⣀⣀⣀⣀⣀⣀⣀⣀⣀⣀⣀⣀⣀⣀⣀⣀⣀⣀⣀⣀⣀⣀⣀⣀⣀⣀⣀⣀⣀⣀⣀⣀⣀⣀⣀⣀⣀⣀⣀⣀⣀⣀⣀⣀⣀⣀⣀⣀⣀⣀⣀⣀⣀⣀⣀⣀⣀⣀⣀⣀⣀⡀
⡇⠀⠀⠀⠀⠀⠀⠀⠀⠀⠀⠀⠀⠀⠀⠀⠀⠀⠀⠀⠀⠀⠀⠀⠀⠀⠀⠀⠀⠀⠀⠀⠀⠀⠀⠀⠀⠀⠀⠀⠀⠀⠀⠀⠀⠀⠀⠀⠀⠀⠀⠀⠀⠀⠀⠀⠀⠀⠀⠀⠀⠀⠀⠀⠀⠀⠀⠀⠀⠀⠀⠀⠀⠀⠀⠀⠀⠀⠀⠀⠀⠀⠀⠀⠀⠀⠀⠀⠀⠀⠀⠀⠀⠀⠀⠀⠀⠀⠀⠀⠀⠀⠀⠀⠀⠀⠀⠀⠀⠀⠀⠀⠀⠀⠀⠀⠀⠀⠀⠀⠀⠀⠀⠀⠀⠀⠀⠀⠀⠀⠀⠀⠀⠀⠀⠀⠀⠀⠀⠀⠀⠀⠀⠀⠀⠀⠀⠀⠀⠀⠀⠀⠀⠀⠀⠀⠀⠀⠀⠀⠀⠀⠀⠀⠀⠀⠀⠀⠀⠀⠀⠀⠀⠀⠀⠀⠀⠀⠀⠀⠀⠀⠀⠀⠀⠀⠀⠀⠀⠀⠀⠀⠀⠀⠀⠀⠀⠀⠀⠀⠀⠀⠀⠀⠀⠀⠀⠀⠀⠀⠀⠀⠀⠀⠀⠀⠀⠀⠀⠀⠀⠀⠀⠀⠀⠀⠀⠀⠀⠀⠀⠀⠀⡇
⡇⠀(Normalization: per_kernel)⠀⠀⠀⠀⠀⠀⠀⠀⠀⠀⠀⠀⠀⠀⠀⠀⠀⠀⠀⠀⠀⠀⠀⠀⠀⠀⠀⠀⠀⠀⠀⠀⠀⠀⠀⠀⠀⠀⠀⠀⠀⠀⠀⠀⠀⠀⠀⠀⠀⠀⠀⠀⠀⠀⠀⠀⠀⠀⠀⠀⠀⠀⠀⠀⠀⠀⠀⠀⠀⠀⠀⠀⠀⠀⠀⠀⠀⠀⠀⠀⠀⠀⠀⠀⠀⠀⠀⠀⠀⠀⠀⠀⠀⠀⠀⠀⠀⠀⠀⠀⠀⠀⠀⠀⠀⠀⠀⠀⠀⠀⠀⠀⠀⠀⠀⠀⠀⠀⠀⠀⠀⠀⠀⠀⠀⠀⠀⠀⠀⠀⠀⠀⠀⠀⠀⠀⠀⠀⠀⠀⠀⠀⠀⠀⠀⠀⠀⠀⠀⠀⠀⠀⠀⠀⠀⠀⠀⠀⠀⠀⠀⠀⠀⠀⠀⠀⠀⠀⠀⠀⠀⠀⠀⠀⠀⠀⠀⠀⠀⠀⠀⠀⠀⠀⠀⠀⠀⠀⠀⠀⠀⠀⠀⠀⠀⠀⠀⠀⠀⠀⠀⠀⠀⠀⡇
⡇⠀⠀⠀⠀⠀⠀⠀⠀⠀⠀⠀⠀⠀⠀⠀⠀⠀⠀⠀⠀⠀⠀⠀⠀⠀⠀⠀⠀⠀⠀⠀⠀⠀⠀⠀⠀⠀⠀⠀⠀⠀⠀⠀⠀⠀⠀⠀⠀⠀⠀⠀⠀⠀⠀⠀⠀⠀⠀⠀⠀⠀⠀⠀⠀⠀⠀⠀⠀⠀⠀⠀⠀⠀⠀⠀⠀⠀⠀⠀⠀⠀⠀⠀⠀⠀⠀⠀⠀⠀⠀⠀⠀⠀⠀⠀⠀⠀⠀⠀⠀⠀⠀⠀⠀⠀⠀⠀⠀⠀⠀⠀⠀⠀⠀⠀⠀⠀⠀⠀⠀⠀⠀⠀⠀⠀⠀⠀⠀⠀⠀⠀⠀⠀⠀⠀⠀⠀⠀⠀⠀⠀⠀⠀⠀⠀⠀⠀⠀⠀⠀⠀⠀⠀⠀⠀⠀⠀⠀⠀⠀⠀⠀⠀⠀⠀⠀⠀⠀⠀⠀⠀⠀⠀⠀⠀⠀⠀⠀⠀⠀⠀⠀⠀⠀⠀⠀⠀⠀⠀⠀⠀⠀⠀⠀⠀⠀⠀⠀⠀⠀⠀⠀⠀⠀⠀⠀⠀⠀⠀⠀⠀⠀⠀⠀⠀⠀⠀⠀⠀⠀⠀⠀⠀⠀⠀⠀⠀⠀⠀⠀⠀⠀⡇
⡇⠀Instr Buff⠀⠀⠀⠀⠀⠀⠀⠀⠀⠀⠀⠀⠀⠀⠀⠀⠀⠀⠀⠀⠀⠀⠀⠀⠀⠀Instr Dispatch⠀⠀⠀⠀⠀⠀Exec⠀⠀⠀⠀⠀⠀⠀⠀⠀⠀⠀⠀⠀⠀⠀⠀⠀⠀⠀⠀⠀⠀⠀⠀⠀⠀⠀⠀⠀⠀⠀⠀⠀LDS⠀⠀⠀⠀⠀⠀⠀⠀⠀⠀⠀⠀⠀⠀⠀⠀⠀⠀⠀⠀⠀⠀⠀⠀⠀⠀⠀⠀⠀⠀⠀⠀⠀⠀⠀⠀⠀⠀⠀⠀L2 Cache⠀⠀⠀⠀⠀⠀⠀⠀⠀⠀⠀⠀⠀⠀⠀⠀⠀⠀⠀⠀⠀⠀⠀⠀⠀⠀⠀⠀⠀⠀⠀⠀⠀⠀⠀⠀⠀⠀⠀⠀⠀⠀⠀⠀⠀⠀⠀⠀⠀⠀⠀⠀⠀⠀⠀⠀⠀⠀⠀⠀⠀⠀⠀⠀⠀⠀⠀⠀⠀⠀⠀⠀⠀⠀⠀⠀⠀⠀⠀⠀⠀⠀⠀⠀⠀⠀⠀⡇
⡇⠀⠀⠀⣀⣀⣀⣀⣀⣀⣀⣀⣀⣀⣀⣀⣀⣀⣀⣀⣀⣀⣀⣀⣀⣀⣀⣀⣀⡀⠀⠀⡀⠀⠀⠀⠀⠀⠀⠀⠀⠀⠀⠀⠀⠀⠀⠀⠀⠀⠀⠀⠀⠀⠀⠀⠀⠀⣀⣀⣀⣀⣀⣀⣀⣀⣀⣀⣀⣀⣀⣀⣀⣀⣀⣀⣀⣀⡀⠀⠀⠀⠀⠀⠀⠀⠀⠀⠀⠀⠀⠀⠀⠀⠀⣀⣀⣀⣀⣀⣀⣀⣀⣀⣀⣀⣀⣀⣀⣀⣀⣀⣀⣀⣀⣀⣀⣀⣀⡀⠀⠀⠀⠀⠀⠀⠀⠀⠀⠀⠀⠀⠀⠀⠀⠀⠀⠀⣀⣀⣀⣀⣀⣀⣀⣀⣀⣀⣀⣀⣀⣀⣀⣀⣀⣀⣀⣀⣀⣀⣀⣀⡀⠀⠀⠀⠀⠀⠀⠀⠀⠀⠀⠀⠀⠀⠀⠀⠀⠀⠀⠀⠀⠀⠀⠀⠀⠀⣀⣀⣀⣀⣀⣀⣀⣀⣀⣀⡀⠀⠀⠀⠀⠀⠀⠀⠀⠀⠀⠀⠀⠀⠀⠀⠀⠀⠀⠀⠀⠀⠀⠀⠀⠀⠀⠀⠀⠀⠀⠀⠀⠀⠀⡇
⡇⠀⣀⣖⣗⣒⣒⣒⣒⣒⣒⣒⣒⣒⣒⣒⣒⣒⣒⣒⣒⣒⣒⣒⣒⣒⣒⡒⡆⡇⠀⠀⡏⠢⢄⠀⠀⠀⠀⠀⠀SALU: 340030⠀⠀⠀⠀⠀⡇⠀⠀⠀⠀⠀⠀⠀⠀⠀⠀⠀⠀⠀⠀⠀⠀⠀⠀⠀⡇⠀⠀⠀⠀⠀⠀⠀⠀⠀⠀⠀⠀⠀⠀⠀⠀⡇⠀⠀⠀⠀⠀⠀⠀⠀⠀⠀⠀⠀⠀⠀⠀⠀⠀⠀⠀⠀⠀⠀⠀⡇⠀⠀⠀⠀⠀⠀⠀⠀⠀⠀⠀⠀⠀⠀⠀⠀⠀⠀⡇⠀⠀⠀⠀⠀⠀⠀⠀⠀⠀⠀⠀⠀⠀⠀⠀⠀⠀⠀⠀⠀⠀⠀⡇⠀⠀⠀⠀⠀⠀⠀⠀⠀⠀⠀⠀⠀⠀⠀⠀⠀⠀⠀⠀⠀⠀⠀⠀⠀⡇⠀⠀⠀⠀⠀⠀⠀⠀⠀⡇⠀⠀⠀⠀⠀⠀⠀⠀⠀⠀⠀⠀⠀⠀⠀⠀⠀⠀⠀⠀⠀⠀⠀⠀⠀⠀⠀⠀⠀⠀⠀⠀⠀⠀⡇
⡇⠀⡇⡇⡇⠀⣀⣀⣀⣀⣀⣀⣀⣀⣀⣀⣀⣀⣀⣀⣀⣀⣀⣀⣀⡀⠀⡇⡇⡇⠀⠀⡇⠀⠀⠑⡆⠀------------------>⠀⡇⠀Active CUs⠀⠀⠀⠀⠀⠀⠀⠀⡇⠀⠀Req:    0⠀⠀⠀⠀⠀⡇⠀Util:      0 %⠀⠀⠀⠀⠀⠀⠀⠀⡇⠀⠀⠀⠀⠀⠀⠀⠀⠀⠀⠀⠀⠀⠀⠀⠀⠀⠀⡇⠀⠀⠀⠀⠀⠀⠀⠀⠀⠀⠀⠀⠀⠀⠀⠀⠀⠀⠀⠀⠀⠀⠀⡇⠀⠀⠀⠀⠀⠀⠀⠀⠀⠀⠀⠀⠀⠀⠀⠀⠀⠀⠀⠀⠀⠀⠀⠀⠀⡇xGMI/PCIe⡇⠀⠀⠀⠀⠀⠀⠀⠀⠀⠀⠀⠀⠀⠀⠀⠀⠀⠀⠀⠀⠀⠀⠀⠀⠀⠀⠀⠀⠀⠀⠀⠀⠀⠀⡇
⡇⠀⡇⡇⡇⠀⡇Wave   0 Instr Buf⡇⠀⡇⡇⡇⠀⠀⡇⠀⠀⠀⡇⠀⠀⠀⠀⠀⠀⠀⠀⠀⠀⠀⠀⠀⠀⠀⠀⠀⠀⠀⠀⠀⡇⠀n/a: 304⠀⠀⠀⠀⠀⠀⠀⠀⠀⠀⡇<---------------⡇⠀⠀⠀⠀⠀⠀⠀⠀⠀⠀⠀⠀⠀⠀⠀⠀⠀⠀⠀⠀⠀⠀⠀⡇⠀⠀⠀⠀⠀⠀⠀⠀⠀⠀⠀⠀⠀⠀⠀⠀⠀⠀⡇⠀⣀⣀⣀⣀⣀⣀⣀⣀⣀⣀⣀⣀⣀⣀⣀⣀⣀⣀⣀⣀⡀⠀⡇⠀⠀⠀⠀⠀⠀⠀⠀⠀⠀⠀⠀⠀⠀⠀⠀⠀⠀⠀⠀⠀⠀⠀⠀⠀⡇⠀⠀⠀⠀⠀⠀⠀⠀⠀⡇⠀⠀⠀⠀⠀⠀⠀⠀⠀⠀⠀⠀⠀⠀⠀⠀⠀⠀⠀⠀⠀⠀⠀⠀⠀⠀⠀⠀⠀⠀⠀⠀⠀⠀⡇
⡇⠀⡇⡇⡇⠀⠓⠒⠒⠒⠒⠒⠒⠒⠒⠒⠒⠒⠒⠒⠒⠒⠒⠒⠒⠃⠀⡇⡇⡇⠀⠀⡇⠀⠀⠀⡇⠀⠀⠀⠀SMEM: 205028⠀⠀⠀⠀⠀⡇⠀⠀⠀⠀⠀⠀⠀⠀⠀⠀⠀⠀⠀⠀⠀⠀⠀⠀⠀⡇⠀⠀⠀⠀⠀⠀⠀⠀⠀⠀⠀⠀⠀⠀⠀⠀⡇⠀Lat:    N/A⠀⠀⠀⠀⠀⠀⠀⠀⠀⠀⠀⡇⠀⠀⠀⠀⠀⠀⠀⠀⠀⠀⠀⠀⠀⠀⠀⠀⠀⠀⡇⠀⡇⠀Hit:     25 %⠀⠀⠀⠀⠀⡇⠀⡇⠀⠀⠀⠀⠀⠀⠀⠀⠀⠀⠀⠀⠀⠀⠀⠀⠀⠀⠀⠀⠀⠀⠀⠀⠀⣇⣀⣀⣀⣀⣀⣀⣀⣀⣀⡇⠀⠀⠀⠀⠀⠀⠀⠀⠀⠀⠀⠀⠀⠀⠀⠀⠀⠀⠀⠀⠀⠀⠀⠀⠀⠀⠀⠀⠀⠀⠀⠀⠀⠀⡇
⡇⠀⡇⡇⡇⠀⠀⠀⠀⠀⠀⠀⠀⠀⠀⠀⠀⠀⠀⠀⠀⠀⠀⠀⠀⠀⠀⡇⡇⡇⠀⠀⡇⠀⠀⠀⡇⠀------------------>⠀⡇⠀⣀⣀⣀⣀⣀⣀⣀⣀⣀⣀⣀⣀⣀⣀⣀⣀⡀⠀⡇⠀⠀⠀⠀⠀⠀⠀⠀⠀⠀⠀⠀⠀⠀⠀⠀⣇⣀⣀⣀⣀⣀⣀⣀⣀⣀⣀⣀⣀⣀⣀⣀⣀⣀⣀⣀⣀⣀⣀⣀⡇⠀⠀⠀⠀⠀⠀⠀⠀⠀⠀⠀⠀⠀⠀⠀⠀⠀⠀⡇⠀⣇⣀⣀⣀⣀⣀⣀⣀⣀⣀⣀⣀⣀⣀⣀⣀⣀⣀⣀⣀⡇⠀⡇⠀⠀⠀⠀⠀⠀⠀⠀⠀⠀⠀⠀⠀⠀⠀⠀⠀⠀⠀⠀⠀⠀⠀⠀⠀⠀⠀⠀^   |⠀⠀⠀⠀⠀⠀⠀⠀⠀⠀⠀⠀⠀⠀⠀⠀⠀⠀⠀⠀⠀⠀⠀⠀⠀⠀⠀⠀⠀⠀⠀⠀⠀⠀⠀⠀⠀⡇
⡇⠀⡇⡇⡇⠀⣀⣀⣀⣀⣀⣀⣀⣀⣀⣀⣀⣀⣀⣀⣀⣀⣀⣀⣀⡀⠀⡇⡇⡇⠀⠀⡇⠀⠀⠀⡇⠀⠀⠀⠀⠀⠀⠀⠀⠀⠀⠀⠀⠀⠀⠀⠀⠀⠀⠀⠀⠀⡇⠀⡇⠀RVGPRseq:  21.0⠀⡇⠀⠀⠀⠀⠀⠀⠀⠀⠀⠀⠀⠀⠀⠀⠀⠀⠀⠀⠀⠀⠀⠀⠀⠀⠀⠀⠀⠀⠀⠀⠀⠀⠀⠀⠀⠀⠀⠀⠀⠀⠀⠀⠀⠀⠀⠀⠀⠀⠀⠀⠀⠀⠀⠀⠀⠀⠀⠀⠀⡇⠀⠀⠀⠀⠀⠀⠀⠀⠀⠀⠀⠀⠀⠀⠀⠀⠀⠀⠀⠀⠀⠀⠀⡇⠀⠀⠀⠀⠀⠀⠀⠀⠀⠀⠀⠀⠀⠀⠀⠀⠀⠀⠀⠀⠀⠀⠀⠀⠀⠀⠀⠀|   |⠀⠀⠀⠀⠀⠀⠀⠀⠀⠀⠀⠀⠀⠀⠀⠀⠀⠀⠀⠀⠀⠀⠀⠀⠀⠀⠀⠀⠀⠀⠀⠀⠀⠀⠀⠀⠀⡇
⡇⠀⡇⡇⡇⠀⡇Wave N-1 Instr Buf⡇⠀⡇⡇⡇⠀⠀⡇⠀⠀⠀⡇⠀⠀⠀⠀VALU: 2554616⠀⠀⠀⠀⡇⠀⣇⣀⣀⣀⣀⣀⣀⣀⣀⣀⣀⣀⣀⣀⣀⣀⡇⠀⡇⠀⠀⠀⠀⠀⠀⠀⠀⠀⠀⠀⠀⠀⠀⠀⠀Vector L1 Cache⠀⠀⠀⠀⠀⠀⠀⠀⠀⠀⠀⠀⠀⠀⠀⠀⠀⠀⠀⠀⠀⠀⠀⠀⠀⠀⠀⠀⡇⠀Request⠀⠀⠀⠀⠀⠀⠀⠀⠀⠀⠀⠀⠀⠀⠀⡇⠀⠀⠀⠀⠀⠀⠀⠀⠀⠀⠀⠀⠀⠀⠀⠀⠀⠀⠀⠀⠀⠀⠀⠀⠀⠀⠀⠀|   |⠀⠀⠀⠀⠀⠀⠀⠀⠀⠀⠀⠀⠀⠀⠀⠀⠀⠀⠀⠀⠀⠀⠀⠀⠀⠀⠀⠀⠀⠀⠀⠀⠀⠀⠀⠀⠀⡇
⡇⠀⡇⡇⡇⠀⠓⠒⠒⠒⠒⠒⠒⠒⠒⠒⠒⠒⠒⠒⠒⠒⠒⠒⠒⠃⠀⡇⡇⡇⠀⠀⡇⠀⠀⠀⡇⠀------------------>⠀⡇⠀⣀⣀⣀⣀⣀⣀⣀⣀⣀⣀⣀⣀⣀⣀⣀⣀⡀⠀⡇⠀⠀⠀⠀⠀⠀⠀⠀⠀⠀⠀⠀⠀⠀⠀⠀⣀⣀⣀⣀⣀⣀⣀⣀⣀⣀⣀⣀⣀⣀⣀⣀⣀⣀⣀⣀⣀⣀⣀⣀⡀⠀⠀⠀⠀⠀⠀⠀⠀⠀⠀⠀⠀⠀⠀⠀⠀⠀⠀⡇⠀⡖⠒⠒⠒⠒⠒⠒⠒⠒⠒⠒⠒⠒⠒⠒⠒⠒⠒⠒⠒⡆⠀⡇⠀⠀⠀⠀⠀⠀⠀⠀⠀⠀⠀⠀⠀⠀⠀⠀⠀⠀⠀⠀⠀⠀⠀⠀⠀⠀⠀⠀|   v⠀⠀⠀⠀⠀⠀⠀⠀⠀⠀⠀⠀⠀⠀⠀⠀⠀⠀⠀⠀⠀⠀⠀⠀⠀⠀⠀⠀⠀⠀⠀⠀⠀⠀⠀⠀⠀⡇
⡇⠀⡇⡇⡇⠀⠀⠀⠀⠀⠀⠀⠀⠀⠀⠀⠀⠀⠀⠀⠀⠀⠀⠀⠀⠀⠀⡇⡇⡇⠀⠀⡇⠀⠀⠀⡇⠀⠀⠀⠀⠀⠀⠀⠀⠀⠀⠀⠀⠀⠀⠀⠀⠀⠀⠀⠀⠀⡇⠀⡇⠀SGPRs:    30⠀⠀⡇⠀⡇⠀⠀⠀⠀⠀⠀⠀⠀⠀⠀⠀⠀⠀⠀⠀⠀⡇⠀⠀⠀⠀⠀⠀⠀⠀⠀⠀⠀⠀⠀⠀⠀⠀⠀⠀⠀⠀⠀⠀⠀⡇⠀⠀⠀⠀⠀⠀⠀⠀⠀⠀⠀⠀⠀⠀⠀⠀⠀⠀⡇⠀⡇⠀⠀⠀⠀⠀⠀⠀⠀⠀⠀⠀⠀⠀⠀⠀⠀⠀⠀⠀⡇⠀⡇⠀⠀⠀⠀⠀⠀⠀⠀⠀⠀⠀⠀⠀⠀⠀⠀⠀⠀⣀⣀⣀⣀⣀⣀⣀⣀⣀⣀⣀⣀⣀⣀⣀⣀⣀⣀⣀⣀⣀⣀⣀⣀⡀⠀⠀⠀⠀⠀⠀⠀⠀⠀⠀⠀⠀⠀⠀⠀⠀⠀⠀⠀⠀⠀⠀⠀⠀⠀⠀⠀⡇
⡇⠀⡇⡇⡇⠀⠀⠀⠀⠀⠀⠀⠀⠀⠀⠀⠀⠀⠀⠀⠀⠀⠀⠀⠀⠀⠀⡇⡇⡇⠀⠀⡇⠀⠀⠀⡇⠀⠀⠀⠀MFMA: 0   ⠀⠀⠀⠀⠀⠀⠀⡇⠀⣇⣀⣀⣀⣀⣀⣀⣀⣀⣀⣀⣀⣀⣀⣀⣀⡇⠀⡇⠀⠀Rd: 3058347⠀⠀⠀⡇⠀Hit:      0 %⠀⠀⠀⠀⠀⠀⠀⠀⠀⡇⠀⠀⠀Rd: 3057613⠀⠀⠀⠀⡇⠀⡇⠀Rd: 3279325⠀⠀⠀⠀⠀⠀⠀⡇⠀⡇⠀⠀⠀⠀⠀⠀⠀⠀⠀⠀⠀⠀⠀⠀⠀⠀⠀⠀⡇⠀⠀⠀⠀⠀⠀⠀⠀⠀⠀⠀⠀⠀⠀⠀⠀⠀⠀⠀⠀⠀⠀⠀⡇⠀⠀⠀⠀⠀⠀⠀⠀⠀⠀⠀⠀⠀⠀⠀⠀⠀⠀⠀⠀⠀⠀⠀⠀⠀⠀⠀⡇
⡇⠀⡇⡇⡇⠀⠀⠀⠀⠀⠀⠀⠀⠀⠀⠀⠀⠀⠀⠀⠀⠀⠀⠀⠀⠀⠀⡇⡇⡇⠀⠀⡇⠀⠀⠀⡇⠀------------------>⠀⡇⠀⠀⠀⠀⠀⠀⠀⠀⠀⠀⠀⠀⠀⠀⠀⠀⠀⠀⠀⡇<---------------⡇⠀⠀⠀⠀⠀⠀⠀⠀⠀⠀⠀⠀⠀⠀⠀⠀⠀⠀⠀⠀⠀⠀⠀⡇⠀<---------------⠀⡇⠀⡇⠀⠀⠀⠀⠀⠀⠀⠀⠀⠀⠀⠀⠀⠀⠀⠀⠀⠀⠀⡇⠀⡇⠀⠀⠀⠀⠀⠀⠀⠀⠀⠀⠀⠀⠀⠀⠀⠀⠀⠀⡇⠀⠀⠀⠀⠀   Fabric⠀⠀⠀⠀⠀⠀⠀⠀⠀⡇⠀⠀⠀⠀⠀⠀⠀⠀⠀⠀⠀⠀⠀⠀⠀⠀⠀⠀⠀⠀⠀⠀⠀⠀⠀⠀⠀⡇
⡇⠀⡇⡇⡇⠀⠀⠀⠀⠀⠀⠀⠀⠀⠀⠀⠀⠀⠀⠀⠀⠀⠀⠀⠀⠀⠀⡇⡇⡇⠀⠀⡇⠀⠀⠀⡇⠀⠀⠀⠀⠀⠀⠀⠀⠀⠀⠀⠀⠀⠀⠀⠀⠀⠀⠀⠀⠀⡇⠀⣀⣀⣀⣀⣀⣀⣀⣀⣀⣀⣀⣀⣀⣀⣀⣀⡀⠀⡇⠀⠀Wt: 451472⠀⠀⠀⠀⡇⠀Lat:    N/A⠀⠀⠀⠀⠀⠀⠀⠀⠀⠀⠀⡇⠀⠀⠀Wr: 437139⠀⠀⠀⠀⠀⡇⠀⡇⠀Wr: 441462⠀⠀⠀⠀⠀⠀⠀⠀⡇⠀⡇⠀⠀⠀Rd: 2573321⠀⠀⠀⠀⡇⠀⠀⠀⠀⠀⠀⠀⠀⠀⠀⠀⠀⠀⠀⠀⠀⠀⠀⠀⠀⠀⠀⠀⡇⠀⠀⠀⠀⠀⠀⠀⠀⠀⠀⠀⠀⠀⠀⣀⣀⣀⣀⣀⣀⣀⣀⣀⣀⡀⠀⠀⡇
⡇⠀⡇⡇⡇⠀⠀⠀⠀⠀⠀⠀⠀⠀⠀⠀⠀⠀⠀⠀⠀⠀⠀⠀⠀⠀⠀⡇⡇⡇⠀⠀⡇⠀⠀⠀⡇⠀⠀⠀⠀VMEM: 218681⠀⠀⠀⠀⠀⡇⠀⡇⠀LDS Alloc:⠀⠀⠀⠀⡇⠀⡇--------------->⡇⠀⠀⠀⠀⠀⠀⠀⠀⠀⠀⠀⠀⠀⠀⠀⠀⠀⠀⠀⠀⠀⠀⠀⡇⠀--------------->⠀⡇⠀⡇⠀⠀⠀⠀⠀⠀⠀⠀⠀⠀⠀⠀⠀⠀⠀⠀⠀⠀⠀⡇⠀⡇⠀<---------------⠀⡇⠀Latency (cycles)⠀⠀⠀⠀⠀⠀⡇⠀⠀⠀Rd: 2570845⡇⠀⠀⠀⠀⠀⠀⠀⠀⠀⡇⠀⠀⡇
⡇⠀⡇⡇⡇⠀⠀⠀⠀⠀⠀⠀⠀⠀⠀⠀⠀⠀⠀⠀⠀⠀⠀⠀⠀⠀⠀⡇⡇⡇⠀⠀⡇⠀⠀⠀⡇⠀------------------>⠀⡇⠀⡇⠀            0⠀⡇⠀⡇⠀⠀Atomic:    0⠀⠀⡇⠀Coales:     98 %⠀⠀⠀⠀⠀⠀⡇⠀⠀⠀Atomic:    0⠀⠀⠀⡇⠀⡇⠀Atomic:      0⠀⠀⠀⠀⡇⠀⡇⠀⠀⠀Wr: 437139⠀⠀⠀⠀⠀⡇⠀⡖⠒⠒⠒⠒⠒⠒⠒⠒⠒⠒⠒⠒⠒⠒⠒⠒⠒⠒⠒⡆⠀⡇⠀<-----------⠀⡇⠀⠀⠀HBM⠀⠀⠀⡇⠀⠀⡇
⡇⠀⡇⡇⡇⠀⠀⠀⠀⠀⠀⠀⠀⠀⠀⠀⠀⠀⠀⠀⠀⠀⠀⠀⠀⠀⠀⡇⡇⡇⠀⠀⡇⠀⠀⠀⡇⠀⠀⠀⠀⠀⠀⠀⠀⠀⠀⠀⠀⠀⠀⠀⠀⠀⠀⠀⠀⠀⡇⠀⣇⣀⣀⣀⣀⣀⣀⣀⣀⣀⣀⣀⣀⣀⣀⣀⡇⠀⡇<-------------->⡇⠀⠀⠀⠀⠀⠀⠀⠀⠀⠀⠀⠀⠀⠀⠀⠀⠀⠀⠀⠀⠀⠀⠀⡇⠀<-------------->⠀⡇⠀⡇⠀⠀⠀⠀⠀⠀⠀⠀⠀⠀⠀⠀⠀⠀⠀⠀⠀⠀⠀⡇⠀⡇⠀--------------->⠀⡇⠀⡇⠀Rd:   1034⠀⠀⠀⠀⠀⠀⠀⠀⡇⠀⡇⠀⠀⠀Wr: 437139⠀⡇⠀⠀⠀⠀⠀⠀⠀⠀⠀⡇⠀⠀⡇
⡇⠀⡇⡇⡇⠀⠀⠀⠀⠀⠀⠀⠀⠀⠀⠀⠀⠀⠀⠀⠀⠀⠀⠀⠀⠀⠀⡇⡇⡇⠀⠀⡇⠀⠀⠀⡇⠀⠀⠀⠀LDS: 0   ⠀⠀⠀⠀⠀⠀⠀⠀⡇⠀⣀⣀⣀⣀⣀⣀⣀⣀⣀⣀⣀⣀⣀⣀⣀⣀⡀⠀⡇⠀⠀⠀⠀⠀⠀⠀⠀⠀⠀⠀⠀⠀⠀⠀⠀⡇⠀Stall:     46 cycles⠀⠀⡇⠀⠀⠀⠀⠀⠀⠀⠀⠀⠀⠀⠀⠀⠀⠀⠀⠀⠀⡇⠀⣇⣀⣀⣀⣀⣀⣀⣀⣀⣀⣀⣀⣀⣀⣀⣀⣀⣀⣀⣀⡇⠀⡇⠀⠀⠀Atomic:    0⠀⠀⠀⡇⠀⡇⠀Wr:    321⠀⠀⠀⠀⠀⠀⠀⠀⡇⠀⡇⠀----------->⠀⣇⣀⣀⣀⣀⣀⣀⣀⣀⣀⡇⠀⠀⡇
⡇⠀⡇⡇⡇⠀⠀⠀⠀⠀⠀⠀⠀⠀⠀⠀⠀⠀⠀⠀⠀⠀⠀⠀⠀⠀⠀⡇⡇⡇⠀⠀⡇⠀⠀⠀⡇⠀------------------>⠀⡇⠀⡇⠀Scratch Alloc:⡇⠀⡇⠀⠀⠀⠀⠀⠀⠀⠀⠀⠀⠀⠀⠀⠀⠀⠀⣇⣀⣀⣀⣀⣀⣀⣀⣀⣀⣀⣀⣀⣀⣀⣀⣀⣀⣀⣀⣀⣀⣀⣀⡇⠀⠀⠀⠀⠀⠀⠀⠀⠀⠀⠀⠀⠀⠀⠀⠀⠀⠀⡇⠀⠀⠀⠀⠀⠀⠀⠀⠀⠀⠀⠀⠀⠀⠀⠀⠀⠀⠀⠀⠀⠀⠀⡇⠀--------------->⠀⡇⠀⡇⠀Atomic:      0⠀⠀⠀⠀⡇⠀⡇⠀⠀⠀⠀⠀⠀⠀⠀⠀⠀⠀⠀⠀⠀⠀⠀⠀⠀⠀⠀⠀⠀⠀⠀⠀⠀⠀⡇
⡇⠀⡇⡇⡇⠀⠀⠀⠀⠀⠀⠀⠀⠀⠀⠀⠀⠀⠀⠀⠀⠀⠀⠀⠀⠀⠀⡇⡇⡇⠀⠀⡇⠀⠀⠀⡇⠀⠀⠀⠀⠀⠀⠀⠀⠀⠀⠀⠀⠀⠀⠀⠀⠀⠀⠀⠀⠀⡇⠀⡇⠀            0⠀⡇⠀⡇⠀⠀⠀⠀⠀⠀⠀⠀⠀⠀⠀⠀⠀⠀⠀⠀⠀⠀⠀⠀⠀⠀⠀⠀⠀⠀⠀⠀⠀⠀⠀⠀⠀⠀⠀⠀⠀⠀⠀⠀⠀⠀⠀⠀⠀⠀⠀⠀⠀⠀⠀⠀⠀⠀⠀⠀⠀⠀⠀⡇⠀⠀⠀⠀⠀⠀⠀⠀⠀⠀⠀⠀⠀⠀⠀⠀⠀⠀⠀⠀⠀⠀⠀⡇⠀⠀⠀⠀⠀⠀⠀⠀⠀⠀⠀⠀⠀⠀⠀⠀⠀⠀⡇⠀⣇⣀⣀⣀⣀⣀⣀⣀⣀⣀⣀⣀⣀⣀⣀⣀⣀⣀⣀⣀⡇⠀⡇⠀⠀⠀⠀⠀⠀⠀⠀⠀⠀⠀⠀⠀⠀⠀⠀⠀⠀⠀⠀⠀⠀⠀⠀⠀⠀⠀⡇
⡇⠀⡇⡇⡇⠀⠀⠀⠀Wave Occupancy⠀⠀⠀⠀⡇⡇⡇⠀⠀⡇⠀⠀⠀⡇⠀⠀⠀⠀GWS: 0   ⠀⠀⠀⠀⠀⠀⠀⠀⡇⠀⣇⣀⣀⣀⣀⣀⣀⣀⣀⣀⣀⣀⣀⣀⣀⣀⡇⠀⡇⠀⠀⠀⠀⠀⠀⠀⠀⠀⠀⠀⠀⠀⠀⠀⠀Scalar L1D Cache⠀⠀⠀⠀⠀⠀⠀⠀⠀⠀⠀⠀⠀⠀⠀⠀⠀⠀⠀⠀⠀⠀⠀⠀⠀⠀⠀⡇⠀Latency (cycles)⠀⠀⠀⠀⠀⠀⡇⠀⠀⠀⠀⠀⠀⠀⠀⠀⠀⠀⠀⠀⠀⠀⠀⠀⠀⡇⠀⠀⠀⠀⠀⠀⠀⠀⠀⠀⠀⠀⠀⠀⠀⠀⠀⠀⠀⠀⠀⠀⠀⡇⠀⠀⠀⠀⠀⠀⠀⠀⠀⠀⠀⠀⠀⠀⠀⠀⠀⠀⠀⠀⠀⠀⠀⠀⠀⠀⠀⡇
⡇⠀⡇⡇⡇⠀⠀⠀⠀⠀⠀⠀  0⠀⠀⠀⠀⠀⠀⠀⠀⠀⠀⠀⠀⡇⡇⡇⠀⠀⡇⠀⠀⠀⡇⠀------------------>⠀⡇⠀⠀⠀⠀⠀⠀⠀⠀⠀⠀⠀⠀⠀⠀⠀⠀⠀⠀⠀⡇⠀⠀⠀⠀⠀⠀⠀⠀⠀⠀⠀⠀⠀⠀⠀⠀⣀⣀⣀⣀⣀⣀⣀⣀⣀⣀⣀⣀⣀⣀⣀⣀⣀⣀⣀⣀⣀⣀⣀⣀⡀⠀⠀⠀Rd: 218459⠀⠀⠀⠀⠀⡇⠀⡖⠒⠒⠒⠒⠒⠒⠒⠒⠒⠒⠒⠒⠒⠒⠒⠒⠒⠒⠒⡆⠀⡇⠀⠀⠀⠀⠀⠀⠀⠀⠀⠀⠀⠀⠀⠀⠀⠀⠀⠀⣇⣀⣀⣀⣀⣀⣀⣀⣀⣀⣀⣀⣀⣀⣀⣀⣀⣀⣀⣀⣀⣀⣀⣀⡇⠀⠀⠀⠀⠀⠀⠀⠀⠀⠀⠀⠀⠀⠀⠀⠀⠀⠀⠀⠀⠀⠀⠀⠀⠀⠀⠀⡇
⡇⠀⡇⡇⡇⠀⠀⠀⠀Wave Life⠀⠀⠀⠀⠀⠀⠀⠀⠀⡇⡇⡇⠀⠀⡇⠀⠀⠀⡇⠀⠀⠀⠀⠀⠀⠀⠀⠀⠀⠀⠀⠀⠀⠀⠀⠀⠀⠀⠀⠀⡇⠀⣀⣀⣀⣀⣀⣀⣀⣀⣀⣀⣀⣀⣀⣀⣀⣀⡀⠀⡇⠀⠀⠀⠀⠀⠀⠀⠀⠀⠀⠀⠀⠀⠀⠀⠀⡇⠀⠀⠀⠀⠀⠀⠀⠀⠀⠀⠀⠀⠀⠀⠀⠀⠀⠀⠀⠀⠀⠀⠀⡇⠀<---------------⠀⡇⠀⡇⠀⠀⠀⠀⠀⠀⠀⠀⠀⠀⠀⠀⠀⠀⠀⠀⠀⠀⠀⡇⠀⡇⠀⠀⠀⠀⠀⠀⠀⠀⠀⠀⠀⠀⠀⠀⠀⠀⠀⠀⠀⠀⠀⠀⠀⠀⠀⠀⠀⠀^   |⠀⠀⠀⠀⠀⠀⠀⠀⠀⠀⠀⠀⠀⠀⠀⠀⠀⠀⠀⠀⠀⠀⠀⠀⠀⠀⠀⠀⠀⠀⠀⠀⠀⠀⠀⠀⠀⡇
⡇⠀⡇⡇⡇⠀⠀⠀⠀⠀1133896⠀⠀⠀⠀⠀⠀⠀⠀⠀⠀⡇⡇⡇⠀⠀⡇⠀⠀⠀⡇⠀⠀⠀⠀BRANCH: 28521⠀⠀⠀⠀⡇⠀⡇⠀Wavefronts:⠀⠀⠀⡇⠀⡇⠀⠀Rd: 218682⠀⠀⠀⠀⡇⠀Hit:      2 %⠀⠀⠀⠀⠀⠀⠀⠀⠀⡇⠀⠀⠀Wr:    0⠀⠀⠀⠀⠀⠀⠀⡇⠀⡇⠀Rd:    N/A⠀⠀⠀⠀⠀⠀⠀⠀⡇⠀⡇⠀⠀⠀⠀⠀⠀⠀⠀⠀⠀⠀⠀⠀⠀⠀⠀⠀⠀⠀⠀⠀⠀⠀⠀⠀⠀⠀⠀|   |⠀⠀⠀⠀⠀⠀⠀⠀⠀⠀⠀⠀⠀⠀⠀⠀⠀⠀⠀⠀⠀⠀⠀⠀⠀⠀⠀⠀⠀⠀⠀⠀⠀⠀⠀⠀⠀⡇
⡇⠀⡇⡇⣇⣀⣀⣀⣀⣀⣀⣀⣀⣀⣀⣀⣀⣀⣀⣀⣀⣀⣀⣀⣀⣀⣀⣇⣇⡇⠀⠀⡇⠀⢀⡠⠃⠀------------------>⠀⡇⠀⡇⠀         9136⠀⡇⠀⡇<---------------⡇⠀⠀⠀⠀⠀⠀⠀⠀⠀⠀⠀⠀⠀⠀⠀⠀⠀⠀⠀⠀⠀⠀⠀⡇⠀--------------->⠀⡇⠀⡇⠀⠀⠀⠀⠀⠀⠀⠀⠀⠀⠀⠀⠀⠀⠀⠀⠀⠀⠀⡇⠀⡇⠀⠀⠀⠀⠀⠀⠀⠀⠀⠀⠀⠀⠀⠀⠀⠀⠀⠀⠀⠀⠀⠀⠀⠀⠀⠀⠀⠀|   |⠀⠀⠀⠀⠀⠀⠀⠀⠀⠀⠀⠀⠀⠀⠀⠀⠀⠀⠀⠀⠀⠀⠀⠀⠀⠀⠀⠀⠀⠀⠀⠀⠀⠀⠀⠀⠀⡇
⡇⠀⣇⣓⣒⣒⣒⣒⣒⣒⣒⣒⣒⣒⣒⣒⣒⣒⣒⣒⣒⣒⣒⣒⣒⣒⣒⡗⠃⠀⠀⠀⡧⠒⠁⠀⠀⠀⠀⠀⠀⠀⠀⠀⠀⠀⠀⠀⠀⠀⠀⠀⠀⠀⠀⠀⠀⠀⡇⠀⣇⣀⣀⣀⣀⣀⣀⣀⣀⣀⣀⣀⣀⣀⣀⣀⡇⠀⡇⠀⠀⠀⠀⠀⠀⠀⠀⠀⠀⠀⠀⠀⠀⠀⠀⡇⠀Lat: 6815.0 cycles⠀⠀⠀⠀⡇⠀⠀⠀Atomic:    0⠀⠀⠀⡇⠀⡇⠀Wr:    N/A⠀⠀⠀⠀⠀⠀⠀⠀⡇⠀⡇⠀⠀⠀⠀⠀⠀⠀⠀⠀⠀⠀⠀⠀⠀⠀⠀⠀⠀⠀⠀⠀⠀⠀⠀⠀⠀⠀⠀|   v⠀⠀⠀⠀⠀⠀⠀⠀⠀⠀⠀⠀⠀⠀⠀⠀⠀⠀⠀⠀⠀⠀⠀⠀⠀⠀⠀⠀⠀⠀⠀⠀⠀⠀⠀⠀⠀⡇
⡇⠀⠀⠀⠀⠀⠀⠀⠀⠀⠀⠀⠀⠀^⠀⠀⠀⠀⠀⠀⠀⠀⠀⠀⠀⠀⠀⠀⠀⠀⠀⠀⠀⠀⠀⠀⠀⠀⠀⠀⠀⠀⠀⠀⠀⠀⠀⠀⠀⠀⠀⠀⠀⠀⠀⠀⠀⡇⠀⣀⣀⣀⣀⣀⣀⣀⣀⣀⣀⣀⣀⣀⣀⣀⣀⡀⠀⡇⠀⠀⠀⠀⠀⠀⠀⠀⠀⠀⠀⠀⠀⠀⠀⠀⣇⣀⣀⣀⣀⣀⣀⣀⣀⣀⣀⣀⣀⣀⣀⣀⣀⣀⣀⣀⣀⣀⣀⣀⡇⠀<-------------->⠀⡇⠀⣇⣀⣀⣀⣀⣀⣀⣀⣀⣀⣀⣀⣀⣀⣀⣀⣀⣀⣀⣀⡇⠀⡇⠀⠀⠀⠀⠀⠀⠀⠀⠀⠀⠀⠀⠀⠀⠀⠀⠀⠀⠀⠀⠀⠀⠀⠀⠀⣀⣀⣀⣀⣀⣀⣀⣀⣀⣀⡀⠀⠀⠀⠀⠀⠀⠀⠀⠀⠀⠀⠀⠀⠀⠀⠀⠀⠀⠀⠀⠀⠀⠀⠀⠀⠀⠀⠀⠀⠀⠀⠀⠀⠀⡇
⡇⠀⠀⠀⠀⠀⠀⠀⠀⠀⠀⠀⠀⠀|⠀⠀⠀⠀⠀⠀⠀⠀⠀⠀⠀⠀⠀⠀⠀⠀⠀⠀⠀⠀⠀⠀⠀⠀⠀⠀⠀⠀⠀⠀⠀⠀⠀⠀⠀⠀⠀⠀⠀⠀⠀⠀⠀⡇⠀⡇⠀Workgroups:⠀⠀⠀⡇⠀⡇⠀⠀⠀⠀⠀⠀⠀⠀⠀⠀⠀⠀⠀⠀⠀⠀⠀⠀⠀⠀⠀⠀⠀⠀⠀⠀⠀⠀⠀⠀⠀⠀⠀⠀⠀⠀⠀⠀⠀⠀⠀⠀⠀⠀⠀⠀⠀⠀⠀⠀⠀⠀⠀⠀⠀⠀⠀⠀⠀⡇⠀⠀⠀⠀⠀⠀⠀⠀⠀⠀⠀⠀⠀⠀⠀⠀⠀⠀⠀⠀⠀⠀⠀⡇⠀⠀⠀⠀⠀⠀⠀⠀⠀⠀⠀⠀⠀⠀⠀⠀⠀⠀⠀⠀⠀⠀⠀⠀⠀⡇⠀⠀⠀⠀⠀⠀⠀⠀⠀⡇⠀⠀⠀⠀⠀⠀⠀⠀⠀⠀⠀⠀⠀⠀⠀⠀⠀⠀⠀⠀⠀⠀⠀⠀⠀⠀⠀⠀⠀⠀⠀⠀⠀⠀⡇
⡇⠀⠀⠀⠀⠀⠀⠀⠀⠀⠀⠀⠀⠀|⠀⠀⠀⠀⠀⠀⠀⠀⠀⠀⠀⠀⠀⠀⠀⠀⠀⠀⠀⠀⠀⠀⠀⠀⠀⠀⠀⠀⠀⠀⠀⠀⠀⠀⠀⠀⠀⠀⠀⠀⠀⠀⠀⡇⠀⡇⠀         9111⠀⡇⠀⡇⠀⠀⠀⠀⠀⠀⠀⠀⠀⠀⠀⠀⠀⠀⠀⠀Instr L1 Cache⠀⠀⠀⠀⠀⠀⠀⠀⠀⠀⠀⠀⠀⠀⠀⠀⠀⠀⠀⠀⠀⠀⠀⠀⠀⠀⠀⠀⠀⡇⠀⠀⠀⠀⠀⠀⠀⠀⠀⠀⠀⠀⠀⠀⠀⠀⠀⠀⠀⠀⠀⠀⠀⡇⠀⠀⠀⠀⠀⠀⠀⠀⠀⠀⠀⠀⠀⠀⠀⠀⠀⠀⠀⠀⠀⠀⠀⠀⠀⡇⠀⠀⠀GMI⠀⠀⠀⡇⠀⠀⠀⠀⠀⠀⠀⠀⠀⠀⠀⠀⠀⠀⠀⠀⠀⠀⠀⠀⠀⠀⠀⠀⠀⠀⠀⠀⠀⠀⠀⠀⠀⠀⡇
⡇⠀⠀⠀⠀⠀⠀⠀⠀⠀⠀⠀⠀⠀|⠀⠀⠀⠀⠀⠀⠀⠀⠀⠀⠀⠀⠀⠀⠀⠀⠀⠀⠀⠀⠀⠀⠀⠀⠀⠀⠀⠀⠀⠀⠀⠀⠀⠀⠀⠀⠀⠀⠀⠀⠀⠀⠀⡇⠀⣇⣀⣀⣀⣀⣀⣀⣀⣀⣀⣀⣀⣀⣀⣀⣀⡇⠀⡇⠀⠀⠀⠀⠀⠀⠀⠀⠀⠀⠀⠀⠀⠀⠀⠀⣀⣀⣀⣀⣀⣀⣀⣀⣀⣀⣀⣀⣀⣀⣀⣀⣀⣀⣀⣀⣀⣀⣀⣀⡀⠀⠀⠀⠀⠀⠀⠀⠀⠀⠀⠀⠀⠀⠀⠀⠀⠀⠀⡇⠀⠀⠀⠀⠀⠀⠀⠀⠀⠀⠀⠀⠀⠀⠀⠀⠀⠀⠀⠀⠀⠀⠀⡇⠀⠀⠀⠀⠀⠀⠀⠀⠀⠀⠀⠀⠀⠀⠀⠀⠀⠀⠀⠀⠀⠀⠀⠀⠀⡇⠀⠀⠀⠀⠀⠀⠀⠀⠀⡇⠀⠀⠀⠀⠀⠀⠀⠀⠀⠀⠀⠀⠀⠀⠀⠀⠀⠀⠀⠀⠀⠀⠀⠀⠀⠀⠀⠀⠀⠀⠀⠀⠀⠀⡇
⡇⠀⠀⠀⠀⠀⠀⠀⠀⠀⠀⠀⠀⠀|⠀⠀⠀⠀⠀⠀⠀⠀⠀⠀⠀⠀⠀⠀⠀⠀⠀⠀⠀⠀⠀⠀⠀⠀⠀⠀⠀⠀⠀⠀⠀⠀⠀⠀⠀⠀⠀⠀⠀⠀⠀⠀⠀⡇⠀⠀⠀⠀⠀⠀⠀⠀⠀⠀⠀⠀⠀⠀⠀⠀⠀⠀⠀⡇⠀⠀⠀⠀⠀⠀⠀⠀⠀⠀⠀⠀⠀⠀⠀⠀⡇⠀⠀⠀⠀⠀⠀⠀⠀⠀⠀⠀⠀⠀⠀⠀⠀⠀⠀⠀⠀⠀⠀⠀⡇⠀⠀⠀⠀⠀⠀⠀⠀⠀⠀⠀⠀⠀⠀⠀⠀⠀⠀⡇⠀⠀⠀⠀⠀⠀⠀⠀⠀⠀⠀⠀⠀⠀⠀⠀⠀⠀⠀⠀⠀⠀⠀⡇⠀⠀⠀⠀⠀⠀⠀⠀⠀⠀⠀⠀⠀⠀⠀⠀⠀⠀⠀⠀⠀⠀⠀⠀⠀⣇⣀⣀⣀⣀⣀⣀⣀⣀⣀⡇⠀⠀⠀⠀⠀⠀⠀⠀⠀⠀⠀⠀⠀⠀⠀⠀⠀⠀⠀⠀⠀⠀⠀⠀⠀⠀⠀⠀⠀⠀⠀⠀⠀⠀⡇
⡇⠀⠀⠀⠀⠀⠀⠀⠀⠀⠀⠀⠀⠀|⠀⠀⠀⠀⠀⠀⠀⠀⠀⠀⠀⠀⠀⠀⠀⠀⠀⠀⠀⠀⠀⠀⠀⠀⠀⠀Fetch: 711323⠀⠀⠀⠀⣇⣀⣀⣀⣀⣀⣀⣀⣀⣀⣀⣀⣀⣀⣀⣀⣀⣀⣀⣀⡇⠀⠀⠀⠀⠀⠀⠀⠀⠀⠀⠀⠀⠀⠀⠀⠀⡇⠀Hit:     96 %⠀⠀⠀⠀⠀⠀⠀⠀⠀⡇⠀⠀⠀Req: 3251⠀⠀⠀⠀⠀⠀⡇⠀⠀⠀⠀⠀⠀⠀⠀⠀⠀⠀⠀⠀⠀⠀⠀⠀⠀⠀⠀⠀⠀⠀⡇⠀⠀⠀⠀⠀⠀⠀⠀⠀⠀⠀⠀⠀⠀⠀⠀⠀⠀⠀⠀⠀⠀⠀⠀⠀⠀⠀⠀⠀⠀⠀⠀⠀⠀⠀⠀⠀⠀⠀⠀⠀⠀⠀⠀⠀⠀⠀⠀⠀⠀⠀⠀⠀⠀⠀⠀⠀⠀⠀⠀⠀⠀⠀⠀⠀⠀⠀⠀⠀⠀⡇
⡇⠀⠀⠀⠀⠀⠀⠀⠀⠀⠀⠀⠀⠀--------------------------------------------------------------------------------⠀⡇⠀⠀⠀⠀⠀⠀⠀⠀⠀⠀⠀⠀⠀⠀⠀⠀⠀⠀⠀⠀⠀⠀⠀⡇⠀<---------------⠀⡇⠀⠀⠀⠀⠀⠀⠀⠀⠀⠀⠀⠀⠀⠀⠀⠀⠀⠀⠀⠀⠀⠀⠀⡇⠀⠀⠀⠀⠀⠀⠀⠀⠀⠀⠀⠀⠀⠀⠀⠀⠀⠀⠀⠀⠀⠀⠀⠀⠀⠀⠀⠀⠀⠀⠀⠀⠀⠀⠀⠀⠀⠀⠀⠀⠀⠀⠀⠀⠀⠀⠀⠀⠀⠀⠀⠀⠀⠀⠀⠀⠀⠀⠀⠀⠀⠀⠀⠀⠀⠀⠀⠀⠀⠀⡇
⡇⠀⠀⠀⠀⠀⠀⠀⠀⠀⠀⠀⠀⠀⠀⠀⠀⠀⠀⠀⠀⠀⠀⠀⠀⠀⠀⠀⠀⠀⠀⠀⠀⠀⠀⠀⠀⠀⠀⠀⠀⠀⠀⠀⠀⠀⠀⠀⠀⠀⠀⠀⠀⠀⠀⠀⠀⠀⠀⠀⠀⠀⠀⠀⠀⠀⠀⠀⠀⠀⠀⠀⠀⠀⠀⠀⠀⠀⠀⠀⠀⠀⠀⠀⠀⠀⠀⠀⠀⠀⠀⠀⠀⠀⠀⡇⠀Lat: 3373.0 cycles⠀⠀⠀⠀⡇⠀⠀⠀⠀⠀⠀⠀⠀⠀⠀⠀⠀⠀⠀⠀⠀⠀⠀⡇⠀⠀⠀⠀⠀⠀⠀⠀⠀⠀⠀⠀⠀⠀⠀⠀⠀⠀⠀⠀⠀⠀⠀⡇⠀⠀⠀⠀⠀⠀⠀⠀⠀⠀⠀⠀⠀⠀⠀⠀⠀⠀⠀⠀⠀⠀⠀⠀⠀⠀⠀⠀⠀⠀⠀⠀⠀⠀⠀⠀⠀⠀⠀⠀⠀⠀⠀⠀⠀⠀⠀⠀⠀⠀⠀⠀⠀⠀⠀⠀⠀⠀⠀⠀⠀⠀⠀⠀⠀⠀⠀⠀⠀⠀⡇
⡇⠀⠀⠀⠀⠀⠀⠀⠀⠀⠀⠀⠀⠀⠀⠀⠀⠀⠀⠀⠀⠀⠀⠀⠀⠀⠀⠀⠀⠀⠀⠀⠀⠀⠀⠀⠀⠀⠀⠀⠀⠀⠀⠀⠀⠀⠀⠀⠀⠀⠀⠀⠀⠀⠀⠀⠀⠀⠀⠀⠀⠀⠀⠀⠀⠀⠀⠀⠀⠀⠀⠀⠀⠀⠀⠀⠀⠀⠀⠀⠀⠀⠀⠀⠀⠀⠀⠀⠀⠀⠀⠀⠀⠀⠀⣇⣀⣀⣀⣀⣀⣀⣀⣀⣀⣀⣀⣀⣀⣀⣀⣀⣀⣀⣀⣀⣀⣀⣀⡇⠀⠀⠀⠀⠀⠀⠀⠀⠀⠀⠀⠀⠀⠀⠀⠀⠀⠀⣇⣀⣀⣀⣀⣀⣀⣀⣀⣀⣀⣀⣀⣀⣀⣀⣀⣀⣀⣀⣀⣀⣀⣀⡇⠀⠀⠀⠀⠀⠀⠀⠀⠀⠀⠀⠀⠀⠀⠀⠀⠀⠀⠀⠀⠀⠀⠀⠀⠀⠀⠀⠀⠀⠀⠀⠀⠀⠀⠀⠀⠀⠀⠀⠀⠀⠀⠀⠀⠀⠀⠀⠀⠀⠀⠀⠀⠀⠀⠀⠀⠀⠀⠀⠀⠀⠀⠀⠀⠀⠀⠀⠀⠀⠀⡇
⡇⠀⠀⠀⠀⠀⠀⠀⠀⠀⠀⠀⠀⠀⠀⠀⠀⠀⠀⠀⠀⠀⠀⠀⠀⠀⠀⠀⠀⠀⠀⠀⠀⠀⠀⠀⠀⠀⠀⠀⠀⠀⠀⠀⠀⠀⠀⠀⠀⠀⠀⠀⠀⠀⠀⠀⠀⠀⠀⠀⠀⠀⠀⠀⠀⠀⠀⠀⠀⠀⠀⠀⠀⠀⠀⠀⠀⠀⠀⠀⠀⠀⠀⠀⠀⠀⠀⠀⠀⠀⠀⠀⠀⠀⠀⠀⠀⠀⠀⠀⠀⠀⠀⠀⠀⠀⠀⠀⠀⠀⠀⠀⠀⠀⠀⠀⠀⠀⠀⠀⠀⠀⠀⠀⠀⠀⠀⠀⠀⠀⠀⠀⠀⠀⠀⠀⠀⠀⠀⠀⠀⠀⠀⠀⠀⠀⠀⠀⠀⠀⠀⠀⠀⠀⠀⠀⠀⠀⠀⠀⠀⠀⠀⠀⠀⠀⠀⠀⠀⠀⠀⠀⠀⠀⠀⠀⠀⠀⠀⠀⠀⠀⠀⠀⠀⠀⠀⠀⠀⠀⠀⠀⠀⠀⠀⠀⠀⠀⠀⠀⠀⠀⠀⠀⠀⠀⠀⠀⠀⠀⠀⠀⠀⠀⠀⠀⠀⠀⠀⠀⠀⠀⠀⠀⠀⠀⠀⠀⠀⠀⠀⠀⠀⡇
⡇⠀⠀⠀⠀⠀⠀⠀⠀⠀⠀⠀⠀⠀⠀⠀⠀⠀⠀⠀⠀⠀⠀⠀⠀⠀⠀⠀⠀⠀⠀⠀⠀⠀⠀⠀⠀⠀⠀⠀⠀⠀⠀⠀⠀⠀⠀⠀⠀⠀⠀⠀⠀⠀⠀⠀⠀⠀⠀⠀⠀⠀⠀⠀⠀⠀⠀⠀⠀⠀⠀⠀⠀⠀⠀⠀⠀⠀⠀⠀⠀⠀⠀⠀⠀⠀⠀⠀⠀⠀⠀⠀⠀⠀⠀⠀⠀⠀⠀⠀⠀⠀⠀⠀⠀⠀⠀⠀⠀⠀⠀⠀⠀⠀⠀⠀⠀⠀⠀⠀⠀⠀⠀⠀⠀⠀⠀⠀⠀⠀⠀⠀⠀⠀⠀⠀⠀⠀⠀⠀⠀⠀⠀⠀⠀⠀⠀⠀⠀⠀⠀⠀⠀⠀⠀⠀⠀⠀⠀⠀⠀⠀⠀⠀⠀⠀⠀⠀⠀⠀⠀⠀⠀⠀⠀⠀⠀⠀⠀⠀⠀⠀⠀⠀⠀⠀⠀⠀⠀⠀⠀⠀⠀⠀⠀⠀⠀⠀⠀⠀⠀⠀⠀⠀⠀⠀⠀⠀⠀⠀⠀⠀⠀⠀⠀⠀⠀⠀⠀⠀⠀⠀⠀⠀⠀⠀⠀⠀⠀⠀⠀⠀⠀⡇
⣇⣀⣀⣀⣀⣀⣀⣀⣀⣀⣀⣀⣀⣀⣀⣀⣀⣀⣀⣀⣀⣀⣀⣀⣀⣀⣀⣀⣀⣀⣀⣀⣀⣀⣀⣀⣀⣀⣀⣀⣀⣀⣀⣀⣀⣀⣀⣀⣀⣀⣀⣀⣀⣀⣀⣀⣀⣀⣀⣀⣀⣀⣀⣀⣀⣀⣀⣀⣀⣀⣀⣀⣀⣀⣀⣀⣀⣀⣀⣀⣀⣀⣀⣀⣀⣀⣀⣀⣀⣀⣀⣀⣀⣀⣀⣀⣀⣀⣀⣀⣀⣀⣀⣀⣀⣀⣀⣀⣀⣀⣀⣀⣀⣀⣀⣀⣀⣀⣀⣀⣀⣀⣀⣀⣀⣀⣀⣀⣀⣀⣀⣀⣀⣀⣀⣀⣀⣀⣀⣀⣀⣀⣀⣀⣀⣀⣀⣀⣀⣀⣀⣀⣀⣀⣀⣀⣀⣀⣀⣀⣀⣀⣀⣀⣀⣀⣀⣀⣀⣀⣀⣀⣀⣀⣀⣀⣀⣀⣀⣀⣀⣀⣀⣀⣀⣀⣀⣀⣀⣀⣀⣀⣀⣀⣀⣀⣀⣀⣀⣀⣀⣀⣀⣀⣀⣀⣀⣀⣀⣀⣀⣀⣀⣀⣀⣀⣀⣀⣀⣀⣀⣀⣀⣀⣀⣀⣀⣀⣀⣀⣀⣀⣀⡇


--- Executing: make BP_LV=all profile_bp ---
python3 bp.py main-dev.s all main-dev_bp_all.s
Generated: main-dev_bp_all.s
clang -target amdgcn-amd-amdhsa -mcpu=gfx942 main-dev_bp_all.s -o main-dev_bp_all.o
clang-offload-bundler -type=o -bundle-align=4096 -targets=host-x86_64-unknown-linux-gnu,hipv4-amdgcn-amd-amdhsa--gfx942 -input=/dev/null -input=main-dev_bp_all.o  -output=main-dev_bp_all.hipfb
./gen_mcin main-host.o main-dev_bp_all.hipfb > main-host.mcin
llvm-mc -triple x86_64-unknown-linux-gnu -o main-dev_em_bp_all.o main-host.mcin --filetype=obj
hipcc -std=c++17 -Wall -Wextra -I ../../Common -I ../../External  -o main_bp_all main-host.o main-dev_em_bp_all.o 
rocprof-compute profile -n main_bp_all -- ./main_bp_all
[33mWARNING[0m The option --format-rocprof-output currently set to csv will default to rocpd in a future release.

                                 __                                       _
 _ __ ___   ___ _ __  _ __ ___  / _|       ___ ___  _ __ ___  _ __  _   _| |_ ___
| '__/ _ \ / __| '_ \| '__/ _ \| |_ _____ / __/ _ \| '_ ` _ \| '_ \| | | | __/ _ \
| | | (_) | (__| |_) | | | (_) |  _|_____| (_| (_) | | | | | | |_) | |_| | ||  __/
|_|  \___/ \___| .__/|_|  \___/|_|        \___\___/|_| |_| |_| .__/ \__,_|\__\___|
               |_|                                           |_|

   [32mINFO[0m fatal: not a git repository (or any of the parent directories): .git
   [32mINFO[0m Rocprofiler-Compute version: 3.4.0
   [32mINFO[0m Profiler choice: rocprofiler-sdk
   [32mINFO[0m Path: /root/rocm-examples/Applications/fdtd_profile/workloads/main_bp_all/MI300X_A1
   [32mINFO[0m Target: MI300X_A1
   [32mINFO[0m Command: ./main_bp_all
   [32mINFO[0m Kernel Selection: None
   [32mINFO[0m Dispatch Selection: None
   [32mINFO[0m Filtered sections: All
   [32mINFO[0m 
   [32mINFO[0m ~~~~~~~~~~~~~~~~~~~~~~~~~~~~~~~~
   [32mINFO[0m Collecting Performance Counters
   [32mINFO[0m ~~~~~~~~~~~~~~~~~~~~~~~~~~~~~~~~
   [32mINFO[0m 
   [32mINFO[0m [Run 1/13][Approximate profiling time left: pending first measurement...]
   [32mINFO[0m [profiling] Current input file: /root/rocm-examples/Applications/fdtd_profile/workloads/main_bp_all/MI300X_A1/perfmon/SQC_DCACHE_INFLIGHT_LEVEL.txt
   [32mINFO[0m    |-> [rocprofiler-sdk] W20260209 15:02:01.753474 134884020307456 simple_timer.cpp:55] [rocprofv3] tool initialization ::     0.109889 sec
   [32mINFO[0m    |-> [rocprofiler-sdk] W20260209 15:02:01.753701 134884020307456 simple_timer.cpp:55] [rocprofv3] './main_bp_all' ::     0.000000 sec
   [32mINFO[0m    |-> [rocprofiler-sdk] W20260209 15:02:01.946384 134884020307456 tool.cpp:2422] HSA version 8.20.0 initialized (instance=0)
   [32mINFO[0m    |-> [rocprofiler-sdk] iteration: 3	 time serial: 0.0677076	 time HIP: 0.0282171	 consistency: 100%
   [32mINFO[0m    |-> [rocprofiler-sdk] iteration: 6	 time serial: 0.13522	 time HIP: 0.0563875	 consistency: 100%
   [32mINFO[0m    |-> [rocprofiler-sdk] iteration: 9	 time serial: 0.20269	 time HIP: 0.0845701	 consistency: 100%
   [32mINFO[0m    |-> [rocprofiler-sdk] iteration: 12	 time serial: 0.270076	 time HIP: 0.11273	 consistency: 100%
   [32mINFO[0m    |-> [rocprofiler-sdk] iteration: 15	 time serial: 0.337459	 time HIP: 0.140903	 consistency: 100%
   [32mINFO[0m    |-> [rocprofiler-sdk] iteration: 18	 time serial: 0.404835	 time HIP: 0.169068	 consistency: 100%
   [32mINFO[0m    |-> [rocprofiler-sdk] iteration: 21	 time serial: 0.486886	 time HIP: 0.197321	 consistency: 100%
   [32mINFO[0m    |-> [rocprofiler-sdk] iteration: 24	 time serial: 0.562627	 time HIP: 0.225508	 consistency: 99.9999%
   [32mINFO[0m    |-> [rocprofiler-sdk] iteration: 27	 time serial: 0.630046	 time HIP: 0.25368	 consistency: 99.3826%
   [32mINFO[0m    |-> [rocprofiler-sdk] iteration: 30	 time serial: 0.697437	 time HIP: 0.281841	 consistency: 99.382%
   [32mINFO[0m    |-> [rocprofiler-sdk] W20260209 15:02:03.407730 134884020307456 simple_timer.cpp:55] [rocprofv3] './main_bp_all' ::     1.654030 sec
   [32mINFO[0m    |-> [rocprofiler-sdk] E20260209 15:02:03.417309 134884020307456 output_stream.cpp:111] Opened result file: /root/rocm-examples/Applications/fdtd_profile/workloads/main_bp_all/MI300X_A1/out/pmc_1/f5fa73aad503/13245_kernel_trace.csv
   [32mINFO[0m    |-> [rocprofiler-sdk] E20260209 15:02:03.432183 134884020307456 output_stream.cpp:111] Opened result file: /root/rocm-examples/Applications/fdtd_profile/workloads/main_bp_all/MI300X_A1/out/pmc_1/f5fa73aad503/13245_counter_collection.csv
   [32mINFO[0m    |-> [rocprofiler-sdk] E20260209 15:02:03.473130 134884020307456 output_stream.cpp:111] Opened result file: /root/rocm-examples/Applications/fdtd_profile/workloads/main_bp_all/MI300X_A1/out/pmc_1/f5fa73aad503/13245_agent_info.csv
   [32mINFO[0m    |-> [rocprofiler-sdk] W20260209 15:02:03.476716 134884020307456 simple_timer.cpp:55] [rocprofv3] output generation ::     0.067032 sec
   [32mINFO[0m    |-> [rocprofiler-sdk] W20260209 15:02:03.476831 134884020307456 simple_timer.cpp:55] [rocprofv3] tool finalization ::     0.067187 sec
   [32mINFO[0m [Run 2/13][Approximate profiling time left: 46 seconds]...
   [32mINFO[0m [profiling] Current input file: /root/rocm-examples/Applications/fdtd_profile/workloads/main_bp_all/MI300X_A1/perfmon/SQC_ICACHE_INFLIGHT_LEVEL.txt
   [32mINFO[0m    |-> [rocprofiler-sdk] W20260209 15:02:05.994116 132162000438784 simple_timer.cpp:55] [rocprofv3] tool initialization ::     0.113113 sec
   [32mINFO[0m    |-> [rocprofiler-sdk] W20260209 15:02:05.994339 132162000438784 simple_timer.cpp:55] [rocprofv3] './main_bp_all' ::     0.000000 sec
   [32mINFO[0m    |-> [rocprofiler-sdk] W20260209 15:02:06.188564 132162000438784 tool.cpp:2422] HSA version 8.20.0 initialized (instance=0)
   [32mINFO[0m    |-> [rocprofiler-sdk] iteration: 3	 time serial: 0.0677255	 time HIP: 0.0281643	 consistency: 100%
   [32mINFO[0m    |-> [rocprofiler-sdk] iteration: 6	 time serial: 0.135251	 time HIP: 0.0562785	 consistency: 100%
   [32mINFO[0m    |-> [rocprofiler-sdk] iteration: 9	 time serial: 0.20268	 time HIP: 0.0843801	 consistency: 100%
   [32mINFO[0m    |-> [rocprofiler-sdk] iteration: 12	 time serial: 0.27008	 time HIP: 0.112478	 consistency: 100%
   [32mINFO[0m    |-> [rocprofiler-sdk] iteration: 15	 time serial: 0.337428	 time HIP: 0.140598	 consistency: 100%
   [32mINFO[0m    |-> [rocprofiler-sdk] iteration: 18	 time serial: 0.4048	 time HIP: 0.168701	 consistency: 100%
   [32mINFO[0m    |-> [rocprofiler-sdk] iteration: 21	 time serial: 0.488944	 time HIP: 0.196987	 consistency: 100%
   [32mINFO[0m    |-> [rocprofiler-sdk] iteration: 24	 time serial: 0.562939	 time HIP: 0.22519	 consistency: 99.9999%
   [32mINFO[0m    |-> [rocprofiler-sdk] iteration: 27	 time serial: 0.630235	 time HIP: 0.25341	 consistency: 99.3826%
   [32mINFO[0m    |-> [rocprofiler-sdk] iteration: 30	 time serial: 0.697598	 time HIP: 0.281595	 consistency: 99.382%
   [32mINFO[0m    |-> [rocprofiler-sdk] W20260209 15:02:07.654752 132162000438784 simple_timer.cpp:55] [rocprofv3] './main_bp_all' ::     1.660413 sec
   [32mINFO[0m    |-> [rocprofiler-sdk] E20260209 15:02:07.663513 132162000438784 output_stream.cpp:111] Opened result file: /root/rocm-examples/Applications/fdtd_profile/workloads/main_bp_all/MI300X_A1/out/pmc_1/f5fa73aad503/13253_kernel_trace.csv
   [32mINFO[0m    |-> [rocprofiler-sdk] E20260209 15:02:07.676876 132162000438784 output_stream.cpp:111] Opened result file: /root/rocm-examples/Applications/fdtd_profile/workloads/main_bp_all/MI300X_A1/out/pmc_1/f5fa73aad503/13253_counter_collection.csv
   [32mINFO[0m    |-> [rocprofiler-sdk] E20260209 15:02:07.719171 132162000438784 output_stream.cpp:111] Opened result file: /root/rocm-examples/Applications/fdtd_profile/workloads/main_bp_all/MI300X_A1/out/pmc_1/f5fa73aad503/13253_agent_info.csv
   [32mINFO[0m    |-> [rocprofiler-sdk] W20260209 15:02:07.722428 132162000438784 simple_timer.cpp:55] [rocprofv3] output generation ::     0.066039 sec
   [32mINFO[0m    |-> [rocprofiler-sdk] W20260209 15:02:07.722550 132162000438784 simple_timer.cpp:55] [rocprofv3] tool finalization ::     0.066197 sec
   [32mINFO[0m [Run 3/13][Approximate profiling time left: 42 seconds]...
   [32mINFO[0m [profiling] Current input file: /root/rocm-examples/Applications/fdtd_profile/workloads/main_bp_all/MI300X_A1/perfmon/SQ_IFETCH_LEVEL.txt
   [32mINFO[0m    |-> [rocprofiler-sdk] W20260209 15:02:10.310827 125416957191680 simple_timer.cpp:55] [rocprofv3] tool initialization ::     0.119409 sec
   [32mINFO[0m    |-> [rocprofiler-sdk] W20260209 15:02:10.311048 125416957191680 simple_timer.cpp:55] [rocprofv3] './main_bp_all' ::     0.000000 sec
   [32mINFO[0m    |-> [rocprofiler-sdk] W20260209 15:02:10.505979 125416957191680 tool.cpp:2422] HSA version 8.20.0 initialized (instance=0)
   [32mINFO[0m    |-> [rocprofiler-sdk] iteration: 3	 time serial: 0.067275	 time HIP: 0.0280191	 consistency: 100%
   [32mINFO[0m    |-> [rocprofiler-sdk] iteration: 6	 time serial: 0.134261	 time HIP: 0.0559773	 consistency: 100%
   [32mINFO[0m    |-> [rocprofiler-sdk] iteration: 9	 time serial: 0.20132	 time HIP: 0.0839285	 consistency: 100%
   [32mINFO[0m    |-> [rocprofiler-sdk] iteration: 12	 time serial: 0.268394	 time HIP: 0.111881	 consistency: 100%
   [32mINFO[0m    |-> [rocprofiler-sdk] iteration: 15	 time serial: 0.335275	 time HIP: 0.139846	 consistency: 100%
   [32mINFO[0m    |-> [rocprofiler-sdk] iteration: 18	 time serial: 0.402259	 time HIP: 0.167803	 consistency: 100%
   [32mINFO[0m    |-> [rocprofiler-sdk] iteration: 21	 time serial: 0.473129	 time HIP: 0.19593	 consistency: 100%
   [32mINFO[0m    |-> [rocprofiler-sdk] iteration: 24	 time serial: 0.549776	 time HIP: 0.223972	 consistency: 99.9999%
   [32mINFO[0m    |-> [rocprofiler-sdk] iteration: 27	 time serial: 0.616776	 time HIP: 0.251999	 consistency: 99.3826%
   [32mINFO[0m    |-> [rocprofiler-sdk] iteration: 30	 time serial: 0.68367	 time HIP: 0.280011	 consistency: 99.382%
   [32mINFO[0m    |-> [rocprofiler-sdk] W20260209 15:02:11.969921 125416957191680 simple_timer.cpp:55] [rocprofv3] './main_bp_all' ::     1.658874 sec
   [32mINFO[0m    |-> [rocprofiler-sdk] E20260209 15:02:11.980272 125416957191680 output_stream.cpp:111] Opened result file: /root/rocm-examples/Applications/fdtd_profile/workloads/main_bp_all/MI300X_A1/out/pmc_1/f5fa73aad503/13261_kernel_trace.csv
   [32mINFO[0m    |-> [rocprofiler-sdk] E20260209 15:02:11.994217 125416957191680 output_stream.cpp:111] Opened result file: /root/rocm-examples/Applications/fdtd_profile/workloads/main_bp_all/MI300X_A1/out/pmc_1/f5fa73aad503/13261_counter_collection.csv
   [32mINFO[0m    |-> [rocprofiler-sdk] E20260209 15:02:12.057978 125416957191680 output_stream.cpp:111] Opened result file: /root/rocm-examples/Applications/fdtd_profile/workloads/main_bp_all/MI300X_A1/out/pmc_1/f5fa73aad503/13261_agent_info.csv
   [32mINFO[0m    |-> [rocprofiler-sdk] W20260209 15:02:12.061516 125416957191680 simple_timer.cpp:55] [rocprofv3] output generation ::     0.088890 sec
   [32mINFO[0m    |-> [rocprofiler-sdk] W20260209 15:02:12.061645 125416957191680 simple_timer.cpp:55] [rocprofv3] tool finalization ::     0.089114 sec
   [32mINFO[0m [Run 4/13][Approximate profiling time left: 38 seconds]...
   [32mINFO[0m [profiling] Current input file: /root/rocm-examples/Applications/fdtd_profile/workloads/main_bp_all/MI300X_A1/perfmon/SQ_INST_LEVEL_LDS.txt
   [32mINFO[0m    |-> [rocprofiler-sdk] W20260209 15:02:14.890378 124382709499392 simple_timer.cpp:55] [rocprofv3] tool initialization ::     0.119998 sec
   [32mINFO[0m    |-> [rocprofiler-sdk] W20260209 15:02:14.890657 124382709499392 simple_timer.cpp:55] [rocprofv3] './main_bp_all' ::     0.000000 sec
   [32mINFO[0m    |-> [rocprofiler-sdk] W20260209 15:02:15.082313 124382709499392 tool.cpp:2422] HSA version 8.20.0 initialized (instance=0)
   [32mINFO[0m    |-> [rocprofiler-sdk] iteration: 3	 time serial: 0.068479	 time HIP: 0.0297899	 consistency: 100%
   [32mINFO[0m    |-> [rocprofiler-sdk] iteration: 6	 time serial: 0.13673	 time HIP: 0.0597395	 consistency: 100%
   [32mINFO[0m    |-> [rocprofiler-sdk] iteration: 9	 time serial: 0.204951	 time HIP: 0.0900572	 consistency: 100%
   [32mINFO[0m    |-> [rocprofiler-sdk] iteration: 12	 time serial: 0.273146	 time HIP: 0.120087	 consistency: 100%
   [32mINFO[0m    |-> [rocprofiler-sdk] iteration: 15	 time serial: 0.341365	 time HIP: 0.15028	 consistency: 100%
   [32mINFO[0m    |-> [rocprofiler-sdk] iteration: 18	 time serial: 0.40952	 time HIP: 0.180176	 consistency: 100%
   [32mINFO[0m    |-> [rocprofiler-sdk] iteration: 21	 time serial: 0.49427	 time HIP: 0.210172	 consistency: 100%
   [32mINFO[0m    |-> [rocprofiler-sdk] iteration: 24	 time serial: 0.562453	 time HIP: 0.240441	 consistency: 99.9999%
   [32mINFO[0m    |-> [rocprofiler-sdk] iteration: 27	 time serial: 0.630656	 time HIP: 0.270513	 consistency: 99.3826%
   [32mINFO[0m    |-> [rocprofiler-sdk] iteration: 30	 time serial: 0.698884	 time HIP: 0.300698	 consistency: 99.382%
   [32mINFO[0m    |-> [rocprofiler-sdk] W20260209 15:02:16.612644 124382709499392 simple_timer.cpp:55] [rocprofv3] './main_bp_all' ::     1.721987 sec
   [32mINFO[0m    |-> [rocprofiler-sdk] E20260209 15:02:16.621969 124382709499392 output_stream.cpp:111] Opened result file: /root/rocm-examples/Applications/fdtd_profile/workloads/main_bp_all/MI300X_A1/out/pmc_1/f5fa73aad503/13269_kernel_trace.csv
   [32mINFO[0m    |-> [rocprofiler-sdk] E20260209 15:02:16.636007 124382709499392 output_stream.cpp:111] Opened result file: /root/rocm-examples/Applications/fdtd_profile/workloads/main_bp_all/MI300X_A1/out/pmc_1/f5fa73aad503/13269_counter_collection.csv
   [32mINFO[0m    |-> [rocprofiler-sdk] E20260209 15:02:16.704099 124382709499392 output_stream.cpp:111] Opened result file: /root/rocm-examples/Applications/fdtd_profile/workloads/main_bp_all/MI300X_A1/out/pmc_1/f5fa73aad503/13269_agent_info.csv
   [32mINFO[0m    |-> [rocprofiler-sdk] W20260209 15:02:16.707728 124382709499392 simple_timer.cpp:55] [rocprofv3] output generation ::     0.093196 sec
   [32mINFO[0m    |-> [rocprofiler-sdk] W20260209 15:02:16.707858 124382709499392 simple_timer.cpp:55] [rocprofv3] tool finalization ::     0.093371 sec
   [32mINFO[0m [Run 5/13][Approximate profiling time left: 35 seconds]...
   [32mINFO[0m [profiling] Current input file: /root/rocm-examples/Applications/fdtd_profile/workloads/main_bp_all/MI300X_A1/perfmon/SQ_INST_LEVEL_SMEM.txt
   [32mINFO[0m    |-> [rocprofiler-sdk] W20260209 15:02:19.428714 125018233091584 simple_timer.cpp:55] [rocprofv3] tool initialization ::     0.115468 sec
   [32mINFO[0m    |-> [rocprofiler-sdk] W20260209 15:02:19.429015 125018233091584 simple_timer.cpp:55] [rocprofv3] './main_bp_all' ::     0.000000 sec
   [32mINFO[0m    |-> [rocprofiler-sdk] W20260209 15:02:19.622142 125018233091584 tool.cpp:2422] HSA version 8.20.0 initialized (instance=0)
   [32mINFO[0m    |-> [rocprofiler-sdk] iteration: 3	 time serial: 0.0682317	 time HIP: 0.0290449	 consistency: 100%
   [32mINFO[0m    |-> [rocprofiler-sdk] iteration: 6	 time serial: 0.136021	 time HIP: 0.0586424	 consistency: 100%
   [32mINFO[0m    |-> [rocprofiler-sdk] iteration: 9	 time serial: 0.203817	 time HIP: 0.088384	 consistency: 100%
   [32mINFO[0m    |-> [rocprofiler-sdk] iteration: 12	 time serial: 0.271667	 time HIP: 0.118423	 consistency: 100%
   [32mINFO[0m    |-> [rocprofiler-sdk] iteration: 15	 time serial: 0.33935	 time HIP: 0.148652	 consistency: 100%
   [32mINFO[0m    |-> [rocprofiler-sdk] iteration: 18	 time serial: 0.407077	 time HIP: 0.178715	 consistency: 100%
   [32mINFO[0m    |-> [rocprofiler-sdk] iteration: 21	 time serial: 0.494244	 time HIP: 0.208768	 consistency: 100%
   [32mINFO[0m    |-> [rocprofiler-sdk] iteration: 24	 time serial: 0.561996	 time HIP: 0.238917	 consistency: 99.9999%
   [32mINFO[0m    |-> [rocprofiler-sdk] iteration: 27	 time serial: 0.629701	 time HIP: 0.268854	 consistency: 99.3826%
   [32mINFO[0m    |-> [rocprofiler-sdk] iteration: 30	 time serial: 0.697325	 time HIP: 0.298961	 consistency: 99.382%
   [32mINFO[0m    |-> [rocprofiler-sdk] W20260209 15:02:21.143606 125018233091584 simple_timer.cpp:55] [rocprofv3] './main_bp_all' ::     1.714591 sec
   [32mINFO[0m    |-> [rocprofiler-sdk] E20260209 15:02:21.153015 125018233091584 output_stream.cpp:111] Opened result file: /root/rocm-examples/Applications/fdtd_profile/workloads/main_bp_all/MI300X_A1/out/pmc_1/f5fa73aad503/13277_kernel_trace.csv
   [32mINFO[0m    |-> [rocprofiler-sdk] E20260209 15:02:21.167087 125018233091584 output_stream.cpp:111] Opened result file: /root/rocm-examples/Applications/fdtd_profile/workloads/main_bp_all/MI300X_A1/out/pmc_1/f5fa73aad503/13277_counter_collection.csv
   [32mINFO[0m    |-> [rocprofiler-sdk] E20260209 15:02:21.206745 125018233091584 output_stream.cpp:111] Opened result file: /root/rocm-examples/Applications/fdtd_profile/workloads/main_bp_all/MI300X_A1/out/pmc_1/f5fa73aad503/13277_agent_info.csv
   [32mINFO[0m    |-> [rocprofiler-sdk] W20260209 15:02:21.210273 125018233091584 simple_timer.cpp:55] [rocprofv3] output generation ::     0.064682 sec
   [32mINFO[0m    |-> [rocprofiler-sdk] W20260209 15:02:21.210373 125018233091584 simple_timer.cpp:55] [rocprofv3] tool finalization ::     0.064824 sec
   [32mINFO[0m [Run 6/13][Approximate profiling time left: 30 seconds]...
   [32mINFO[0m [profiling] Current input file: /root/rocm-examples/Applications/fdtd_profile/workloads/main_bp_all/MI300X_A1/perfmon/SQ_INST_LEVEL_VMEM.txt
   [32mINFO[0m    |-> [rocprofiler-sdk] W20260209 15:02:23.837218 138371757569536 simple_timer.cpp:55] [rocprofv3] tool initialization ::     0.111797 sec
   [32mINFO[0m    |-> [rocprofiler-sdk] W20260209 15:02:23.837512 138371757569536 simple_timer.cpp:55] [rocprofv3] './main_bp_all' ::     0.000000 sec
   [32mINFO[0m    |-> [rocprofiler-sdk] W20260209 15:02:24.028916 138371757569536 tool.cpp:2422] HSA version 8.20.0 initialized (instance=0)
   [32mINFO[0m    |-> [rocprofiler-sdk] iteration: 3	 time serial: 0.0679719	 time HIP: 0.0288632	 consistency: 100%
   [32mINFO[0m    |-> [rocprofiler-sdk] iteration: 6	 time serial: 0.135211	 time HIP: 0.058349	 consistency: 100%
   [32mINFO[0m    |-> [rocprofiler-sdk] iteration: 9	 time serial: 0.202459	 time HIP: 0.087829	 consistency: 100%
   [32mINFO[0m    |-> [rocprofiler-sdk] iteration: 12	 time serial: 0.269659	 time HIP: 0.117305	 consistency: 100%
   [32mINFO[0m    |-> [rocprofiler-sdk] iteration: 15	 time serial: 0.33694	 time HIP: 0.146778	 consistency: 100%
   [32mINFO[0m    |-> [rocprofiler-sdk] iteration: 18	 time serial: 0.404167	 time HIP: 0.176274	 consistency: 100%
   [32mINFO[0m    |-> [rocprofiler-sdk] iteration: 21	 time serial: 0.482956	 time HIP: 0.230992	 consistency: 100%
   [32mINFO[0m    |-> [rocprofiler-sdk] iteration: 24	 time serial: 0.550201	 time HIP: 0.260454	 consistency: 99.9999%
   [32mINFO[0m    |-> [rocprofiler-sdk] iteration: 27	 time serial: 0.617552	 time HIP: 0.289804	 consistency: 99.3826%
   [32mINFO[0m    |-> [rocprofiler-sdk] iteration: 30	 time serial: 0.684666	 time HIP: 0.319253	 consistency: 99.382%
   [32mINFO[0m    |-> [rocprofiler-sdk] W20260209 15:02:25.544477 138371757569536 simple_timer.cpp:55] [rocprofv3] './main_bp_all' ::     1.706965 sec
   [32mINFO[0m    |-> [rocprofiler-sdk] E20260209 15:02:25.553480 138371757569536 output_stream.cpp:111] Opened result file: /root/rocm-examples/Applications/fdtd_profile/workloads/main_bp_all/MI300X_A1/out/pmc_1/f5fa73aad503/13285_kernel_trace.csv
   [32mINFO[0m    |-> [rocprofiler-sdk] E20260209 15:02:25.567420 138371757569536 output_stream.cpp:111] Opened result file: /root/rocm-examples/Applications/fdtd_profile/workloads/main_bp_all/MI300X_A1/out/pmc_1/f5fa73aad503/13285_counter_collection.csv
   [32mINFO[0m    |-> [rocprofiler-sdk] E20260209 15:02:25.607217 138371757569536 output_stream.cpp:111] Opened result file: /root/rocm-examples/Applications/fdtd_profile/workloads/main_bp_all/MI300X_A1/out/pmc_1/f5fa73aad503/13285_agent_info.csv
   [32mINFO[0m    |-> [rocprofiler-sdk] W20260209 15:02:25.610701 138371757569536 simple_timer.cpp:55] [rocprofv3] output generation ::     0.064572 sec
   [32mINFO[0m    |-> [rocprofiler-sdk] W20260209 15:02:25.610809 138371757569536 simple_timer.cpp:55] [rocprofv3] tool finalization ::     0.064720 sec
   [32mINFO[0m [Run 7/13][Approximate profiling time left: 26 seconds]...
   [32mINFO[0m [profiling] Current input file: /root/rocm-examples/Applications/fdtd_profile/workloads/main_bp_all/MI300X_A1/perfmon/SQ_LEVEL_WAVES.txt
   [32mINFO[0m    |-> [rocprofiler-sdk] W20260209 15:02:28.237843 134577926768128 simple_timer.cpp:55] [rocprofv3] tool initialization ::     0.110320 sec
   [32mINFO[0m    |-> [rocprofiler-sdk] W20260209 15:02:28.238139 134577926768128 simple_timer.cpp:55] [rocprofv3] './main_bp_all' ::     0.000000 sec
   [32mINFO[0m    |-> [rocprofiler-sdk] W20260209 15:02:28.430004 134577926768128 tool.cpp:2422] HSA version 8.20.0 initialized (instance=0)
   [32mINFO[0m    |-> [rocprofiler-sdk] iteration: 3	 time serial: 0.0690275	 time HIP: 0.029145	 consistency: 100%
   [32mINFO[0m    |-> [rocprofiler-sdk] iteration: 6	 time serial: 0.137939	 time HIP: 0.0590684	 consistency: 100%
   [32mINFO[0m    |-> [rocprofiler-sdk] iteration: 9	 time serial: 0.206806	 time HIP: 0.0888696	 consistency: 100%
   [32mINFO[0m    |-> [rocprofiler-sdk] iteration: 12	 time serial: 0.275734	 time HIP: 0.11878	 consistency: 100%
   [32mINFO[0m    |-> [rocprofiler-sdk] iteration: 15	 time serial: 0.344655	 time HIP: 0.148726	 consistency: 100%
   [32mINFO[0m    |-> [rocprofiler-sdk] iteration: 18	 time serial: 0.413591	 time HIP: 0.178588	 consistency: 100%
   [32mINFO[0m    |-> [rocprofiler-sdk] iteration: 21	 time serial: 0.499753	 time HIP: 0.208455	 consistency: 100%
   [32mINFO[0m    |-> [rocprofiler-sdk] iteration: 24	 time serial: 0.569039	 time HIP: 0.237795	 consistency: 99.9999%
   [32mINFO[0m    |-> [rocprofiler-sdk] iteration: 27	 time serial: 0.638183	 time HIP: 0.267183	 consistency: 99.3826%
   [32mINFO[0m    |-> [rocprofiler-sdk] iteration: 30	 time serial: 0.70724	 time HIP: 0.296571	 consistency: 99.382%
   [32mINFO[0m    |-> [rocprofiler-sdk] W20260209 15:02:29.952741 134577926768128 simple_timer.cpp:55] [rocprofv3] './main_bp_all' ::     1.714602 sec
   [32mINFO[0m    |-> [rocprofiler-sdk] E20260209 15:02:29.961930 134577926768128 output_stream.cpp:111] Opened result file: /root/rocm-examples/Applications/fdtd_profile/workloads/main_bp_all/MI300X_A1/out/pmc_1/f5fa73aad503/13293_kernel_trace.csv
   [32mINFO[0m    |-> [rocprofiler-sdk] E20260209 15:02:29.975930 134577926768128 output_stream.cpp:111] Opened result file: /root/rocm-examples/Applications/fdtd_profile/workloads/main_bp_all/MI300X_A1/out/pmc_1/f5fa73aad503/13293_counter_collection.csv
   [32mINFO[0m    |-> [rocprofiler-sdk] E20260209 15:02:30.015419 134577926768128 output_stream.cpp:111] Opened result file: /root/rocm-examples/Applications/fdtd_profile/workloads/main_bp_all/MI300X_A1/out/pmc_1/f5fa73aad503/13293_agent_info.csv
   [32mINFO[0m    |-> [rocprofiler-sdk] W20260209 15:02:30.018867 134577926768128 simple_timer.cpp:55] [rocprofv3] output generation ::     0.064348 sec
   [32mINFO[0m    |-> [rocprofiler-sdk] W20260209 15:02:30.018962 134577926768128 simple_timer.cpp:55] [rocprofv3] tool finalization ::     0.064482 sec
   [32mINFO[0m [Run 8/13][Approximate profiling time left: 21 seconds]...
   [32mINFO[0m [profiling] Current input file: /root/rocm-examples/Applications/fdtd_profile/workloads/main_bp_all/MI300X_A1/perfmon/pmc_perf_0.txt
   [32mINFO[0m    |-> [rocprofiler-sdk] W20260209 15:02:32.619319 128438464816640 simple_timer.cpp:55] [rocprofv3] tool initialization ::     0.110482 sec
   [32mINFO[0m    |-> [rocprofiler-sdk] W20260209 15:02:32.619611 128438464816640 simple_timer.cpp:55] [rocprofv3] './main_bp_all' ::     0.000000 sec
   [32mINFO[0m    |-> [rocprofiler-sdk] W20260209 15:02:32.813651 128438464816640 tool.cpp:2422] HSA version 8.20.0 initialized (instance=0)
   [32mINFO[0m    |-> [rocprofiler-sdk] iteration: 3	 time serial: 0.0683463	 time HIP: 0.0288232	 consistency: 100%
   [32mINFO[0m    |-> [rocprofiler-sdk] iteration: 6	 time serial: 0.135267	 time HIP: 0.0580619	 consistency: 100%
   [32mINFO[0m    |-> [rocprofiler-sdk] iteration: 9	 time serial: 0.202207	 time HIP: 0.0874568	 consistency: 100%
   [32mINFO[0m    |-> [rocprofiler-sdk] iteration: 12	 time serial: 0.269127	 time HIP: 0.116725	 consistency: 100%
   [32mINFO[0m    |-> [rocprofiler-sdk] iteration: 15	 time serial: 0.336036	 time HIP: 0.146168	 consistency: 100%
   [32mINFO[0m    |-> [rocprofiler-sdk] iteration: 18	 time serial: 0.402964	 time HIP: 0.175502	 consistency: 100%
   [32mINFO[0m    |-> [rocprofiler-sdk] iteration: 21	 time serial: 0.481507	 time HIP: 0.229358	 consistency: 100%
   [32mINFO[0m    |-> [rocprofiler-sdk] iteration: 24	 time serial: 0.548423	 time HIP: 0.259341	 consistency: 99.9999%
   [32mINFO[0m    |-> [rocprofiler-sdk] iteration: 27	 time serial: 0.615327	 time HIP: 0.289207	 consistency: 99.3826%
   [32mINFO[0m    |-> [rocprofiler-sdk] iteration: 30	 time serial: 0.682201	 time HIP: 0.319193	 consistency: 99.382%
   [32mINFO[0m    |-> [rocprofiler-sdk] W20260209 15:02:34.331842 128438464816640 simple_timer.cpp:55] [rocprofv3] './main_bp_all' ::     1.712231 sec
   [32mINFO[0m    |-> [rocprofiler-sdk] E20260209 15:02:34.341362 128438464816640 output_stream.cpp:111] Opened result file: /root/rocm-examples/Applications/fdtd_profile/workloads/main_bp_all/MI300X_A1/out/pmc_1/f5fa73aad503/13301_kernel_trace.csv
   [32mINFO[0m    |-> [rocprofiler-sdk] E20260209 15:02:34.356239 128438464816640 output_stream.cpp:111] Opened result file: /root/rocm-examples/Applications/fdtd_profile/workloads/main_bp_all/MI300X_A1/out/pmc_1/f5fa73aad503/13301_counter_collection.csv
   [32mINFO[0m    |-> [rocprofiler-sdk] E20260209 15:02:34.396378 128438464816640 output_stream.cpp:111] Opened result file: /root/rocm-examples/Applications/fdtd_profile/workloads/main_bp_all/MI300X_A1/out/pmc_1/f5fa73aad503/13301_agent_info.csv
   [32mINFO[0m    |-> [rocprofiler-sdk] W20260209 15:02:34.400015 128438464816640 simple_timer.cpp:55] [rocprofv3] output generation ::     0.066410 sec
   [32mINFO[0m    |-> [rocprofiler-sdk] W20260209 15:02:34.400116 128438464816640 simple_timer.cpp:55] [rocprofv3] tool finalization ::     0.066551 sec
   [32mINFO[0m [Run 9/13][Approximate profiling time left: 17 seconds]...
   [32mINFO[0m [profiling] Current input file: /root/rocm-examples/Applications/fdtd_profile/workloads/main_bp_all/MI300X_A1/perfmon/pmc_perf_1.txt
   [32mINFO[0m    |-> [rocprofiler-sdk] W20260209 15:02:36.932724 135080916448768 simple_timer.cpp:55] [rocprofv3] tool initialization ::     0.109952 sec
   [32mINFO[0m    |-> [rocprofiler-sdk] W20260209 15:02:36.932941 135080916448768 simple_timer.cpp:55] [rocprofv3] './main_bp_all' ::     0.000000 sec
   [32mINFO[0m    |-> [rocprofiler-sdk] W20260209 15:02:37.129595 135080916448768 tool.cpp:2422] HSA version 8.20.0 initialized (instance=0)
   [32mINFO[0m    |-> [rocprofiler-sdk] iteration: 3	 time serial: 0.0681979	 time HIP: 0.0263152	 consistency: 100%
   [32mINFO[0m    |-> [rocprofiler-sdk] iteration: 6	 time serial: 0.136006	 time HIP: 0.0525935	 consistency: 100%
   [32mINFO[0m    |-> [rocprofiler-sdk] iteration: 9	 time serial: 0.20371	 time HIP: 0.0788639	 consistency: 100%
   [32mINFO[0m    |-> [rocprofiler-sdk] iteration: 12	 time serial: 0.271369	 time HIP: 0.105131	 consistency: 100%
   [32mINFO[0m    |-> [rocprofiler-sdk] iteration: 15	 time serial: 0.339065	 time HIP: 0.13141	 consistency: 100%
   [32mINFO[0m    |-> [rocprofiler-sdk] iteration: 18	 time serial: 0.406759	 time HIP: 0.157711	 consistency: 100%
   [32mINFO[0m    |-> [rocprofiler-sdk] iteration: 21	 time serial: 0.474451	 time HIP: 0.184004	 consistency: 100%
   [32mINFO[0m    |-> [rocprofiler-sdk] iteration: 24	 time serial: 0.55411	 time HIP: 0.210364	 consistency: 99.9999%
   [32mINFO[0m    |-> [rocprofiler-sdk] iteration: 27	 time serial: 0.621787	 time HIP: 0.236643	 consistency: 99.3826%
   [32mINFO[0m    |-> [rocprofiler-sdk] iteration: 30	 time serial: 0.689535	 time HIP: 0.262931	 consistency: 99.382%
   [32mINFO[0m    |-> [rocprofiler-sdk] W20260209 15:02:38.566218 135080916448768 simple_timer.cpp:55] [rocprofv3] './main_bp_all' ::     1.633277 sec
   [32mINFO[0m    |-> [rocprofiler-sdk] E20260209 15:02:38.575029 135080916448768 output_stream.cpp:111] Opened result file: /root/rocm-examples/Applications/fdtd_profile/workloads/main_bp_all/MI300X_A1/out/pmc_1/f5fa73aad503/13309_kernel_trace.csv
   [32mINFO[0m    |-> [rocprofiler-sdk] E20260209 15:02:38.588766 135080916448768 output_stream.cpp:111] Opened result file: /root/rocm-examples/Applications/fdtd_profile/workloads/main_bp_all/MI300X_A1/out/pmc_1/f5fa73aad503/13309_counter_collection.csv
   [32mINFO[0m    |-> [rocprofiler-sdk] E20260209 15:02:38.626477 135080916448768 output_stream.cpp:111] Opened result file: /root/rocm-examples/Applications/fdtd_profile/workloads/main_bp_all/MI300X_A1/out/pmc_1/f5fa73aad503/13309_agent_info.csv
   [32mINFO[0m    |-> [rocprofiler-sdk] W20260209 15:02:38.629858 135080916448768 simple_timer.cpp:55] [rocprofv3] output generation ::     0.062123 sec
   [32mINFO[0m    |-> [rocprofiler-sdk] W20260209 15:02:38.629955 135080916448768 simple_timer.cpp:55] [rocprofv3] tool finalization ::     0.062261 sec
   [32mINFO[0m [Run 10/13][Approximate profiling time left: 13 seconds]...
   [32mINFO[0m [profiling] Current input file: /root/rocm-examples/Applications/fdtd_profile/workloads/main_bp_all/MI300X_A1/perfmon/pmc_perf_2.txt
   [32mINFO[0m    |-> [rocprofiler-sdk] W20260209 15:02:41.159955 133430500607488 simple_timer.cpp:55] [rocprofv3] tool initialization ::     0.110228 sec
   [32mINFO[0m    |-> [rocprofiler-sdk] W20260209 15:02:41.160163 133430500607488 simple_timer.cpp:55] [rocprofv3] './main_bp_all' ::     0.000000 sec
   [32mINFO[0m    |-> [rocprofiler-sdk] W20260209 15:02:41.359532 133430500607488 tool.cpp:2422] HSA version 8.20.0 initialized (instance=0)
   [32mINFO[0m    |-> [rocprofiler-sdk] iteration: 3	 time serial: 0.0685271	 time HIP: 0.0253748	 consistency: 100%
   [32mINFO[0m    |-> [rocprofiler-sdk] iteration: 6	 time serial: 0.136746	 time HIP: 0.0507101	 consistency: 100%
   [32mINFO[0m    |-> [rocprofiler-sdk] iteration: 9	 time serial: 0.204997	 time HIP: 0.0760564	 consistency: 100%
   [32mINFO[0m    |-> [rocprofiler-sdk] iteration: 12	 time serial: 0.273135	 time HIP: 0.101389	 consistency: 100%
   [32mINFO[0m    |-> [rocprofiler-sdk] iteration: 15	 time serial: 0.341254	 time HIP: 0.12673	 consistency: 100%
   [32mINFO[0m    |-> [rocprofiler-sdk] iteration: 18	 time serial: 0.419107	 time HIP: 0.152275	 consistency: 100%
   [32mINFO[0m    |-> [rocprofiler-sdk] iteration: 21	 time serial: 0.494882	 time HIP: 0.177704	 consistency: 100%
   [32mINFO[0m    |-> [rocprofiler-sdk] iteration: 24	 time serial: 0.630588	 time HIP: 0.203333	 consistency: 99.9999%
   [32mINFO[0m    |-> [rocprofiler-sdk] iteration: 27	 time serial: 0.703185	 time HIP: 0.228688	 consistency: 99.3826%
   [32mINFO[0m    |-> [rocprofiler-sdk] iteration: 30	 time serial: 0.775949	 time HIP: 0.254041	 consistency: 99.382%
   [32mINFO[0m    |-> [rocprofiler-sdk] W20260209 15:02:42.859055 133430500607488 simple_timer.cpp:55] [rocprofv3] './main_bp_all' ::     1.698892 sec
   [32mINFO[0m    |-> [rocprofiler-sdk] E20260209 15:02:42.868473 133430500607488 output_stream.cpp:111] Opened result file: /root/rocm-examples/Applications/fdtd_profile/workloads/main_bp_all/MI300X_A1/out/pmc_1/f5fa73aad503/13317_kernel_trace.csv
   [32mINFO[0m    |-> [rocprofiler-sdk] E20260209 15:02:42.882886 133430500607488 output_stream.cpp:111] Opened result file: /root/rocm-examples/Applications/fdtd_profile/workloads/main_bp_all/MI300X_A1/out/pmc_1/f5fa73aad503/13317_counter_collection.csv
   [32mINFO[0m    |-> [rocprofiler-sdk] E20260209 15:02:42.920284 133430500607488 output_stream.cpp:111] Opened result file: /root/rocm-examples/Applications/fdtd_profile/workloads/main_bp_all/MI300X_A1/out/pmc_1/f5fa73aad503/13317_agent_info.csv
   [32mINFO[0m    |-> [rocprofiler-sdk] W20260209 15:02:42.923828 133430500607488 simple_timer.cpp:55] [rocprofv3] output generation ::     0.062886 sec
   [32mINFO[0m    |-> [rocprofiler-sdk] W20260209 15:02:42.923958 133430500607488 simple_timer.cpp:55] [rocprofv3] tool finalization ::     0.063077 sec
   [32mINFO[0m [Run 11/13][Approximate profiling time left: 8 seconds]...
   [32mINFO[0m [profiling] Current input file: /root/rocm-examples/Applications/fdtd_profile/workloads/main_bp_all/MI300X_A1/perfmon/pmc_perf_3.txt
   [32mINFO[0m    |-> [rocprofiler-sdk] W20260209 15:02:45.442131 137306005636608 simple_timer.cpp:55] [rocprofv3] tool initialization ::     0.111876 sec
   [32mINFO[0m    |-> [rocprofiler-sdk] W20260209 15:02:45.442350 137306005636608 simple_timer.cpp:55] [rocprofv3] './main_bp_all' ::     0.000000 sec
   [32mINFO[0m    |-> [rocprofiler-sdk] W20260209 15:02:45.637353 137306005636608 tool.cpp:2422] HSA version 8.20.0 initialized (instance=0)
   [32mINFO[0m    |-> [rocprofiler-sdk] iteration: 3	 time serial: 0.0696704	 time HIP: 0.0254543	 consistency: 100%
   [32mINFO[0m    |-> [rocprofiler-sdk] iteration: 6	 time serial: 0.137673	 time HIP: 0.0508534	 consistency: 100%
   [32mINFO[0m    |-> [rocprofiler-sdk] iteration: 9	 time serial: 0.205317	 time HIP: 0.076237	 consistency: 100%
   [32mINFO[0m    |-> [rocprofiler-sdk] iteration: 12	 time serial: 0.272982	 time HIP: 0.101621	 consistency: 100%
   [32mINFO[0m    |-> [rocprofiler-sdk] iteration: 15	 time serial: 0.340546	 time HIP: 0.127007	 consistency: 100%
   [32mINFO[0m    |-> [rocprofiler-sdk] iteration: 18	 time serial: 0.408071	 time HIP: 0.1524	 consistency: 100%
   [32mINFO[0m    |-> [rocprofiler-sdk] iteration: 21	 time serial: 0.475466	 time HIP: 0.1778	 consistency: 100%
   [32mINFO[0m    |-> [rocprofiler-sdk] iteration: 24	 time serial: 0.560999	 time HIP: 0.20328	 consistency: 99.9999%
   [32mINFO[0m    |-> [rocprofiler-sdk] iteration: 27	 time serial: 0.62856	 time HIP: 0.228661	 consistency: 99.3826%
   [32mINFO[0m    |-> [rocprofiler-sdk] iteration: 30	 time serial: 0.696295	 time HIP: 0.254044	 consistency: 99.382%
   [32mINFO[0m    |-> [rocprofiler-sdk] W20260209 15:02:47.038862 137306005636608 simple_timer.cpp:55] [rocprofv3] './main_bp_all' ::     1.596511 sec
   [32mINFO[0m    |-> [rocprofiler-sdk] E20260209 15:02:47.047368 137306005636608 output_stream.cpp:111] Opened result file: /root/rocm-examples/Applications/fdtd_profile/workloads/main_bp_all/MI300X_A1/out/pmc_1/f5fa73aad503/13325_kernel_trace.csv
   [32mINFO[0m    |-> [rocprofiler-sdk] E20260209 15:02:47.060662 137306005636608 output_stream.cpp:111] Opened result file: /root/rocm-examples/Applications/fdtd_profile/workloads/main_bp_all/MI300X_A1/out/pmc_1/f5fa73aad503/13325_counter_collection.csv
   [32mINFO[0m    |-> [rocprofiler-sdk] E20260209 15:02:47.095937 137306005636608 output_stream.cpp:111] Opened result file: /root/rocm-examples/Applications/fdtd_profile/workloads/main_bp_all/MI300X_A1/out/pmc_1/f5fa73aad503/13325_agent_info.csv
   [32mINFO[0m    |-> [rocprofiler-sdk] W20260209 15:02:47.099184 137306005636608 simple_timer.cpp:55] [rocprofv3] output generation ::     0.058983 sec
   [32mINFO[0m    |-> [rocprofiler-sdk] W20260209 15:02:47.099273 137306005636608 simple_timer.cpp:55] [rocprofv3] tool finalization ::     0.059107 sec
   [32mINFO[0m [Run 12/13][Approximate profiling time left: 4 seconds]...
   [32mINFO[0m [profiling] Current input file: /root/rocm-examples/Applications/fdtd_profile/workloads/main_bp_all/MI300X_A1/perfmon/pmc_perf_4.txt
   [32mINFO[0m    |-> [rocprofiler-sdk] W20260209 15:02:49.643443 124091014972928 simple_timer.cpp:55] [rocprofv3] tool initialization ::     0.110368 sec
   [32mINFO[0m    |-> [rocprofiler-sdk] W20260209 15:02:49.643669 124091014972928 simple_timer.cpp:55] [rocprofv3] './main_bp_all' ::     0.000000 sec
   [32mINFO[0m    |-> [rocprofiler-sdk] W20260209 15:02:49.839498 124091014972928 tool.cpp:2422] HSA version 8.20.0 initialized (instance=0)
   [32mINFO[0m    |-> [rocprofiler-sdk] iteration: 3	 time serial: 0.0694984	 time HIP: 0.0251428	 consistency: 100%
   [32mINFO[0m    |-> [rocprofiler-sdk] iteration: 6	 time serial: 0.136746	 time HIP: 0.0502001	 consistency: 100%
   [32mINFO[0m    |-> [rocprofiler-sdk] iteration: 9	 time serial: 0.203899	 time HIP: 0.075262	 consistency: 100%
   [32mINFO[0m    |-> [rocprofiler-sdk] iteration: 12	 time serial: 0.271003	 time HIP: 0.100321	 consistency: 100%
   [32mINFO[0m    |-> [rocprofiler-sdk] iteration: 15	 time serial: 0.338196	 time HIP: 0.125378	 consistency: 100%
   [32mINFO[0m    |-> [rocprofiler-sdk] iteration: 18	 time serial: 0.405399	 time HIP: 0.150438	 consistency: 100%
   [32mINFO[0m    |-> [rocprofiler-sdk] iteration: 21	 time serial: 0.472592	 time HIP: 0.175495	 consistency: 100%
   [32mINFO[0m    |-> [rocprofiler-sdk] iteration: 24	 time serial: 0.551147	 time HIP: 0.200659	 consistency: 99.9999%
   [32mINFO[0m    |-> [rocprofiler-sdk] iteration: 27	 time serial: 0.61844	 time HIP: 0.225719	 consistency: 99.3826%
   [32mINFO[0m    |-> [rocprofiler-sdk] iteration: 30	 time serial: 0.685573	 time HIP: 0.25078	 consistency: 99.382%
   [32mINFO[0m    |-> [rocprofiler-sdk] W20260209 15:02:51.237688 124091014972928 simple_timer.cpp:55] [rocprofv3] './main_bp_all' ::     1.594018 sec
   [32mINFO[0m    |-> [rocprofiler-sdk] E20260209 15:02:51.247168 124091014972928 output_stream.cpp:111] Opened result file: /root/rocm-examples/Applications/fdtd_profile/workloads/main_bp_all/MI300X_A1/out/pmc_1/f5fa73aad503/13333_kernel_trace.csv
   [32mINFO[0m    |-> [rocprofiler-sdk] E20260209 15:02:51.262117 124091014972928 output_stream.cpp:111] Opened result file: /root/rocm-examples/Applications/fdtd_profile/workloads/main_bp_all/MI300X_A1/out/pmc_1/f5fa73aad503/13333_counter_collection.csv
   [32mINFO[0m    |-> [rocprofiler-sdk] E20260209 15:02:51.299656 124091014972928 output_stream.cpp:111] Opened result file: /root/rocm-examples/Applications/fdtd_profile/workloads/main_bp_all/MI300X_A1/out/pmc_1/f5fa73aad503/13333_agent_info.csv
   [32mINFO[0m    |-> [rocprofiler-sdk] W20260209 15:02:51.303214 124091014972928 simple_timer.cpp:55] [rocprofv3] output generation ::     0.063681 sec
   [32mINFO[0m    |-> [rocprofiler-sdk] W20260209 15:02:51.303314 124091014972928 simple_timer.cpp:55] [rocprofv3] tool finalization ::     0.063818 sec
   [32mINFO[0m [Run 13/13][Approximate profiling time left: 0 seconds]...
   [32mINFO[0m [profiling] Current input file: /root/rocm-examples/Applications/fdtd_profile/workloads/main_bp_all/MI300X_A1/perfmon/pmc_perf_5.txt
   [32mINFO[0m    |-> [rocprofiler-sdk] W20260209 15:02:53.715102 131617039255040 simple_timer.cpp:55] [rocprofv3] tool initialization ::     0.101093 sec
   [32mINFO[0m    |-> [rocprofiler-sdk] W20260209 15:02:53.715327 131617039255040 simple_timer.cpp:55] [rocprofv3] './main_bp_all' ::     0.000000 sec
   [32mINFO[0m    |-> [rocprofiler-sdk] W20260209 15:02:53.910442 131617039255040 tool.cpp:2422] HSA version 8.20.0 initialized (instance=0)
   [32mINFO[0m    |-> [rocprofiler-sdk] iteration: 3	 time serial: 0.068045	 time HIP: 0.0248626	 consistency: 100%
   [32mINFO[0m    |-> [rocprofiler-sdk] iteration: 6	 time serial: 0.135698	 time HIP: 0.0496928	 consistency: 100%
   [32mINFO[0m    |-> [rocprofiler-sdk] iteration: 9	 time serial: 0.203253	 time HIP: 0.0745201	 consistency: 100%
   [32mINFO[0m    |-> [rocprofiler-sdk] iteration: 12	 time serial: 0.270711	 time HIP: 0.0993477	 consistency: 100%
   [32mINFO[0m    |-> [rocprofiler-sdk] iteration: 15	 time serial: 0.338186	 time HIP: 0.124188	 consistency: 100%
   [32mINFO[0m    |-> [rocprofiler-sdk] iteration: 18	 time serial: 0.40568	 time HIP: 0.149023	 consistency: 100%
   [32mINFO[0m    |-> [rocprofiler-sdk] iteration: 21	 time serial: 0.473073	 time HIP: 0.173868	 consistency: 100%
   [32mINFO[0m    |-> [rocprofiler-sdk] iteration: 24	 time serial: 0.552145	 time HIP: 0.219309	 consistency: 99.9999%
   [32mINFO[0m    |-> [rocprofiler-sdk] iteration: 27	 time serial: 0.619614	 time HIP: 0.244141	 consistency: 99.3826%
   [32mINFO[0m    |-> [rocprofiler-sdk] iteration: 30	 time serial: 0.6872	 time HIP: 0.268979	 consistency: 99.382%
   [32mINFO[0m    |-> [rocprofiler-sdk] W20260209 15:02:55.308491 131617039255040 simple_timer.cpp:55] [rocprofv3] './main_bp_all' ::     1.593163 sec
   [32mINFO[0m    |-> [rocprofiler-sdk] E20260209 15:02:55.317901 131617039255040 output_stream.cpp:111] Opened result file: /root/rocm-examples/Applications/fdtd_profile/workloads/main_bp_all/MI300X_A1/out/pmc_1/f5fa73aad503/13341_kernel_trace.csv
   [32mINFO[0m    |-> [rocprofiler-sdk] E20260209 15:02:55.332115 131617039255040 output_stream.cpp:111] Opened result file: /root/rocm-examples/Applications/fdtd_profile/workloads/main_bp_all/MI300X_A1/out/pmc_1/f5fa73aad503/13341_counter_collection.csv
   [32mINFO[0m    |-> [rocprofiler-sdk] E20260209 15:02:55.340171 131617039255040 output_stream.cpp:111] Opened result file: /root/rocm-examples/Applications/fdtd_profile/workloads/main_bp_all/MI300X_A1/out/pmc_1/f5fa73aad503/13341_agent_info.csv
   [32mINFO[0m    |-> [rocprofiler-sdk] W20260209 15:02:55.343617 131617039255040 simple_timer.cpp:55] [rocprofv3] output generation ::     0.033027 sec
   [32mINFO[0m    |-> [rocprofiler-sdk] W20260209 15:02:55.343707 131617039255040 simple_timer.cpp:55] [rocprofv3] tool finalization ::     0.033176 sec
[33mWARNING[0m PC sampling data collection skipped as block 21 is not specified.
   [32mINFO[0m [roofline] Checking for roofline.csv in /root/rocm-examples/Applications/fdtd_profile/workloads/main_bp_all/MI300X_A1
   [32mINFO[0m [roofline] No roofline data found. Generating...
Empirical Roofline Calculation
Copyright © 2025  Advanced Micro Devices, Inc. All rights reserved.
Total detected GPU devices: 1
GPU Device 0 (gfx942) with 304 CUs: Profiling...
  0% [                                                            ]  1% [                                                            ]  2% [|                                                           ]  3% [|                                                           ]  4% [||                                                          ]  5% [|||                                                         ]  6% [|||                                                         ]  7% [||||                                                        ]  8% [||||                                                        ]  9% [|||||                                                       ] 10% [||||||                                                      ] 11% [||||||                                                      ] 12% [|||||||                                                     ] 13% [|||||||                                                     ] 14% [||||||||                                                    ] 15% [|||||||||                                                   ] 16% [|||||||||                                                   ] 17% [||||||||||                                                  ] 18% [||||||||||                                                  ] 19% [|||||||||||                                                 ] 20% [||||||||||||                                                ] 21% [||||||||||||                                                ] 22% [|||||||||||||                                               ] 23% [|||||||||||||                                               ] 24% [||||||||||||||                                              ] 25% [|||||||||||||||                                             ] 26% [|||||||||||||||                                             ] 27% [||||||||||||||||                                            ] 28% [||||||||||||||||                                            ] 29% [|||||||||||||||||                                           ] 30% [||||||||||||||||||                                          ] 31% [||||||||||||||||||                                          ] 32% [|||||||||||||||||||                                         ] 33% [|||||||||||||||||||                                         ] 34% [||||||||||||||||||||                                        ] 35% [|||||||||||||||||||||                                       ] 36% [|||||||||||||||||||||                                       ] 37% [||||||||||||||||||||||                                      ] 38% [||||||||||||||||||||||                                      ] 39% [|||||||||||||||||||||||                                     ] 40% [||||||||||||||||||||||||                                    ] 41% [||||||||||||||||||||||||                                    ] 42% [|||||||||||||||||||||||||                                   ] 43% [|||||||||||||||||||||||||                                   ] 44% [||||||||||||||||||||||||||                                  ] 45% [|||||||||||||||||||||||||||                                 ] 46% [|||||||||||||||||||||||||||                                 ] 47% [||||||||||||||||||||||||||||                                ] 48% [||||||||||||||||||||||||||||                                ] 49% [|||||||||||||||||||||||||||||                               ] 50% [||||||||||||||||||||||||||||||                              ] 51% [||||||||||||||||||||||||||||||                              ] 52% [|||||||||||||||||||||||||||||||                             ] 52% [|||||||||||||||||||||||||||||||                             ] 54% [||||||||||||||||||||||||||||||||                            ] 55% [|||||||||||||||||||||||||||||||||                           ] 56% [|||||||||||||||||||||||||||||||||                           ] 57% [||||||||||||||||||||||||||||||||||                          ] 58% [||||||||||||||||||||||||||||||||||                          ] 58% [|||||||||||||||||||||||||||||||||||                         ] 60% [||||||||||||||||||||||||||||||||||||                        ] 61% [||||||||||||||||||||||||||||||||||||                        ] 62% [|||||||||||||||||||||||||||||||||||||                       ] 63% [|||||||||||||||||||||||||||||||||||||                       ] 64% [||||||||||||||||||||||||||||||||||||||                      ] 65% [|||||||||||||||||||||||||||||||||||||||                     ] 66% [|||||||||||||||||||||||||||||||||||||||                     ] 67% [||||||||||||||||||||||||||||||||||||||||                    ] 68% [||||||||||||||||||||||||||||||||||||||||                    ] 69% [|||||||||||||||||||||||||||||||||||||||||                   ] 70% [||||||||||||||||||||||||||||||||||||||||||                  ] 71% [||||||||||||||||||||||||||||||||||||||||||                  ] 72% [|||||||||||||||||||||||||||||||||||||||||||                 ] 73% [|||||||||||||||||||||||||||||||||||||||||||                 ] 74% [||||||||||||||||||||||||||||||||||||||||||||                ] 75% [|||||||||||||||||||||||||||||||||||||||||||||               ] 76% [|||||||||||||||||||||||||||||||||||||||||||||               ] 77% [||||||||||||||||||||||||||||||||||||||||||||||              ] 78% [||||||||||||||||||||||||||||||||||||||||||||||              ] 79% [|||||||||||||||||||||||||||||||||||||||||||||||             ] 80% [||||||||||||||||||||||||||||||||||||||||||||||||            ] 81% [||||||||||||||||||||||||||||||||||||||||||||||||            ] 82% [|||||||||||||||||||||||||||||||||||||||||||||||||           ] 83% [|||||||||||||||||||||||||||||||||||||||||||||||||           ] 84% [||||||||||||||||||||||||||||||||||||||||||||||||||          ] 85% [|||||||||||||||||||||||||||||||||||||||||||||||||||         ] 86% [|||||||||||||||||||||||||||||||||||||||||||||||||||         ] 87% [||||||||||||||||||||||||||||||||||||||||||||||||||||        ] 88% [||||||||||||||||||||||||||||||||||||||||||||||||||||        ] 89% [|||||||||||||||||||||||||||||||||||||||||||||||||||||       ] 90% [||||||||||||||||||||||||||||||||||||||||||||||||||||||      ] 91% [||||||||||||||||||||||||||||||||||||||||||||||||||||||      ] 92% [|||||||||||||||||||||||||||||||||||||||||||||||||||||||     ] 93% [|||||||||||||||||||||||||||||||||||||||||||||||||||||||     ] 94% [||||||||||||||||||||||||||||||||||||||||||||||||||||||||    ] 95% [|||||||||||||||||||||||||||||||||||||||||||||||||||||||||   ] 96% [|||||||||||||||||||||||||||||||||||||||||||||||||||||||||   ] 97% [||||||||||||||||||||||||||||||||||||||||||||||||||||||||||  ] 98% [||||||||||||||||||||||||||||||||||||||||||||||||||||||||||  ] 99% [||||||||||||||||||||||||||||||||||||||||||||||||||||||||||| ]
HBM BW, GPU ID: 0, workgroupSize:256, workgroups:6225920, experiments:100, traffic:25501368320 bytes, duration:6.1 ms, mean:4212.9 GB/sec, stdev=11.7 GB/sec
  0% [                                                            ]  1% [                                                            ]  2% [|                                                           ]  3% [|                                                           ]  4% [||                                                          ]  5% [|||                                                         ]  6% [|||                                                         ]  7% [||||                                                        ]  8% [||||                                                        ]  9% [|||||                                                       ] 10% [||||||                                                      ] 11% [||||||                                                      ] 12% [|||||||                                                     ] 13% [|||||||                                                     ] 14% [||||||||                                                    ] 15% [|||||||||                                                   ] 16% [|||||||||                                                   ] 17% [||||||||||                                                  ] 18% [||||||||||                                                  ] 19% [|||||||||||                                                 ] 20% [||||||||||||                                                ] 21% [||||||||||||                                                ] 22% [|||||||||||||                                               ] 23% [|||||||||||||                                               ] 24% [||||||||||||||                                              ] 25% [|||||||||||||||                                             ] 26% [|||||||||||||||                                             ] 27% [||||||||||||||||                                            ] 28% [||||||||||||||||                                            ] 29% [|||||||||||||||||                                           ] 30% [||||||||||||||||||                                          ] 31% [||||||||||||||||||                                          ] 32% [|||||||||||||||||||                                         ] 33% [|||||||||||||||||||                                         ] 34% [||||||||||||||||||||                                        ] 35% [|||||||||||||||||||||                                       ] 36% [|||||||||||||||||||||                                       ] 37% [||||||||||||||||||||||                                      ] 38% [||||||||||||||||||||||                                      ] 39% [|||||||||||||||||||||||                                     ] 40% [||||||||||||||||||||||||                                    ] 41% [||||||||||||||||||||||||                                    ] 42% [|||||||||||||||||||||||||                                   ] 43% [|||||||||||||||||||||||||                                   ] 44% [||||||||||||||||||||||||||                                  ] 45% [|||||||||||||||||||||||||||                                 ] 46% [|||||||||||||||||||||||||||                                 ] 47% [||||||||||||||||||||||||||||                                ] 48% [||||||||||||||||||||||||||||                                ] 49% [|||||||||||||||||||||||||||||                               ] 50% [||||||||||||||||||||||||||||||                              ] 51% [||||||||||||||||||||||||||||||                              ] 52% [|||||||||||||||||||||||||||||||                             ] 52% [|||||||||||||||||||||||||||||||                             ] 54% [||||||||||||||||||||||||||||||||                            ] 55% [|||||||||||||||||||||||||||||||||                           ] 56% [|||||||||||||||||||||||||||||||||                           ] 57% [||||||||||||||||||||||||||||||||||                          ] 58% [||||||||||||||||||||||||||||||||||                          ] 58% [|||||||||||||||||||||||||||||||||||                         ] 60% [||||||||||||||||||||||||||||||||||||                        ] 61% [||||||||||||||||||||||||||||||||||||                        ] 62% [|||||||||||||||||||||||||||||||||||||                       ] 63% [|||||||||||||||||||||||||||||||||||||                       ] 64% [||||||||||||||||||||||||||||||||||||||                      ] 65% [|||||||||||||||||||||||||||||||||||||||                     ] 66% [|||||||||||||||||||||||||||||||||||||||                     ] 67% [||||||||||||||||||||||||||||||||||||||||                    ] 68% [||||||||||||||||||||||||||||||||||||||||                    ] 69% [|||||||||||||||||||||||||||||||||||||||||                   ] 70% [||||||||||||||||||||||||||||||||||||||||||                  ] 71% [||||||||||||||||||||||||||||||||||||||||||                  ] 72% [|||||||||||||||||||||||||||||||||||||||||||                 ] 73% [|||||||||||||||||||||||||||||||||||||||||||                 ] 74% [||||||||||||||||||||||||||||||||||||||||||||                ] 75% [|||||||||||||||||||||||||||||||||||||||||||||               ] 76% [|||||||||||||||||||||||||||||||||||||||||||||               ] 77% [||||||||||||||||||||||||||||||||||||||||||||||              ] 78% [||||||||||||||||||||||||||||||||||||||||||||||              ] 79% [|||||||||||||||||||||||||||||||||||||||||||||||             ] 80% [||||||||||||||||||||||||||||||||||||||||||||||||            ] 81% [||||||||||||||||||||||||||||||||||||||||||||||||            ] 82% [|||||||||||||||||||||||||||||||||||||||||||||||||           ] 83% [|||||||||||||||||||||||||||||||||||||||||||||||||           ] 84% [||||||||||||||||||||||||||||||||||||||||||||||||||          ] 85% [|||||||||||||||||||||||||||||||||||||||||||||||||||         ] 86% [|||||||||||||||||||||||||||||||||||||||||||||||||||         ] 87% [||||||||||||||||||||||||||||||||||||||||||||||||||||        ] 88% [||||||||||||||||||||||||||||||||||||||||||||||||||||        ] 89% [|||||||||||||||||||||||||||||||||||||||||||||||||||||       ] 90% [||||||||||||||||||||||||||||||||||||||||||||||||||||||      ] 91% [||||||||||||||||||||||||||||||||||||||||||||||||||||||      ] 92% [|||||||||||||||||||||||||||||||||||||||||||||||||||||||     ] 93% [|||||||||||||||||||||||||||||||||||||||||||||||||||||||     ] 94% [||||||||||||||||||||||||||||||||||||||||||||||||||||||||    ] 95% [|||||||||||||||||||||||||||||||||||||||||||||||||||||||||   ] 96% [|||||||||||||||||||||||||||||||||||||||||||||||||||||||||   ] 97% [||||||||||||||||||||||||||||||||||||||||||||||||||||||||||  ] 98% [||||||||||||||||||||||||||||||||||||||||||||||||||||||||||  ] 99% [||||||||||||||||||||||||||||||||||||||||||||||||||||||||||| ]
MALL BW, GPU ID: 0, workgroupSize:256, workgroups:38912, experiments:100, traffic:2611340115968 bytes, duration:424.1 ms, mean:6169.5 GB/sec, stdev=27.6 GB/sec
  0% [                                                            ]  1% [                                                            ]  2% [|                                                           ]  3% [|                                                           ]  4% [||                                                          ]  5% [|||                                                         ]  6% [|||                                                         ]  7% [||||                                                        ]  8% [||||                                                        ]  9% [|||||                                                       ] 10% [||||||                                                      ] 11% [||||||                                                      ] 12% [|||||||                                                     ] 13% [|||||||                                                     ] 14% [||||||||                                                    ] 15% [|||||||||                                                   ] 16% [|||||||||                                                   ] 17% [||||||||||                                                  ] 18% [||||||||||                                                  ] 19% [|||||||||||                                                 ] 20% [||||||||||||                                                ] 21% [||||||||||||                                                ] 22% [|||||||||||||                                               ] 23% [|||||||||||||                                               ] 24% [||||||||||||||                                              ] 25% [|||||||||||||||                                             ] 26% [|||||||||||||||                                             ] 27% [||||||||||||||||                                            ] 28% [||||||||||||||||                                            ] 29% [|||||||||||||||||                                           ] 30% [||||||||||||||||||                                          ] 31% [||||||||||||||||||                                          ] 32% [|||||||||||||||||||                                         ] 33% [|||||||||||||||||||                                         ] 34% [||||||||||||||||||||                                        ] 35% [|||||||||||||||||||||                                       ] 36% [|||||||||||||||||||||                                       ] 37% [||||||||||||||||||||||                                      ] 38% [||||||||||||||||||||||                                      ] 39% [|||||||||||||||||||||||                                     ] 40% [||||||||||||||||||||||||                                    ] 41% [||||||||||||||||||||||||                                    ] 42% [|||||||||||||||||||||||||                                   ] 43% [|||||||||||||||||||||||||                                   ] 44% [||||||||||||||||||||||||||                                  ] 45% [|||||||||||||||||||||||||||                                 ] 46% [|||||||||||||||||||||||||||                                 ] 47% [||||||||||||||||||||||||||||                                ] 48% [||||||||||||||||||||||||||||                                ] 49% [|||||||||||||||||||||||||||||                               ] 50% [||||||||||||||||||||||||||||||                              ] 51% [||||||||||||||||||||||||||||||                              ] 52% [|||||||||||||||||||||||||||||||                             ] 52% [|||||||||||||||||||||||||||||||                             ] 54% [||||||||||||||||||||||||||||||||                            ] 55% [|||||||||||||||||||||||||||||||||                           ] 56% [|||||||||||||||||||||||||||||||||                           ] 57% [||||||||||||||||||||||||||||||||||                          ] 58% [||||||||||||||||||||||||||||||||||                          ] 58% [|||||||||||||||||||||||||||||||||||                         ] 60% [||||||||||||||||||||||||||||||||||||                        ] 61% [||||||||||||||||||||||||||||||||||||                        ] 62% [|||||||||||||||||||||||||||||||||||||                       ] 63% [|||||||||||||||||||||||||||||||||||||                       ] 64% [||||||||||||||||||||||||||||||||||||||                      ] 65% [|||||||||||||||||||||||||||||||||||||||                     ] 66% [|||||||||||||||||||||||||||||||||||||||                     ] 67% [||||||||||||||||||||||||||||||||||||||||                    ] 68% [||||||||||||||||||||||||||||||||||||||||                    ] 69% [|||||||||||||||||||||||||||||||||||||||||                   ] 70% [||||||||||||||||||||||||||||||||||||||||||                  ] 71% [||||||||||||||||||||||||||||||||||||||||||                  ] 72% [|||||||||||||||||||||||||||||||||||||||||||                 ] 73% [|||||||||||||||||||||||||||||||||||||||||||                 ] 74% [||||||||||||||||||||||||||||||||||||||||||||                ] 75% [|||||||||||||||||||||||||||||||||||||||||||||               ] 76% [|||||||||||||||||||||||||||||||||||||||||||||               ] 77% [||||||||||||||||||||||||||||||||||||||||||||||              ] 78% [||||||||||||||||||||||||||||||||||||||||||||||              ] 79% [|||||||||||||||||||||||||||||||||||||||||||||||             ] 80% [||||||||||||||||||||||||||||||||||||||||||||||||            ] 81% [||||||||||||||||||||||||||||||||||||||||||||||||            ] 82% [|||||||||||||||||||||||||||||||||||||||||||||||||           ] 83% [|||||||||||||||||||||||||||||||||||||||||||||||||           ] 84% [||||||||||||||||||||||||||||||||||||||||||||||||||          ] 85% [|||||||||||||||||||||||||||||||||||||||||||||||||||         ] 86% [|||||||||||||||||||||||||||||||||||||||||||||||||||         ] 87% [||||||||||||||||||||||||||||||||||||||||||||||||||||        ] 88% [||||||||||||||||||||||||||||||||||||||||||||||||||||        ] 89% [|||||||||||||||||||||||||||||||||||||||||||||||||||||       ] 90% [||||||||||||||||||||||||||||||||||||||||||||||||||||||      ] 91% [||||||||||||||||||||||||||||||||||||||||||||||||||||||      ] 92% [|||||||||||||||||||||||||||||||||||||||||||||||||||||||     ] 93% [|||||||||||||||||||||||||||||||||||||||||||||||||||||||     ] 94% [||||||||||||||||||||||||||||||||||||||||||||||||||||||||    ] 95% [|||||||||||||||||||||||||||||||||||||||||||||||||||||||||   ] 96% [|||||||||||||||||||||||||||||||||||||||||||||||||||||||||   ] 97% [||||||||||||||||||||||||||||||||||||||||||||||||||||||||||  ] 98% [||||||||||||||||||||||||||||||||||||||||||||||||||||||||||  ] 99% [||||||||||||||||||||||||||||||||||||||||||||||||||||||||||| ]
L2 BW, GPU ID: 0, workgroupSize:256, workgroups:38912, experiments:100, traffic:1632087572480 bytes, duration:63.7 ms, mean:25644.3 GB/sec, stdev=62.6 GB/sec
  0% [                                                            ]  1% [                                                            ]  2% [|                                                           ]  3% [|                                                           ]  4% [||                                                          ]  5% [|||                                                         ]  6% [|||                                                         ]  7% [||||                                                        ]  8% [||||                                                        ]  9% [|||||                                                       ] 10% [||||||                                                      ] 11% [||||||                                                      ] 12% [|||||||                                                     ] 13% [|||||||                                                     ] 14% [||||||||                                                    ] 15% [|||||||||                                                   ] 16% [|||||||||                                                   ] 17% [||||||||||                                                  ] 18% [||||||||||                                                  ] 19% [|||||||||||                                                 ] 20% [||||||||||||                                                ] 21% [||||||||||||                                                ] 22% [|||||||||||||                                               ] 23% [|||||||||||||                                               ] 24% [||||||||||||||                                              ] 25% [|||||||||||||||                                             ] 26% [|||||||||||||||                                             ] 27% [||||||||||||||||                                            ] 28% [||||||||||||||||                                            ] 29% [|||||||||||||||||                                           ] 30% [||||||||||||||||||                                          ] 31% [||||||||||||||||||                                          ] 32% [|||||||||||||||||||                                         ] 33% [|||||||||||||||||||                                         ] 34% [||||||||||||||||||||                                        ] 35% [|||||||||||||||||||||                                       ] 36% [|||||||||||||||||||||                                       ] 37% [||||||||||||||||||||||                                      ] 38% [||||||||||||||||||||||                                      ] 39% [|||||||||||||||||||||||                                     ] 40% [||||||||||||||||||||||||                                    ] 41% [||||||||||||||||||||||||                                    ] 42% [|||||||||||||||||||||||||                                   ] 43% [|||||||||||||||||||||||||                                   ] 44% [||||||||||||||||||||||||||                                  ] 45% [|||||||||||||||||||||||||||                                 ] 46% [|||||||||||||||||||||||||||                                 ] 47% [||||||||||||||||||||||||||||                                ] 48% [||||||||||||||||||||||||||||                                ] 49% [|||||||||||||||||||||||||||||                               ] 50% [||||||||||||||||||||||||||||||                              ] 51% [||||||||||||||||||||||||||||||                              ] 52% [|||||||||||||||||||||||||||||||                             ] 52% [|||||||||||||||||||||||||||||||                             ] 54% [||||||||||||||||||||||||||||||||                            ] 55% [|||||||||||||||||||||||||||||||||                           ] 56% [|||||||||||||||||||||||||||||||||                           ] 57% [||||||||||||||||||||||||||||||||||                          ] 58% [||||||||||||||||||||||||||||||||||                          ] 58% [|||||||||||||||||||||||||||||||||||                         ] 60% [||||||||||||||||||||||||||||||||||||                        ] 61% [||||||||||||||||||||||||||||||||||||                        ] 62% [|||||||||||||||||||||||||||||||||||||                       ] 63% [|||||||||||||||||||||||||||||||||||||                       ] 64% [||||||||||||||||||||||||||||||||||||||                      ] 65% [|||||||||||||||||||||||||||||||||||||||                     ] 66% [|||||||||||||||||||||||||||||||||||||||                     ] 67% [||||||||||||||||||||||||||||||||||||||||                    ] 68% [||||||||||||||||||||||||||||||||||||||||                    ] 69% [|||||||||||||||||||||||||||||||||||||||||                   ] 70% [||||||||||||||||||||||||||||||||||||||||||                  ] 71% [||||||||||||||||||||||||||||||||||||||||||                  ] 72% [|||||||||||||||||||||||||||||||||||||||||||                 ] 73% [|||||||||||||||||||||||||||||||||||||||||||                 ] 74% [||||||||||||||||||||||||||||||||||||||||||||                ] 75% [|||||||||||||||||||||||||||||||||||||||||||||               ] 76% [|||||||||||||||||||||||||||||||||||||||||||||               ] 77% [||||||||||||||||||||||||||||||||||||||||||||||              ] 78% [||||||||||||||||||||||||||||||||||||||||||||||              ] 79% [|||||||||||||||||||||||||||||||||||||||||||||||             ] 80% [||||||||||||||||||||||||||||||||||||||||||||||||            ] 81% [||||||||||||||||||||||||||||||||||||||||||||||||            ] 82% [|||||||||||||||||||||||||||||||||||||||||||||||||           ] 83% [|||||||||||||||||||||||||||||||||||||||||||||||||           ] 84% [||||||||||||||||||||||||||||||||||||||||||||||||||          ] 85% [|||||||||||||||||||||||||||||||||||||||||||||||||||         ] 86% [|||||||||||||||||||||||||||||||||||||||||||||||||||         ] 87% [||||||||||||||||||||||||||||||||||||||||||||||||||||        ] 88% [||||||||||||||||||||||||||||||||||||||||||||||||||||        ] 89% [|||||||||||||||||||||||||||||||||||||||||||||||||||||       ] 90% [||||||||||||||||||||||||||||||||||||||||||||||||||||||      ] 91% [||||||||||||||||||||||||||||||||||||||||||||||||||||||      ] 92% [|||||||||||||||||||||||||||||||||||||||||||||||||||||||     ] 93% [|||||||||||||||||||||||||||||||||||||||||||||||||||||||     ] 94% [||||||||||||||||||||||||||||||||||||||||||||||||||||||||    ] 95% [|||||||||||||||||||||||||||||||||||||||||||||||||||||||||   ] 96% [|||||||||||||||||||||||||||||||||||||||||||||||||||||||||   ] 97% [||||||||||||||||||||||||||||||||||||||||||||||||||||||||||  ] 98% [||||||||||||||||||||||||||||||||||||||||||||||||||||||||||  ] 99% [||||||||||||||||||||||||||||||||||||||||||||||||||||||||||| ]
L1 BW, GPU ID: 0, workgroupSize:256, workgroups:38912, experiments:100, traffic:127506841600 bytes, duration:3.8 ms, mean:33804.5 GB/sec, stdev=229.4 GB/sec
  0% [                                                            ]  1% [                                                            ]  2% [|                                                           ]  3% [|                                                           ]  4% [||                                                          ]  5% [|||                                                         ]  6% [|||                                                         ]  7% [||||                                                        ]  8% [||||                                                        ]  9% [|||||                                                       ] 10% [||||||                                                      ] 11% [||||||                                                      ] 12% [|||||||                                                     ] 13% [|||||||                                                     ] 14% [||||||||                                                    ] 15% [|||||||||                                                   ] 16% [|||||||||                                                   ] 17% [||||||||||                                                  ] 18% [||||||||||                                                  ] 19% [|||||||||||                                                 ] 20% [||||||||||||                                                ] 21% [||||||||||||                                                ] 22% [|||||||||||||                                               ] 23% [|||||||||||||                                               ] 24% [||||||||||||||                                              ] 25% [|||||||||||||||                                             ] 26% [|||||||||||||||                                             ] 27% [||||||||||||||||                                            ] 28% [||||||||||||||||                                            ] 29% [|||||||||||||||||                                           ] 30% [||||||||||||||||||                                          ] 31% [||||||||||||||||||                                          ] 32% [|||||||||||||||||||                                         ] 33% [|||||||||||||||||||                                         ] 34% [||||||||||||||||||||                                        ] 35% [|||||||||||||||||||||                                       ] 36% [|||||||||||||||||||||                                       ] 37% [||||||||||||||||||||||                                      ] 38% [||||||||||||||||||||||                                      ] 39% [|||||||||||||||||||||||                                     ] 40% [||||||||||||||||||||||||                                    ] 41% [||||||||||||||||||||||||                                    ] 42% [|||||||||||||||||||||||||                                   ] 43% [|||||||||||||||||||||||||                                   ] 44% [||||||||||||||||||||||||||                                  ] 45% [|||||||||||||||||||||||||||                                 ] 46% [|||||||||||||||||||||||||||                                 ] 47% [||||||||||||||||||||||||||||                                ] 48% [||||||||||||||||||||||||||||                                ] 49% [|||||||||||||||||||||||||||||                               ] 50% [||||||||||||||||||||||||||||||                              ] 51% [||||||||||||||||||||||||||||||                              ] 52% [|||||||||||||||||||||||||||||||                             ] 52% [|||||||||||||||||||||||||||||||                             ] 54% [||||||||||||||||||||||||||||||||                            ] 55% [|||||||||||||||||||||||||||||||||                           ] 56% [|||||||||||||||||||||||||||||||||                           ] 57% [||||||||||||||||||||||||||||||||||                          ] 58% [||||||||||||||||||||||||||||||||||                          ] 58% [|||||||||||||||||||||||||||||||||||                         ] 60% [||||||||||||||||||||||||||||||||||||                        ] 61% [||||||||||||||||||||||||||||||||||||                        ] 62% [|||||||||||||||||||||||||||||||||||||                       ] 63% [|||||||||||||||||||||||||||||||||||||                       ] 64% [||||||||||||||||||||||||||||||||||||||                      ] 65% [|||||||||||||||||||||||||||||||||||||||                     ] 66% [|||||||||||||||||||||||||||||||||||||||                     ] 67% [||||||||||||||||||||||||||||||||||||||||                    ] 68% [||||||||||||||||||||||||||||||||||||||||                    ] 69% [|||||||||||||||||||||||||||||||||||||||||                   ] 70% [||||||||||||||||||||||||||||||||||||||||||                  ] 71% [||||||||||||||||||||||||||||||||||||||||||                  ] 72% [|||||||||||||||||||||||||||||||||||||||||||                 ] 73% [|||||||||||||||||||||||||||||||||||||||||||                 ] 74% [||||||||||||||||||||||||||||||||||||||||||||                ] 75% [|||||||||||||||||||||||||||||||||||||||||||||               ] 76% [|||||||||||||||||||||||||||||||||||||||||||||               ] 77% [||||||||||||||||||||||||||||||||||||||||||||||              ] 78% [||||||||||||||||||||||||||||||||||||||||||||||              ] 79% [|||||||||||||||||||||||||||||||||||||||||||||||             ] 80% [||||||||||||||||||||||||||||||||||||||||||||||||            ] 81% [||||||||||||||||||||||||||||||||||||||||||||||||            ] 82% [|||||||||||||||||||||||||||||||||||||||||||||||||           ] 83% [|||||||||||||||||||||||||||||||||||||||||||||||||           ] 84% [||||||||||||||||||||||||||||||||||||||||||||||||||          ] 85% [|||||||||||||||||||||||||||||||||||||||||||||||||||         ] 86% [|||||||||||||||||||||||||||||||||||||||||||||||||||         ] 87% [||||||||||||||||||||||||||||||||||||||||||||||||||||        ] 88% [||||||||||||||||||||||||||||||||||||||||||||||||||||        ] 89% [|||||||||||||||||||||||||||||||||||||||||||||||||||||       ] 90% [||||||||||||||||||||||||||||||||||||||||||||||||||||||      ] 91% [||||||||||||||||||||||||||||||||||||||||||||||||||||||      ] 92% [|||||||||||||||||||||||||||||||||||||||||||||||||||||||     ] 93% [|||||||||||||||||||||||||||||||||||||||||||||||||||||||     ] 94% [||||||||||||||||||||||||||||||||||||||||||||||||||||||||    ] 95% [|||||||||||||||||||||||||||||||||||||||||||||||||||||||||   ] 96% [|||||||||||||||||||||||||||||||||||||||||||||||||||||||||   ] 97% [||||||||||||||||||||||||||||||||||||||||||||||||||||||||||  ] 98% [||||||||||||||||||||||||||||||||||||||||||||||||||||||||||  ] 99% [||||||||||||||||||||||||||||||||||||||||||||||||||||||||||| ]
LDS BW, GPU ID: 0, workgroupSize:256, workgroups:38912, experiments:100, traffic:79691776000 bytes, duration:1.1 ms, mean:71273.9 GB/sec, stdev=271.6 GB/sec
  0% [                                                            ]  1% [                                                            ]  2% [|                                                           ]  3% [|                                                           ]  4% [||                                                          ]  5% [|||                                                         ]  6% [|||                                                         ]  7% [||||                                                        ]  8% [||||                                                        ]  9% [|||||                                                       ] 10% [||||||                                                      ] 11% [||||||                                                      ] 12% [|||||||                                                     ] 13% [|||||||                                                     ] 14% [||||||||                                                    ] 15% [|||||||||                                                   ] 16% [|||||||||                                                   ] 17% [||||||||||                                                  ] 18% [||||||||||                                                  ] 19% [|||||||||||                                                 ] 20% [||||||||||||                                                ] 21% [||||||||||||                                                ] 22% [|||||||||||||                                               ] 23% [|||||||||||||                                               ] 24% [||||||||||||||                                              ] 25% [|||||||||||||||                                             ] 26% [|||||||||||||||                                             ] 27% [||||||||||||||||                                            ] 28% [||||||||||||||||                                            ] 29% [|||||||||||||||||                                           ] 30% [||||||||||||||||||                                          ] 31% [||||||||||||||||||                                          ] 32% [|||||||||||||||||||                                         ] 33% [|||||||||||||||||||                                         ] 34% [||||||||||||||||||||                                        ] 35% [|||||||||||||||||||||                                       ] 36% [|||||||||||||||||||||                                       ] 37% [||||||||||||||||||||||                                      ] 38% [||||||||||||||||||||||                                      ] 39% [|||||||||||||||||||||||                                     ] 40% [||||||||||||||||||||||||                                    ] 41% [||||||||||||||||||||||||                                    ] 42% [|||||||||||||||||||||||||                                   ] 43% [|||||||||||||||||||||||||                                   ] 44% [||||||||||||||||||||||||||                                  ] 45% [|||||||||||||||||||||||||||                                 ] 46% [|||||||||||||||||||||||||||                                 ] 47% [||||||||||||||||||||||||||||                                ] 48% [||||||||||||||||||||||||||||                                ] 49% [|||||||||||||||||||||||||||||                               ] 50% [||||||||||||||||||||||||||||||                              ] 51% [||||||||||||||||||||||||||||||                              ] 52% [|||||||||||||||||||||||||||||||                             ] 52% [|||||||||||||||||||||||||||||||                             ] 54% [||||||||||||||||||||||||||||||||                            ] 55% [|||||||||||||||||||||||||||||||||                           ] 56% [|||||||||||||||||||||||||||||||||                           ] 57% [||||||||||||||||||||||||||||||||||                          ] 58% [||||||||||||||||||||||||||||||||||                          ] 58% [|||||||||||||||||||||||||||||||||||                         ] 60% [||||||||||||||||||||||||||||||||||||                        ] 61% [||||||||||||||||||||||||||||||||||||                        ] 62% [|||||||||||||||||||||||||||||||||||||                       ] 63% [|||||||||||||||||||||||||||||||||||||                       ] 64% [||||||||||||||||||||||||||||||||||||||                      ] 65% [|||||||||||||||||||||||||||||||||||||||                     ] 66% [|||||||||||||||||||||||||||||||||||||||                     ] 67% [||||||||||||||||||||||||||||||||||||||||                    ] 68% [||||||||||||||||||||||||||||||||||||||||                    ] 69% [|||||||||||||||||||||||||||||||||||||||||                   ] 70% [||||||||||||||||||||||||||||||||||||||||||                  ] 71% [||||||||||||||||||||||||||||||||||||||||||                  ] 72% [|||||||||||||||||||||||||||||||||||||||||||                 ] 73% [|||||||||||||||||||||||||||||||||||||||||||                 ] 74% [||||||||||||||||||||||||||||||||||||||||||||                ] 75% [|||||||||||||||||||||||||||||||||||||||||||||               ] 76% [|||||||||||||||||||||||||||||||||||||||||||||               ] 77% [||||||||||||||||||||||||||||||||||||||||||||||              ] 78% [||||||||||||||||||||||||||||||||||||||||||||||              ] 79% [|||||||||||||||||||||||||||||||||||||||||||||||             ] 80% [||||||||||||||||||||||||||||||||||||||||||||||||            ] 81% [||||||||||||||||||||||||||||||||||||||||||||||||            ] 82% [|||||||||||||||||||||||||||||||||||||||||||||||||           ] 83% [|||||||||||||||||||||||||||||||||||||||||||||||||           ] 84% [||||||||||||||||||||||||||||||||||||||||||||||||||          ] 85% [|||||||||||||||||||||||||||||||||||||||||||||||||||         ] 86% [|||||||||||||||||||||||||||||||||||||||||||||||||||         ] 87% [||||||||||||||||||||||||||||||||||||||||||||||||||||        ] 88% [||||||||||||||||||||||||||||||||||||||||||||||||||||        ] 89% [|||||||||||||||||||||||||||||||||||||||||||||||||||||       ] 90% [||||||||||||||||||||||||||||||||||||||||||||||||||||||      ] 91% [||||||||||||||||||||||||||||||||||||||||||||||||||||||      ] 92% [|||||||||||||||||||||||||||||||||||||||||||||||||||||||     ] 93% [|||||||||||||||||||||||||||||||||||||||||||||||||||||||     ] 94% [||||||||||||||||||||||||||||||||||||||||||||||||||||||||    ] 95% [|||||||||||||||||||||||||||||||||||||||||||||||||||||||||   ] 96% [|||||||||||||||||||||||||||||||||||||||||||||||||||||||||   ] 97% [||||||||||||||||||||||||||||||||||||||||||||||||||||||||||  ] 98% [||||||||||||||||||||||||||||||||||||||||||||||||||||||||||  ] 99% [||||||||||||||||||||||||||||||||||||||||||||||||||||||||||| ]
Peak FLOPs (FP8), GPU ID: 0, workgroupSize:256, workgroups:38912, experiments:100, FLOP:1081258016768, duration:13.1 ms, mean:82510.4 GFLOPS, stdev=122.9 GFLOPS
  0% [                                                            ]  1% [                                                            ]  2% [|                                                           ]  3% [|                                                           ]  4% [||                                                          ]  5% [|||                                                         ]  6% [|||                                                         ]  7% [||||                                                        ]  8% [||||                                                        ]  9% [|||||                                                       ] 10% [||||||                                                      ] 11% [||||||                                                      ] 12% [|||||||                                                     ] 13% [|||||||                                                     ] 14% [||||||||                                                    ] 15% [|||||||||                                                   ] 16% [|||||||||                                                   ] 17% [||||||||||                                                  ] 18% [||||||||||                                                  ] 19% [|||||||||||                                                 ] 20% [||||||||||||                                                ] 21% [||||||||||||                                                ] 22% [|||||||||||||                                               ] 23% [|||||||||||||                                               ] 24% [||||||||||||||                                              ] 25% [|||||||||||||||                                             ] 26% [|||||||||||||||                                             ] 27% [||||||||||||||||                                            ] 28% [||||||||||||||||                                            ] 29% [|||||||||||||||||                                           ] 30% [||||||||||||||||||                                          ] 31% [||||||||||||||||||                                          ] 32% [|||||||||||||||||||                                         ] 33% [|||||||||||||||||||                                         ] 34% [||||||||||||||||||||                                        ] 35% [|||||||||||||||||||||                                       ] 36% [|||||||||||||||||||||                                       ] 37% [||||||||||||||||||||||                                      ] 38% [||||||||||||||||||||||                                      ] 39% [|||||||||||||||||||||||                                     ] 40% [||||||||||||||||||||||||                                    ] 41% [||||||||||||||||||||||||                                    ] 42% [|||||||||||||||||||||||||                                   ] 43% [|||||||||||||||||||||||||                                   ] 44% [||||||||||||||||||||||||||                                  ] 45% [|||||||||||||||||||||||||||                                 ] 46% [|||||||||||||||||||||||||||                                 ] 47% [||||||||||||||||||||||||||||                                ] 48% [||||||||||||||||||||||||||||                                ] 49% [|||||||||||||||||||||||||||||                               ] 50% [||||||||||||||||||||||||||||||                              ] 51% [||||||||||||||||||||||||||||||                              ] 52% [|||||||||||||||||||||||||||||||                             ] 52% [|||||||||||||||||||||||||||||||                             ] 54% [||||||||||||||||||||||||||||||||                            ] 55% [|||||||||||||||||||||||||||||||||                           ] 56% [|||||||||||||||||||||||||||||||||                           ] 57% [||||||||||||||||||||||||||||||||||                          ] 58% [||||||||||||||||||||||||||||||||||                          ] 58% [|||||||||||||||||||||||||||||||||||                         ] 60% [||||||||||||||||||||||||||||||||||||                        ] 61% [||||||||||||||||||||||||||||||||||||                        ] 62% [|||||||||||||||||||||||||||||||||||||                       ] 63% [|||||||||||||||||||||||||||||||||||||                       ] 64% [||||||||||||||||||||||||||||||||||||||                      ] 65% [|||||||||||||||||||||||||||||||||||||||                     ] 66% [|||||||||||||||||||||||||||||||||||||||                     ] 67% [||||||||||||||||||||||||||||||||||||||||                    ] 68% [||||||||||||||||||||||||||||||||||||||||                    ] 69% [|||||||||||||||||||||||||||||||||||||||||                   ] 70% [||||||||||||||||||||||||||||||||||||||||||                  ] 71% [||||||||||||||||||||||||||||||||||||||||||                  ] 72% [|||||||||||||||||||||||||||||||||||||||||||                 ] 73% [|||||||||||||||||||||||||||||||||||||||||||                 ] 74% [||||||||||||||||||||||||||||||||||||||||||||                ] 75% [|||||||||||||||||||||||||||||||||||||||||||||               ] 76% [|||||||||||||||||||||||||||||||||||||||||||||               ] 77% [||||||||||||||||||||||||||||||||||||||||||||||              ] 78% [||||||||||||||||||||||||||||||||||||||||||||||              ] 79% [|||||||||||||||||||||||||||||||||||||||||||||||             ] 80% [||||||||||||||||||||||||||||||||||||||||||||||||            ] 81% [||||||||||||||||||||||||||||||||||||||||||||||||            ] 82% [|||||||||||||||||||||||||||||||||||||||||||||||||           ] 83% [|||||||||||||||||||||||||||||||||||||||||||||||||           ] 84% [||||||||||||||||||||||||||||||||||||||||||||||||||          ] 85% [|||||||||||||||||||||||||||||||||||||||||||||||||||         ] 86% [|||||||||||||||||||||||||||||||||||||||||||||||||||         ] 87% [||||||||||||||||||||||||||||||||||||||||||||||||||||        ] 88% [||||||||||||||||||||||||||||||||||||||||||||||||||||        ] 89% [|||||||||||||||||||||||||||||||||||||||||||||||||||||       ] 90% [||||||||||||||||||||||||||||||||||||||||||||||||||||||      ] 91% [||||||||||||||||||||||||||||||||||||||||||||||||||||||      ] 92% [|||||||||||||||||||||||||||||||||||||||||||||||||||||||     ] 93% [|||||||||||||||||||||||||||||||||||||||||||||||||||||||     ] 94% [||||||||||||||||||||||||||||||||||||||||||||||||||||||||    ] 95% [|||||||||||||||||||||||||||||||||||||||||||||||||||||||||   ] 96% [|||||||||||||||||||||||||||||||||||||||||||||||||||||||||   ] 97% [||||||||||||||||||||||||||||||||||||||||||||||||||||||||||  ] 98% [||||||||||||||||||||||||||||||||||||||||||||||||||||||||||  ] 99% [||||||||||||||||||||||||||||||||||||||||||||||||||||||||||| ]
Peak FLOPs (FP16), GPU ID: 0, workgroupSize:256, workgroups:38912, experiments:100, FLOP:530428461056, duration:13.5 ms, mean:39327.6 GFLOPS, stdev=44.3 GFLOPS
  0% [                                                            ]  1% [                                                            ]  2% [|                                                           ]  3% [|                                                           ]  4% [||                                                          ]  5% [|||                                                         ]  6% [|||                                                         ]  7% [||||                                                        ]  8% [||||                                                        ]  9% [|||||                                                       ] 10% [||||||                                                      ] 11% [||||||                                                      ] 12% [|||||||                                                     ] 13% [|||||||                                                     ] 14% [||||||||                                                    ] 15% [|||||||||                                                   ] 16% [|||||||||                                                   ] 17% [||||||||||                                                  ] 18% [||||||||||                                                  ] 19% [|||||||||||                                                 ] 20% [||||||||||||                                                ] 21% [||||||||||||                                                ] 22% [|||||||||||||                                               ] 23% [|||||||||||||                                               ] 24% [||||||||||||||                                              ] 25% [|||||||||||||||                                             ] 26% [|||||||||||||||                                             ] 27% [||||||||||||||||                                            ] 28% [||||||||||||||||                                            ] 29% [|||||||||||||||||                                           ] 30% [||||||||||||||||||                                          ] 31% [||||||||||||||||||                                          ] 32% [|||||||||||||||||||                                         ] 33% [|||||||||||||||||||                                         ] 34% [||||||||||||||||||||                                        ] 35% [|||||||||||||||||||||                                       ] 36% [|||||||||||||||||||||                                       ] 37% [||||||||||||||||||||||                                      ] 38% [||||||||||||||||||||||                                      ] 39% [|||||||||||||||||||||||                                     ] 40% [||||||||||||||||||||||||                                    ] 41% [||||||||||||||||||||||||                                    ] 42% [|||||||||||||||||||||||||                                   ] 43% [|||||||||||||||||||||||||                                   ] 44% [||||||||||||||||||||||||||                                  ] 45% [|||||||||||||||||||||||||||                                 ] 46% [|||||||||||||||||||||||||||                                 ] 47% [||||||||||||||||||||||||||||                                ] 48% [||||||||||||||||||||||||||||                                ] 49% [|||||||||||||||||||||||||||||                               ] 50% [||||||||||||||||||||||||||||||                              ] 51% [||||||||||||||||||||||||||||||                              ] 52% [|||||||||||||||||||||||||||||||                             ] 52% [|||||||||||||||||||||||||||||||                             ] 54% [||||||||||||||||||||||||||||||||                            ] 55% [|||||||||||||||||||||||||||||||||                           ] 56% [|||||||||||||||||||||||||||||||||                           ] 57% [||||||||||||||||||||||||||||||||||                          ] 58% [||||||||||||||||||||||||||||||||||                          ] 58% [|||||||||||||||||||||||||||||||||||                         ] 60% [||||||||||||||||||||||||||||||||||||                        ] 61% [||||||||||||||||||||||||||||||||||||                        ] 62% [|||||||||||||||||||||||||||||||||||||                       ] 63% [|||||||||||||||||||||||||||||||||||||                       ] 64% [||||||||||||||||||||||||||||||||||||||                      ] 65% [|||||||||||||||||||||||||||||||||||||||                     ] 66% [|||||||||||||||||||||||||||||||||||||||                     ] 67% [||||||||||||||||||||||||||||||||||||||||                    ] 68% [||||||||||||||||||||||||||||||||||||||||                    ] 69% [|||||||||||||||||||||||||||||||||||||||||                   ] 70% [||||||||||||||||||||||||||||||||||||||||||                  ] 71% [||||||||||||||||||||||||||||||||||||||||||                  ] 72% [|||||||||||||||||||||||||||||||||||||||||||                 ] 73% [|||||||||||||||||||||||||||||||||||||||||||                 ] 74% [||||||||||||||||||||||||||||||||||||||||||||                ] 75% [|||||||||||||||||||||||||||||||||||||||||||||               ] 76% [|||||||||||||||||||||||||||||||||||||||||||||               ] 77% [||||||||||||||||||||||||||||||||||||||||||||||              ] 78% [||||||||||||||||||||||||||||||||||||||||||||||              ] 79% [|||||||||||||||||||||||||||||||||||||||||||||||             ] 80% [||||||||||||||||||||||||||||||||||||||||||||||||            ] 81% [||||||||||||||||||||||||||||||||||||||||||||||||            ] 82% [|||||||||||||||||||||||||||||||||||||||||||||||||           ] 83% [|||||||||||||||||||||||||||||||||||||||||||||||||           ] 84% [||||||||||||||||||||||||||||||||||||||||||||||||||          ] 85% [|||||||||||||||||||||||||||||||||||||||||||||||||||         ] 86% [|||||||||||||||||||||||||||||||||||||||||||||||||||         ] 87% [||||||||||||||||||||||||||||||||||||||||||||||||||||        ] 88% [||||||||||||||||||||||||||||||||||||||||||||||||||||        ] 89% [|||||||||||||||||||||||||||||||||||||||||||||||||||||       ] 90% [||||||||||||||||||||||||||||||||||||||||||||||||||||||      ] 91% [||||||||||||||||||||||||||||||||||||||||||||||||||||||      ] 92% [|||||||||||||||||||||||||||||||||||||||||||||||||||||||     ] 93% [|||||||||||||||||||||||||||||||||||||||||||||||||||||||     ] 94% [||||||||||||||||||||||||||||||||||||||||||||||||||||||||    ] 95% [|||||||||||||||||||||||||||||||||||||||||||||||||||||||||   ] 96% [|||||||||||||||||||||||||||||||||||||||||||||||||||||||||   ] 97% [||||||||||||||||||||||||||||||||||||||||||||||||||||||||||  ] 98% [||||||||||||||||||||||||||||||||||||||||||||||||||||||||||  ] 99% [||||||||||||||||||||||||||||||||||||||||||||||||||||||||||| ]
Peak FLOPs (BF16), GPU ID: 0, workgroupSize:256, workgroups:38912, experiments:100, FLOP:530428461056, duration:95.801 ms, mean:5538.1 GFLOPS, stdev=4.2 GFLOPS
  0% [                                                            ]  1% [                                                            ]  2% [|                                                           ]  3% [|                                                           ]  4% [||                                                          ]  5% [|||                                                         ]  6% [|||                                                         ]  7% [||||                                                        ]  8% [||||                                                        ]  9% [|||||                                                       ] 10% [||||||                                                      ] 11% [||||||                                                      ] 12% [|||||||                                                     ] 13% [|||||||                                                     ] 14% [||||||||                                                    ] 15% [|||||||||                                                   ] 16% [|||||||||                                                   ] 17% [||||||||||                                                  ] 18% [||||||||||                                                  ] 19% [|||||||||||                                                 ] 20% [||||||||||||                                                ] 21% [||||||||||||                                                ] 22% [|||||||||||||                                               ] 23% [|||||||||||||                                               ] 24% [||||||||||||||                                              ] 25% [|||||||||||||||                                             ] 26% [|||||||||||||||                                             ] 27% [||||||||||||||||                                            ] 28% [||||||||||||||||                                            ] 29% [|||||||||||||||||                                           ] 30% [||||||||||||||||||                                          ] 31% [||||||||||||||||||                                          ] 32% [|||||||||||||||||||                                         ] 33% [|||||||||||||||||||                                         ] 34% [||||||||||||||||||||                                        ] 35% [|||||||||||||||||||||                                       ] 36% [|||||||||||||||||||||                                       ] 37% [||||||||||||||||||||||                                      ] 38% [||||||||||||||||||||||                                      ] 39% [|||||||||||||||||||||||                                     ] 40% [||||||||||||||||||||||||                                    ] 41% [||||||||||||||||||||||||                                    ] 42% [|||||||||||||||||||||||||                                   ] 43% [|||||||||||||||||||||||||                                   ] 44% [||||||||||||||||||||||||||                                  ] 45% [|||||||||||||||||||||||||||                                 ] 46% [|||||||||||||||||||||||||||                                 ] 47% [||||||||||||||||||||||||||||                                ] 48% [||||||||||||||||||||||||||||                                ] 49% [|||||||||||||||||||||||||||||                               ] 50% [||||||||||||||||||||||||||||||                              ] 51% [||||||||||||||||||||||||||||||                              ] 52% [|||||||||||||||||||||||||||||||                             ] 52% [|||||||||||||||||||||||||||||||                             ] 54% [||||||||||||||||||||||||||||||||                            ] 55% [|||||||||||||||||||||||||||||||||                           ] 56% [|||||||||||||||||||||||||||||||||                           ] 57% [||||||||||||||||||||||||||||||||||                          ] 58% [||||||||||||||||||||||||||||||||||                          ] 58% [|||||||||||||||||||||||||||||||||||                         ] 60% [||||||||||||||||||||||||||||||||||||                        ] 61% [||||||||||||||||||||||||||||||||||||                        ] 62% [|||||||||||||||||||||||||||||||||||||                       ] 63% [|||||||||||||||||||||||||||||||||||||                       ] 64% [||||||||||||||||||||||||||||||||||||||                      ] 65% [|||||||||||||||||||||||||||||||||||||||                     ] 66% [|||||||||||||||||||||||||||||||||||||||                     ] 67% [||||||||||||||||||||||||||||||||||||||||                    ] 68% [||||||||||||||||||||||||||||||||||||||||                    ] 69% [|||||||||||||||||||||||||||||||||||||||||                   ] 70% [||||||||||||||||||||||||||||||||||||||||||                  ] 71% [||||||||||||||||||||||||||||||||||||||||||                  ] 72% [|||||||||||||||||||||||||||||||||||||||||||                 ] 73% [|||||||||||||||||||||||||||||||||||||||||||                 ] 74% [||||||||||||||||||||||||||||||||||||||||||||                ] 75% [|||||||||||||||||||||||||||||||||||||||||||||               ] 76% [|||||||||||||||||||||||||||||||||||||||||||||               ] 77% [||||||||||||||||||||||||||||||||||||||||||||||              ] 78% [||||||||||||||||||||||||||||||||||||||||||||||              ] 79% [|||||||||||||||||||||||||||||||||||||||||||||||             ] 80% [||||||||||||||||||||||||||||||||||||||||||||||||            ] 81% [||||||||||||||||||||||||||||||||||||||||||||||||            ] 82% [|||||||||||||||||||||||||||||||||||||||||||||||||           ] 83% [|||||||||||||||||||||||||||||||||||||||||||||||||           ] 84% [||||||||||||||||||||||||||||||||||||||||||||||||||          ] 85% [|||||||||||||||||||||||||||||||||||||||||||||||||||         ] 86% [|||||||||||||||||||||||||||||||||||||||||||||||||||         ] 87% [||||||||||||||||||||||||||||||||||||||||||||||||||||        ] 88% [||||||||||||||||||||||||||||||||||||||||||||||||||||        ] 89% [|||||||||||||||||||||||||||||||||||||||||||||||||||||       ] 90% [||||||||||||||||||||||||||||||||||||||||||||||||||||||      ] 91% [||||||||||||||||||||||||||||||||||||||||||||||||||||||      ] 92% [|||||||||||||||||||||||||||||||||||||||||||||||||||||||     ] 93% [|||||||||||||||||||||||||||||||||||||||||||||||||||||||     ] 94% [||||||||||||||||||||||||||||||||||||||||||||||||||||||||    ] 95% [|||||||||||||||||||||||||||||||||||||||||||||||||||||||||   ] 96% [|||||||||||||||||||||||||||||||||||||||||||||||||||||||||   ] 97% [||||||||||||||||||||||||||||||||||||||||||||||||||||||||||  ] 98% [||||||||||||||||||||||||||||||||||||||||||||||||||||||||||  ] 99% [||||||||||||||||||||||||||||||||||||||||||||||||||||||||||| ]
Peak FLOPs (FP32), GPU ID: 0, workgroupSize:256, workgroups:38912, experiments:100, FLOP:265214230528, duration:2.043 ms, mean:128809.2 GFLOPS, stdev=1595.1 GFLOPS
  0% [                                                            ]  1% [                                                            ]  2% [|                                                           ]  3% [|                                                           ]  4% [||                                                          ]  5% [|||                                                         ]  6% [|||                                                         ]  7% [||||                                                        ]  8% [||||                                                        ]  9% [|||||                                                       ] 10% [||||||                                                      ] 11% [||||||                                                      ] 12% [|||||||                                                     ] 13% [|||||||                                                     ] 14% [||||||||                                                    ] 15% [|||||||||                                                   ] 16% [|||||||||                                                   ] 17% [||||||||||                                                  ] 18% [||||||||||                                                  ] 19% [|||||||||||                                                 ] 20% [||||||||||||                                                ] 21% [||||||||||||                                                ] 22% [|||||||||||||                                               ] 23% [|||||||||||||                                               ] 24% [||||||||||||||                                              ] 25% [|||||||||||||||                                             ] 26% [|||||||||||||||                                             ] 27% [||||||||||||||||                                            ] 28% [||||||||||||||||                                            ] 29% [|||||||||||||||||                                           ] 30% [||||||||||||||||||                                          ] 31% [||||||||||||||||||                                          ] 32% [|||||||||||||||||||                                         ] 33% [|||||||||||||||||||                                         ] 34% [||||||||||||||||||||                                        ] 35% [|||||||||||||||||||||                                       ] 36% [|||||||||||||||||||||                                       ] 37% [||||||||||||||||||||||                                      ] 38% [||||||||||||||||||||||                                      ] 39% [|||||||||||||||||||||||                                     ] 40% [||||||||||||||||||||||||                                    ] 41% [||||||||||||||||||||||||                                    ] 42% [|||||||||||||||||||||||||                                   ] 43% [|||||||||||||||||||||||||                                   ] 44% [||||||||||||||||||||||||||                                  ] 45% [|||||||||||||||||||||||||||                                 ] 46% [|||||||||||||||||||||||||||                                 ] 47% [||||||||||||||||||||||||||||                                ] 48% [||||||||||||||||||||||||||||                                ] 49% [|||||||||||||||||||||||||||||                               ] 50% [||||||||||||||||||||||||||||||                              ] 51% [||||||||||||||||||||||||||||||                              ] 52% [|||||||||||||||||||||||||||||||                             ] 52% [|||||||||||||||||||||||||||||||                             ] 54% [||||||||||||||||||||||||||||||||                            ] 55% [|||||||||||||||||||||||||||||||||                           ] 56% [|||||||||||||||||||||||||||||||||                           ] 57% [||||||||||||||||||||||||||||||||||                          ] 58% [||||||||||||||||||||||||||||||||||                          ] 58% [|||||||||||||||||||||||||||||||||||                         ] 60% [||||||||||||||||||||||||||||||||||||                        ] 61% [||||||||||||||||||||||||||||||||||||                        ] 62% [|||||||||||||||||||||||||||||||||||||                       ] 63% [|||||||||||||||||||||||||||||||||||||                       ] 64% [||||||||||||||||||||||||||||||||||||||                      ] 65% [|||||||||||||||||||||||||||||||||||||||                     ] 66% [|||||||||||||||||||||||||||||||||||||||                     ] 67% [||||||||||||||||||||||||||||||||||||||||                    ] 68% [||||||||||||||||||||||||||||||||||||||||                    ] 69% [|||||||||||||||||||||||||||||||||||||||||                   ] 70% [||||||||||||||||||||||||||||||||||||||||||                  ] 71% [||||||||||||||||||||||||||||||||||||||||||                  ] 72% [|||||||||||||||||||||||||||||||||||||||||||                 ] 73% [|||||||||||||||||||||||||||||||||||||||||||                 ] 74% [||||||||||||||||||||||||||||||||||||||||||||                ] 75% [|||||||||||||||||||||||||||||||||||||||||||||               ] 76% [|||||||||||||||||||||||||||||||||||||||||||||               ] 77% [||||||||||||||||||||||||||||||||||||||||||||||              ] 78% [||||||||||||||||||||||||||||||||||||||||||||||              ] 79% [|||||||||||||||||||||||||||||||||||||||||||||||             ] 80% [||||||||||||||||||||||||||||||||||||||||||||||||            ] 81% [||||||||||||||||||||||||||||||||||||||||||||||||            ] 82% [|||||||||||||||||||||||||||||||||||||||||||||||||           ] 83% [|||||||||||||||||||||||||||||||||||||||||||||||||           ] 84% [||||||||||||||||||||||||||||||||||||||||||||||||||          ] 85% [|||||||||||||||||||||||||||||||||||||||||||||||||||         ] 86% [|||||||||||||||||||||||||||||||||||||||||||||||||||         ] 87% [||||||||||||||||||||||||||||||||||||||||||||||||||||        ] 88% [||||||||||||||||||||||||||||||||||||||||||||||||||||        ] 89% [|||||||||||||||||||||||||||||||||||||||||||||||||||||       ] 90% [||||||||||||||||||||||||||||||||||||||||||||||||||||||      ] 91% [||||||||||||||||||||||||||||||||||||||||||||||||||||||      ] 92% [|||||||||||||||||||||||||||||||||||||||||||||||||||||||     ] 93% [|||||||||||||||||||||||||||||||||||||||||||||||||||||||     ] 94% [||||||||||||||||||||||||||||||||||||||||||||||||||||||||    ] 95% [|||||||||||||||||||||||||||||||||||||||||||||||||||||||||   ] 96% [|||||||||||||||||||||||||||||||||||||||||||||||||||||||||   ] 97% [||||||||||||||||||||||||||||||||||||||||||||||||||||||||||  ] 98% [||||||||||||||||||||||||||||||||||||||||||||||||||||||||||  ] 99% [||||||||||||||||||||||||||||||||||||||||||||||||||||||||||| ]
Peak FLOPs (FP64), GPU ID: 0, workgroupSize:256, workgroups:38912, experiments:100, FLOP:122406567936, duration:1.8 ms, mean:67575.4 GFLOPS, stdev=443.0 GFLOPS
  0% [                                                            ]  1% [                                                            ]  2% [|                                                           ]  3% [|                                                           ]  4% [||                                                          ]  5% [|||                                                         ]  6% [|||                                                         ]  7% [||||                                                        ]  8% [||||                                                        ]  9% [|||||                                                       ] 10% [||||||                                                      ] 11% [||||||                                                      ] 12% [|||||||                                                     ] 13% [|||||||                                                     ] 14% [||||||||                                                    ] 15% [|||||||||                                                   ] 16% [|||||||||                                                   ] 17% [||||||||||                                                  ] 18% [||||||||||                                                  ] 19% [|||||||||||                                                 ] 20% [||||||||||||                                                ] 21% [||||||||||||                                                ] 22% [|||||||||||||                                               ] 23% [|||||||||||||                                               ] 24% [||||||||||||||                                              ] 25% [|||||||||||||||                                             ] 26% [|||||||||||||||                                             ] 27% [||||||||||||||||                                            ] 28% [||||||||||||||||                                            ] 29% [|||||||||||||||||                                           ] 30% [||||||||||||||||||                                          ] 31% [||||||||||||||||||                                          ] 32% [|||||||||||||||||||                                         ] 33% [|||||||||||||||||||                                         ] 34% [||||||||||||||||||||                                        ] 35% [|||||||||||||||||||||                                       ] 36% [|||||||||||||||||||||                                       ] 37% [||||||||||||||||||||||                                      ] 38% [||||||||||||||||||||||                                      ] 39% [|||||||||||||||||||||||                                     ] 40% [||||||||||||||||||||||||                                    ] 41% [||||||||||||||||||||||||                                    ] 42% [|||||||||||||||||||||||||                                   ] 43% [|||||||||||||||||||||||||                                   ] 44% [||||||||||||||||||||||||||                                  ] 45% [|||||||||||||||||||||||||||                                 ] 46% [|||||||||||||||||||||||||||                                 ] 47% [||||||||||||||||||||||||||||                                ] 48% [||||||||||||||||||||||||||||                                ] 49% [|||||||||||||||||||||||||||||                               ] 50% [||||||||||||||||||||||||||||||                              ] 51% [||||||||||||||||||||||||||||||                              ] 52% [|||||||||||||||||||||||||||||||                             ] 52% [|||||||||||||||||||||||||||||||                             ] 54% [||||||||||||||||||||||||||||||||                            ] 55% [|||||||||||||||||||||||||||||||||                           ] 56% [|||||||||||||||||||||||||||||||||                           ] 57% [||||||||||||||||||||||||||||||||||                          ] 58% [||||||||||||||||||||||||||||||||||                          ] 58% [|||||||||||||||||||||||||||||||||||                         ] 60% [||||||||||||||||||||||||||||||||||||                        ] 61% [||||||||||||||||||||||||||||||||||||                        ] 62% [|||||||||||||||||||||||||||||||||||||                       ] 63% [|||||||||||||||||||||||||||||||||||||                       ] 64% [||||||||||||||||||||||||||||||||||||||                      ] 65% [|||||||||||||||||||||||||||||||||||||||                     ] 66% [|||||||||||||||||||||||||||||||||||||||                     ] 67% [||||||||||||||||||||||||||||||||||||||||                    ] 68% [||||||||||||||||||||||||||||||||||||||||                    ] 69% [|||||||||||||||||||||||||||||||||||||||||                   ] 70% [||||||||||||||||||||||||||||||||||||||||||                  ] 71% [||||||||||||||||||||||||||||||||||||||||||                  ] 72% [|||||||||||||||||||||||||||||||||||||||||||                 ] 73% [|||||||||||||||||||||||||||||||||||||||||||                 ] 74% [||||||||||||||||||||||||||||||||||||||||||||                ] 75% [|||||||||||||||||||||||||||||||||||||||||||||               ] 76% [|||||||||||||||||||||||||||||||||||||||||||||               ] 77% [||||||||||||||||||||||||||||||||||||||||||||||              ] 78% [||||||||||||||||||||||||||||||||||||||||||||||              ] 79% [|||||||||||||||||||||||||||||||||||||||||||||||             ] 80% [||||||||||||||||||||||||||||||||||||||||||||||||            ] 81% [||||||||||||||||||||||||||||||||||||||||||||||||            ] 82% [|||||||||||||||||||||||||||||||||||||||||||||||||           ] 83% [|||||||||||||||||||||||||||||||||||||||||||||||||           ] 84% [||||||||||||||||||||||||||||||||||||||||||||||||||          ] 85% [|||||||||||||||||||||||||||||||||||||||||||||||||||         ] 86% [|||||||||||||||||||||||||||||||||||||||||||||||||||         ] 87% [||||||||||||||||||||||||||||||||||||||||||||||||||||        ] 88% [||||||||||||||||||||||||||||||||||||||||||||||||||||        ] 89% [|||||||||||||||||||||||||||||||||||||||||||||||||||||       ] 90% [||||||||||||||||||||||||||||||||||||||||||||||||||||||      ] 91% [||||||||||||||||||||||||||||||||||||||||||||||||||||||      ] 92% [|||||||||||||||||||||||||||||||||||||||||||||||||||||||     ] 93% [|||||||||||||||||||||||||||||||||||||||||||||||||||||||     ] 94% [||||||||||||||||||||||||||||||||||||||||||||||||||||||||    ] 95% [|||||||||||||||||||||||||||||||||||||||||||||||||||||||||   ] 96% [|||||||||||||||||||||||||||||||||||||||||||||||||||||||||   ] 97% [||||||||||||||||||||||||||||||||||||||||||||||||||||||||||  ] 98% [||||||||||||||||||||||||||||||||||||||||||||||||||||||||||  ] 99% [||||||||||||||||||||||||||||||||||||||||||||||||||||||||||| ]
Peak IOPs (INT8), GPU ID: 0, workgroupSize:256, workgroups:38912, experiments:100, IOP:1081258016768, duration:13.2 ms, mean:81772.1 GOPS, stdev=141.2 GOPS
  0% [                                                            ]  1% [                                                            ]  2% [|                                                           ]  3% [|                                                           ]  4% [||                                                          ]  5% [|||                                                         ]  6% [|||                                                         ]  7% [||||                                                        ]  8% [||||                                                        ]  9% [|||||                                                       ] 10% [||||||                                                      ] 11% [||||||                                                      ] 12% [|||||||                                                     ] 13% [|||||||                                                     ] 14% [||||||||                                                    ] 15% [|||||||||                                                   ] 16% [|||||||||                                                   ] 17% [||||||||||                                                  ] 18% [||||||||||                                                  ] 19% [|||||||||||                                                 ] 20% [||||||||||||                                                ] 21% [||||||||||||                                                ] 22% [|||||||||||||                                               ] 23% [|||||||||||||                                               ] 24% [||||||||||||||                                              ] 25% [|||||||||||||||                                             ] 26% [|||||||||||||||                                             ] 27% [||||||||||||||||                                            ] 28% [||||||||||||||||                                            ] 29% [|||||||||||||||||                                           ] 30% [||||||||||||||||||                                          ] 31% [||||||||||||||||||                                          ] 32% [|||||||||||||||||||                                         ] 33% [|||||||||||||||||||                                         ] 34% [||||||||||||||||||||                                        ] 35% [|||||||||||||||||||||                                       ] 36% [|||||||||||||||||||||                                       ] 37% [||||||||||||||||||||||                                      ] 38% [||||||||||||||||||||||                                      ] 39% [|||||||||||||||||||||||                                     ] 40% [||||||||||||||||||||||||                                    ] 41% [||||||||||||||||||||||||                                    ] 42% [|||||||||||||||||||||||||                                   ] 43% [|||||||||||||||||||||||||                                   ] 44% [||||||||||||||||||||||||||                                  ] 45% [|||||||||||||||||||||||||||                                 ] 46% [|||||||||||||||||||||||||||                                 ] 47% [||||||||||||||||||||||||||||                                ] 48% [||||||||||||||||||||||||||||                                ] 49% [|||||||||||||||||||||||||||||                               ] 50% [||||||||||||||||||||||||||||||                              ] 51% [||||||||||||||||||||||||||||||                              ] 52% [|||||||||||||||||||||||||||||||                             ] 52% [|||||||||||||||||||||||||||||||                             ] 54% [||||||||||||||||||||||||||||||||                            ] 55% [|||||||||||||||||||||||||||||||||                           ] 56% [|||||||||||||||||||||||||||||||||                           ] 57% [||||||||||||||||||||||||||||||||||                          ] 58% [||||||||||||||||||||||||||||||||||                          ] 58% [|||||||||||||||||||||||||||||||||||                         ] 60% [||||||||||||||||||||||||||||||||||||                        ] 61% [||||||||||||||||||||||||||||||||||||                        ] 62% [|||||||||||||||||||||||||||||||||||||                       ] 63% [|||||||||||||||||||||||||||||||||||||                       ] 64% [||||||||||||||||||||||||||||||||||||||                      ] 65% [|||||||||||||||||||||||||||||||||||||||                     ] 66% [|||||||||||||||||||||||||||||||||||||||                     ] 67% [||||||||||||||||||||||||||||||||||||||||                    ] 68% [||||||||||||||||||||||||||||||||||||||||                    ] 69% [|||||||||||||||||||||||||||||||||||||||||                   ] 70% [||||||||||||||||||||||||||||||||||||||||||                  ] 71% [||||||||||||||||||||||||||||||||||||||||||                  ] 72% [|||||||||||||||||||||||||||||||||||||||||||                 ] 73% [|||||||||||||||||||||||||||||||||||||||||||                 ] 74% [||||||||||||||||||||||||||||||||||||||||||||                ] 75% [|||||||||||||||||||||||||||||||||||||||||||||               ] 76% [|||||||||||||||||||||||||||||||||||||||||||||               ] 77% [||||||||||||||||||||||||||||||||||||||||||||||              ] 78% [||||||||||||||||||||||||||||||||||||||||||||||              ] 79% [|||||||||||||||||||||||||||||||||||||||||||||||             ] 80% [||||||||||||||||||||||||||||||||||||||||||||||||            ] 81% [||||||||||||||||||||||||||||||||||||||||||||||||            ] 82% [|||||||||||||||||||||||||||||||||||||||||||||||||           ] 83% [|||||||||||||||||||||||||||||||||||||||||||||||||           ] 84% [||||||||||||||||||||||||||||||||||||||||||||||||||          ] 85% [|||||||||||||||||||||||||||||||||||||||||||||||||||         ] 86% [|||||||||||||||||||||||||||||||||||||||||||||||||||         ] 87% [||||||||||||||||||||||||||||||||||||||||||||||||||||        ] 88% [||||||||||||||||||||||||||||||||||||||||||||||||||||        ] 89% [|||||||||||||||||||||||||||||||||||||||||||||||||||||       ] 90% [||||||||||||||||||||||||||||||||||||||||||||||||||||||      ] 91% [||||||||||||||||||||||||||||||||||||||||||||||||||||||      ] 92% [|||||||||||||||||||||||||||||||||||||||||||||||||||||||     ] 93% [|||||||||||||||||||||||||||||||||||||||||||||||||||||||     ] 94% [||||||||||||||||||||||||||||||||||||||||||||||||||||||||    ] 95% [|||||||||||||||||||||||||||||||||||||||||||||||||||||||||   ] 96% [|||||||||||||||||||||||||||||||||||||||||||||||||||||||||   ] 97% [||||||||||||||||||||||||||||||||||||||||||||||||||||||||||  ] 98% [||||||||||||||||||||||||||||||||||||||||||||||||||||||||||  ] 99% [||||||||||||||||||||||||||||||||||||||||||||||||||||||||||| ]
Peak IOPs (INT32), GPU ID: 0, workgroupSize:256, workgroups:38912, experiments:100, IOP:265214230528, duration:3.8 ms, mean:70459.3 GOPS, stdev=559.9 GOPS
  0% [                                                            ]  1% [                                                            ]  2% [|                                                           ]  3% [|                                                           ]  4% [||                                                          ]  5% [|||                                                         ]  6% [|||                                                         ]  7% [||||                                                        ]  8% [||||                                                        ]  9% [|||||                                                       ] 10% [||||||                                                      ] 11% [||||||                                                      ] 12% [|||||||                                                     ] 13% [|||||||                                                     ] 14% [||||||||                                                    ] 15% [|||||||||                                                   ] 16% [|||||||||                                                   ] 17% [||||||||||                                                  ] 18% [||||||||||                                                  ] 19% [|||||||||||                                                 ] 20% [||||||||||||                                                ] 21% [||||||||||||                                                ] 22% [|||||||||||||                                               ] 23% [|||||||||||||                                               ] 24% [||||||||||||||                                              ] 25% [|||||||||||||||                                             ] 26% [|||||||||||||||                                             ] 27% [||||||||||||||||                                            ] 28% [||||||||||||||||                                            ] 29% [|||||||||||||||||                                           ] 30% [||||||||||||||||||                                          ] 31% [||||||||||||||||||                                          ] 32% [|||||||||||||||||||                                         ] 33% [|||||||||||||||||||                                         ] 34% [||||||||||||||||||||                                        ] 35% [|||||||||||||||||||||                                       ] 36% [|||||||||||||||||||||                                       ] 37% [||||||||||||||||||||||                                      ] 38% [||||||||||||||||||||||                                      ] 39% [|||||||||||||||||||||||                                     ] 40% [||||||||||||||||||||||||                                    ] 41% [||||||||||||||||||||||||                                    ] 42% [|||||||||||||||||||||||||                                   ] 43% [|||||||||||||||||||||||||                                   ] 44% [||||||||||||||||||||||||||                                  ] 45% [|||||||||||||||||||||||||||                                 ] 46% [|||||||||||||||||||||||||||                                 ] 47% [||||||||||||||||||||||||||||                                ] 48% [||||||||||||||||||||||||||||                                ] 49% [|||||||||||||||||||||||||||||                               ] 50% [||||||||||||||||||||||||||||||                              ] 51% [||||||||||||||||||||||||||||||                              ] 52% [|||||||||||||||||||||||||||||||                             ] 52% [|||||||||||||||||||||||||||||||                             ] 54% [||||||||||||||||||||||||||||||||                            ] 55% [|||||||||||||||||||||||||||||||||                           ] 56% [|||||||||||||||||||||||||||||||||                           ] 57% [||||||||||||||||||||||||||||||||||                          ] 58% [||||||||||||||||||||||||||||||||||                          ] 58% [|||||||||||||||||||||||||||||||||||                         ] 60% [||||||||||||||||||||||||||||||||||||                        ] 61% [||||||||||||||||||||||||||||||||||||                        ] 62% [|||||||||||||||||||||||||||||||||||||                       ] 63% [|||||||||||||||||||||||||||||||||||||                       ] 64% [||||||||||||||||||||||||||||||||||||||                      ] 65% [|||||||||||||||||||||||||||||||||||||||                     ] 66% [|||||||||||||||||||||||||||||||||||||||                     ] 67% [||||||||||||||||||||||||||||||||||||||||                    ] 68% [||||||||||||||||||||||||||||||||||||||||                    ] 69% [|||||||||||||||||||||||||||||||||||||||||                   ] 70% [||||||||||||||||||||||||||||||||||||||||||                  ] 71% [||||||||||||||||||||||||||||||||||||||||||                  ] 72% [|||||||||||||||||||||||||||||||||||||||||||                 ] 73% [|||||||||||||||||||||||||||||||||||||||||||                 ] 74% [||||||||||||||||||||||||||||||||||||||||||||                ] 75% [|||||||||||||||||||||||||||||||||||||||||||||               ] 76% [|||||||||||||||||||||||||||||||||||||||||||||               ] 77% [||||||||||||||||||||||||||||||||||||||||||||||              ] 78% [||||||||||||||||||||||||||||||||||||||||||||||              ] 79% [|||||||||||||||||||||||||||||||||||||||||||||||             ] 80% [||||||||||||||||||||||||||||||||||||||||||||||||            ] 81% [||||||||||||||||||||||||||||||||||||||||||||||||            ] 82% [|||||||||||||||||||||||||||||||||||||||||||||||||           ] 83% [|||||||||||||||||||||||||||||||||||||||||||||||||           ] 84% [||||||||||||||||||||||||||||||||||||||||||||||||||          ] 85% [|||||||||||||||||||||||||||||||||||||||||||||||||||         ] 86% [|||||||||||||||||||||||||||||||||||||||||||||||||||         ] 87% [||||||||||||||||||||||||||||||||||||||||||||||||||||        ] 88% [||||||||||||||||||||||||||||||||||||||||||||||||||||        ] 89% [|||||||||||||||||||||||||||||||||||||||||||||||||||||       ] 90% [||||||||||||||||||||||||||||||||||||||||||||||||||||||      ] 91% [||||||||||||||||||||||||||||||||||||||||||||||||||||||      ] 92% [|||||||||||||||||||||||||||||||||||||||||||||||||||||||     ] 93% [|||||||||||||||||||||||||||||||||||||||||||||||||||||||     ] 94% [||||||||||||||||||||||||||||||||||||||||||||||||||||||||    ] 95% [|||||||||||||||||||||||||||||||||||||||||||||||||||||||||   ] 96% [|||||||||||||||||||||||||||||||||||||||||||||||||||||||||   ] 97% [||||||||||||||||||||||||||||||||||||||||||||||||||||||||||  ] 98% [||||||||||||||||||||||||||||||||||||||||||||||||||||||||||  ] 99% [||||||||||||||||||||||||||||||||||||||||||||||||||||||||||| ]
Peak IOPs (INT64), GPU ID: 0, workgroupSize:256, workgroups:38912, experiments:100, IOP:122406567936, duration:6.2 ms, mean:19639.1 GOPS, stdev=55.5 GOPS
100% [||||||||||||||||||||||||||||||||||||||||||||||||||||||||||||]
Peak MFMA FLOPs (F4), GPU ID: 0, workgroupSize:256, workgroups:38912, experiments:1, FLOP:0, duration:0.0 ms, mean:0.0 GFLOPS, stdev=0.0 GFLOPS
100% [||||||||||||||||||||||||||||||||||||||||||||||||||||||||||||]
Peak MFMA FLOPs (F6), GPU ID: 0, workgroupSize:256, workgroups:38912, experiments:1, FLOP:0, duration:0.0 ms, mean:0.0 GFLOPS, stdev=0.0 GFLOPS
  0% [                                                            ]  1% [                                                            ]  2% [|                                                           ]  3% [|                                                           ]  4% [||                                                          ]  5% [|||                                                         ]  6% [|||                                                         ]  7% [||||                                                        ]  8% [||||                                                        ]  9% [|||||                                                       ] 10% [||||||                                                      ] 11% [||||||                                                      ] 12% [|||||||                                                     ] 13% [|||||||                                                     ] 14% [||||||||                                                    ] 15% [|||||||||                                                   ] 16% [|||||||||                                                   ] 17% [||||||||||                                                  ] 18% [||||||||||                                                  ] 19% [|||||||||||                                                 ] 20% [||||||||||||                                                ] 21% [||||||||||||                                                ] 22% [|||||||||||||                                               ] 23% [|||||||||||||                                               ] 24% [||||||||||||||                                              ] 25% [|||||||||||||||                                             ] 26% [|||||||||||||||                                             ] 27% [||||||||||||||||                                            ] 28% [||||||||||||||||                                            ] 29% [|||||||||||||||||                                           ] 30% [||||||||||||||||||                                          ] 31% [||||||||||||||||||                                          ] 32% [|||||||||||||||||||                                         ] 33% [|||||||||||||||||||                                         ] 34% [||||||||||||||||||||                                        ] 35% [|||||||||||||||||||||                                       ] 36% [|||||||||||||||||||||                                       ] 37% [||||||||||||||||||||||                                      ] 38% [||||||||||||||||||||||                                      ] 39% [|||||||||||||||||||||||                                     ] 40% [||||||||||||||||||||||||                                    ] 41% [||||||||||||||||||||||||                                    ] 42% [|||||||||||||||||||||||||                                   ] 43% [|||||||||||||||||||||||||                                   ] 44% [||||||||||||||||||||||||||                                  ] 45% [|||||||||||||||||||||||||||                                 ] 46% [|||||||||||||||||||||||||||                                 ] 47% [||||||||||||||||||||||||||||                                ] 48% [||||||||||||||||||||||||||||                                ] 49% [|||||||||||||||||||||||||||||                               ] 50% [||||||||||||||||||||||||||||||                              ] 51% [||||||||||||||||||||||||||||||                              ] 52% [|||||||||||||||||||||||||||||||                             ] 52% [|||||||||||||||||||||||||||||||                             ] 54% [||||||||||||||||||||||||||||||||                            ] 55% [|||||||||||||||||||||||||||||||||                           ] 56% [|||||||||||||||||||||||||||||||||                           ] 57% [||||||||||||||||||||||||||||||||||                          ] 58% [||||||||||||||||||||||||||||||||||                          ] 58% [|||||||||||||||||||||||||||||||||||                         ] 60% [||||||||||||||||||||||||||||||||||||                        ] 61% [||||||||||||||||||||||||||||||||||||                        ] 62% [|||||||||||||||||||||||||||||||||||||                       ] 63% [|||||||||||||||||||||||||||||||||||||                       ] 64% [||||||||||||||||||||||||||||||||||||||                      ] 65% [|||||||||||||||||||||||||||||||||||||||                     ] 66% [|||||||||||||||||||||||||||||||||||||||                     ] 67% [||||||||||||||||||||||||||||||||||||||||                    ] 68% [||||||||||||||||||||||||||||||||||||||||                    ] 69% [|||||||||||||||||||||||||||||||||||||||||                   ] 70% [||||||||||||||||||||||||||||||||||||||||||                  ] 71% [||||||||||||||||||||||||||||||||||||||||||                  ] 72% [|||||||||||||||||||||||||||||||||||||||||||                 ] 73% [|||||||||||||||||||||||||||||||||||||||||||                 ] 74% [||||||||||||||||||||||||||||||||||||||||||||                ] 75% [|||||||||||||||||||||||||||||||||||||||||||||               ] 76% [|||||||||||||||||||||||||||||||||||||||||||||               ] 77% [||||||||||||||||||||||||||||||||||||||||||||||              ] 78% [||||||||||||||||||||||||||||||||||||||||||||||              ] 79% [|||||||||||||||||||||||||||||||||||||||||||||||             ] 80% [||||||||||||||||||||||||||||||||||||||||||||||||            ] 81% [||||||||||||||||||||||||||||||||||||||||||||||||            ] 82% [|||||||||||||||||||||||||||||||||||||||||||||||||           ] 83% [|||||||||||||||||||||||||||||||||||||||||||||||||           ] 84% [||||||||||||||||||||||||||||||||||||||||||||||||||          ] 85% [|||||||||||||||||||||||||||||||||||||||||||||||||||         ] 86% [|||||||||||||||||||||||||||||||||||||||||||||||||||         ] 87% [||||||||||||||||||||||||||||||||||||||||||||||||||||        ] 88% [||||||||||||||||||||||||||||||||||||||||||||||||||||        ] 89% [|||||||||||||||||||||||||||||||||||||||||||||||||||||       ] 90% [||||||||||||||||||||||||||||||||||||||||||||||||||||||      ] 91% [||||||||||||||||||||||||||||||||||||||||||||||||||||||      ] 92% [|||||||||||||||||||||||||||||||||||||||||||||||||||||||     ] 93% [|||||||||||||||||||||||||||||||||||||||||||||||||||||||     ] 94% [||||||||||||||||||||||||||||||||||||||||||||||||||||||||    ] 95% [|||||||||||||||||||||||||||||||||||||||||||||||||||||||||   ] 96% [|||||||||||||||||||||||||||||||||||||||||||||||||||||||||   ] 97% [||||||||||||||||||||||||||||||||||||||||||||||||||||||||||  ] 98% [||||||||||||||||||||||||||||||||||||||||||||||||||||||||||  ] 99% [||||||||||||||||||||||||||||||||||||||||||||||||||||||||||| ]
Peak MFMA FLOPs (F8), GPU ID: 0, workgroupSize:256, workgroups:38912, experiments:100, FLOP:10200547328000, duration:5.4 ms, mean:1899410.5 GFLOPS, stdev=28635.7 GFLOPS
  0% [                                                            ]  1% [                                                            ]  2% [|                                                           ]  3% [|                                                           ]  4% [||                                                          ]  5% [|||                                                         ]  6% [|||                                                         ]  7% [||||                                                        ]  8% [||||                                                        ]  9% [|||||                                                       ] 10% [||||||                                                      ] 11% [||||||                                                      ] 12% [|||||||                                                     ] 13% [|||||||                                                     ] 14% [||||||||                                                    ] 15% [|||||||||                                                   ] 16% [|||||||||                                                   ] 17% [||||||||||                                                  ] 18% [||||||||||                                                  ] 19% [|||||||||||                                                 ] 20% [||||||||||||                                                ] 21% [||||||||||||                                                ] 22% [|||||||||||||                                               ] 23% [|||||||||||||                                               ] 24% [||||||||||||||                                              ] 25% [|||||||||||||||                                             ] 26% [|||||||||||||||                                             ] 27% [||||||||||||||||                                            ] 28% [||||||||||||||||                                            ] 29% [|||||||||||||||||                                           ] 30% [||||||||||||||||||                                          ] 31% [||||||||||||||||||                                          ] 32% [|||||||||||||||||||                                         ] 33% [|||||||||||||||||||                                         ] 34% [||||||||||||||||||||                                        ] 35% [|||||||||||||||||||||                                       ] 36% [|||||||||||||||||||||                                       ] 37% [||||||||||||||||||||||                                      ] 38% [||||||||||||||||||||||                                      ] 39% [|||||||||||||||||||||||                                     ] 40% [||||||||||||||||||||||||                                    ] 41% [||||||||||||||||||||||||                                    ] 42% [|||||||||||||||||||||||||                                   ] 43% [|||||||||||||||||||||||||                                   ] 44% [||||||||||||||||||||||||||                                  ] 45% [|||||||||||||||||||||||||||                                 ] 46% [|||||||||||||||||||||||||||                                 ] 47% [||||||||||||||||||||||||||||                                ] 48% [||||||||||||||||||||||||||||                                ] 49% [|||||||||||||||||||||||||||||                               ] 50% [||||||||||||||||||||||||||||||                              ] 51% [||||||||||||||||||||||||||||||                              ] 52% [|||||||||||||||||||||||||||||||                             ] 52% [|||||||||||||||||||||||||||||||                             ] 54% [||||||||||||||||||||||||||||||||                            ] 55% [|||||||||||||||||||||||||||||||||                           ] 56% [|||||||||||||||||||||||||||||||||                           ] 57% [||||||||||||||||||||||||||||||||||                          ] 58% [||||||||||||||||||||||||||||||||||                          ] 58% [|||||||||||||||||||||||||||||||||||                         ] 60% [||||||||||||||||||||||||||||||||||||                        ] 61% [||||||||||||||||||||||||||||||||||||                        ] 62% [|||||||||||||||||||||||||||||||||||||                       ] 63% [|||||||||||||||||||||||||||||||||||||                       ] 64% [||||||||||||||||||||||||||||||||||||||                      ] 65% [|||||||||||||||||||||||||||||||||||||||                     ] 66% [|||||||||||||||||||||||||||||||||||||||                     ] 67% [||||||||||||||||||||||||||||||||||||||||                    ] 68% [||||||||||||||||||||||||||||||||||||||||                    ] 69% [|||||||||||||||||||||||||||||||||||||||||                   ] 70% [||||||||||||||||||||||||||||||||||||||||||                  ] 71% [||||||||||||||||||||||||||||||||||||||||||                  ] 72% [|||||||||||||||||||||||||||||||||||||||||||                 ] 73% [|||||||||||||||||||||||||||||||||||||||||||                 ] 74% [||||||||||||||||||||||||||||||||||||||||||||                ] 75% [|||||||||||||||||||||||||||||||||||||||||||||               ] 76% [|||||||||||||||||||||||||||||||||||||||||||||               ] 77% [||||||||||||||||||||||||||||||||||||||||||||||              ] 78% [||||||||||||||||||||||||||||||||||||||||||||||              ] 79% [|||||||||||||||||||||||||||||||||||||||||||||||             ] 80% [||||||||||||||||||||||||||||||||||||||||||||||||            ] 81% [||||||||||||||||||||||||||||||||||||||||||||||||            ] 82% [|||||||||||||||||||||||||||||||||||||||||||||||||           ] 83% [|||||||||||||||||||||||||||||||||||||||||||||||||           ] 84% [||||||||||||||||||||||||||||||||||||||||||||||||||          ] 85% [|||||||||||||||||||||||||||||||||||||||||||||||||||         ] 86% [|||||||||||||||||||||||||||||||||||||||||||||||||||         ] 87% [||||||||||||||||||||||||||||||||||||||||||||||||||||        ] 88% [||||||||||||||||||||||||||||||||||||||||||||||||||||        ] 89% [|||||||||||||||||||||||||||||||||||||||||||||||||||||       ] 90% [||||||||||||||||||||||||||||||||||||||||||||||||||||||      ] 91% [||||||||||||||||||||||||||||||||||||||||||||||||||||||      ] 92% [|||||||||||||||||||||||||||||||||||||||||||||||||||||||     ] 93% [|||||||||||||||||||||||||||||||||||||||||||||||||||||||     ] 94% [||||||||||||||||||||||||||||||||||||||||||||||||||||||||    ] 95% [|||||||||||||||||||||||||||||||||||||||||||||||||||||||||   ] 96% [|||||||||||||||||||||||||||||||||||||||||||||||||||||||||   ] 97% [||||||||||||||||||||||||||||||||||||||||||||||||||||||||||  ] 98% [||||||||||||||||||||||||||||||||||||||||||||||||||||||||||  ] 99% [||||||||||||||||||||||||||||||||||||||||||||||||||||||||||| ]
Peak MFMA FLOPs (F16), GPU ID: 0, workgroupSize:256, workgroups:38912, experiments:100, FLOP:5100273664000, duration:5.5 ms, mean:932573.4 GFLOPS, stdev=2996.1 GFLOPS
  0% [                                                            ]  1% [                                                            ]  2% [|                                                           ]  3% [|                                                           ]  4% [||                                                          ]  5% [|||                                                         ]  6% [|||                                                         ]  7% [||||                                                        ]  8% [||||                                                        ]  9% [|||||                                                       ] 10% [||||||                                                      ] 11% [||||||                                                      ] 12% [|||||||                                                     ] 13% [|||||||                                                     ] 14% [||||||||                                                    ] 15% [|||||||||                                                   ] 16% [|||||||||                                                   ] 17% [||||||||||                                                  ] 18% [||||||||||                                                  ] 19% [|||||||||||                                                 ] 20% [||||||||||||                                                ] 21% [||||||||||||                                                ] 22% [|||||||||||||                                               ] 23% [|||||||||||||                                               ] 24% [||||||||||||||                                              ] 25% [|||||||||||||||                                             ] 26% [|||||||||||||||                                             ] 27% [||||||||||||||||                                            ] 28% [||||||||||||||||                                            ] 29% [|||||||||||||||||                                           ] 30% [||||||||||||||||||                                          ] 31% [||||||||||||||||||                                          ] 32% [|||||||||||||||||||                                         ] 33% [|||||||||||||||||||                                         ] 34% [||||||||||||||||||||                                        ] 35% [|||||||||||||||||||||                                       ] 36% [|||||||||||||||||||||                                       ] 37% [||||||||||||||||||||||                                      ] 38% [||||||||||||||||||||||                                      ] 39% [|||||||||||||||||||||||                                     ] 40% [||||||||||||||||||||||||                                    ] 41% [||||||||||||||||||||||||                                    ] 42% [|||||||||||||||||||||||||                                   ] 43% [|||||||||||||||||||||||||                                   ] 44% [||||||||||||||||||||||||||                                  ] 45% [|||||||||||||||||||||||||||                                 ] 46% [|||||||||||||||||||||||||||                                 ] 47% [||||||||||||||||||||||||||||                                ] 48% [||||||||||||||||||||||||||||                                ] 49% [|||||||||||||||||||||||||||||                               ] 50% [||||||||||||||||||||||||||||||                              ] 51% [||||||||||||||||||||||||||||||                              ] 52% [|||||||||||||||||||||||||||||||                             ] 52% [|||||||||||||||||||||||||||||||                             ] 54% [||||||||||||||||||||||||||||||||                            ] 55% [|||||||||||||||||||||||||||||||||                           ] 56% [|||||||||||||||||||||||||||||||||                           ] 57% [||||||||||||||||||||||||||||||||||                          ] 58% [||||||||||||||||||||||||||||||||||                          ] 58% [|||||||||||||||||||||||||||||||||||                         ] 60% [||||||||||||||||||||||||||||||||||||                        ] 61% [||||||||||||||||||||||||||||||||||||                        ] 62% [|||||||||||||||||||||||||||||||||||||                       ] 63% [|||||||||||||||||||||||||||||||||||||                       ] 64% [||||||||||||||||||||||||||||||||||||||                      ] 65% [|||||||||||||||||||||||||||||||||||||||                     ] 66% [|||||||||||||||||||||||||||||||||||||||                     ] 67% [||||||||||||||||||||||||||||||||||||||||                    ] 68% [||||||||||||||||||||||||||||||||||||||||                    ] 69% [|||||||||||||||||||||||||||||||||||||||||                   ] 70% [||||||||||||||||||||||||||||||||||||||||||                  ] 71% [||||||||||||||||||||||||||||||||||||||||||                  ] 72% [|||||||||||||||||||||||||||||||||||||||||||                 ] 73% [|||||||||||||||||||||||||||||||||||||||||||                 ] 74% [||||||||||||||||||||||||||||||||||||||||||||                ] 75% [|||||||||||||||||||||||||||||||||||||||||||||               ] 76% [|||||||||||||||||||||||||||||||||||||||||||||               ] 77% [||||||||||||||||||||||||||||||||||||||||||||||              ] 78% [||||||||||||||||||||||||||||||||||||||||||||||              ] 79% [|||||||||||||||||||||||||||||||||||||||||||||||             ] 80% [||||||||||||||||||||||||||||||||||||||||||||||||            ] 81% [||||||||||||||||||||||||||||||||||||||||||||||||            ] 82% [|||||||||||||||||||||||||||||||||||||||||||||||||           ] 83% [|||||||||||||||||||||||||||||||||||||||||||||||||           ] 84% [||||||||||||||||||||||||||||||||||||||||||||||||||          ] 85% [|||||||||||||||||||||||||||||||||||||||||||||||||||         ] 86% [|||||||||||||||||||||||||||||||||||||||||||||||||||         ] 87% [||||||||||||||||||||||||||||||||||||||||||||||||||||        ] 88% [||||||||||||||||||||||||||||||||||||||||||||||||||||        ] 89% [|||||||||||||||||||||||||||||||||||||||||||||||||||||       ] 90% [||||||||||||||||||||||||||||||||||||||||||||||||||||||      ] 91% [||||||||||||||||||||||||||||||||||||||||||||||||||||||      ] 92% [|||||||||||||||||||||||||||||||||||||||||||||||||||||||     ] 93% [|||||||||||||||||||||||||||||||||||||||||||||||||||||||     ] 94% [||||||||||||||||||||||||||||||||||||||||||||||||||||||||    ] 95% [|||||||||||||||||||||||||||||||||||||||||||||||||||||||||   ] 96% [|||||||||||||||||||||||||||||||||||||||||||||||||||||||||   ] 97% [||||||||||||||||||||||||||||||||||||||||||||||||||||||||||  ] 98% [||||||||||||||||||||||||||||||||||||||||||||||||||||||||||  ] 99% [||||||||||||||||||||||||||||||||||||||||||||||||||||||||||| ]
Peak MFMA FLOPs (BF16), GPU ID: 0, workgroupSize:256, workgroups:38912, experiments:100, FLOP:2550136832000, duration:4.9 ms, mean:520711.0 GFLOPS, stdev=3210.9 GFLOPS
  0% [                                                            ]  1% [                                                            ]  2% [|                                                           ]  3% [|                                                           ]  4% [||                                                          ]  5% [|||                                                         ]  6% [|||                                                         ]  7% [||||                                                        ]  8% [||||                                                        ]  9% [|||||                                                       ] 10% [||||||                                                      ] 11% [||||||                                                      ] 12% [|||||||                                                     ] 13% [|||||||                                                     ] 14% [||||||||                                                    ] 15% [|||||||||                                                   ] 16% [|||||||||                                                   ] 17% [||||||||||                                                  ] 18% [||||||||||                                                  ] 19% [|||||||||||                                                 ] 20% [||||||||||||                                                ] 21% [||||||||||||                                                ] 22% [|||||||||||||                                               ] 23% [|||||||||||||                                               ] 24% [||||||||||||||                                              ] 25% [|||||||||||||||                                             ] 26% [|||||||||||||||                                             ] 27% [||||||||||||||||                                            ] 28% [||||||||||||||||                                            ] 29% [|||||||||||||||||                                           ] 30% [||||||||||||||||||                                          ] 31% [||||||||||||||||||                                          ] 32% [|||||||||||||||||||                                         ] 33% [|||||||||||||||||||                                         ] 34% [||||||||||||||||||||                                        ] 35% [|||||||||||||||||||||                                       ] 36% [|||||||||||||||||||||                                       ] 37% [||||||||||||||||||||||                                      ] 38% [||||||||||||||||||||||                                      ] 39% [|||||||||||||||||||||||                                     ] 40% [||||||||||||||||||||||||                                    ] 41% [||||||||||||||||||||||||                                    ] 42% [|||||||||||||||||||||||||                                   ] 43% [|||||||||||||||||||||||||                                   ] 44% [||||||||||||||||||||||||||                                  ] 45% [|||||||||||||||||||||||||||                                 ] 46% [|||||||||||||||||||||||||||                                 ] 47% [||||||||||||||||||||||||||||                                ] 48% [||||||||||||||||||||||||||||                                ] 49% [|||||||||||||||||||||||||||||                               ] 50% [||||||||||||||||||||||||||||||                              ] 51% [||||||||||||||||||||||||||||||                              ] 52% [|||||||||||||||||||||||||||||||                             ] 52% [|||||||||||||||||||||||||||||||                             ] 54% [||||||||||||||||||||||||||||||||                            ] 55% [|||||||||||||||||||||||||||||||||                           ] 56% [|||||||||||||||||||||||||||||||||                           ] 57% [||||||||||||||||||||||||||||||||||                          ] 58% [||||||||||||||||||||||||||||||||||                          ] 58% [|||||||||||||||||||||||||||||||||||                         ] 60% [||||||||||||||||||||||||||||||||||||                        ] 61% [||||||||||||||||||||||||||||||||||||                        ] 62% [|||||||||||||||||||||||||||||||||||||                       ] 63% [|||||||||||||||||||||||||||||||||||||                       ] 64% [||||||||||||||||||||||||||||||||||||||                      ] 65% [|||||||||||||||||||||||||||||||||||||||                     ] 66% [|||||||||||||||||||||||||||||||||||||||                     ] 67% [||||||||||||||||||||||||||||||||||||||||                    ] 68% [||||||||||||||||||||||||||||||||||||||||                    ] 69% [|||||||||||||||||||||||||||||||||||||||||                   ] 70% [||||||||||||||||||||||||||||||||||||||||||                  ] 71% [||||||||||||||||||||||||||||||||||||||||||                  ] 72% [|||||||||||||||||||||||||||||||||||||||||||                 ] 73% [|||||||||||||||||||||||||||||||||||||||||||                 ] 74% [||||||||||||||||||||||||||||||||||||||||||||                ] 75% [|||||||||||||||||||||||||||||||||||||||||||||               ] 76% [|||||||||||||||||||||||||||||||||||||||||||||               ] 77% [||||||||||||||||||||||||||||||||||||||||||||||              ] 78% [||||||||||||||||||||||||||||||||||||||||||||||              ] 79% [|||||||||||||||||||||||||||||||||||||||||||||||             ] 80% [||||||||||||||||||||||||||||||||||||||||||||||||            ] 81% [||||||||||||||||||||||||||||||||||||||||||||||||            ] 82% [|||||||||||||||||||||||||||||||||||||||||||||||||           ] 83% [|||||||||||||||||||||||||||||||||||||||||||||||||           ] 84% [||||||||||||||||||||||||||||||||||||||||||||||||||          ] 85% [|||||||||||||||||||||||||||||||||||||||||||||||||||         ] 86% [|||||||||||||||||||||||||||||||||||||||||||||||||||         ] 87% [||||||||||||||||||||||||||||||||||||||||||||||||||||        ] 88% [||||||||||||||||||||||||||||||||||||||||||||||||||||        ] 89% [|||||||||||||||||||||||||||||||||||||||||||||||||||||       ] 90% [||||||||||||||||||||||||||||||||||||||||||||||||||||||      ] 91% [||||||||||||||||||||||||||||||||||||||||||||||||||||||      ] 92% [|||||||||||||||||||||||||||||||||||||||||||||||||||||||     ] 93% [|||||||||||||||||||||||||||||||||||||||||||||||||||||||     ] 94% [||||||||||||||||||||||||||||||||||||||||||||||||||||||||    ] 95% [|||||||||||||||||||||||||||||||||||||||||||||||||||||||||   ] 96% [|||||||||||||||||||||||||||||||||||||||||||||||||||||||||   ] 97% [||||||||||||||||||||||||||||||||||||||||||||||||||||||||||  ] 98% [||||||||||||||||||||||||||||||||||||||||||||||||||||||||||  ] 99% [||||||||||||||||||||||||||||||||||||||||||||||||||||||||||| ]
Peak MFMA FLOPs (F32), GPU ID: 0, workgroupSize:256, workgroups:38912, experiments:100, FLOP:1275068416000, duration:9.1 ms, mean:140452.6 GFLOPS, stdev=816.3 GFLOPS
  0% [                                                            ]  1% [                                                            ]  2% [|                                                           ]  3% [|                                                           ]  4% [||                                                          ]  5% [|||                                                         ]  6% [|||                                                         ]  7% [||||                                                        ]  8% [||||                                                        ]  9% [|||||                                                       ] 10% [||||||                                                      ] 11% [||||||                                                      ] 12% [|||||||                                                     ] 13% [|||||||                                                     ] 14% [||||||||                                                    ] 15% [|||||||||                                                   ] 16% [|||||||||                                                   ] 17% [||||||||||                                                  ] 18% [||||||||||                                                  ] 19% [|||||||||||                                                 ] 20% [||||||||||||                                                ] 21% [||||||||||||                                                ] 22% [|||||||||||||                                               ] 23% [|||||||||||||                                               ] 24% [||||||||||||||                                              ] 25% [|||||||||||||||                                             ] 26% [|||||||||||||||                                             ] 27% [||||||||||||||||                                            ] 28% [||||||||||||||||                                            ] 29% [|||||||||||||||||                                           ] 30% [||||||||||||||||||                                          ] 31% [||||||||||||||||||                                          ] 32% [|||||||||||||||||||                                         ] 33% [|||||||||||||||||||                                         ] 34% [||||||||||||||||||||                                        ] 35% [|||||||||||||||||||||                                       ] 36% [|||||||||||||||||||||                                       ] 37% [||||||||||||||||||||||                                      ] 38% [||||||||||||||||||||||                                      ] 39% [|||||||||||||||||||||||                                     ] 40% [||||||||||||||||||||||||                                    ] 41% [||||||||||||||||||||||||                                    ] 42% [|||||||||||||||||||||||||                                   ] 43% [|||||||||||||||||||||||||                                   ] 44% [||||||||||||||||||||||||||                                  ] 45% [|||||||||||||||||||||||||||                                 ] 46% [|||||||||||||||||||||||||||                                 ] 47% [||||||||||||||||||||||||||||                                ] 48% [||||||||||||||||||||||||||||                                ] 49% [|||||||||||||||||||||||||||||                               ] 50% [||||||||||||||||||||||||||||||                              ] 51% [||||||||||||||||||||||||||||||                              ] 52% [|||||||||||||||||||||||||||||||                             ] 52% [|||||||||||||||||||||||||||||||                             ] 54% [||||||||||||||||||||||||||||||||                            ] 55% [|||||||||||||||||||||||||||||||||                           ] 56% [|||||||||||||||||||||||||||||||||                           ] 57% [||||||||||||||||||||||||||||||||||                          ] 58% [||||||||||||||||||||||||||||||||||                          ] 58% [|||||||||||||||||||||||||||||||||||                         ] 60% [||||||||||||||||||||||||||||||||||||                        ] 61% [||||||||||||||||||||||||||||||||||||                        ] 62% [|||||||||||||||||||||||||||||||||||||                       ] 63% [|||||||||||||||||||||||||||||||||||||                       ] 64% [||||||||||||||||||||||||||||||||||||||                      ] 65% [|||||||||||||||||||||||||||||||||||||||                     ] 66% [|||||||||||||||||||||||||||||||||||||||                     ] 67% [||||||||||||||||||||||||||||||||||||||||                    ] 68% [||||||||||||||||||||||||||||||||||||||||                    ] 69% [|||||||||||||||||||||||||||||||||||||||||                   ] 70% [||||||||||||||||||||||||||||||||||||||||||                  ] 71% [||||||||||||||||||||||||||||||||||||||||||                  ] 72% [|||||||||||||||||||||||||||||||||||||||||||                 ] 73% [|||||||||||||||||||||||||||||||||||||||||||                 ] 74% [||||||||||||||||||||||||||||||||||||||||||||                ] 75% [|||||||||||||||||||||||||||||||||||||||||||||               ] 76% [|||||||||||||||||||||||||||||||||||||||||||||               ] 77% [||||||||||||||||||||||||||||||||||||||||||||||              ] 78% [||||||||||||||||||||||||||||||||||||||||||||||              ] 79% [|||||||||||||||||||||||||||||||||||||||||||||||             ] 80% [||||||||||||||||||||||||||||||||||||||||||||||||            ] 81% [||||||||||||||||||||||||||||||||||||||||||||||||            ] 82% [|||||||||||||||||||||||||||||||||||||||||||||||||           ] 83% [|||||||||||||||||||||||||||||||||||||||||||||||||           ] 84% [||||||||||||||||||||||||||||||||||||||||||||||||||          ] 85% [|||||||||||||||||||||||||||||||||||||||||||||||||||         ] 86% [|||||||||||||||||||||||||||||||||||||||||||||||||||         ] 87% [||||||||||||||||||||||||||||||||||||||||||||||||||||        ] 88% [||||||||||||||||||||||||||||||||||||||||||||||||||||        ] 89% [|||||||||||||||||||||||||||||||||||||||||||||||||||||       ] 90% [||||||||||||||||||||||||||||||||||||||||||||||||||||||      ] 91% [||||||||||||||||||||||||||||||||||||||||||||||||||||||      ] 92% [|||||||||||||||||||||||||||||||||||||||||||||||||||||||     ] 93% [|||||||||||||||||||||||||||||||||||||||||||||||||||||||     ] 94% [||||||||||||||||||||||||||||||||||||||||||||||||||||||||    ] 95% [|||||||||||||||||||||||||||||||||||||||||||||||||||||||||   ] 96% [|||||||||||||||||||||||||||||||||||||||||||||||||||||||||   ] 97% [||||||||||||||||||||||||||||||||||||||||||||||||||||||||||  ] 98% [||||||||||||||||||||||||||||||||||||||||||||||||||||||||||  ] 99% [||||||||||||||||||||||||||||||||||||||||||||||||||||||||||| ]
Peak MFMA FLOPs (F64), GPU ID: 0, workgroupSize:256, workgroups:38912, experiments:100, FLOP:637534208000, duration:4.4 ms, mean:145398.5 GFLOPS, stdev=540.4 GFLOPS
  0% [                                                            ]  1% [                                                            ]  2% [|                                                           ]  3% [|                                                           ]  4% [||                                                          ]  5% [|||                                                         ]  6% [|||                                                         ]  7% [||||                                                        ]  8% [||||                                                        ]  9% [|||||                                                       ] 10% [||||||                                                      ] 11% [||||||                                                      ] 12% [|||||||                                                     ] 13% [|||||||                                                     ] 14% [||||||||                                                    ] 15% [|||||||||                                                   ] 16% [|||||||||                                                   ] 17% [||||||||||                                                  ] 18% [||||||||||                                                  ] 19% [|||||||||||                                                 ] 20% [||||||||||||                                                ] 21% [||||||||||||                                                ] 22% [|||||||||||||                                               ] 23% [|||||||||||||                                               ] 24% [||||||||||||||                                              ] 25% [|||||||||||||||                                             ] 26% [|||||||||||||||                                             ] 27% [||||||||||||||||                                            ] 28% [||||||||||||||||                                            ] 29% [|||||||||||||||||                                           ] 30% [||||||||||||||||||                                          ] 31% [||||||||||||||||||                                          ] 32% [|||||||||||||||||||                                         ] 33% [|||||||||||||||||||                                         ] 34% [||||||||||||||||||||                                        ] 35% [|||||||||||||||||||||                                       ] 36% [|||||||||||||||||||||                                       ] 37% [||||||||||||||||||||||                                      ] 38% [||||||||||||||||||||||                                      ] 39% [|||||||||||||||||||||||                                     ] 40% [||||||||||||||||||||||||                                    ] 41% [||||||||||||||||||||||||                                    ] 42% [|||||||||||||||||||||||||                                   ] 43% [|||||||||||||||||||||||||                                   ] 44% [||||||||||||||||||||||||||                                  ] 45% [|||||||||||||||||||||||||||                                 ] 46% [|||||||||||||||||||||||||||                                 ] 47% [||||||||||||||||||||||||||||                                ] 48% [||||||||||||||||||||||||||||                                ] 49% [|||||||||||||||||||||||||||||                               ] 50% [||||||||||||||||||||||||||||||                              ] 51% [||||||||||||||||||||||||||||||                              ] 52% [|||||||||||||||||||||||||||||||                             ] 52% [|||||||||||||||||||||||||||||||                             ] 54% [||||||||||||||||||||||||||||||||                            ] 55% [|||||||||||||||||||||||||||||||||                           ] 56% [|||||||||||||||||||||||||||||||||                           ] 57% [||||||||||||||||||||||||||||||||||                          ] 58% [||||||||||||||||||||||||||||||||||                          ] 58% [|||||||||||||||||||||||||||||||||||                         ] 60% [||||||||||||||||||||||||||||||||||||                        ] 61% [||||||||||||||||||||||||||||||||||||                        ] 62% [|||||||||||||||||||||||||||||||||||||                       ] 63% [|||||||||||||||||||||||||||||||||||||                       ] 64% [||||||||||||||||||||||||||||||||||||||                      ] 65% [|||||||||||||||||||||||||||||||||||||||                     ] 66% [|||||||||||||||||||||||||||||||||||||||                     ] 67% [||||||||||||||||||||||||||||||||||||||||                    ] 68% [||||||||||||||||||||||||||||||||||||||||                    ] 69% [|||||||||||||||||||||||||||||||||||||||||                   ] 70% [||||||||||||||||||||||||||||||||||||||||||                  ] 71% [||||||||||||||||||||||||||||||||||||||||||                  ] 72% [|||||||||||||||||||||||||||||||||||||||||||                 ] 73% [|||||||||||||||||||||||||||||||||||||||||||                 ] 74% [||||||||||||||||||||||||||||||||||||||||||||                ] 75% [|||||||||||||||||||||||||||||||||||||||||||||               ] 76% [|||||||||||||||||||||||||||||||||||||||||||||               ] 77% [||||||||||||||||||||||||||||||||||||||||||||||              ] 78% [||||||||||||||||||||||||||||||||||||||||||||||              ] 79% [|||||||||||||||||||||||||||||||||||||||||||||||             ] 80% [||||||||||||||||||||||||||||||||||||||||||||||||            ] 81% [||||||||||||||||||||||||||||||||||||||||||||||||            ] 82% [|||||||||||||||||||||||||||||||||||||||||||||||||           ] 83% [|||||||||||||||||||||||||||||||||||||||||||||||||           ] 84% [||||||||||||||||||||||||||||||||||||||||||||||||||          ] 85% [|||||||||||||||||||||||||||||||||||||||||||||||||||         ] 86% [|||||||||||||||||||||||||||||||||||||||||||||||||||         ] 87% [||||||||||||||||||||||||||||||||||||||||||||||||||||        ] 88% [||||||||||||||||||||||||||||||||||||||||||||||||||||        ] 89% [|||||||||||||||||||||||||||||||||||||||||||||||||||||       ] 90% [||||||||||||||||||||||||||||||||||||||||||||||||||||||      ] 91% [||||||||||||||||||||||||||||||||||||||||||||||||||||||      ] 92% [|||||||||||||||||||||||||||||||||||||||||||||||||||||||     ] 93% [|||||||||||||||||||||||||||||||||||||||||||||||||||||||     ] 94% [||||||||||||||||||||||||||||||||||||||||||||||||||||||||    ] 95% [|||||||||||||||||||||||||||||||||||||||||||||||||||||||||   ] 96% [|||||||||||||||||||||||||||||||||||||||||||||||||||||||||   ] 97% [||||||||||||||||||||||||||||||||||||||||||||||||||||||||||  ] 98% [||||||||||||||||||||||||||||||||||||||||||||||||||||||||||  ] 99% [||||||||||||||||||||||||||||||||||||||||||||||||||||||||||| ]
Peak MFMA IOPs (I8), GPU ID: 0, workgroupSize:256, workgroups:38912, experiments:100, IOP:5100273664000, duration:5.1 ms, mean:992081.2 GOPS, stdev=5282.3 GOPS

   [32mINFO[0m [roofline] Empirical Roofline PDFs saved!
   [32mINFO[0m [roofline] Checking for roofline.csv in /root/rocm-examples/Applications/fdtd_profile/workloads/main_bp_all/MI300X_A1
   [32mINFO[0m [roofline] Empirical Roofline PDFs saved!
rocprof-compute analyze -p workloads/main_bp_all/MI300X_A1/ -b 3

                                 __                                       _
 _ __ ___   ___ _ __  _ __ ___  / _|       ___ ___  _ __ ___  _ __  _   _| |_ ___
| '__/ _ \ / __| '_ \| '__/ _ \| |_ _____ / __/ _ \| '_ ` _ \| '_ \| | | | __/ _ \
| | | (_) | (__| |_) | | | (_) |  _|_____| (_| (_) | | | | | | |_) | |_| | ||  __/
|_|  \___/ \___| .__/|_|  \___/|_|        \___\___/|_| |_| |_| .__/ \__,_|\__\___|
               |_|                                           |_|

   [32mINFO[0m Analysis mode = cli
   [32mINFO[0m fatal: not a git repository (or any of the parent directories): .git
   [32mINFO[0m [analysis] deriving rocprofiler-compute metrics...
  [31mERROR[0m PC sampling: can not read /root/rocm-examples/Applications/fdtd_profile/workloads/main_bp_all/MI300X_A1/ps_file_kernel_trace.csv
[33mWARNING[0m Failed to evaluate expression '
to_round(to_avg(
(raw_pmc_df['pmc_perf']['TCP_TCP_LATENCY_sum'] / raw_pmc_df['pmc_perf']['TCP_TA_TCP_STATE_READ_sum']).where((raw_pmc_df['pmc_perf']['TCP_TA_TCP_STATE_READ_sum'] != 0), None)), 0)
': 'TCP_TCP_LATENCY_sum'.

--------------------------------------------------------------------------------
0. Top Stats
0.1 Top Kernels
╒═════════╤══════════════════════════════════════════╤═════════╤══════════════╤════════════╤══════════════╤═══════╕
│   index │ Kernel_Name                              │   Count │      Sum(ns) │   Mean(ns) │   Median(ns) │   Pct │
╞═════════╪══════════════════════════════════════════╪═════════╪══════════════╪════════════╪══════════════╪═══════╡
│       0 │ updateH_kernel(FDTD_Setup, float*, float │   90.00 │ 246305464.77 │ 2736727.39 │   2699345.64 │ 53.80 │
│         │  const*, float const*, float*, float*, f │         │              │            │              │       │
│         │ loat, float, unsigned int, unsigned i... │         │              │            │              │       │
├─────────┼──────────────────────────────────────────┼─────────┼──────────────┼────────────┼──────────────┼───────┤
│       1 │ updateEz_kernel(FDTD_Setup, Medium_Param │   30.00 │  83736519.41 │ 2791217.31 │   2739601.80 │ 18.29 │
│         │ s, float*, float const*, float const*)   │         │              │            │              │       │
├─────────┼──────────────────────────────────────────┼─────────┼──────────────┼────────────┼──────────────┼───────┤
│       2 │ updateEx_kernel(FDTD_Setup, Medium_Param │   30.00 │  64230759.30 │ 2141025.31 │   2089635.54 │ 14.03 │
│         │ s, float*, float const*, float const*)   │         │              │            │              │       │
├─────────┼──────────────────────────────────────────┼─────────┼──────────────┼────────────┼──────────────┼───────┤
│       3 │ updateEy_kernel(FDTD_Setup, Medium_Param │   30.00 │  63454688.88 │ 2115156.30 │   2115159.05 │ 13.86 │
│         │ s, float*, float const*, float const*)   │         │              │            │              │       │
├─────────┼──────────────────────────────────────────┼─────────┼──────────────┼────────────┼──────────────┼───────┤
│       4 │ apply_source_kernel(FDTD_Setup, float*,  │   30.00 │     51993.48 │    1733.12 │      1704.14 │  0.01 │
│         │ float)                                   │         │              │            │              │       │
├─────────┼──────────────────────────────────────────┼─────────┼──────────────┼────────────┼──────────────┼───────┤
│       5 │ __amd_rocclr_fillBufferAligned           │    6.00 │     27150.98 │    4525.16 │      4518.81 │  0.01 │
╘═════════╧══════════════════════════════════════════╧═════════╧══════════════╧════════════╧══════════════╧═══════╛
0.2 Dispatch List
╒═════════╤═══════════════╤══════════════════════════════════════════════════════════════════════════════════╤══════════╕
│   index │   Dispatch_ID │ Kernel_Name                                                                      │   GPU_ID │
╞═════════╪═══════════════╪══════════════════════════════════════════════════════════════════════════════════╪══════════╡
│       0 │             0 │ __amd_rocclr_fillBufferAligned                                                   │        0 │
├─────────┼───────────────┼──────────────────────────────────────────────────────────────────────────────────┼──────────┤
│       1 │             1 │ __amd_rocclr_fillBufferAligned                                                   │        0 │
├─────────┼───────────────┼──────────────────────────────────────────────────────────────────────────────────┼──────────┤
│       2 │             2 │ __amd_rocclr_fillBufferAligned                                                   │        0 │
├─────────┼───────────────┼──────────────────────────────────────────────────────────────────────────────────┼──────────┤
│       3 │             3 │ __amd_rocclr_fillBufferAligned                                                   │        0 │
├─────────┼───────────────┼──────────────────────────────────────────────────────────────────────────────────┼──────────┤
│       4 │             4 │ __amd_rocclr_fillBufferAligned                                                   │        0 │
├─────────┼───────────────┼──────────────────────────────────────────────────────────────────────────────────┼──────────┤
│       5 │             5 │ __amd_rocclr_fillBufferAligned                                                   │        0 │
├─────────┼───────────────┼──────────────────────────────────────────────────────────────────────────────────┼──────────┤
│       6 │             6 │ apply_source_kernel(FDTD_Setup, float*, float)                                   │        0 │
├─────────┼───────────────┼──────────────────────────────────────────────────────────────────────────────────┼──────────┤
│       7 │             7 │ updateH_kernel(FDTD_Setup, float*, float const*, float const*, float*, float*, f │        0 │
│         │               │ loat, float, unsigned int, unsigned int, unsigned int, unsigned int, unsigned in │          │
│         │               │ t)                                                                               │          │
├─────────┼───────────────┼──────────────────────────────────────────────────────────────────────────────────┼──────────┤
│       8 │             8 │ updateH_kernel(FDTD_Setup, float*, float const*, float const*, float*, float*, f │        0 │
│         │               │ loat, float, unsigned int, unsigned int, unsigned int, unsigned int, unsigned in │          │
│         │               │ t)                                                                               │          │
├─────────┼───────────────┼──────────────────────────────────────────────────────────────────────────────────┼──────────┤
│       9 │             9 │ updateH_kernel(FDTD_Setup, float*, float const*, float const*, float*, float*, f │        0 │
│         │               │ loat, float, unsigned int, unsigned int, unsigned int, unsigned int, unsigned in │          │
│         │               │ t)                                                                               │          │
╘═════════╧═══════════════╧══════════════════════════════════════════════════════════════════════════════════╧══════════╛


--------------------------------------------------------------------------------
3. Memory Chart
3.1 Memory Chart
⣀⣀⣀⣀⣀⣀⣀⣀⣀⣀⣀⣀⣀⣀⣀⣀⣀⣀⣀⣀⣀⣀⣀⣀⣀⣀⣀⣀⣀⣀⣀⣀⣀⣀⣀⣀⣀⣀⣀⣀⣀⣀⣀⣀⣀⣀⣀⣀⣀⣀⣀⣀⣀⣀⣀⣀⣀⣀⣀⣀⣀⣀⣀⣀⣀⣀⣀⣀⣀⣀⣀⣀⣀⣀⣀⣀⣀⣀⣀⣀⣀⣀⣀⣀⣀⣀⣀⣀⣀⣀⣀⣀⣀⣀⣀⣀⣀⣀⣀⣀⣀⣀⣀⣀⣀⣀⣀⣀⣀⣀⣀⣀⣀⣀⣀⣀⣀⣀⣀⣀⣀⣀⣀⣀⣀⣀⣀⣀⣀⣀⣀⣀⣀⣀⣀⣀⣀⣀⣀⣀⣀⣀⣀⣀⣀⣀⣀⣀⣀⣀⣀⣀⣀⣀⣀⣀⣀⣀⣀⣀⣀⣀⣀⣀⣀⣀⣀⣀⣀⣀⣀⣀⣀⣀⣀⣀⣀⣀⣀⣀⣀⣀⣀⣀⣀⣀⣀⣀⣀⣀⣀⣀⣀⣀⣀⣀⣀⣀⣀⣀⣀⣀⣀⣀⣀⣀⣀⣀⣀⣀⣀⣀⣀⣀⣀⣀⣀⣀⣀⣀⣀⣀⣀⣀⣀⣀⣀⣀⣀⣀⣀⣀⣀⡀
⡇⠀⠀⠀⠀⠀⠀⠀⠀⠀⠀⠀⠀⠀⠀⠀⠀⠀⠀⠀⠀⠀⠀⠀⠀⠀⠀⠀⠀⠀⠀⠀⠀⠀⠀⠀⠀⠀⠀⠀⠀⠀⠀⠀⠀⠀⠀⠀⠀⠀⠀⠀⠀⠀⠀⠀⠀⠀⠀⠀⠀⠀⠀⠀⠀⠀⠀⠀⠀⠀⠀⠀⠀⠀⠀⠀⠀⠀⠀⠀⠀⠀⠀⠀⠀⠀⠀⠀⠀⠀⠀⠀⠀⠀⠀⠀⠀⠀⠀⠀⠀⠀⠀⠀⠀⠀⠀⠀⠀⠀⠀⠀⠀⠀⠀⠀⠀⠀⠀⠀⠀⠀⠀⠀⠀⠀⠀⠀⠀⠀⠀⠀⠀⠀⠀⠀⠀⠀⠀⠀⠀⠀⠀⠀⠀⠀⠀⠀⠀⠀⠀⠀⠀⠀⠀⠀⠀⠀⠀⠀⠀⠀⠀⠀⠀⠀⠀⠀⠀⠀⠀⠀⠀⠀⠀⠀⠀⠀⠀⠀⠀⠀⠀⠀⠀⠀⠀⠀⠀⠀⠀⠀⠀⠀⠀⠀⠀⠀⠀⠀⠀⠀⠀⠀⠀⠀⠀⠀⠀⠀⠀⠀⠀⠀⠀⠀⠀⠀⠀⠀⠀⠀⠀⠀⠀⠀⠀⠀⠀⠀⠀⠀⠀⡇
⡇⠀(Normalization: per_kernel)⠀⠀⠀⠀⠀⠀⠀⠀⠀⠀⠀⠀⠀⠀⠀⠀⠀⠀⠀⠀⠀⠀⠀⠀⠀⠀⠀⠀⠀⠀⠀⠀⠀⠀⠀⠀⠀⠀⠀⠀⠀⠀⠀⠀⠀⠀⠀⠀⠀⠀⠀⠀⠀⠀⠀⠀⠀⠀⠀⠀⠀⠀⠀⠀⠀⠀⠀⠀⠀⠀⠀⠀⠀⠀⠀⠀⠀⠀⠀⠀⠀⠀⠀⠀⠀⠀⠀⠀⠀⠀⠀⠀⠀⠀⠀⠀⠀⠀⠀⠀⠀⠀⠀⠀⠀⠀⠀⠀⠀⠀⠀⠀⠀⠀⠀⠀⠀⠀⠀⠀⠀⠀⠀⠀⠀⠀⠀⠀⠀⠀⠀⠀⠀⠀⠀⠀⠀⠀⠀⠀⠀⠀⠀⠀⠀⠀⠀⠀⠀⠀⠀⠀⠀⠀⠀⠀⠀⠀⠀⠀⠀⠀⠀⠀⠀⠀⠀⠀⠀⠀⠀⠀⠀⠀⠀⠀⠀⠀⠀⠀⠀⠀⠀⠀⠀⠀⠀⠀⠀⠀⠀⠀⠀⠀⠀⠀⠀⠀⠀⠀⠀⠀⠀⠀⡇
⡇⠀⠀⠀⠀⠀⠀⠀⠀⠀⠀⠀⠀⠀⠀⠀⠀⠀⠀⠀⠀⠀⠀⠀⠀⠀⠀⠀⠀⠀⠀⠀⠀⠀⠀⠀⠀⠀⠀⠀⠀⠀⠀⠀⠀⠀⠀⠀⠀⠀⠀⠀⠀⠀⠀⠀⠀⠀⠀⠀⠀⠀⠀⠀⠀⠀⠀⠀⠀⠀⠀⠀⠀⠀⠀⠀⠀⠀⠀⠀⠀⠀⠀⠀⠀⠀⠀⠀⠀⠀⠀⠀⠀⠀⠀⠀⠀⠀⠀⠀⠀⠀⠀⠀⠀⠀⠀⠀⠀⠀⠀⠀⠀⠀⠀⠀⠀⠀⠀⠀⠀⠀⠀⠀⠀⠀⠀⠀⠀⠀⠀⠀⠀⠀⠀⠀⠀⠀⠀⠀⠀⠀⠀⠀⠀⠀⠀⠀⠀⠀⠀⠀⠀⠀⠀⠀⠀⠀⠀⠀⠀⠀⠀⠀⠀⠀⠀⠀⠀⠀⠀⠀⠀⠀⠀⠀⠀⠀⠀⠀⠀⠀⠀⠀⠀⠀⠀⠀⠀⠀⠀⠀⠀⠀⠀⠀⠀⠀⠀⠀⠀⠀⠀⠀⠀⠀⠀⠀⠀⠀⠀⠀⠀⠀⠀⠀⠀⠀⠀⠀⠀⠀⠀⠀⠀⠀⠀⠀⠀⠀⠀⠀⠀⡇
⡇⠀Instr Buff⠀⠀⠀⠀⠀⠀⠀⠀⠀⠀⠀⠀⠀⠀⠀⠀⠀⠀⠀⠀⠀⠀⠀⠀⠀⠀Instr Dispatch⠀⠀⠀⠀⠀⠀Exec⠀⠀⠀⠀⠀⠀⠀⠀⠀⠀⠀⠀⠀⠀⠀⠀⠀⠀⠀⠀⠀⠀⠀⠀⠀⠀⠀⠀⠀⠀⠀⠀⠀LDS⠀⠀⠀⠀⠀⠀⠀⠀⠀⠀⠀⠀⠀⠀⠀⠀⠀⠀⠀⠀⠀⠀⠀⠀⠀⠀⠀⠀⠀⠀⠀⠀⠀⠀⠀⠀⠀⠀⠀⠀L2 Cache⠀⠀⠀⠀⠀⠀⠀⠀⠀⠀⠀⠀⠀⠀⠀⠀⠀⠀⠀⠀⠀⠀⠀⠀⠀⠀⠀⠀⠀⠀⠀⠀⠀⠀⠀⠀⠀⠀⠀⠀⠀⠀⠀⠀⠀⠀⠀⠀⠀⠀⠀⠀⠀⠀⠀⠀⠀⠀⠀⠀⠀⠀⠀⠀⠀⠀⠀⠀⠀⠀⠀⠀⠀⠀⠀⠀⠀⠀⠀⠀⠀⠀⠀⠀⠀⠀⠀⡇
⡇⠀⠀⠀⣀⣀⣀⣀⣀⣀⣀⣀⣀⣀⣀⣀⣀⣀⣀⣀⣀⣀⣀⣀⣀⣀⣀⣀⣀⡀⠀⠀⡀⠀⠀⠀⠀⠀⠀⠀⠀⠀⠀⠀⠀⠀⠀⠀⠀⠀⠀⠀⠀⠀⠀⠀⠀⠀⣀⣀⣀⣀⣀⣀⣀⣀⣀⣀⣀⣀⣀⣀⣀⣀⣀⣀⣀⣀⡀⠀⠀⠀⠀⠀⠀⠀⠀⠀⠀⠀⠀⠀⠀⠀⠀⣀⣀⣀⣀⣀⣀⣀⣀⣀⣀⣀⣀⣀⣀⣀⣀⣀⣀⣀⣀⣀⣀⣀⣀⡀⠀⠀⠀⠀⠀⠀⠀⠀⠀⠀⠀⠀⠀⠀⠀⠀⠀⠀⣀⣀⣀⣀⣀⣀⣀⣀⣀⣀⣀⣀⣀⣀⣀⣀⣀⣀⣀⣀⣀⣀⣀⣀⡀⠀⠀⠀⠀⠀⠀⠀⠀⠀⠀⠀⠀⠀⠀⠀⠀⠀⠀⠀⠀⠀⠀⠀⠀⠀⣀⣀⣀⣀⣀⣀⣀⣀⣀⣀⡀⠀⠀⠀⠀⠀⠀⠀⠀⠀⠀⠀⠀⠀⠀⠀⠀⠀⠀⠀⠀⠀⠀⠀⠀⠀⠀⠀⠀⠀⠀⠀⠀⠀⠀⡇
⡇⠀⣀⣖⣗⣒⣒⣒⣒⣒⣒⣒⣒⣒⣒⣒⣒⣒⣒⣒⣒⣒⣒⣒⣒⣒⣒⡒⡆⡇⠀⠀⡏⠢⢄⠀⠀⠀⠀⠀⠀SALU: 340030⠀⠀⠀⠀⠀⡇⠀⠀⠀⠀⠀⠀⠀⠀⠀⠀⠀⠀⠀⠀⠀⠀⠀⠀⠀⡇⠀⠀⠀⠀⠀⠀⠀⠀⠀⠀⠀⠀⠀⠀⠀⠀⡇⠀⠀⠀⠀⠀⠀⠀⠀⠀⠀⠀⠀⠀⠀⠀⠀⠀⠀⠀⠀⠀⠀⠀⡇⠀⠀⠀⠀⠀⠀⠀⠀⠀⠀⠀⠀⠀⠀⠀⠀⠀⠀⡇⠀⠀⠀⠀⠀⠀⠀⠀⠀⠀⠀⠀⠀⠀⠀⠀⠀⠀⠀⠀⠀⠀⠀⡇⠀⠀⠀⠀⠀⠀⠀⠀⠀⠀⠀⠀⠀⠀⠀⠀⠀⠀⠀⠀⠀⠀⠀⠀⠀⡇⠀⠀⠀⠀⠀⠀⠀⠀⠀⡇⠀⠀⠀⠀⠀⠀⠀⠀⠀⠀⠀⠀⠀⠀⠀⠀⠀⠀⠀⠀⠀⠀⠀⠀⠀⠀⠀⠀⠀⠀⠀⠀⠀⠀⡇
⡇⠀⡇⡇⡇⠀⣀⣀⣀⣀⣀⣀⣀⣀⣀⣀⣀⣀⣀⣀⣀⣀⣀⣀⣀⡀⠀⡇⡇⡇⠀⠀⡇⠀⠀⠑⡆⠀------------------>⠀⡇⠀Active CUs⠀⠀⠀⠀⠀⠀⠀⠀⡇⠀⠀Req:    0⠀⠀⠀⠀⠀⡇⠀Util:      0 %⠀⠀⠀⠀⠀⠀⠀⠀⡇⠀⠀⠀⠀⠀⠀⠀⠀⠀⠀⠀⠀⠀⠀⠀⠀⠀⠀⡇⠀⠀⠀⠀⠀⠀⠀⠀⠀⠀⠀⠀⠀⠀⠀⠀⠀⠀⠀⠀⠀⠀⠀⡇⠀⠀⠀⠀⠀⠀⠀⠀⠀⠀⠀⠀⠀⠀⠀⠀⠀⠀⠀⠀⠀⠀⠀⠀⠀⡇xGMI/PCIe⡇⠀⠀⠀⠀⠀⠀⠀⠀⠀⠀⠀⠀⠀⠀⠀⠀⠀⠀⠀⠀⠀⠀⠀⠀⠀⠀⠀⠀⠀⠀⠀⠀⠀⠀⡇
⡇⠀⡇⡇⡇⠀⡇Wave   0 Instr Buf⡇⠀⡇⡇⡇⠀⠀⡇⠀⠀⠀⡇⠀⠀⠀⠀⠀⠀⠀⠀⠀⠀⠀⠀⠀⠀⠀⠀⠀⠀⠀⠀⠀⡇⠀n/a: 304⠀⠀⠀⠀⠀⠀⠀⠀⠀⠀⡇<---------------⡇⠀⠀⠀⠀⠀⠀⠀⠀⠀⠀⠀⠀⠀⠀⠀⠀⠀⠀⠀⠀⠀⠀⠀⡇⠀⠀⠀⠀⠀⠀⠀⠀⠀⠀⠀⠀⠀⠀⠀⠀⠀⠀⡇⠀⣀⣀⣀⣀⣀⣀⣀⣀⣀⣀⣀⣀⣀⣀⣀⣀⣀⣀⣀⣀⡀⠀⡇⠀⠀⠀⠀⠀⠀⠀⠀⠀⠀⠀⠀⠀⠀⠀⠀⠀⠀⠀⠀⠀⠀⠀⠀⠀⡇⠀⠀⠀⠀⠀⠀⠀⠀⠀⡇⠀⠀⠀⠀⠀⠀⠀⠀⠀⠀⠀⠀⠀⠀⠀⠀⠀⠀⠀⠀⠀⠀⠀⠀⠀⠀⠀⠀⠀⠀⠀⠀⠀⠀⡇
⡇⠀⡇⡇⡇⠀⠓⠒⠒⠒⠒⠒⠒⠒⠒⠒⠒⠒⠒⠒⠒⠒⠒⠒⠒⠃⠀⡇⡇⡇⠀⠀⡇⠀⠀⠀⡇⠀⠀⠀⠀SMEM: 205028⠀⠀⠀⠀⠀⡇⠀⠀⠀⠀⠀⠀⠀⠀⠀⠀⠀⠀⠀⠀⠀⠀⠀⠀⠀⡇⠀⠀⠀⠀⠀⠀⠀⠀⠀⠀⠀⠀⠀⠀⠀⠀⡇⠀Lat:    N/A⠀⠀⠀⠀⠀⠀⠀⠀⠀⠀⠀⡇⠀⠀⠀⠀⠀⠀⠀⠀⠀⠀⠀⠀⠀⠀⠀⠀⠀⠀⡇⠀⡇⠀Hit:     25 %⠀⠀⠀⠀⠀⡇⠀⡇⠀⠀⠀⠀⠀⠀⠀⠀⠀⠀⠀⠀⠀⠀⠀⠀⠀⠀⠀⠀⠀⠀⠀⠀⠀⣇⣀⣀⣀⣀⣀⣀⣀⣀⣀⡇⠀⠀⠀⠀⠀⠀⠀⠀⠀⠀⠀⠀⠀⠀⠀⠀⠀⠀⠀⠀⠀⠀⠀⠀⠀⠀⠀⠀⠀⠀⠀⠀⠀⠀⡇
⡇⠀⡇⡇⡇⠀⠀⠀⠀⠀⠀⠀⠀⠀⠀⠀⠀⠀⠀⠀⠀⠀⠀⠀⠀⠀⠀⡇⡇⡇⠀⠀⡇⠀⠀⠀⡇⠀------------------>⠀⡇⠀⣀⣀⣀⣀⣀⣀⣀⣀⣀⣀⣀⣀⣀⣀⣀⣀⡀⠀⡇⠀⠀⠀⠀⠀⠀⠀⠀⠀⠀⠀⠀⠀⠀⠀⠀⣇⣀⣀⣀⣀⣀⣀⣀⣀⣀⣀⣀⣀⣀⣀⣀⣀⣀⣀⣀⣀⣀⣀⣀⡇⠀⠀⠀⠀⠀⠀⠀⠀⠀⠀⠀⠀⠀⠀⠀⠀⠀⠀⡇⠀⣇⣀⣀⣀⣀⣀⣀⣀⣀⣀⣀⣀⣀⣀⣀⣀⣀⣀⣀⣀⡇⠀⡇⠀⠀⠀⠀⠀⠀⠀⠀⠀⠀⠀⠀⠀⠀⠀⠀⠀⠀⠀⠀⠀⠀⠀⠀⠀⠀⠀⠀^   |⠀⠀⠀⠀⠀⠀⠀⠀⠀⠀⠀⠀⠀⠀⠀⠀⠀⠀⠀⠀⠀⠀⠀⠀⠀⠀⠀⠀⠀⠀⠀⠀⠀⠀⠀⠀⠀⡇
⡇⠀⡇⡇⡇⠀⣀⣀⣀⣀⣀⣀⣀⣀⣀⣀⣀⣀⣀⣀⣀⣀⣀⣀⣀⡀⠀⡇⡇⡇⠀⠀⡇⠀⠀⠀⡇⠀⠀⠀⠀⠀⠀⠀⠀⠀⠀⠀⠀⠀⠀⠀⠀⠀⠀⠀⠀⠀⡇⠀⡇⠀RVGPRseq:  21.0⠀⡇⠀⠀⠀⠀⠀⠀⠀⠀⠀⠀⠀⠀⠀⠀⠀⠀⠀⠀⠀⠀⠀⠀⠀⠀⠀⠀⠀⠀⠀⠀⠀⠀⠀⠀⠀⠀⠀⠀⠀⠀⠀⠀⠀⠀⠀⠀⠀⠀⠀⠀⠀⠀⠀⠀⠀⠀⠀⠀⠀⡇⠀⠀⠀⠀⠀⠀⠀⠀⠀⠀⠀⠀⠀⠀⠀⠀⠀⠀⠀⠀⠀⠀⠀⡇⠀⠀⠀⠀⠀⠀⠀⠀⠀⠀⠀⠀⠀⠀⠀⠀⠀⠀⠀⠀⠀⠀⠀⠀⠀⠀⠀⠀|   |⠀⠀⠀⠀⠀⠀⠀⠀⠀⠀⠀⠀⠀⠀⠀⠀⠀⠀⠀⠀⠀⠀⠀⠀⠀⠀⠀⠀⠀⠀⠀⠀⠀⠀⠀⠀⠀⡇
⡇⠀⡇⡇⡇⠀⡇Wave N-1 Instr Buf⡇⠀⡇⡇⡇⠀⠀⡇⠀⠀⠀⡇⠀⠀⠀⠀VALU: 2554616⠀⠀⠀⠀⡇⠀⣇⣀⣀⣀⣀⣀⣀⣀⣀⣀⣀⣀⣀⣀⣀⣀⡇⠀⡇⠀⠀⠀⠀⠀⠀⠀⠀⠀⠀⠀⠀⠀⠀⠀⠀Vector L1 Cache⠀⠀⠀⠀⠀⠀⠀⠀⠀⠀⠀⠀⠀⠀⠀⠀⠀⠀⠀⠀⠀⠀⠀⠀⠀⠀⠀⠀⡇⠀Request⠀⠀⠀⠀⠀⠀⠀⠀⠀⠀⠀⠀⠀⠀⠀⡇⠀⠀⠀⠀⠀⠀⠀⠀⠀⠀⠀⠀⠀⠀⠀⠀⠀⠀⠀⠀⠀⠀⠀⠀⠀⠀⠀⠀|   |⠀⠀⠀⠀⠀⠀⠀⠀⠀⠀⠀⠀⠀⠀⠀⠀⠀⠀⠀⠀⠀⠀⠀⠀⠀⠀⠀⠀⠀⠀⠀⠀⠀⠀⠀⠀⠀⡇
⡇⠀⡇⡇⡇⠀⠓⠒⠒⠒⠒⠒⠒⠒⠒⠒⠒⠒⠒⠒⠒⠒⠒⠒⠒⠃⠀⡇⡇⡇⠀⠀⡇⠀⠀⠀⡇⠀------------------>⠀⡇⠀⣀⣀⣀⣀⣀⣀⣀⣀⣀⣀⣀⣀⣀⣀⣀⣀⡀⠀⡇⠀⠀⠀⠀⠀⠀⠀⠀⠀⠀⠀⠀⠀⠀⠀⠀⣀⣀⣀⣀⣀⣀⣀⣀⣀⣀⣀⣀⣀⣀⣀⣀⣀⣀⣀⣀⣀⣀⣀⣀⡀⠀⠀⠀⠀⠀⠀⠀⠀⠀⠀⠀⠀⠀⠀⠀⠀⠀⠀⡇⠀⡖⠒⠒⠒⠒⠒⠒⠒⠒⠒⠒⠒⠒⠒⠒⠒⠒⠒⠒⠒⡆⠀⡇⠀⠀⠀⠀⠀⠀⠀⠀⠀⠀⠀⠀⠀⠀⠀⠀⠀⠀⠀⠀⠀⠀⠀⠀⠀⠀⠀⠀|   v⠀⠀⠀⠀⠀⠀⠀⠀⠀⠀⠀⠀⠀⠀⠀⠀⠀⠀⠀⠀⠀⠀⠀⠀⠀⠀⠀⠀⠀⠀⠀⠀⠀⠀⠀⠀⠀⡇
⡇⠀⡇⡇⡇⠀⠀⠀⠀⠀⠀⠀⠀⠀⠀⠀⠀⠀⠀⠀⠀⠀⠀⠀⠀⠀⠀⡇⡇⡇⠀⠀⡇⠀⠀⠀⡇⠀⠀⠀⠀⠀⠀⠀⠀⠀⠀⠀⠀⠀⠀⠀⠀⠀⠀⠀⠀⠀⡇⠀⡇⠀SGPRs:    30⠀⠀⡇⠀⡇⠀⠀⠀⠀⠀⠀⠀⠀⠀⠀⠀⠀⠀⠀⠀⠀⡇⠀⠀⠀⠀⠀⠀⠀⠀⠀⠀⠀⠀⠀⠀⠀⠀⠀⠀⠀⠀⠀⠀⠀⡇⠀⠀⠀⠀⠀⠀⠀⠀⠀⠀⠀⠀⠀⠀⠀⠀⠀⠀⡇⠀⡇⠀⠀⠀⠀⠀⠀⠀⠀⠀⠀⠀⠀⠀⠀⠀⠀⠀⠀⠀⡇⠀⡇⠀⠀⠀⠀⠀⠀⠀⠀⠀⠀⠀⠀⠀⠀⠀⠀⠀⠀⣀⣀⣀⣀⣀⣀⣀⣀⣀⣀⣀⣀⣀⣀⣀⣀⣀⣀⣀⣀⣀⣀⣀⣀⡀⠀⠀⠀⠀⠀⠀⠀⠀⠀⠀⠀⠀⠀⠀⠀⠀⠀⠀⠀⠀⠀⠀⠀⠀⠀⠀⠀⡇
⡇⠀⡇⡇⡇⠀⠀⠀⠀⠀⠀⠀⠀⠀⠀⠀⠀⠀⠀⠀⠀⠀⠀⠀⠀⠀⠀⡇⡇⡇⠀⠀⡇⠀⠀⠀⡇⠀⠀⠀⠀MFMA: 0   ⠀⠀⠀⠀⠀⠀⠀⡇⠀⣇⣀⣀⣀⣀⣀⣀⣀⣀⣀⣀⣀⣀⣀⣀⣀⡇⠀⡇⠀⠀Rd: 3058347⠀⠀⠀⡇⠀Hit:      0 %⠀⠀⠀⠀⠀⠀⠀⠀⠀⡇⠀⠀⠀Rd: 3057613⠀⠀⠀⠀⡇⠀⡇⠀Rd: 3282276⠀⠀⠀⠀⠀⠀⠀⡇⠀⡇⠀⠀⠀⠀⠀⠀⠀⠀⠀⠀⠀⠀⠀⠀⠀⠀⠀⠀⡇⠀⠀⠀⠀⠀⠀⠀⠀⠀⠀⠀⠀⠀⠀⠀⠀⠀⠀⠀⠀⠀⠀⠀⡇⠀⠀⠀⠀⠀⠀⠀⠀⠀⠀⠀⠀⠀⠀⠀⠀⠀⠀⠀⠀⠀⠀⠀⠀⠀⠀⠀⡇
⡇⠀⡇⡇⡇⠀⠀⠀⠀⠀⠀⠀⠀⠀⠀⠀⠀⠀⠀⠀⠀⠀⠀⠀⠀⠀⠀⡇⡇⡇⠀⠀⡇⠀⠀⠀⡇⠀------------------>⠀⡇⠀⠀⠀⠀⠀⠀⠀⠀⠀⠀⠀⠀⠀⠀⠀⠀⠀⠀⠀⡇<---------------⡇⠀⠀⠀⠀⠀⠀⠀⠀⠀⠀⠀⠀⠀⠀⠀⠀⠀⠀⠀⠀⠀⠀⠀⡇⠀<---------------⠀⡇⠀⡇⠀⠀⠀⠀⠀⠀⠀⠀⠀⠀⠀⠀⠀⠀⠀⠀⠀⠀⠀⡇⠀⡇⠀⠀⠀⠀⠀⠀⠀⠀⠀⠀⠀⠀⠀⠀⠀⠀⠀⠀⡇⠀⠀⠀⠀⠀   Fabric⠀⠀⠀⠀⠀⠀⠀⠀⠀⡇⠀⠀⠀⠀⠀⠀⠀⠀⠀⠀⠀⠀⠀⠀⠀⠀⠀⠀⠀⠀⠀⠀⠀⠀⠀⠀⠀⡇
⡇⠀⡇⡇⡇⠀⠀⠀⠀⠀⠀⠀⠀⠀⠀⠀⠀⠀⠀⠀⠀⠀⠀⠀⠀⠀⠀⡇⡇⡇⠀⠀⡇⠀⠀⠀⡇⠀⠀⠀⠀⠀⠀⠀⠀⠀⠀⠀⠀⠀⠀⠀⠀⠀⠀⠀⠀⠀⡇⠀⣀⣀⣀⣀⣀⣀⣀⣀⣀⣀⣀⣀⣀⣀⣀⣀⡀⠀⡇⠀⠀Wt: 465611⠀⠀⠀⠀⡇⠀Lat:    N/A⠀⠀⠀⠀⠀⠀⠀⠀⠀⠀⠀⡇⠀⠀⠀Wr: 437139⠀⠀⠀⠀⠀⡇⠀⡇⠀Wr: 437139⠀⠀⠀⠀⠀⠀⠀⠀⡇⠀⡇⠀⠀⠀Rd: 2570371⠀⠀⠀⠀⡇⠀⠀⠀⠀⠀⠀⠀⠀⠀⠀⠀⠀⠀⠀⠀⠀⠀⠀⠀⠀⠀⠀⠀⡇⠀⠀⠀⠀⠀⠀⠀⠀⠀⠀⠀⠀⠀⠀⣀⣀⣀⣀⣀⣀⣀⣀⣀⣀⡀⠀⠀⡇
⡇⠀⡇⡇⡇⠀⠀⠀⠀⠀⠀⠀⠀⠀⠀⠀⠀⠀⠀⠀⠀⠀⠀⠀⠀⠀⠀⡇⡇⡇⠀⠀⡇⠀⠀⠀⡇⠀⠀⠀⠀VMEM: 220619⠀⠀⠀⠀⠀⡇⠀⡇⠀LDS Alloc:⠀⠀⠀⠀⡇⠀⡇--------------->⡇⠀⠀⠀⠀⠀⠀⠀⠀⠀⠀⠀⠀⠀⠀⠀⠀⠀⠀⠀⠀⠀⠀⠀⡇⠀--------------->⠀⡇⠀⡇⠀⠀⠀⠀⠀⠀⠀⠀⠀⠀⠀⠀⠀⠀⠀⠀⠀⠀⠀⡇⠀⡇⠀<---------------⠀⡇⠀Latency (cycles)⠀⠀⠀⠀⠀⠀⡇⠀⠀⠀Rd: 2572270⡇⠀⠀⠀⠀⠀⠀⠀⠀⠀⡇⠀⠀⡇
⡇⠀⡇⡇⡇⠀⠀⠀⠀⠀⠀⠀⠀⠀⠀⠀⠀⠀⠀⠀⠀⠀⠀⠀⠀⠀⠀⡇⡇⡇⠀⠀⡇⠀⠀⠀⡇⠀------------------>⠀⡇⠀⡇⠀            0⠀⡇⠀⡇⠀⠀Atomic:    0⠀⠀⡇⠀Coales:     99 %⠀⠀⠀⠀⠀⠀⡇⠀⠀⠀Atomic:    0⠀⠀⠀⡇⠀⡇⠀Atomic:      0⠀⠀⠀⠀⡇⠀⡇⠀⠀⠀Wr: 437139⠀⠀⠀⠀⠀⡇⠀⡖⠒⠒⠒⠒⠒⠒⠒⠒⠒⠒⠒⠒⠒⠒⠒⠒⠒⠒⠒⡆⠀⡇⠀<-----------⠀⡇⠀⠀⠀HBM⠀⠀⠀⡇⠀⠀⡇
⡇⠀⡇⡇⡇⠀⠀⠀⠀⠀⠀⠀⠀⠀⠀⠀⠀⠀⠀⠀⠀⠀⠀⠀⠀⠀⠀⡇⡇⡇⠀⠀⡇⠀⠀⠀⡇⠀⠀⠀⠀⠀⠀⠀⠀⠀⠀⠀⠀⠀⠀⠀⠀⠀⠀⠀⠀⠀⡇⠀⣇⣀⣀⣀⣀⣀⣀⣀⣀⣀⣀⣀⣀⣀⣀⣀⡇⠀⡇<-------------->⡇⠀⠀⠀⠀⠀⠀⠀⠀⠀⠀⠀⠀⠀⠀⠀⠀⠀⠀⠀⠀⠀⠀⠀⡇⠀<-------------->⠀⡇⠀⡇⠀⠀⠀⠀⠀⠀⠀⠀⠀⠀⠀⠀⠀⠀⠀⠀⠀⠀⠀⡇⠀⡇⠀--------------->⠀⡇⠀⡇⠀Rd:   1033⠀⠀⠀⠀⠀⠀⠀⠀⡇⠀⡇⠀⠀⠀Wr: 437139⠀⡇⠀⠀⠀⠀⠀⠀⠀⠀⠀⡇⠀⠀⡇
⡇⠀⡇⡇⡇⠀⠀⠀⠀⠀⠀⠀⠀⠀⠀⠀⠀⠀⠀⠀⠀⠀⠀⠀⠀⠀⠀⡇⡇⡇⠀⠀⡇⠀⠀⠀⡇⠀⠀⠀⠀LDS: 0   ⠀⠀⠀⠀⠀⠀⠀⠀⡇⠀⣀⣀⣀⣀⣀⣀⣀⣀⣀⣀⣀⣀⣀⣀⣀⣀⡀⠀⡇⠀⠀⠀⠀⠀⠀⠀⠀⠀⠀⠀⠀⠀⠀⠀⠀⡇⠀Stall:     45 cycles⠀⠀⡇⠀⠀⠀⠀⠀⠀⠀⠀⠀⠀⠀⠀⠀⠀⠀⠀⠀⠀⡇⠀⣇⣀⣀⣀⣀⣀⣀⣀⣀⣀⣀⣀⣀⣀⣀⣀⣀⣀⣀⣀⡇⠀⡇⠀⠀⠀Atomic:    0⠀⠀⠀⡇⠀⡇⠀Wr:    308⠀⠀⠀⠀⠀⠀⠀⠀⡇⠀⡇⠀----------->⠀⣇⣀⣀⣀⣀⣀⣀⣀⣀⣀⡇⠀⠀⡇
⡇⠀⡇⡇⡇⠀⠀⠀⠀⠀⠀⠀⠀⠀⠀⠀⠀⠀⠀⠀⠀⠀⠀⠀⠀⠀⠀⡇⡇⡇⠀⠀⡇⠀⠀⠀⡇⠀------------------>⠀⡇⠀⡇⠀Scratch Alloc:⡇⠀⡇⠀⠀⠀⠀⠀⠀⠀⠀⠀⠀⠀⠀⠀⠀⠀⠀⣇⣀⣀⣀⣀⣀⣀⣀⣀⣀⣀⣀⣀⣀⣀⣀⣀⣀⣀⣀⣀⣀⣀⣀⡇⠀⠀⠀⠀⠀⠀⠀⠀⠀⠀⠀⠀⠀⠀⠀⠀⠀⠀⡇⠀⠀⠀⠀⠀⠀⠀⠀⠀⠀⠀⠀⠀⠀⠀⠀⠀⠀⠀⠀⠀⠀⠀⡇⠀--------------->⠀⡇⠀⡇⠀Atomic:      0⠀⠀⠀⠀⡇⠀⡇⠀⠀⠀⠀⠀⠀⠀⠀⠀⠀⠀⠀⠀⠀⠀⠀⠀⠀⠀⠀⠀⠀⠀⠀⠀⠀⠀⡇
⡇⠀⡇⡇⡇⠀⠀⠀⠀⠀⠀⠀⠀⠀⠀⠀⠀⠀⠀⠀⠀⠀⠀⠀⠀⠀⠀⡇⡇⡇⠀⠀⡇⠀⠀⠀⡇⠀⠀⠀⠀⠀⠀⠀⠀⠀⠀⠀⠀⠀⠀⠀⠀⠀⠀⠀⠀⠀⡇⠀⡇⠀            0⠀⡇⠀⡇⠀⠀⠀⠀⠀⠀⠀⠀⠀⠀⠀⠀⠀⠀⠀⠀⠀⠀⠀⠀⠀⠀⠀⠀⠀⠀⠀⠀⠀⠀⠀⠀⠀⠀⠀⠀⠀⠀⠀⠀⠀⠀⠀⠀⠀⠀⠀⠀⠀⠀⠀⠀⠀⠀⠀⠀⠀⠀⠀⡇⠀⠀⠀⠀⠀⠀⠀⠀⠀⠀⠀⠀⠀⠀⠀⠀⠀⠀⠀⠀⠀⠀⠀⡇⠀⠀⠀⠀⠀⠀⠀⠀⠀⠀⠀⠀⠀⠀⠀⠀⠀⠀⡇⠀⣇⣀⣀⣀⣀⣀⣀⣀⣀⣀⣀⣀⣀⣀⣀⣀⣀⣀⣀⣀⡇⠀⡇⠀⠀⠀⠀⠀⠀⠀⠀⠀⠀⠀⠀⠀⠀⠀⠀⠀⠀⠀⠀⠀⠀⠀⠀⠀⠀⠀⡇
⡇⠀⡇⡇⡇⠀⠀⠀⠀Wave Occupancy⠀⠀⠀⠀⡇⡇⡇⠀⠀⡇⠀⠀⠀⡇⠀⠀⠀⠀GWS: 0   ⠀⠀⠀⠀⠀⠀⠀⠀⡇⠀⣇⣀⣀⣀⣀⣀⣀⣀⣀⣀⣀⣀⣀⣀⣀⣀⡇⠀⡇⠀⠀⠀⠀⠀⠀⠀⠀⠀⠀⠀⠀⠀⠀⠀⠀Scalar L1D Cache⠀⠀⠀⠀⠀⠀⠀⠀⠀⠀⠀⠀⠀⠀⠀⠀⠀⠀⠀⠀⠀⠀⠀⠀⠀⠀⠀⡇⠀Latency (cycles)⠀⠀⠀⠀⠀⠀⡇⠀⠀⠀⠀⠀⠀⠀⠀⠀⠀⠀⠀⠀⠀⠀⠀⠀⠀⡇⠀⠀⠀⠀⠀⠀⠀⠀⠀⠀⠀⠀⠀⠀⠀⠀⠀⠀⠀⠀⠀⠀⠀⡇⠀⠀⠀⠀⠀⠀⠀⠀⠀⠀⠀⠀⠀⠀⠀⠀⠀⠀⠀⠀⠀⠀⠀⠀⠀⠀⠀⡇
⡇⠀⡇⡇⡇⠀⠀⠀⠀⠀⠀⠀  0⠀⠀⠀⠀⠀⠀⠀⠀⠀⠀⠀⠀⡇⡇⡇⠀⠀⡇⠀⠀⠀⡇⠀------------------>⠀⡇⠀⠀⠀⠀⠀⠀⠀⠀⠀⠀⠀⠀⠀⠀⠀⠀⠀⠀⠀⡇⠀⠀⠀⠀⠀⠀⠀⠀⠀⠀⠀⠀⠀⠀⠀⠀⣀⣀⣀⣀⣀⣀⣀⣀⣀⣀⣀⣀⣀⣀⣀⣀⣀⣀⣀⣀⣀⣀⣀⣀⡀⠀⠀⠀Rd: 218459⠀⠀⠀⠀⠀⡇⠀⡖⠒⠒⠒⠒⠒⠒⠒⠒⠒⠒⠒⠒⠒⠒⠒⠒⠒⠒⠒⡆⠀⡇⠀⠀⠀⠀⠀⠀⠀⠀⠀⠀⠀⠀⠀⠀⠀⠀⠀⠀⣇⣀⣀⣀⣀⣀⣀⣀⣀⣀⣀⣀⣀⣀⣀⣀⣀⣀⣀⣀⣀⣀⣀⣀⡇⠀⠀⠀⠀⠀⠀⠀⠀⠀⠀⠀⠀⠀⠀⠀⠀⠀⠀⠀⠀⠀⠀⠀⠀⠀⠀⠀⡇
⡇⠀⡇⡇⡇⠀⠀⠀⠀Wave Life⠀⠀⠀⠀⠀⠀⠀⠀⠀⡇⡇⡇⠀⠀⡇⠀⠀⠀⡇⠀⠀⠀⠀⠀⠀⠀⠀⠀⠀⠀⠀⠀⠀⠀⠀⠀⠀⠀⠀⠀⡇⠀⣀⣀⣀⣀⣀⣀⣀⣀⣀⣀⣀⣀⣀⣀⣀⣀⡀⠀⡇⠀⠀⠀⠀⠀⠀⠀⠀⠀⠀⠀⠀⠀⠀⠀⠀⡇⠀⠀⠀⠀⠀⠀⠀⠀⠀⠀⠀⠀⠀⠀⠀⠀⠀⠀⠀⠀⠀⠀⠀⡇⠀<---------------⠀⡇⠀⡇⠀⠀⠀⠀⠀⠀⠀⠀⠀⠀⠀⠀⠀⠀⠀⠀⠀⠀⠀⡇⠀⡇⠀⠀⠀⠀⠀⠀⠀⠀⠀⠀⠀⠀⠀⠀⠀⠀⠀⠀⠀⠀⠀⠀⠀⠀⠀⠀⠀⠀^   |⠀⠀⠀⠀⠀⠀⠀⠀⠀⠀⠀⠀⠀⠀⠀⠀⠀⠀⠀⠀⠀⠀⠀⠀⠀⠀⠀⠀⠀⠀⠀⠀⠀⠀⠀⠀⠀⡇
⡇⠀⡇⡇⡇⠀⠀⠀⠀⠀1142299⠀⠀⠀⠀⠀⠀⠀⠀⠀⠀⡇⡇⡇⠀⠀⡇⠀⠀⠀⡇⠀⠀⠀⠀BRANCH: 28521⠀⠀⠀⠀⡇⠀⡇⠀Wavefronts:⠀⠀⠀⡇⠀⡇⠀⠀Rd: 218682⠀⠀⠀⠀⡇⠀Hit:      2 %⠀⠀⠀⠀⠀⠀⠀⠀⠀⡇⠀⠀⠀Wr:    0⠀⠀⠀⠀⠀⠀⠀⡇⠀⡇⠀Rd:    N/A⠀⠀⠀⠀⠀⠀⠀⠀⡇⠀⡇⠀⠀⠀⠀⠀⠀⠀⠀⠀⠀⠀⠀⠀⠀⠀⠀⠀⠀⠀⠀⠀⠀⠀⠀⠀⠀⠀⠀|   |⠀⠀⠀⠀⠀⠀⠀⠀⠀⠀⠀⠀⠀⠀⠀⠀⠀⠀⠀⠀⠀⠀⠀⠀⠀⠀⠀⠀⠀⠀⠀⠀⠀⠀⠀⠀⠀⡇
⡇⠀⡇⡇⣇⣀⣀⣀⣀⣀⣀⣀⣀⣀⣀⣀⣀⣀⣀⣀⣀⣀⣀⣀⣀⣀⣀⣇⣇⡇⠀⠀⡇⠀⢀⡠⠃⠀------------------>⠀⡇⠀⡇⠀         9136⠀⡇⠀⡇<---------------⡇⠀⠀⠀⠀⠀⠀⠀⠀⠀⠀⠀⠀⠀⠀⠀⠀⠀⠀⠀⠀⠀⠀⠀⡇⠀--------------->⠀⡇⠀⡇⠀⠀⠀⠀⠀⠀⠀⠀⠀⠀⠀⠀⠀⠀⠀⠀⠀⠀⠀⡇⠀⡇⠀⠀⠀⠀⠀⠀⠀⠀⠀⠀⠀⠀⠀⠀⠀⠀⠀⠀⠀⠀⠀⠀⠀⠀⠀⠀⠀⠀|   |⠀⠀⠀⠀⠀⠀⠀⠀⠀⠀⠀⠀⠀⠀⠀⠀⠀⠀⠀⠀⠀⠀⠀⠀⠀⠀⠀⠀⠀⠀⠀⠀⠀⠀⠀⠀⠀⡇
⡇⠀⣇⣓⣒⣒⣒⣒⣒⣒⣒⣒⣒⣒⣒⣒⣒⣒⣒⣒⣒⣒⣒⣒⣒⣒⣒⡗⠃⠀⠀⠀⡧⠒⠁⠀⠀⠀⠀⠀⠀⠀⠀⠀⠀⠀⠀⠀⠀⠀⠀⠀⠀⠀⠀⠀⠀⠀⡇⠀⣇⣀⣀⣀⣀⣀⣀⣀⣀⣀⣀⣀⣀⣀⣀⣀⡇⠀⡇⠀⠀⠀⠀⠀⠀⠀⠀⠀⠀⠀⠀⠀⠀⠀⠀⡇⠀Lat: 6908.0 cycles⠀⠀⠀⠀⡇⠀⠀⠀Atomic:    0⠀⠀⠀⡇⠀⡇⠀Wr:    N/A⠀⠀⠀⠀⠀⠀⠀⠀⡇⠀⡇⠀⠀⠀⠀⠀⠀⠀⠀⠀⠀⠀⠀⠀⠀⠀⠀⠀⠀⠀⠀⠀⠀⠀⠀⠀⠀⠀⠀|   v⠀⠀⠀⠀⠀⠀⠀⠀⠀⠀⠀⠀⠀⠀⠀⠀⠀⠀⠀⠀⠀⠀⠀⠀⠀⠀⠀⠀⠀⠀⠀⠀⠀⠀⠀⠀⠀⡇
⡇⠀⠀⠀⠀⠀⠀⠀⠀⠀⠀⠀⠀⠀^⠀⠀⠀⠀⠀⠀⠀⠀⠀⠀⠀⠀⠀⠀⠀⠀⠀⠀⠀⠀⠀⠀⠀⠀⠀⠀⠀⠀⠀⠀⠀⠀⠀⠀⠀⠀⠀⠀⠀⠀⠀⠀⠀⡇⠀⣀⣀⣀⣀⣀⣀⣀⣀⣀⣀⣀⣀⣀⣀⣀⣀⡀⠀⡇⠀⠀⠀⠀⠀⠀⠀⠀⠀⠀⠀⠀⠀⠀⠀⠀⣇⣀⣀⣀⣀⣀⣀⣀⣀⣀⣀⣀⣀⣀⣀⣀⣀⣀⣀⣀⣀⣀⣀⣀⡇⠀<-------------->⠀⡇⠀⣇⣀⣀⣀⣀⣀⣀⣀⣀⣀⣀⣀⣀⣀⣀⣀⣀⣀⣀⣀⡇⠀⡇⠀⠀⠀⠀⠀⠀⠀⠀⠀⠀⠀⠀⠀⠀⠀⠀⠀⠀⠀⠀⠀⠀⠀⠀⠀⣀⣀⣀⣀⣀⣀⣀⣀⣀⣀⡀⠀⠀⠀⠀⠀⠀⠀⠀⠀⠀⠀⠀⠀⠀⠀⠀⠀⠀⠀⠀⠀⠀⠀⠀⠀⠀⠀⠀⠀⠀⠀⠀⠀⠀⡇
⡇⠀⠀⠀⠀⠀⠀⠀⠀⠀⠀⠀⠀⠀|⠀⠀⠀⠀⠀⠀⠀⠀⠀⠀⠀⠀⠀⠀⠀⠀⠀⠀⠀⠀⠀⠀⠀⠀⠀⠀⠀⠀⠀⠀⠀⠀⠀⠀⠀⠀⠀⠀⠀⠀⠀⠀⠀⡇⠀⡇⠀Workgroups:⠀⠀⠀⡇⠀⡇⠀⠀⠀⠀⠀⠀⠀⠀⠀⠀⠀⠀⠀⠀⠀⠀⠀⠀⠀⠀⠀⠀⠀⠀⠀⠀⠀⠀⠀⠀⠀⠀⠀⠀⠀⠀⠀⠀⠀⠀⠀⠀⠀⠀⠀⠀⠀⠀⠀⠀⠀⠀⠀⠀⠀⠀⠀⠀⠀⡇⠀⠀⠀⠀⠀⠀⠀⠀⠀⠀⠀⠀⠀⠀⠀⠀⠀⠀⠀⠀⠀⠀⠀⡇⠀⠀⠀⠀⠀⠀⠀⠀⠀⠀⠀⠀⠀⠀⠀⠀⠀⠀⠀⠀⠀⠀⠀⠀⠀⡇⠀⠀⠀⠀⠀⠀⠀⠀⠀⡇⠀⠀⠀⠀⠀⠀⠀⠀⠀⠀⠀⠀⠀⠀⠀⠀⠀⠀⠀⠀⠀⠀⠀⠀⠀⠀⠀⠀⠀⠀⠀⠀⠀⠀⡇
⡇⠀⠀⠀⠀⠀⠀⠀⠀⠀⠀⠀⠀⠀|⠀⠀⠀⠀⠀⠀⠀⠀⠀⠀⠀⠀⠀⠀⠀⠀⠀⠀⠀⠀⠀⠀⠀⠀⠀⠀⠀⠀⠀⠀⠀⠀⠀⠀⠀⠀⠀⠀⠀⠀⠀⠀⠀⡇⠀⡇⠀         9111⠀⡇⠀⡇⠀⠀⠀⠀⠀⠀⠀⠀⠀⠀⠀⠀⠀⠀⠀⠀Instr L1 Cache⠀⠀⠀⠀⠀⠀⠀⠀⠀⠀⠀⠀⠀⠀⠀⠀⠀⠀⠀⠀⠀⠀⠀⠀⠀⠀⠀⠀⠀⡇⠀⠀⠀⠀⠀⠀⠀⠀⠀⠀⠀⠀⠀⠀⠀⠀⠀⠀⠀⠀⠀⠀⠀⡇⠀⠀⠀⠀⠀⠀⠀⠀⠀⠀⠀⠀⠀⠀⠀⠀⠀⠀⠀⠀⠀⠀⠀⠀⠀⡇⠀⠀⠀GMI⠀⠀⠀⡇⠀⠀⠀⠀⠀⠀⠀⠀⠀⠀⠀⠀⠀⠀⠀⠀⠀⠀⠀⠀⠀⠀⠀⠀⠀⠀⠀⠀⠀⠀⠀⠀⠀⠀⡇
⡇⠀⠀⠀⠀⠀⠀⠀⠀⠀⠀⠀⠀⠀|⠀⠀⠀⠀⠀⠀⠀⠀⠀⠀⠀⠀⠀⠀⠀⠀⠀⠀⠀⠀⠀⠀⠀⠀⠀⠀⠀⠀⠀⠀⠀⠀⠀⠀⠀⠀⠀⠀⠀⠀⠀⠀⠀⡇⠀⣇⣀⣀⣀⣀⣀⣀⣀⣀⣀⣀⣀⣀⣀⣀⣀⡇⠀⡇⠀⠀⠀⠀⠀⠀⠀⠀⠀⠀⠀⠀⠀⠀⠀⠀⣀⣀⣀⣀⣀⣀⣀⣀⣀⣀⣀⣀⣀⣀⣀⣀⣀⣀⣀⣀⣀⣀⣀⣀⡀⠀⠀⠀⠀⠀⠀⠀⠀⠀⠀⠀⠀⠀⠀⠀⠀⠀⠀⡇⠀⠀⠀⠀⠀⠀⠀⠀⠀⠀⠀⠀⠀⠀⠀⠀⠀⠀⠀⠀⠀⠀⠀⡇⠀⠀⠀⠀⠀⠀⠀⠀⠀⠀⠀⠀⠀⠀⠀⠀⠀⠀⠀⠀⠀⠀⠀⠀⠀⡇⠀⠀⠀⠀⠀⠀⠀⠀⠀⡇⠀⠀⠀⠀⠀⠀⠀⠀⠀⠀⠀⠀⠀⠀⠀⠀⠀⠀⠀⠀⠀⠀⠀⠀⠀⠀⠀⠀⠀⠀⠀⠀⠀⠀⡇
⡇⠀⠀⠀⠀⠀⠀⠀⠀⠀⠀⠀⠀⠀|⠀⠀⠀⠀⠀⠀⠀⠀⠀⠀⠀⠀⠀⠀⠀⠀⠀⠀⠀⠀⠀⠀⠀⠀⠀⠀⠀⠀⠀⠀⠀⠀⠀⠀⠀⠀⠀⠀⠀⠀⠀⠀⠀⡇⠀⠀⠀⠀⠀⠀⠀⠀⠀⠀⠀⠀⠀⠀⠀⠀⠀⠀⠀⡇⠀⠀⠀⠀⠀⠀⠀⠀⠀⠀⠀⠀⠀⠀⠀⠀⡇⠀⠀⠀⠀⠀⠀⠀⠀⠀⠀⠀⠀⠀⠀⠀⠀⠀⠀⠀⠀⠀⠀⠀⡇⠀⠀⠀⠀⠀⠀⠀⠀⠀⠀⠀⠀⠀⠀⠀⠀⠀⠀⡇⠀⠀⠀⠀⠀⠀⠀⠀⠀⠀⠀⠀⠀⠀⠀⠀⠀⠀⠀⠀⠀⠀⠀⡇⠀⠀⠀⠀⠀⠀⠀⠀⠀⠀⠀⠀⠀⠀⠀⠀⠀⠀⠀⠀⠀⠀⠀⠀⠀⣇⣀⣀⣀⣀⣀⣀⣀⣀⣀⡇⠀⠀⠀⠀⠀⠀⠀⠀⠀⠀⠀⠀⠀⠀⠀⠀⠀⠀⠀⠀⠀⠀⠀⠀⠀⠀⠀⠀⠀⠀⠀⠀⠀⠀⡇
⡇⠀⠀⠀⠀⠀⠀⠀⠀⠀⠀⠀⠀⠀|⠀⠀⠀⠀⠀⠀⠀⠀⠀⠀⠀⠀⠀⠀⠀⠀⠀⠀⠀⠀⠀⠀⠀⠀⠀⠀Fetch: 711323⠀⠀⠀⠀⣇⣀⣀⣀⣀⣀⣀⣀⣀⣀⣀⣀⣀⣀⣀⣀⣀⣀⣀⣀⡇⠀⠀⠀⠀⠀⠀⠀⠀⠀⠀⠀⠀⠀⠀⠀⠀⡇⠀Hit:     96 %⠀⠀⠀⠀⠀⠀⠀⠀⠀⡇⠀⠀⠀Req: 3251⠀⠀⠀⠀⠀⠀⡇⠀⠀⠀⠀⠀⠀⠀⠀⠀⠀⠀⠀⠀⠀⠀⠀⠀⠀⠀⠀⠀⠀⠀⡇⠀⠀⠀⠀⠀⠀⠀⠀⠀⠀⠀⠀⠀⠀⠀⠀⠀⠀⠀⠀⠀⠀⠀⠀⠀⠀⠀⠀⠀⠀⠀⠀⠀⠀⠀⠀⠀⠀⠀⠀⠀⠀⠀⠀⠀⠀⠀⠀⠀⠀⠀⠀⠀⠀⠀⠀⠀⠀⠀⠀⠀⠀⠀⠀⠀⠀⠀⠀⠀⠀⡇
⡇⠀⠀⠀⠀⠀⠀⠀⠀⠀⠀⠀⠀⠀--------------------------------------------------------------------------------⠀⡇⠀⠀⠀⠀⠀⠀⠀⠀⠀⠀⠀⠀⠀⠀⠀⠀⠀⠀⠀⠀⠀⠀⠀⡇⠀<---------------⠀⡇⠀⠀⠀⠀⠀⠀⠀⠀⠀⠀⠀⠀⠀⠀⠀⠀⠀⠀⠀⠀⠀⠀⠀⡇⠀⠀⠀⠀⠀⠀⠀⠀⠀⠀⠀⠀⠀⠀⠀⠀⠀⠀⠀⠀⠀⠀⠀⠀⠀⠀⠀⠀⠀⠀⠀⠀⠀⠀⠀⠀⠀⠀⠀⠀⠀⠀⠀⠀⠀⠀⠀⠀⠀⠀⠀⠀⠀⠀⠀⠀⠀⠀⠀⠀⠀⠀⠀⠀⠀⠀⠀⠀⠀⠀⡇
⡇⠀⠀⠀⠀⠀⠀⠀⠀⠀⠀⠀⠀⠀⠀⠀⠀⠀⠀⠀⠀⠀⠀⠀⠀⠀⠀⠀⠀⠀⠀⠀⠀⠀⠀⠀⠀⠀⠀⠀⠀⠀⠀⠀⠀⠀⠀⠀⠀⠀⠀⠀⠀⠀⠀⠀⠀⠀⠀⠀⠀⠀⠀⠀⠀⠀⠀⠀⠀⠀⠀⠀⠀⠀⠀⠀⠀⠀⠀⠀⠀⠀⠀⠀⠀⠀⠀⠀⠀⠀⠀⠀⠀⠀⠀⡇⠀Lat: 3599.0 cycles⠀⠀⠀⠀⡇⠀⠀⠀⠀⠀⠀⠀⠀⠀⠀⠀⠀⠀⠀⠀⠀⠀⠀⡇⠀⠀⠀⠀⠀⠀⠀⠀⠀⠀⠀⠀⠀⠀⠀⠀⠀⠀⠀⠀⠀⠀⠀⡇⠀⠀⠀⠀⠀⠀⠀⠀⠀⠀⠀⠀⠀⠀⠀⠀⠀⠀⠀⠀⠀⠀⠀⠀⠀⠀⠀⠀⠀⠀⠀⠀⠀⠀⠀⠀⠀⠀⠀⠀⠀⠀⠀⠀⠀⠀⠀⠀⠀⠀⠀⠀⠀⠀⠀⠀⠀⠀⠀⠀⠀⠀⠀⠀⠀⠀⠀⠀⠀⠀⡇
⡇⠀⠀⠀⠀⠀⠀⠀⠀⠀⠀⠀⠀⠀⠀⠀⠀⠀⠀⠀⠀⠀⠀⠀⠀⠀⠀⠀⠀⠀⠀⠀⠀⠀⠀⠀⠀⠀⠀⠀⠀⠀⠀⠀⠀⠀⠀⠀⠀⠀⠀⠀⠀⠀⠀⠀⠀⠀⠀⠀⠀⠀⠀⠀⠀⠀⠀⠀⠀⠀⠀⠀⠀⠀⠀⠀⠀⠀⠀⠀⠀⠀⠀⠀⠀⠀⠀⠀⠀⠀⠀⠀⠀⠀⠀⣇⣀⣀⣀⣀⣀⣀⣀⣀⣀⣀⣀⣀⣀⣀⣀⣀⣀⣀⣀⣀⣀⣀⣀⡇⠀⠀⠀⠀⠀⠀⠀⠀⠀⠀⠀⠀⠀⠀⠀⠀⠀⠀⣇⣀⣀⣀⣀⣀⣀⣀⣀⣀⣀⣀⣀⣀⣀⣀⣀⣀⣀⣀⣀⣀⣀⣀⡇⠀⠀⠀⠀⠀⠀⠀⠀⠀⠀⠀⠀⠀⠀⠀⠀⠀⠀⠀⠀⠀⠀⠀⠀⠀⠀⠀⠀⠀⠀⠀⠀⠀⠀⠀⠀⠀⠀⠀⠀⠀⠀⠀⠀⠀⠀⠀⠀⠀⠀⠀⠀⠀⠀⠀⠀⠀⠀⠀⠀⠀⠀⠀⠀⠀⠀⠀⠀⠀⠀⡇
⡇⠀⠀⠀⠀⠀⠀⠀⠀⠀⠀⠀⠀⠀⠀⠀⠀⠀⠀⠀⠀⠀⠀⠀⠀⠀⠀⠀⠀⠀⠀⠀⠀⠀⠀⠀⠀⠀⠀⠀⠀⠀⠀⠀⠀⠀⠀⠀⠀⠀⠀⠀⠀⠀⠀⠀⠀⠀⠀⠀⠀⠀⠀⠀⠀⠀⠀⠀⠀⠀⠀⠀⠀⠀⠀⠀⠀⠀⠀⠀⠀⠀⠀⠀⠀⠀⠀⠀⠀⠀⠀⠀⠀⠀⠀⠀⠀⠀⠀⠀⠀⠀⠀⠀⠀⠀⠀⠀⠀⠀⠀⠀⠀⠀⠀⠀⠀⠀⠀⠀⠀⠀⠀⠀⠀⠀⠀⠀⠀⠀⠀⠀⠀⠀⠀⠀⠀⠀⠀⠀⠀⠀⠀⠀⠀⠀⠀⠀⠀⠀⠀⠀⠀⠀⠀⠀⠀⠀⠀⠀⠀⠀⠀⠀⠀⠀⠀⠀⠀⠀⠀⠀⠀⠀⠀⠀⠀⠀⠀⠀⠀⠀⠀⠀⠀⠀⠀⠀⠀⠀⠀⠀⠀⠀⠀⠀⠀⠀⠀⠀⠀⠀⠀⠀⠀⠀⠀⠀⠀⠀⠀⠀⠀⠀⠀⠀⠀⠀⠀⠀⠀⠀⠀⠀⠀⠀⠀⠀⠀⠀⠀⠀⠀⡇
⡇⠀⠀⠀⠀⠀⠀⠀⠀⠀⠀⠀⠀⠀⠀⠀⠀⠀⠀⠀⠀⠀⠀⠀⠀⠀⠀⠀⠀⠀⠀⠀⠀⠀⠀⠀⠀⠀⠀⠀⠀⠀⠀⠀⠀⠀⠀⠀⠀⠀⠀⠀⠀⠀⠀⠀⠀⠀⠀⠀⠀⠀⠀⠀⠀⠀⠀⠀⠀⠀⠀⠀⠀⠀⠀⠀⠀⠀⠀⠀⠀⠀⠀⠀⠀⠀⠀⠀⠀⠀⠀⠀⠀⠀⠀⠀⠀⠀⠀⠀⠀⠀⠀⠀⠀⠀⠀⠀⠀⠀⠀⠀⠀⠀⠀⠀⠀⠀⠀⠀⠀⠀⠀⠀⠀⠀⠀⠀⠀⠀⠀⠀⠀⠀⠀⠀⠀⠀⠀⠀⠀⠀⠀⠀⠀⠀⠀⠀⠀⠀⠀⠀⠀⠀⠀⠀⠀⠀⠀⠀⠀⠀⠀⠀⠀⠀⠀⠀⠀⠀⠀⠀⠀⠀⠀⠀⠀⠀⠀⠀⠀⠀⠀⠀⠀⠀⠀⠀⠀⠀⠀⠀⠀⠀⠀⠀⠀⠀⠀⠀⠀⠀⠀⠀⠀⠀⠀⠀⠀⠀⠀⠀⠀⠀⠀⠀⠀⠀⠀⠀⠀⠀⠀⠀⠀⠀⠀⠀⠀⠀⠀⠀⠀⡇
⣇⣀⣀⣀⣀⣀⣀⣀⣀⣀⣀⣀⣀⣀⣀⣀⣀⣀⣀⣀⣀⣀⣀⣀⣀⣀⣀⣀⣀⣀⣀⣀⣀⣀⣀⣀⣀⣀⣀⣀⣀⣀⣀⣀⣀⣀⣀⣀⣀⣀⣀⣀⣀⣀⣀⣀⣀⣀⣀⣀⣀⣀⣀⣀⣀⣀⣀⣀⣀⣀⣀⣀⣀⣀⣀⣀⣀⣀⣀⣀⣀⣀⣀⣀⣀⣀⣀⣀⣀⣀⣀⣀⣀⣀⣀⣀⣀⣀⣀⣀⣀⣀⣀⣀⣀⣀⣀⣀⣀⣀⣀⣀⣀⣀⣀⣀⣀⣀⣀⣀⣀⣀⣀⣀⣀⣀⣀⣀⣀⣀⣀⣀⣀⣀⣀⣀⣀⣀⣀⣀⣀⣀⣀⣀⣀⣀⣀⣀⣀⣀⣀⣀⣀⣀⣀⣀⣀⣀⣀⣀⣀⣀⣀⣀⣀⣀⣀⣀⣀⣀⣀⣀⣀⣀⣀⣀⣀⣀⣀⣀⣀⣀⣀⣀⣀⣀⣀⣀⣀⣀⣀⣀⣀⣀⣀⣀⣀⣀⣀⣀⣀⣀⣀⣀⣀⣀⣀⣀⣀⣀⣀⣀⣀⣀⣀⣀⣀⣀⣀⣀⣀⣀⣀⣀⣀⣀⣀⣀⣀⣀⣀⣀⣀⡇

