
--- Executing: make profile ---
rocprof-compute profile -n main -- ./main
[33mWARNING[0m The option --format-rocprof-output currently set to csv will default to rocpd in a future release.

                                 __                                       _
 _ __ ___   ___ _ __  _ __ ___  / _|       ___ ___  _ __ ___  _ __  _   _| |_ ___
| '__/ _ \ / __| '_ \| '__/ _ \| |_ _____ / __/ _ \| '_ ` _ \| '_ \| | | | __/ _ \
| | | (_) | (__| |_) | | | (_) |  _|_____| (_| (_) | | | | | | |_) | |_| | ||  __/
|_|  \___/ \___| .__/|_|  \___/|_|        \___\___/|_| |_| |_| .__/ \__,_|\__\___|
               |_|                                           |_|

   [32mINFO[0m fatal: not a git repository (or any of the parent directories): .git
   [32mINFO[0m Rocprofiler-Compute version: 3.4.0
   [32mINFO[0m Profiler choice: rocprofiler-sdk
   [32mINFO[0m Path: /root/rocm-examples/Applications/memcp_profile/workloads/main/MI300X_A1
   [32mINFO[0m Target: MI300X_A1
   [32mINFO[0m Command: ./main
   [32mINFO[0m Kernel Selection: None
   [32mINFO[0m Dispatch Selection: None
   [32mINFO[0m Filtered sections: All
   [32mINFO[0m 
   [32mINFO[0m ~~~~~~~~~~~~~~~~~~~~~~~~~~~~~~~~
   [32mINFO[0m Collecting Performance Counters
   [32mINFO[0m ~~~~~~~~~~~~~~~~~~~~~~~~~~~~~~~~
   [32mINFO[0m 
   [32mINFO[0m [Run 1/13][Approximate profiling time left: pending first measurement...]
   [32mINFO[0m [profiling] Current input file: /root/rocm-examples/Applications/memcp_profile/workloads/main/MI300X_A1/perfmon/SQC_DCACHE_INFLIGHT_LEVEL.txt
   [32mINFO[0m    |-> [rocprofiler-sdk] W20260209 15:48:38.420121 135816211305984 simple_timer.cpp:55] [rocprofv3] tool initialization ::     0.110300 sec
   [32mINFO[0m    |-> [rocprofiler-sdk] W20260209 15:48:38.420417 135816211305984 simple_timer.cpp:55] [rocprofv3] './main' ::     0.000000 sec
   [32mINFO[0m    |-> [rocprofiler-sdk] W20260209 15:48:39.976707 135816211305984 tool.cpp:2422] HSA version 8.20.0 initialized (instance=0)
   [32mINFO[0m    |-> [rocprofiler-sdk] 0 	:	 1
   [32mINFO[0m    |-> [rocprofiler-sdk] 1 	:	 2
   [32mINFO[0m    |-> [rocprofiler-sdk] 2 	:	 3
   [32mINFO[0m    |-> [rocprofiler-sdk] 3 	:	 4
   [32mINFO[0m    |-> [rocprofiler-sdk] 4 	:	 5
   [32mINFO[0m    |-> [rocprofiler-sdk] 5 	:	 6
   [32mINFO[0m    |-> [rocprofiler-sdk] 6 	:	 7
   [32mINFO[0m    |-> [rocprofiler-sdk] 7 	:	 8
   [32mINFO[0m    |-> [rocprofiler-sdk] 8 	:	 9
   [32mINFO[0m    |-> [rocprofiler-sdk] 9 	:	 10
   [32mINFO[0m    |-> [rocprofiler-sdk] Device-to-device memcpy (global load/store) success!
   [32mINFO[0m    |-> [rocprofiler-sdk] W20260209 15:48:42.287537 135816211305984 simple_timer.cpp:55] [rocprofv3] './main' ::     3.867119 sec
   [32mINFO[0m    |-> [rocprofiler-sdk] E20260209 15:48:42.296777 135816211305984 output_stream.cpp:111] Opened result file: /root/rocm-examples/Applications/memcp_profile/workloads/main/MI300X_A1/out/pmc_1/f5fa73aad503/25477_kernel_trace.csv
   [32mINFO[0m    |-> [rocprofiler-sdk] E20260209 15:48:42.310005 135816211305984 output_stream.cpp:111] Opened result file: /root/rocm-examples/Applications/memcp_profile/workloads/main/MI300X_A1/out/pmc_1/f5fa73aad503/25477_counter_collection.csv
   [32mINFO[0m    |-> [rocprofiler-sdk] E20260209 15:48:42.317131 135816211305984 output_stream.cpp:111] Opened result file: /root/rocm-examples/Applications/memcp_profile/workloads/main/MI300X_A1/out/pmc_1/f5fa73aad503/25477_agent_info.csv
   [32mINFO[0m    |-> [rocprofiler-sdk] W20260209 15:48:42.320624 135816211305984 simple_timer.cpp:55] [rocprofv3] output generation ::     0.031348 sec
   [32mINFO[0m    |-> [rocprofiler-sdk] W20260209 15:48:42.320706 135816211305984 simple_timer.cpp:55] [rocprofv3] tool finalization ::     0.031467 sec
   [32mINFO[0m [Run 2/13][Approximate profiling time left: 1 minute and 8 seconds]...
   [32mINFO[0m [profiling] Current input file: /root/rocm-examples/Applications/memcp_profile/workloads/main/MI300X_A1/perfmon/SQC_ICACHE_INFLIGHT_LEVEL.txt
   [32mINFO[0m    |-> [rocprofiler-sdk] W20260209 15:48:44.705247 135074385880576 simple_timer.cpp:55] [rocprofv3] tool initialization ::     0.110671 sec
   [32mINFO[0m    |-> [rocprofiler-sdk] W20260209 15:48:44.705538 135074385880576 simple_timer.cpp:55] [rocprofv3] './main' ::     0.000000 sec
   [32mINFO[0m    |-> [rocprofiler-sdk] W20260209 15:48:46.259050 135074385880576 tool.cpp:2422] HSA version 8.20.0 initialized (instance=0)
   [32mINFO[0m    |-> [rocprofiler-sdk] 0 	:	 1
   [32mINFO[0m    |-> [rocprofiler-sdk] 1 	:	 2
   [32mINFO[0m    |-> [rocprofiler-sdk] 2 	:	 3
   [32mINFO[0m    |-> [rocprofiler-sdk] 3 	:	 4
   [32mINFO[0m    |-> [rocprofiler-sdk] 4 	:	 5
   [32mINFO[0m    |-> [rocprofiler-sdk] 5 	:	 6
   [32mINFO[0m    |-> [rocprofiler-sdk] 6 	:	 7
   [32mINFO[0m    |-> [rocprofiler-sdk] 7 	:	 8
   [32mINFO[0m    |-> [rocprofiler-sdk] 8 	:	 9
   [32mINFO[0m    |-> [rocprofiler-sdk] 9 	:	 10
   [32mINFO[0m    |-> [rocprofiler-sdk] Device-to-device memcpy (global load/store) success!
   [32mINFO[0m    |-> [rocprofiler-sdk] W20260209 15:48:48.584429 135074385880576 simple_timer.cpp:55] [rocprofv3] './main' ::     3.878892 sec
   [32mINFO[0m    |-> [rocprofiler-sdk] E20260209 15:48:48.593602 135074385880576 output_stream.cpp:111] Opened result file: /root/rocm-examples/Applications/memcp_profile/workloads/main/MI300X_A1/out/pmc_1/f5fa73aad503/25485_kernel_trace.csv
   [32mINFO[0m    |-> [rocprofiler-sdk] E20260209 15:48:48.606858 135074385880576 output_stream.cpp:111] Opened result file: /root/rocm-examples/Applications/memcp_profile/workloads/main/MI300X_A1/out/pmc_1/f5fa73aad503/25485_counter_collection.csv
   [32mINFO[0m    |-> [rocprofiler-sdk] E20260209 15:48:48.614026 135074385880576 output_stream.cpp:111] Opened result file: /root/rocm-examples/Applications/memcp_profile/workloads/main/MI300X_A1/out/pmc_1/f5fa73aad503/25485_agent_info.csv
   [32mINFO[0m    |-> [rocprofiler-sdk] W20260209 15:48:48.617530 135074385880576 simple_timer.cpp:55] [rocprofv3] output generation ::     0.031641 sec
   [32mINFO[0m    |-> [rocprofiler-sdk] W20260209 15:48:48.617629 135074385880576 simple_timer.cpp:55] [rocprofv3] tool finalization ::     0.031775 sec
   [32mINFO[0m [Run 3/13][Approximate profiling time left: 1 minute and 2 seconds]...
   [32mINFO[0m [profiling] Current input file: /root/rocm-examples/Applications/memcp_profile/workloads/main/MI300X_A1/perfmon/SQ_IFETCH_LEVEL.txt
   [32mINFO[0m    |-> [rocprofiler-sdk] W20260209 15:48:51.084174 138313836496384 simple_timer.cpp:55] [rocprofv3] tool initialization ::     0.128043 sec
   [32mINFO[0m    |-> [rocprofiler-sdk] W20260209 15:48:51.084463 138313836496384 simple_timer.cpp:55] [rocprofv3] './main' ::     0.000000 sec
   [32mINFO[0m    |-> [rocprofiler-sdk] W20260209 15:48:52.641970 138313836496384 tool.cpp:2422] HSA version 8.20.0 initialized (instance=0)
   [32mINFO[0m    |-> [rocprofiler-sdk] 0 	:	 1
   [32mINFO[0m    |-> [rocprofiler-sdk] 1 	:	 2
   [32mINFO[0m    |-> [rocprofiler-sdk] 2 	:	 3
   [32mINFO[0m    |-> [rocprofiler-sdk] 3 	:	 4
   [32mINFO[0m    |-> [rocprofiler-sdk] 4 	:	 5
   [32mINFO[0m    |-> [rocprofiler-sdk] 5 	:	 6
   [32mINFO[0m    |-> [rocprofiler-sdk] 6 	:	 7
   [32mINFO[0m    |-> [rocprofiler-sdk] 7 	:	 8
   [32mINFO[0m    |-> [rocprofiler-sdk] 8 	:	 9
   [32mINFO[0m    |-> [rocprofiler-sdk] 9 	:	 10
   [32mINFO[0m    |-> [rocprofiler-sdk] Device-to-device memcpy (global load/store) success!
   [32mINFO[0m    |-> [rocprofiler-sdk] W20260209 15:48:55.000720 138313836496384 simple_timer.cpp:55] [rocprofv3] './main' ::     3.916258 sec
   [32mINFO[0m    |-> [rocprofiler-sdk] E20260209 15:48:55.010963 138313836496384 output_stream.cpp:111] Opened result file: /root/rocm-examples/Applications/memcp_profile/workloads/main/MI300X_A1/out/pmc_1/f5fa73aad503/25493_kernel_trace.csv
   [32mINFO[0m    |-> [rocprofiler-sdk] E20260209 15:48:55.024380 138313836496384 output_stream.cpp:111] Opened result file: /root/rocm-examples/Applications/memcp_profile/workloads/main/MI300X_A1/out/pmc_1/f5fa73aad503/25493_counter_collection.csv
   [32mINFO[0m    |-> [rocprofiler-sdk] E20260209 15:48:55.031702 138313836496384 output_stream.cpp:111] Opened result file: /root/rocm-examples/Applications/memcp_profile/workloads/main/MI300X_A1/out/pmc_1/f5fa73aad503/25493_agent_info.csv
   [32mINFO[0m    |-> [rocprofiler-sdk] W20260209 15:48:55.035282 138313836496384 simple_timer.cpp:55] [rocprofv3] output generation ::     0.032786 sec
   [32mINFO[0m    |-> [rocprofiler-sdk] W20260209 15:48:55.035383 138313836496384 simple_timer.cpp:55] [rocprofv3] tool finalization ::     0.033004 sec
   [32mINFO[0m [Run 4/13][Approximate profiling time left: 56 seconds]...
   [32mINFO[0m [profiling] Current input file: /root/rocm-examples/Applications/memcp_profile/workloads/main/MI300X_A1/perfmon/SQ_INST_LEVEL_LDS.txt
   [32mINFO[0m    |-> [rocprofiler-sdk] W20260209 15:48:57.559035 138690116752896 simple_timer.cpp:55] [rocprofv3] tool initialization ::     0.121639 sec
   [32mINFO[0m    |-> [rocprofiler-sdk] W20260209 15:48:57.559320 138690116752896 simple_timer.cpp:55] [rocprofv3] './main' ::     0.000000 sec
   [32mINFO[0m    |-> [rocprofiler-sdk] W20260209 15:48:59.127733 138690116752896 tool.cpp:2422] HSA version 8.20.0 initialized (instance=0)
   [32mINFO[0m    |-> [rocprofiler-sdk] 0 	:	 1
   [32mINFO[0m    |-> [rocprofiler-sdk] 1 	:	 2
   [32mINFO[0m    |-> [rocprofiler-sdk] 2 	:	 3
   [32mINFO[0m    |-> [rocprofiler-sdk] 3 	:	 4
   [32mINFO[0m    |-> [rocprofiler-sdk] 4 	:	 5
   [32mINFO[0m    |-> [rocprofiler-sdk] 5 	:	 6
   [32mINFO[0m    |-> [rocprofiler-sdk] 6 	:	 7
   [32mINFO[0m    |-> [rocprofiler-sdk] 7 	:	 8
   [32mINFO[0m    |-> [rocprofiler-sdk] 8 	:	 9
   [32mINFO[0m    |-> [rocprofiler-sdk] 9 	:	 10
   [32mINFO[0m    |-> [rocprofiler-sdk] Device-to-device memcpy (global load/store) success!
   [32mINFO[0m    |-> [rocprofiler-sdk] W20260209 15:49:01.910588 138690116752896 simple_timer.cpp:55] [rocprofv3] './main' ::     4.351268 sec
   [32mINFO[0m    |-> [rocprofiler-sdk] E20260209 15:49:01.919848 138690116752896 output_stream.cpp:111] Opened result file: /root/rocm-examples/Applications/memcp_profile/workloads/main/MI300X_A1/out/pmc_1/f5fa73aad503/25501_kernel_trace.csv
   [32mINFO[0m    |-> [rocprofiler-sdk] E20260209 15:49:01.933535 138690116752896 output_stream.cpp:111] Opened result file: /root/rocm-examples/Applications/memcp_profile/workloads/main/MI300X_A1/out/pmc_1/f5fa73aad503/25501_counter_collection.csv
   [32mINFO[0m    |-> [rocprofiler-sdk] E20260209 15:49:01.940865 138690116752896 output_stream.cpp:111] Opened result file: /root/rocm-examples/Applications/memcp_profile/workloads/main/MI300X_A1/out/pmc_1/f5fa73aad503/25501_agent_info.csv
   [32mINFO[0m    |-> [rocprofiler-sdk] W20260209 15:49:01.944432 138690116752896 simple_timer.cpp:55] [rocprofv3] output generation ::     0.032300 sec
   [32mINFO[0m    |-> [rocprofiler-sdk] W20260209 15:49:01.944680 138690116752896 simple_timer.cpp:55] [rocprofv3] tool finalization ::     0.032590 sec
   [32mINFO[0m [Run 5/13][Approximate profiling time left: 51 seconds]...
   [32mINFO[0m [profiling] Current input file: /root/rocm-examples/Applications/memcp_profile/workloads/main/MI300X_A1/perfmon/SQ_INST_LEVEL_SMEM.txt
   [32mINFO[0m    |-> [rocprofiler-sdk] W20260209 15:49:04.353967 131337903728128 simple_timer.cpp:55] [rocprofv3] tool initialization ::     0.113137 sec
   [32mINFO[0m    |-> [rocprofiler-sdk] W20260209 15:49:04.354254 131337903728128 simple_timer.cpp:55] [rocprofv3] './main' ::     0.000000 sec
   [32mINFO[0m    |-> [rocprofiler-sdk] W20260209 15:49:05.921255 131337903728128 tool.cpp:2422] HSA version 8.20.0 initialized (instance=0)
   [32mINFO[0m    |-> [rocprofiler-sdk] 0 	:	 1
   [32mINFO[0m    |-> [rocprofiler-sdk] 1 	:	 2
   [32mINFO[0m    |-> [rocprofiler-sdk] 2 	:	 3
   [32mINFO[0m    |-> [rocprofiler-sdk] 3 	:	 4
   [32mINFO[0m    |-> [rocprofiler-sdk] 4 	:	 5
   [32mINFO[0m    |-> [rocprofiler-sdk] 5 	:	 6
   [32mINFO[0m    |-> [rocprofiler-sdk] 6 	:	 7
   [32mINFO[0m    |-> [rocprofiler-sdk] 7 	:	 8
   [32mINFO[0m    |-> [rocprofiler-sdk] 8 	:	 9
   [32mINFO[0m    |-> [rocprofiler-sdk] 9 	:	 10
   [32mINFO[0m    |-> [rocprofiler-sdk] Device-to-device memcpy (global load/store) success!
   [32mINFO[0m    |-> [rocprofiler-sdk] W20260209 15:49:08.296079 131337903728128 simple_timer.cpp:55] [rocprofv3] './main' ::     3.941825 sec
   [32mINFO[0m    |-> [rocprofiler-sdk] E20260209 15:49:08.304937 131337903728128 output_stream.cpp:111] Opened result file: /root/rocm-examples/Applications/memcp_profile/workloads/main/MI300X_A1/out/pmc_1/f5fa73aad503/25537_kernel_trace.csv
   [32mINFO[0m    |-> [rocprofiler-sdk] E20260209 15:49:08.318192 131337903728128 output_stream.cpp:111] Opened result file: /root/rocm-examples/Applications/memcp_profile/workloads/main/MI300X_A1/out/pmc_1/f5fa73aad503/25537_counter_collection.csv
   [32mINFO[0m    |-> [rocprofiler-sdk] E20260209 15:49:08.325307 131337903728128 output_stream.cpp:111] Opened result file: /root/rocm-examples/Applications/memcp_profile/workloads/main/MI300X_A1/out/pmc_1/f5fa73aad503/25537_agent_info.csv
   [32mINFO[0m    |-> [rocprofiler-sdk] W20260209 15:49:08.328890 131337903728128 simple_timer.cpp:55] [rocprofv3] output generation ::     0.031335 sec
   [32mINFO[0m    |-> [rocprofiler-sdk] W20260209 15:49:08.328977 131337903728128 simple_timer.cpp:55] [rocprofv3] tool finalization ::     0.031457 sec
   [32mINFO[0m [Run 6/13][Approximate profiling time left: 45 seconds]...
   [32mINFO[0m [profiling] Current input file: /root/rocm-examples/Applications/memcp_profile/workloads/main/MI300X_A1/perfmon/SQ_INST_LEVEL_VMEM.txt
   [32mINFO[0m    |-> [rocprofiler-sdk] W20260209 15:49:10.736257 134774187456000 simple_timer.cpp:55] [rocprofv3] tool initialization ::     0.120808 sec
   [32mINFO[0m    |-> [rocprofiler-sdk] W20260209 15:49:10.736537 134774187456000 simple_timer.cpp:55] [rocprofv3] './main' ::     0.000000 sec
   [32mINFO[0m    |-> [rocprofiler-sdk] W20260209 15:49:12.301747 134774187456000 tool.cpp:2422] HSA version 8.20.0 initialized (instance=0)
   [32mINFO[0m    |-> [rocprofiler-sdk] 0 	:	 1
   [32mINFO[0m    |-> [rocprofiler-sdk] 1 	:	 2
   [32mINFO[0m    |-> [rocprofiler-sdk] 2 	:	 3
   [32mINFO[0m    |-> [rocprofiler-sdk] 3 	:	 4
   [32mINFO[0m    |-> [rocprofiler-sdk] 4 	:	 5
   [32mINFO[0m    |-> [rocprofiler-sdk] 5 	:	 6
   [32mINFO[0m    |-> [rocprofiler-sdk] 6 	:	 7
   [32mINFO[0m    |-> [rocprofiler-sdk] 7 	:	 8
   [32mINFO[0m    |-> [rocprofiler-sdk] 8 	:	 9
   [32mINFO[0m    |-> [rocprofiler-sdk] 9 	:	 10
   [32mINFO[0m    |-> [rocprofiler-sdk] Device-to-device memcpy (global load/store) success!
   [32mINFO[0m    |-> [rocprofiler-sdk] W20260209 15:49:14.664437 134774187456000 simple_timer.cpp:55] [rocprofv3] './main' ::     3.927900 sec
   [32mINFO[0m    |-> [rocprofiler-sdk] E20260209 15:49:14.673712 134774187456000 output_stream.cpp:111] Opened result file: /root/rocm-examples/Applications/memcp_profile/workloads/main/MI300X_A1/out/pmc_1/f5fa73aad503/25545_kernel_trace.csv
   [32mINFO[0m    |-> [rocprofiler-sdk] E20260209 15:49:14.687955 134774187456000 output_stream.cpp:111] Opened result file: /root/rocm-examples/Applications/memcp_profile/workloads/main/MI300X_A1/out/pmc_1/f5fa73aad503/25545_counter_collection.csv
   [32mINFO[0m    |-> [rocprofiler-sdk] E20260209 15:49:14.695133 134774187456000 output_stream.cpp:111] Opened result file: /root/rocm-examples/Applications/memcp_profile/workloads/main/MI300X_A1/out/pmc_1/f5fa73aad503/25545_agent_info.csv
   [32mINFO[0m    |-> [rocprofiler-sdk] W20260209 15:49:14.698707 134774187456000 simple_timer.cpp:55] [rocprofv3] output generation ::     0.032774 sec
   [32mINFO[0m    |-> [rocprofiler-sdk] W20260209 15:49:14.698787 134774187456000 simple_timer.cpp:55] [rocprofv3] tool finalization ::     0.032888 sec
   [32mINFO[0m [Run 7/13][Approximate profiling time left: 38 seconds]...
   [32mINFO[0m [profiling] Current input file: /root/rocm-examples/Applications/memcp_profile/workloads/main/MI300X_A1/perfmon/SQ_LEVEL_WAVES.txt
   [32mINFO[0m    |-> [rocprofiler-sdk] W20260209 15:49:17.086744 135512173278720 simple_timer.cpp:55] [rocprofv3] tool initialization ::     0.112557 sec
   [32mINFO[0m    |-> [rocprofiler-sdk] W20260209 15:49:17.087026 135512173278720 simple_timer.cpp:55] [rocprofv3] './main' ::     0.000000 sec
   [32mINFO[0m    |-> [rocprofiler-sdk] W20260209 15:49:18.644085 135512173278720 tool.cpp:2422] HSA version 8.20.0 initialized (instance=0)
   [32mINFO[0m    |-> [rocprofiler-sdk] 0 	:	 1
   [32mINFO[0m    |-> [rocprofiler-sdk] 1 	:	 2
   [32mINFO[0m    |-> [rocprofiler-sdk] 2 	:	 3
   [32mINFO[0m    |-> [rocprofiler-sdk] 3 	:	 4
   [32mINFO[0m    |-> [rocprofiler-sdk] 4 	:	 5
   [32mINFO[0m    |-> [rocprofiler-sdk] 5 	:	 6
   [32mINFO[0m    |-> [rocprofiler-sdk] 6 	:	 7
   [32mINFO[0m    |-> [rocprofiler-sdk] 7 	:	 8
   [32mINFO[0m    |-> [rocprofiler-sdk] 8 	:	 9
   [32mINFO[0m    |-> [rocprofiler-sdk] 9 	:	 10
   [32mINFO[0m    |-> [rocprofiler-sdk] Device-to-device memcpy (global load/store) success!
   [32mINFO[0m    |-> [rocprofiler-sdk] W20260209 15:49:20.965440 135512173278720 simple_timer.cpp:55] [rocprofv3] './main' ::     3.878415 sec
   [32mINFO[0m    |-> [rocprofiler-sdk] E20260209 15:49:20.974613 135512173278720 output_stream.cpp:111] Opened result file: /root/rocm-examples/Applications/memcp_profile/workloads/main/MI300X_A1/out/pmc_1/f5fa73aad503/25553_kernel_trace.csv
   [32mINFO[0m    |-> [rocprofiler-sdk] E20260209 15:49:20.988430 135512173278720 output_stream.cpp:111] Opened result file: /root/rocm-examples/Applications/memcp_profile/workloads/main/MI300X_A1/out/pmc_1/f5fa73aad503/25553_counter_collection.csv
   [32mINFO[0m    |-> [rocprofiler-sdk] E20260209 15:49:20.995662 135512173278720 output_stream.cpp:111] Opened result file: /root/rocm-examples/Applications/memcp_profile/workloads/main/MI300X_A1/out/pmc_1/f5fa73aad503/25553_agent_info.csv
   [32mINFO[0m    |-> [rocprofiler-sdk] W20260209 15:49:20.999315 135512173278720 simple_timer.cpp:55] [rocprofv3] output generation ::     0.032487 sec
   [32mINFO[0m    |-> [rocprofiler-sdk] W20260209 15:49:20.999436 135512173278720 simple_timer.cpp:55] [rocprofv3] tool finalization ::     0.032650 sec
   [32mINFO[0m [Run 8/13][Approximate profiling time left: 32 seconds]...
   [32mINFO[0m [profiling] Current input file: /root/rocm-examples/Applications/memcp_profile/workloads/main/MI300X_A1/perfmon/pmc_perf_0.txt
   [32mINFO[0m    |-> [rocprofiler-sdk] W20260209 15:49:23.401059 125798149391872 simple_timer.cpp:55] [rocprofv3] tool initialization ::     0.109226 sec
   [32mINFO[0m    |-> [rocprofiler-sdk] W20260209 15:49:23.401348 125798149391872 simple_timer.cpp:55] [rocprofv3] './main' ::     0.000000 sec
   [32mINFO[0m    |-> [rocprofiler-sdk] W20260209 15:49:24.949742 125798149391872 tool.cpp:2422] HSA version 8.20.0 initialized (instance=0)
   [32mINFO[0m    |-> [rocprofiler-sdk] 0 	:	 1
   [32mINFO[0m    |-> [rocprofiler-sdk] 1 	:	 2
   [32mINFO[0m    |-> [rocprofiler-sdk] 2 	:	 3
   [32mINFO[0m    |-> [rocprofiler-sdk] 3 	:	 4
   [32mINFO[0m    |-> [rocprofiler-sdk] 4 	:	 5
   [32mINFO[0m    |-> [rocprofiler-sdk] 5 	:	 6
   [32mINFO[0m    |-> [rocprofiler-sdk] 6 	:	 7
   [32mINFO[0m    |-> [rocprofiler-sdk] 7 	:	 8
   [32mINFO[0m    |-> [rocprofiler-sdk] 8 	:	 9
   [32mINFO[0m    |-> [rocprofiler-sdk] 9 	:	 10
   [32mINFO[0m    |-> [rocprofiler-sdk] Device-to-device memcpy (global load/store) success!
   [32mINFO[0m    |-> [rocprofiler-sdk] W20260209 15:49:27.260166 125798149391872 simple_timer.cpp:55] [rocprofv3] './main' ::     3.858818 sec
   [32mINFO[0m    |-> [rocprofiler-sdk] E20260209 15:49:27.269118 125798149391872 output_stream.cpp:111] Opened result file: /root/rocm-examples/Applications/memcp_profile/workloads/main/MI300X_A1/out/pmc_1/f5fa73aad503/25561_kernel_trace.csv
   [32mINFO[0m    |-> [rocprofiler-sdk] E20260209 15:49:27.283327 125798149391872 output_stream.cpp:111] Opened result file: /root/rocm-examples/Applications/memcp_profile/workloads/main/MI300X_A1/out/pmc_1/f5fa73aad503/25561_counter_collection.csv
   [32mINFO[0m    |-> [rocprofiler-sdk] E20260209 15:49:27.290549 125798149391872 output_stream.cpp:111] Opened result file: /root/rocm-examples/Applications/memcp_profile/workloads/main/MI300X_A1/out/pmc_1/f5fa73aad503/25561_agent_info.csv
   [32mINFO[0m    |-> [rocprofiler-sdk] W20260209 15:49:27.294088 125798149391872 simple_timer.cpp:55] [rocprofv3] output generation ::     0.032709 sec
   [32mINFO[0m    |-> [rocprofiler-sdk] W20260209 15:49:27.294173 125798149391872 simple_timer.cpp:55] [rocprofv3] tool finalization ::     0.032830 sec
   [32mINFO[0m [Run 9/13][Approximate profiling time left: 25 seconds]...
   [32mINFO[0m [profiling] Current input file: /root/rocm-examples/Applications/memcp_profile/workloads/main/MI300X_A1/perfmon/pmc_perf_1.txt
   [32mINFO[0m    |-> [rocprofiler-sdk] W20260209 15:49:29.630087 132086754989568 simple_timer.cpp:55] [rocprofv3] tool initialization ::     0.111082 sec
   [32mINFO[0m    |-> [rocprofiler-sdk] W20260209 15:49:29.630355 132086754989568 simple_timer.cpp:55] [rocprofv3] './main' ::     0.000000 sec
   [32mINFO[0m    |-> [rocprofiler-sdk] W20260209 15:49:31.192999 132086754989568 tool.cpp:2422] HSA version 8.20.0 initialized (instance=0)
   [32mINFO[0m    |-> [rocprofiler-sdk] 0 	:	 1
   [32mINFO[0m    |-> [rocprofiler-sdk] 1 	:	 2
   [32mINFO[0m    |-> [rocprofiler-sdk] 2 	:	 3
   [32mINFO[0m    |-> [rocprofiler-sdk] 3 	:	 4
   [32mINFO[0m    |-> [rocprofiler-sdk] 4 	:	 5
   [32mINFO[0m    |-> [rocprofiler-sdk] 5 	:	 6
   [32mINFO[0m    |-> [rocprofiler-sdk] 6 	:	 7
   [32mINFO[0m    |-> [rocprofiler-sdk] 7 	:	 8
   [32mINFO[0m    |-> [rocprofiler-sdk] 8 	:	 9
   [32mINFO[0m    |-> [rocprofiler-sdk] 9 	:	 10
   [32mINFO[0m    |-> [rocprofiler-sdk] Device-to-device memcpy (global load/store) success!
   [32mINFO[0m    |-> [rocprofiler-sdk] W20260209 15:49:33.512847 132086754989568 simple_timer.cpp:55] [rocprofv3] './main' ::     3.882492 sec
   [32mINFO[0m    |-> [rocprofiler-sdk] E20260209 15:49:33.521876 132086754989568 output_stream.cpp:111] Opened result file: /root/rocm-examples/Applications/memcp_profile/workloads/main/MI300X_A1/out/pmc_1/f5fa73aad503/25569_kernel_trace.csv
   [32mINFO[0m    |-> [rocprofiler-sdk] E20260209 15:49:33.536001 132086754989568 output_stream.cpp:111] Opened result file: /root/rocm-examples/Applications/memcp_profile/workloads/main/MI300X_A1/out/pmc_1/f5fa73aad503/25569_counter_collection.csv
   [32mINFO[0m    |-> [rocprofiler-sdk] E20260209 15:49:33.543198 132086754989568 output_stream.cpp:111] Opened result file: /root/rocm-examples/Applications/memcp_profile/workloads/main/MI300X_A1/out/pmc_1/f5fa73aad503/25569_agent_info.csv
   [32mINFO[0m    |-> [rocprofiler-sdk] W20260209 15:49:33.546759 132086754989568 simple_timer.cpp:55] [rocprofv3] output generation ::     0.032559 sec
   [32mINFO[0m    |-> [rocprofiler-sdk] W20260209 15:49:33.546873 132086754989568 simple_timer.cpp:55] [rocprofv3] tool finalization ::     0.032717 sec
   [32mINFO[0m [Run 10/13][Approximate profiling time left: 19 seconds]...
   [32mINFO[0m [profiling] Current input file: /root/rocm-examples/Applications/memcp_profile/workloads/main/MI300X_A1/perfmon/pmc_perf_2.txt
   [32mINFO[0m    |-> [rocprofiler-sdk] W20260209 15:49:35.907370 135058484336128 simple_timer.cpp:55] [rocprofv3] tool initialization ::     0.109844 sec
   [32mINFO[0m    |-> [rocprofiler-sdk] W20260209 15:49:35.907668 135058484336128 simple_timer.cpp:55] [rocprofv3] './main' ::     0.000000 sec
   [32mINFO[0m    |-> [rocprofiler-sdk] W20260209 15:49:37.469079 135058484336128 tool.cpp:2422] HSA version 8.20.0 initialized (instance=0)
   [32mINFO[0m    |-> [rocprofiler-sdk] 0 	:	 1
   [32mINFO[0m    |-> [rocprofiler-sdk] 1 	:	 2
   [32mINFO[0m    |-> [rocprofiler-sdk] 2 	:	 3
   [32mINFO[0m    |-> [rocprofiler-sdk] 3 	:	 4
   [32mINFO[0m    |-> [rocprofiler-sdk] 4 	:	 5
   [32mINFO[0m    |-> [rocprofiler-sdk] 5 	:	 6
   [32mINFO[0m    |-> [rocprofiler-sdk] 6 	:	 7
   [32mINFO[0m    |-> [rocprofiler-sdk] 7 	:	 8
   [32mINFO[0m    |-> [rocprofiler-sdk] 8 	:	 9
   [32mINFO[0m    |-> [rocprofiler-sdk] 9 	:	 10
   [32mINFO[0m    |-> [rocprofiler-sdk] Device-to-device memcpy (global load/store) success!
   [32mINFO[0m    |-> [rocprofiler-sdk] W20260209 15:49:39.768050 135058484336128 simple_timer.cpp:55] [rocprofv3] './main' ::     3.860382 sec
   [32mINFO[0m    |-> [rocprofiler-sdk] E20260209 15:49:39.777145 135058484336128 output_stream.cpp:111] Opened result file: /root/rocm-examples/Applications/memcp_profile/workloads/main/MI300X_A1/out/pmc_1/f5fa73aad503/25577_kernel_trace.csv
   [32mINFO[0m    |-> [rocprofiler-sdk] E20260209 15:49:39.790745 135058484336128 output_stream.cpp:111] Opened result file: /root/rocm-examples/Applications/memcp_profile/workloads/main/MI300X_A1/out/pmc_1/f5fa73aad503/25577_counter_collection.csv
   [32mINFO[0m    |-> [rocprofiler-sdk] E20260209 15:49:39.798027 135058484336128 output_stream.cpp:111] Opened result file: /root/rocm-examples/Applications/memcp_profile/workloads/main/MI300X_A1/out/pmc_1/f5fa73aad503/25577_agent_info.csv
   [32mINFO[0m    |-> [rocprofiler-sdk] W20260209 15:49:39.801463 135058484336128 simple_timer.cpp:55] [rocprofv3] output generation ::     0.031795 sec
   [32mINFO[0m    |-> [rocprofiler-sdk] W20260209 15:49:39.801542 135058484336128 simple_timer.cpp:55] [rocprofv3] tool finalization ::     0.031909 sec
   [32mINFO[0m [Run 11/13][Approximate profiling time left: 12 seconds]...
   [32mINFO[0m [profiling] Current input file: /root/rocm-examples/Applications/memcp_profile/workloads/main/MI300X_A1/perfmon/pmc_perf_3.txt
   [32mINFO[0m    |-> [rocprofiler-sdk] W20260209 15:49:42.205865 126373183186432 simple_timer.cpp:55] [rocprofv3] tool initialization ::     0.114587 sec
   [32mINFO[0m    |-> [rocprofiler-sdk] W20260209 15:49:42.206151 126373183186432 simple_timer.cpp:55] [rocprofv3] './main' ::     0.000000 sec
   [32mINFO[0m    |-> [rocprofiler-sdk] W20260209 15:49:43.829147 126373183186432 tool.cpp:2422] HSA version 8.20.0 initialized (instance=0)
   [32mINFO[0m    |-> [rocprofiler-sdk] 0 	:	 1
   [32mINFO[0m    |-> [rocprofiler-sdk] 1 	:	 2
   [32mINFO[0m    |-> [rocprofiler-sdk] 2 	:	 3
   [32mINFO[0m    |-> [rocprofiler-sdk] 3 	:	 4
   [32mINFO[0m    |-> [rocprofiler-sdk] 4 	:	 5
   [32mINFO[0m    |-> [rocprofiler-sdk] 5 	:	 6
   [32mINFO[0m    |-> [rocprofiler-sdk] 6 	:	 7
   [32mINFO[0m    |-> [rocprofiler-sdk] 7 	:	 8
   [32mINFO[0m    |-> [rocprofiler-sdk] 8 	:	 9
   [32mINFO[0m    |-> [rocprofiler-sdk] 9 	:	 10
   [32mINFO[0m    |-> [rocprofiler-sdk] Device-to-device memcpy (global load/store) success!
   [32mINFO[0m    |-> [rocprofiler-sdk] W20260209 15:49:46.148984 126373183186432 simple_timer.cpp:55] [rocprofv3] './main' ::     3.942833 sec
   [32mINFO[0m    |-> [rocprofiler-sdk] E20260209 15:49:46.158160 126373183186432 output_stream.cpp:111] Opened result file: /root/rocm-examples/Applications/memcp_profile/workloads/main/MI300X_A1/out/pmc_1/f5fa73aad503/25585_kernel_trace.csv
   [32mINFO[0m    |-> [rocprofiler-sdk] E20260209 15:49:46.172413 126373183186432 output_stream.cpp:111] Opened result file: /root/rocm-examples/Applications/memcp_profile/workloads/main/MI300X_A1/out/pmc_1/f5fa73aad503/25585_counter_collection.csv
   [32mINFO[0m    |-> [rocprofiler-sdk] E20260209 15:49:46.179796 126373183186432 output_stream.cpp:111] Opened result file: /root/rocm-examples/Applications/memcp_profile/workloads/main/MI300X_A1/out/pmc_1/f5fa73aad503/25585_agent_info.csv
   [32mINFO[0m    |-> [rocprofiler-sdk] W20260209 15:49:46.183380 126373183186432 simple_timer.cpp:55] [rocprofv3] output generation ::     0.032945 sec
   [32mINFO[0m    |-> [rocprofiler-sdk] W20260209 15:49:46.183468 126373183186432 simple_timer.cpp:55] [rocprofv3] tool finalization ::     0.033067 sec
   [32mINFO[0m [Run 12/13][Approximate profiling time left: 6 seconds]...
   [32mINFO[0m [profiling] Current input file: /root/rocm-examples/Applications/memcp_profile/workloads/main/MI300X_A1/perfmon/pmc_perf_4.txt
   [32mINFO[0m    |-> [rocprofiler-sdk] W20260209 15:49:48.616405 130706780337664 simple_timer.cpp:55] [rocprofv3] tool initialization ::     0.113906 sec
   [32mINFO[0m    |-> [rocprofiler-sdk] W20260209 15:49:48.616680 130706780337664 simple_timer.cpp:55] [rocprofv3] './main' ::     0.000000 sec
   [32mINFO[0m    |-> [rocprofiler-sdk] W20260209 15:49:50.138010 130706780337664 tool.cpp:2422] HSA version 8.20.0 initialized (instance=0)
   [32mINFO[0m    |-> [rocprofiler-sdk] 0 	:	 1
   [32mINFO[0m    |-> [rocprofiler-sdk] 1 	:	 2
   [32mINFO[0m    |-> [rocprofiler-sdk] 2 	:	 3
   [32mINFO[0m    |-> [rocprofiler-sdk] 3 	:	 4
   [32mINFO[0m    |-> [rocprofiler-sdk] 4 	:	 5
   [32mINFO[0m    |-> [rocprofiler-sdk] 5 	:	 6
   [32mINFO[0m    |-> [rocprofiler-sdk] 6 	:	 7
   [32mINFO[0m    |-> [rocprofiler-sdk] 7 	:	 8
   [32mINFO[0m    |-> [rocprofiler-sdk] 8 	:	 9
   [32mINFO[0m    |-> [rocprofiler-sdk] 9 	:	 10
   [32mINFO[0m    |-> [rocprofiler-sdk] Device-to-device memcpy (global load/store) success!
   [32mINFO[0m    |-> [rocprofiler-sdk] W20260209 15:49:52.398107 130706780337664 simple_timer.cpp:55] [rocprofv3] './main' ::     3.781428 sec
   [32mINFO[0m    |-> [rocprofiler-sdk] E20260209 15:49:52.406838 130706780337664 output_stream.cpp:111] Opened result file: /root/rocm-examples/Applications/memcp_profile/workloads/main/MI300X_A1/out/pmc_1/f5fa73aad503/25593_kernel_trace.csv
   [32mINFO[0m    |-> [rocprofiler-sdk] E20260209 15:49:52.419542 130706780337664 output_stream.cpp:111] Opened result file: /root/rocm-examples/Applications/memcp_profile/workloads/main/MI300X_A1/out/pmc_1/f5fa73aad503/25593_counter_collection.csv
   [32mINFO[0m    |-> [rocprofiler-sdk] E20260209 15:49:52.426084 130706780337664 output_stream.cpp:111] Opened result file: /root/rocm-examples/Applications/memcp_profile/workloads/main/MI300X_A1/out/pmc_1/f5fa73aad503/25593_agent_info.csv
   [32mINFO[0m    |-> [rocprofiler-sdk] W20260209 15:49:52.429564 130706780337664 simple_timer.cpp:55] [rocprofv3] output generation ::     0.030023 sec
   [32mINFO[0m    |-> [rocprofiler-sdk] W20260209 15:49:52.429646 130706780337664 simple_timer.cpp:55] [rocprofv3] tool finalization ::     0.030140 sec
   [32mINFO[0m [Run 13/13][Approximate profiling time left: 0 seconds]...
   [32mINFO[0m [profiling] Current input file: /root/rocm-examples/Applications/memcp_profile/workloads/main/MI300X_A1/perfmon/pmc_perf_5.txt
   [32mINFO[0m    |-> [rocprofiler-sdk] W20260209 15:49:54.695149 134441985660416 simple_timer.cpp:55] [rocprofv3] tool initialization ::     0.102927 sec
   [32mINFO[0m    |-> [rocprofiler-sdk] W20260209 15:49:54.695420 134441985660416 simple_timer.cpp:55] [rocprofv3] './main' ::     0.000000 sec
   [32mINFO[0m    |-> [rocprofiler-sdk] W20260209 15:49:56.291429 134441985660416 tool.cpp:2422] HSA version 8.20.0 initialized (instance=0)
   [32mINFO[0m    |-> [rocprofiler-sdk] 0 	:	 1
   [32mINFO[0m    |-> [rocprofiler-sdk] 1 	:	 2
   [32mINFO[0m    |-> [rocprofiler-sdk] 2 	:	 3
   [32mINFO[0m    |-> [rocprofiler-sdk] 3 	:	 4
   [32mINFO[0m    |-> [rocprofiler-sdk] 4 	:	 5
   [32mINFO[0m    |-> [rocprofiler-sdk] 5 	:	 6
   [32mINFO[0m    |-> [rocprofiler-sdk] 6 	:	 7
   [32mINFO[0m    |-> [rocprofiler-sdk] 7 	:	 8
   [32mINFO[0m    |-> [rocprofiler-sdk] 8 	:	 9
   [32mINFO[0m    |-> [rocprofiler-sdk] 9 	:	 10
   [32mINFO[0m    |-> [rocprofiler-sdk] Device-to-device memcpy (global load/store) success!
   [32mINFO[0m    |-> [rocprofiler-sdk] W20260209 15:49:58.858481 134441985660416 simple_timer.cpp:55] [rocprofv3] './main' ::     4.163061 sec
   [32mINFO[0m    |-> [rocprofiler-sdk] E20260209 15:49:58.866983 134441985660416 output_stream.cpp:111] Opened result file: /root/rocm-examples/Applications/memcp_profile/workloads/main/MI300X_A1/out/pmc_1/f5fa73aad503/25601_kernel_trace.csv
   [32mINFO[0m    |-> [rocprofiler-sdk] E20260209 15:49:58.879891 134441985660416 output_stream.cpp:111] Opened result file: /root/rocm-examples/Applications/memcp_profile/workloads/main/MI300X_A1/out/pmc_1/f5fa73aad503/25601_counter_collection.csv
   [32mINFO[0m    |-> [rocprofiler-sdk] E20260209 15:49:58.886249 134441985660416 output_stream.cpp:111] Opened result file: /root/rocm-examples/Applications/memcp_profile/workloads/main/MI300X_A1/out/pmc_1/f5fa73aad503/25601_agent_info.csv
   [32mINFO[0m    |-> [rocprofiler-sdk] W20260209 15:49:58.889704 134441985660416 simple_timer.cpp:55] [rocprofv3] output generation ::     0.029993 sec
   [32mINFO[0m    |-> [rocprofiler-sdk] W20260209 15:49:58.889773 134441985660416 simple_timer.cpp:55] [rocprofv3] tool finalization ::     0.030095 sec
[33mWARNING[0m PC sampling data collection skipped as block 21 is not specified.
   [32mINFO[0m [roofline] Checking for roofline.csv in /root/rocm-examples/Applications/memcp_profile/workloads/main/MI300X_A1
   [32mINFO[0m [roofline] Empirical Roofline PDFs saved!
   [32mINFO[0m [roofline] Checking for roofline.csv in /root/rocm-examples/Applications/memcp_profile/workloads/main/MI300X_A1
   [32mINFO[0m [roofline] Empirical Roofline PDFs saved!
rocprof-compute analyze -p workloads/main/MI300X_A1/ -b 3

                                 __                                       _
 _ __ ___   ___ _ __  _ __ ___  / _|       ___ ___  _ __ ___  _ __  _   _| |_ ___
| '__/ _ \ / __| '_ \| '__/ _ \| |_ _____ / __/ _ \| '_ ` _ \| '_ \| | | | __/ _ \
| | | (_) | (__| |_) | | | (_) |  _|_____| (_| (_) | | | | | | |_) | |_| | ||  __/
|_|  \___/ \___| .__/|_|  \___/|_|        \___\___/|_| |_| |_| .__/ \__,_|\__\___|
               |_|                                           |_|

   [32mINFO[0m Analysis mode = cli
   [32mINFO[0m fatal: not a git repository (or any of the parent directories): .git
   [32mINFO[0m [analysis] deriving rocprofiler-compute metrics...
  [31mERROR[0m PC sampling: can not read /root/rocm-examples/Applications/memcp_profile/workloads/main/MI300X_A1/ps_file_kernel_trace.csv
[33mWARNING[0m Failed to evaluate expression '
to_round(to_avg(
(raw_pmc_df['pmc_perf']['TCP_TCP_LATENCY_sum'] / raw_pmc_df['pmc_perf']['TCP_TA_TCP_STATE_READ_sum']).where((raw_pmc_df['pmc_perf']['TCP_TA_TCP_STATE_READ_sum'] != 0), None)), 0)
': 'TCP_TCP_LATENCY_sum'.

--------------------------------------------------------------------------------
0. Top Stats
0.1 Top Kernels
╒═════════╤══════════════════════════════════════════╤═════════╤════════════╤════════════╤══════════════╤════════╕
│   index │ Kernel_Name                              │   Count │    Sum(ns) │   Mean(ns) │   Median(ns) │    Pct │
╞═════════╪══════════════════════════════════════════╪═════════╪════════════╪════════════╪══════════════╪════════╡
│       0 │ device_memcpy_kernel(int*, int*, unsigne │    1.00 │ 2332125.59 │ 2332125.59 │   2332125.59 │ 100.00 │
│         │ d long)                                  │         │            │            │              │        │
╘═════════╧══════════════════════════════════════════╧═════════╧════════════╧════════════╧══════════════╧════════╛
0.2 Dispatch List
╒═════════╤═══════════════╤═════════════════════════════════════════════════╤══════════╕
│   index │   Dispatch_ID │ Kernel_Name                                     │   GPU_ID │
╞═════════╪═══════════════╪═════════════════════════════════════════════════╪══════════╡
│       0 │             0 │ device_memcpy_kernel(int*, int*, unsigned long) │        0 │
╘═════════╧═══════════════╧═════════════════════════════════════════════════╧══════════╛


--------------------------------------------------------------------------------
3. Memory Chart
3.1 Memory Chart
⣀⣀⣀⣀⣀⣀⣀⣀⣀⣀⣀⣀⣀⣀⣀⣀⣀⣀⣀⣀⣀⣀⣀⣀⣀⣀⣀⣀⣀⣀⣀⣀⣀⣀⣀⣀⣀⣀⣀⣀⣀⣀⣀⣀⣀⣀⣀⣀⣀⣀⣀⣀⣀⣀⣀⣀⣀⣀⣀⣀⣀⣀⣀⣀⣀⣀⣀⣀⣀⣀⣀⣀⣀⣀⣀⣀⣀⣀⣀⣀⣀⣀⣀⣀⣀⣀⣀⣀⣀⣀⣀⣀⣀⣀⣀⣀⣀⣀⣀⣀⣀⣀⣀⣀⣀⣀⣀⣀⣀⣀⣀⣀⣀⣀⣀⣀⣀⣀⣀⣀⣀⣀⣀⣀⣀⣀⣀⣀⣀⣀⣀⣀⣀⣀⣀⣀⣀⣀⣀⣀⣀⣀⣀⣀⣀⣀⣀⣀⣀⣀⣀⣀⣀⣀⣀⣀⣀⣀⣀⣀⣀⣀⣀⣀⣀⣀⣀⣀⣀⣀⣀⣀⣀⣀⣀⣀⣀⣀⣀⣀⣀⣀⣀⣀⣀⣀⣀⣀⣀⣀⣀⣀⣀⣀⣀⣀⣀⣀⣀⣀⣀⣀⣀⣀⣀⣀⣀⣀⣀⣀⣀⣀⣀⣀⣀⣀⣀⣀⣀⣀⣀⣀⣀⣀⣀⣀⣀⣀⣀⣀⣀⣀⣀⡀
⡇⠀⠀⠀⠀⠀⠀⠀⠀⠀⠀⠀⠀⠀⠀⠀⠀⠀⠀⠀⠀⠀⠀⠀⠀⠀⠀⠀⠀⠀⠀⠀⠀⠀⠀⠀⠀⠀⠀⠀⠀⠀⠀⠀⠀⠀⠀⠀⠀⠀⠀⠀⠀⠀⠀⠀⠀⠀⠀⠀⠀⠀⠀⠀⠀⠀⠀⠀⠀⠀⠀⠀⠀⠀⠀⠀⠀⠀⠀⠀⠀⠀⠀⠀⠀⠀⠀⠀⠀⠀⠀⠀⠀⠀⠀⠀⠀⠀⠀⠀⠀⠀⠀⠀⠀⠀⠀⠀⠀⠀⠀⠀⠀⠀⠀⠀⠀⠀⠀⠀⠀⠀⠀⠀⠀⠀⠀⠀⠀⠀⠀⠀⠀⠀⠀⠀⠀⠀⠀⠀⠀⠀⠀⠀⠀⠀⠀⠀⠀⠀⠀⠀⠀⠀⠀⠀⠀⠀⠀⠀⠀⠀⠀⠀⠀⠀⠀⠀⠀⠀⠀⠀⠀⠀⠀⠀⠀⠀⠀⠀⠀⠀⠀⠀⠀⠀⠀⠀⠀⠀⠀⠀⠀⠀⠀⠀⠀⠀⠀⠀⠀⠀⠀⠀⠀⠀⠀⠀⠀⠀⠀⠀⠀⠀⠀⠀⠀⠀⠀⠀⠀⠀⠀⠀⠀⠀⠀⠀⠀⠀⠀⠀⠀⡇
⡇⠀(Normalization: per_kernel)⠀⠀⠀⠀⠀⠀⠀⠀⠀⠀⠀⠀⠀⠀⠀⠀⠀⠀⠀⠀⠀⠀⠀⠀⠀⠀⠀⠀⠀⠀⠀⠀⠀⠀⠀⠀⠀⠀⠀⠀⠀⠀⠀⠀⠀⠀⠀⠀⠀⠀⠀⠀⠀⠀⠀⠀⠀⠀⠀⠀⠀⠀⠀⠀⠀⠀⠀⠀⠀⠀⠀⠀⠀⠀⠀⠀⠀⠀⠀⠀⠀⠀⠀⠀⠀⠀⠀⠀⠀⠀⠀⠀⠀⠀⠀⠀⠀⠀⠀⠀⠀⠀⠀⠀⠀⠀⠀⠀⠀⠀⠀⠀⠀⠀⠀⠀⠀⠀⠀⠀⠀⠀⠀⠀⠀⠀⠀⠀⠀⠀⠀⠀⠀⠀⠀⠀⠀⠀⠀⠀⠀⠀⠀⠀⠀⠀⠀⠀⠀⠀⠀⠀⠀⠀⠀⠀⠀⠀⠀⠀⠀⠀⠀⠀⠀⠀⠀⠀⠀⠀⠀⠀⠀⠀⠀⠀⠀⠀⠀⠀⠀⠀⠀⠀⠀⠀⠀⠀⠀⠀⠀⠀⠀⠀⠀⠀⠀⠀⠀⠀⠀⠀⠀⠀⡇
⡇⠀⠀⠀⠀⠀⠀⠀⠀⠀⠀⠀⠀⠀⠀⠀⠀⠀⠀⠀⠀⠀⠀⠀⠀⠀⠀⠀⠀⠀⠀⠀⠀⠀⠀⠀⠀⠀⠀⠀⠀⠀⠀⠀⠀⠀⠀⠀⠀⠀⠀⠀⠀⠀⠀⠀⠀⠀⠀⠀⠀⠀⠀⠀⠀⠀⠀⠀⠀⠀⠀⠀⠀⠀⠀⠀⠀⠀⠀⠀⠀⠀⠀⠀⠀⠀⠀⠀⠀⠀⠀⠀⠀⠀⠀⠀⠀⠀⠀⠀⠀⠀⠀⠀⠀⠀⠀⠀⠀⠀⠀⠀⠀⠀⠀⠀⠀⠀⠀⠀⠀⠀⠀⠀⠀⠀⠀⠀⠀⠀⠀⠀⠀⠀⠀⠀⠀⠀⠀⠀⠀⠀⠀⠀⠀⠀⠀⠀⠀⠀⠀⠀⠀⠀⠀⠀⠀⠀⠀⠀⠀⠀⠀⠀⠀⠀⠀⠀⠀⠀⠀⠀⠀⠀⠀⠀⠀⠀⠀⠀⠀⠀⠀⠀⠀⠀⠀⠀⠀⠀⠀⠀⠀⠀⠀⠀⠀⠀⠀⠀⠀⠀⠀⠀⠀⠀⠀⠀⠀⠀⠀⠀⠀⠀⠀⠀⠀⠀⠀⠀⠀⠀⠀⠀⠀⠀⠀⠀⠀⠀⠀⠀⠀⡇
⡇⠀Instr Buff⠀⠀⠀⠀⠀⠀⠀⠀⠀⠀⠀⠀⠀⠀⠀⠀⠀⠀⠀⠀⠀⠀⠀⠀⠀⠀Instr Dispatch⠀⠀⠀⠀⠀⠀Exec⠀⠀⠀⠀⠀⠀⠀⠀⠀⠀⠀⠀⠀⠀⠀⠀⠀⠀⠀⠀⠀⠀⠀⠀⠀⠀⠀⠀⠀⠀⠀⠀⠀LDS⠀⠀⠀⠀⠀⠀⠀⠀⠀⠀⠀⠀⠀⠀⠀⠀⠀⠀⠀⠀⠀⠀⠀⠀⠀⠀⠀⠀⠀⠀⠀⠀⠀⠀⠀⠀⠀⠀⠀⠀L2 Cache⠀⠀⠀⠀⠀⠀⠀⠀⠀⠀⠀⠀⠀⠀⠀⠀⠀⠀⠀⠀⠀⠀⠀⠀⠀⠀⠀⠀⠀⠀⠀⠀⠀⠀⠀⠀⠀⠀⠀⠀⠀⠀⠀⠀⠀⠀⠀⠀⠀⠀⠀⠀⠀⠀⠀⠀⠀⠀⠀⠀⠀⠀⠀⠀⠀⠀⠀⠀⠀⠀⠀⠀⠀⠀⠀⠀⠀⠀⠀⠀⠀⠀⠀⠀⠀⠀⠀⡇
⡇⠀⠀⠀⣀⣀⣀⣀⣀⣀⣀⣀⣀⣀⣀⣀⣀⣀⣀⣀⣀⣀⣀⣀⣀⣀⣀⣀⣀⡀⠀⠀⡀⠀⠀⠀⠀⠀⠀⠀⠀⠀⠀⠀⠀⠀⠀⠀⠀⠀⠀⠀⠀⠀⠀⠀⠀⠀⣀⣀⣀⣀⣀⣀⣀⣀⣀⣀⣀⣀⣀⣀⣀⣀⣀⣀⣀⣀⡀⠀⠀⠀⠀⠀⠀⠀⠀⠀⠀⠀⠀⠀⠀⠀⠀⣀⣀⣀⣀⣀⣀⣀⣀⣀⣀⣀⣀⣀⣀⣀⣀⣀⣀⣀⣀⣀⣀⣀⣀⡀⠀⠀⠀⠀⠀⠀⠀⠀⠀⠀⠀⠀⠀⠀⠀⠀⠀⠀⣀⣀⣀⣀⣀⣀⣀⣀⣀⣀⣀⣀⣀⣀⣀⣀⣀⣀⣀⣀⣀⣀⣀⣀⡀⠀⠀⠀⠀⠀⠀⠀⠀⠀⠀⠀⠀⠀⠀⠀⠀⠀⠀⠀⠀⠀⠀⠀⠀⠀⣀⣀⣀⣀⣀⣀⣀⣀⣀⣀⡀⠀⠀⠀⠀⠀⠀⠀⠀⠀⠀⠀⠀⠀⠀⠀⠀⠀⠀⠀⠀⠀⠀⠀⠀⠀⠀⠀⠀⠀⠀⠀⠀⠀⠀⡇
⡇⠀⣀⣖⣗⣒⣒⣒⣒⣒⣒⣒⣒⣒⣒⣒⣒⣒⣒⣒⣒⣒⣒⣒⣒⣒⣒⡒⡆⡇⠀⠀⡏⠢⢄⠀⠀⠀⠀⠀⠀SALU: 50331648⠀⠀⠀⡇⠀⠀⠀⠀⠀⠀⠀⠀⠀⠀⠀⠀⠀⠀⠀⠀⠀⠀⠀⡇⠀⠀⠀⠀⠀⠀⠀⠀⠀⠀⠀⠀⠀⠀⠀⠀⡇⠀⠀⠀⠀⠀⠀⠀⠀⠀⠀⠀⠀⠀⠀⠀⠀⠀⠀⠀⠀⠀⠀⠀⡇⠀⠀⠀⠀⠀⠀⠀⠀⠀⠀⠀⠀⠀⠀⠀⠀⠀⠀⡇⠀⠀⠀⠀⠀⠀⠀⠀⠀⠀⠀⠀⠀⠀⠀⠀⠀⠀⠀⠀⠀⠀⠀⡇⠀⠀⠀⠀⠀⠀⠀⠀⠀⠀⠀⠀⠀⠀⠀⠀⠀⠀⠀⠀⠀⠀⠀⠀⠀⡇⠀⠀⠀⠀⠀⠀⠀⠀⠀⡇⠀⠀⠀⠀⠀⠀⠀⠀⠀⠀⠀⠀⠀⠀⠀⠀⠀⠀⠀⠀⠀⠀⠀⠀⠀⠀⠀⠀⠀⠀⠀⠀⠀⠀⡇
⡇⠀⡇⡇⡇⠀⣀⣀⣀⣀⣀⣀⣀⣀⣀⣀⣀⣀⣀⣀⣀⣀⣀⣀⣀⡀⠀⡇⡇⡇⠀⠀⡇⠀⠀⠑⡆⠀------------------>⠀⡇⠀Active CUs⠀⠀⠀⠀⠀⠀⠀⠀⡇⠀⠀Req:    0⠀⠀⠀⠀⠀⡇⠀Util:      0 %⠀⠀⠀⠀⠀⠀⠀⠀⡇⠀⠀⠀⠀⠀⠀⠀⠀⠀⠀⠀⠀⠀⠀⠀⠀⠀⠀⡇⠀⠀⠀⠀⠀⠀⠀⠀⠀⠀⠀⠀⠀⠀⠀⠀⠀⠀⠀⠀⠀⠀⠀⡇⠀⠀⠀⠀⠀⠀⠀⠀⠀⠀⠀⠀⠀⠀⠀⠀⠀⠀⠀⠀⠀⠀⠀⠀⠀⡇xGMI/PCIe⡇⠀⠀⠀⠀⠀⠀⠀⠀⠀⠀⠀⠀⠀⠀⠀⠀⠀⠀⠀⠀⠀⠀⠀⠀⠀⠀⠀⠀⠀⠀⠀⠀⠀⠀⡇
⡇⠀⡇⡇⡇⠀⡇Wave   0 Instr Buf⡇⠀⡇⡇⡇⠀⠀⡇⠀⠀⠀⡇⠀⠀⠀⠀⠀⠀⠀⠀⠀⠀⠀⠀⠀⠀⠀⠀⠀⠀⠀⠀⠀⡇⠀n/a: 304⠀⠀⠀⠀⠀⠀⠀⠀⠀⠀⡇<---------------⡇⠀⠀⠀⠀⠀⠀⠀⠀⠀⠀⠀⠀⠀⠀⠀⠀⠀⠀⠀⠀⠀⠀⠀⡇⠀⠀⠀⠀⠀⠀⠀⠀⠀⠀⠀⠀⠀⠀⠀⠀⠀⠀⡇⠀⣀⣀⣀⣀⣀⣀⣀⣀⣀⣀⣀⣀⣀⣀⣀⣀⣀⣀⣀⣀⡀⠀⡇⠀⠀⠀⠀⠀⠀⠀⠀⠀⠀⠀⠀⠀⠀⠀⠀⠀⠀⠀⠀⠀⠀⠀⠀⠀⡇⠀⠀⠀⠀⠀⠀⠀⠀⠀⡇⠀⠀⠀⠀⠀⠀⠀⠀⠀⠀⠀⠀⠀⠀⠀⠀⠀⠀⠀⠀⠀⠀⠀⠀⠀⠀⠀⠀⠀⠀⠀⠀⠀⠀⡇
⡇⠀⡇⡇⡇⠀⠓⠒⠒⠒⠒⠒⠒⠒⠒⠒⠒⠒⠒⠒⠒⠒⠒⠒⠒⠃⠀⡇⡇⡇⠀⠀⡇⠀⠀⠀⡇⠀⠀⠀⠀SMEM: 50331648⠀⠀⠀⡇⠀⠀⠀⠀⠀⠀⠀⠀⠀⠀⠀⠀⠀⠀⠀⠀⠀⠀⠀⡇⠀⠀⠀⠀⠀⠀⠀⠀⠀⠀⠀⠀⠀⠀⠀⠀⡇⠀Lat:    N/A⠀⠀⠀⠀⠀⠀⠀⠀⠀⠀⠀⡇⠀⠀⠀⠀⠀⠀⠀⠀⠀⠀⠀⠀⠀⠀⠀⠀⠀⠀⡇⠀⡇⠀Hit:     33 %⠀⠀⠀⠀⠀⡇⠀⡇⠀⠀⠀⠀⠀⠀⠀⠀⠀⠀⠀⠀⠀⠀⠀⠀⠀⠀⠀⠀⠀⠀⠀⠀⠀⣇⣀⣀⣀⣀⣀⣀⣀⣀⣀⡇⠀⠀⠀⠀⠀⠀⠀⠀⠀⠀⠀⠀⠀⠀⠀⠀⠀⠀⠀⠀⠀⠀⠀⠀⠀⠀⠀⠀⠀⠀⠀⠀⠀⠀⡇
⡇⠀⡇⡇⡇⠀⠀⠀⠀⠀⠀⠀⠀⠀⠀⠀⠀⠀⠀⠀⠀⠀⠀⠀⠀⠀⠀⡇⡇⡇⠀⠀⡇⠀⠀⠀⡇⠀------------------>⠀⡇⠀⣀⣀⣀⣀⣀⣀⣀⣀⣀⣀⣀⣀⣀⣀⣀⣀⡀⠀⡇⠀⠀⠀⠀⠀⠀⠀⠀⠀⠀⠀⠀⠀⠀⠀⠀⣇⣀⣀⣀⣀⣀⣀⣀⣀⣀⣀⣀⣀⣀⣀⣀⣀⣀⣀⣀⣀⣀⣀⣀⡇⠀⠀⠀⠀⠀⠀⠀⠀⠀⠀⠀⠀⠀⠀⠀⠀⠀⠀⡇⠀⣇⣀⣀⣀⣀⣀⣀⣀⣀⣀⣀⣀⣀⣀⣀⣀⣀⣀⣀⣀⡇⠀⡇⠀⠀⠀⠀⠀⠀⠀⠀⠀⠀⠀⠀⠀⠀⠀⠀⠀⠀⠀⠀⠀⠀⠀⠀⠀⠀⠀⠀^   |⠀⠀⠀⠀⠀⠀⠀⠀⠀⠀⠀⠀⠀⠀⠀⠀⠀⠀⠀⠀⠀⠀⠀⠀⠀⠀⠀⠀⠀⠀⠀⠀⠀⠀⠀⠀⠀⡇
⡇⠀⡇⡇⡇⠀⣀⣀⣀⣀⣀⣀⣀⣀⣀⣀⣀⣀⣀⣀⣀⣀⣀⣀⣀⡀⠀⡇⡇⡇⠀⠀⡇⠀⠀⠀⡇⠀⠀⠀⠀⠀⠀⠀⠀⠀⠀⠀⠀⠀⠀⠀⠀⠀⠀⠀⠀⠀⡇⠀⡇⠀RVGPRseq:   4.0⠀⡇⠀⠀⠀⠀⠀⠀⠀⠀⠀⠀⠀⠀⠀⠀⠀⠀⠀⠀⠀⠀⠀⠀⠀⠀⠀⠀⠀⠀⠀⠀⠀⠀⠀⠀⠀⠀⠀⠀⠀⠀⠀⠀⠀⠀⠀⠀⠀⠀⠀⠀⠀⠀⠀⠀⠀⠀⠀⠀⠀⡇⠀⠀⠀⠀⠀⠀⠀⠀⠀⠀⠀⠀⠀⠀⠀⠀⠀⠀⠀⠀⠀⠀⠀⡇⠀⠀⠀⠀⠀⠀⠀⠀⠀⠀⠀⠀⠀⠀⠀⠀⠀⠀⠀⠀⠀⠀⠀⠀⠀⠀⠀⠀|   |⠀⠀⠀⠀⠀⠀⠀⠀⠀⠀⠀⠀⠀⠀⠀⠀⠀⠀⠀⠀⠀⠀⠀⠀⠀⠀⠀⠀⠀⠀⠀⠀⠀⠀⠀⠀⠀⡇
⡇⠀⡇⡇⡇⠀⡇Wave N-1 Instr Buf⡇⠀⡇⡇⡇⠀⠀⡇⠀⠀⠀⡇⠀⠀⠀⠀VALU: 117440512⠀⠀⡇⠀⣇⣀⣀⣀⣀⣀⣀⣀⣀⣀⣀⣀⣀⣀⣀⣀⡇⠀⡇⠀⠀⠀⠀⠀⠀⠀⠀⠀⠀⠀⠀⠀⠀⠀⠀Vector L1 Cache⠀⠀⠀⠀⠀⠀⠀⠀⠀⠀⠀⠀⠀⠀⠀⠀⠀⠀⠀⠀⠀⠀⠀⠀⠀⠀⠀⠀⡇⠀Request⠀⠀⠀⠀⠀⠀⠀⠀⠀⠀⠀⠀⠀⠀⠀⡇⠀⠀⠀⠀⠀⠀⠀⠀⠀⠀⠀⠀⠀⠀⠀⠀⠀⠀⠀⠀⠀⠀⠀⠀⠀⠀⠀⠀|   |⠀⠀⠀⠀⠀⠀⠀⠀⠀⠀⠀⠀⠀⠀⠀⠀⠀⠀⠀⠀⠀⠀⠀⠀⠀⠀⠀⠀⠀⠀⠀⠀⠀⠀⠀⠀⠀⡇
⡇⠀⡇⡇⡇⠀⠓⠒⠒⠒⠒⠒⠒⠒⠒⠒⠒⠒⠒⠒⠒⠒⠒⠒⠒⠃⠀⡇⡇⡇⠀⠀⡇⠀⠀⠀⡇⠀------------------>⠀⡇⠀⣀⣀⣀⣀⣀⣀⣀⣀⣀⣀⣀⣀⣀⣀⣀⣀⡀⠀⡇⠀⠀⠀⠀⠀⠀⠀⠀⠀⠀⠀⠀⠀⠀⠀⠀⣀⣀⣀⣀⣀⣀⣀⣀⣀⣀⣀⣀⣀⣀⣀⣀⣀⣀⣀⣀⣀⣀⣀⣀⡀⠀⠀⠀⠀⠀⠀⠀⠀⠀⠀⠀⠀⠀⠀⠀⠀⠀⠀⡇⠀⡖⠒⠒⠒⠒⠒⠒⠒⠒⠒⠒⠒⠒⠒⠒⠒⠒⠒⠒⠒⡆⠀⡇⠀⠀⠀⠀⠀⠀⠀⠀⠀⠀⠀⠀⠀⠀⠀⠀⠀⠀⠀⠀⠀⠀⠀⠀⠀⠀⠀⠀|   v⠀⠀⠀⠀⠀⠀⠀⠀⠀⠀⠀⠀⠀⠀⠀⠀⠀⠀⠀⠀⠀⠀⠀⠀⠀⠀⠀⠀⠀⠀⠀⠀⠀⠀⠀⠀⠀⡇
⡇⠀⡇⡇⡇⠀⠀⠀⠀⠀⠀⠀⠀⠀⠀⠀⠀⠀⠀⠀⠀⠀⠀⠀⠀⠀⠀⡇⡇⡇⠀⠀⡇⠀⠀⠀⡇⠀⠀⠀⠀⠀⠀⠀⠀⠀⠀⠀⠀⠀⠀⠀⠀⠀⠀⠀⠀⠀⡇⠀⡇⠀SGPRs:    16⠀⠀⡇⠀⡇⠀⠀⠀⠀⠀⠀⠀⠀⠀⠀⠀⠀⠀⠀⠀⠀⡇⠀⠀⠀⠀⠀⠀⠀⠀⠀⠀⠀⠀⠀⠀⠀⠀⠀⠀⠀⠀⠀⠀⠀⡇⠀⠀⠀⠀⠀⠀⠀⠀⠀⠀⠀⠀⠀⠀⠀⠀⠀⠀⡇⠀⡇⠀⠀⠀⠀⠀⠀⠀⠀⠀⠀⠀⠀⠀⠀⠀⠀⠀⠀⠀⡇⠀⡇⠀⠀⠀⠀⠀⠀⠀⠀⠀⠀⠀⠀⠀⠀⠀⠀⠀⠀⣀⣀⣀⣀⣀⣀⣀⣀⣀⣀⣀⣀⣀⣀⣀⣀⣀⣀⣀⣀⣀⣀⣀⣀⡀⠀⠀⠀⠀⠀⠀⠀⠀⠀⠀⠀⠀⠀⠀⠀⠀⠀⠀⠀⠀⠀⠀⠀⠀⠀⠀⠀⡇
⡇⠀⡇⡇⡇⠀⠀⠀⠀⠀⠀⠀⠀⠀⠀⠀⠀⠀⠀⠀⠀⠀⠀⠀⠀⠀⠀⡇⡇⡇⠀⠀⡇⠀⠀⠀⡇⠀⠀⠀⠀MFMA: 0   ⠀⠀⠀⠀⠀⠀⠀⡇⠀⣇⣀⣀⣀⣀⣀⣀⣀⣀⣀⣀⣀⣀⣀⣀⣀⡇⠀⡇⠀⠀Rd: 268435456⠀⡇⠀Hit:     25 %⠀⠀⠀⠀⠀⠀⠀⠀⠀⡇⠀⠀⠀Rd: 33554432⠀⠀⠀⡇⠀⡇⠀Rd: 33563928⠀⠀⠀⠀⠀⠀⡇⠀⡇⠀⠀⠀⠀⠀⠀⠀⠀⠀⠀⠀⠀⠀⠀⠀⠀⠀⠀⡇⠀⠀⠀⠀⠀⠀⠀⠀⠀⠀⠀⠀⠀⠀⠀⠀⠀⠀⠀⠀⠀⠀⠀⡇⠀⠀⠀⠀⠀⠀⠀⠀⠀⠀⠀⠀⠀⠀⠀⠀⠀⠀⠀⠀⠀⠀⠀⠀⠀⠀⠀⡇
⡇⠀⡇⡇⡇⠀⠀⠀⠀⠀⠀⠀⠀⠀⠀⠀⠀⠀⠀⠀⠀⠀⠀⠀⠀⠀⠀⡇⡇⡇⠀⠀⡇⠀⠀⠀⡇⠀------------------>⠀⡇⠀⠀⠀⠀⠀⠀⠀⠀⠀⠀⠀⠀⠀⠀⠀⠀⠀⠀⠀⡇<---------------⡇⠀⠀⠀⠀⠀⠀⠀⠀⠀⠀⠀⠀⠀⠀⠀⠀⠀⠀⠀⠀⠀⠀⠀⡇⠀<---------------⠀⡇⠀⡇⠀⠀⠀⠀⠀⠀⠀⠀⠀⠀⠀⠀⠀⠀⠀⠀⠀⠀⠀⡇⠀⡇⠀⠀⠀⠀⠀⠀⠀⠀⠀⠀⠀⠀⠀⠀⠀⠀⠀⠀⡇⠀⠀⠀⠀⠀   Fabric⠀⠀⠀⠀⠀⠀⠀⠀⠀⡇⠀⠀⠀⠀⠀⠀⠀⠀⠀⠀⠀⠀⠀⠀⠀⠀⠀⠀⠀⠀⠀⠀⠀⠀⠀⠀⠀⡇
⡇⠀⡇⡇⡇⠀⠀⠀⠀⠀⠀⠀⠀⠀⠀⠀⠀⠀⠀⠀⠀⠀⠀⠀⠀⠀⠀⡇⡇⡇⠀⠀⡇⠀⠀⠀⡇⠀⠀⠀⠀⠀⠀⠀⠀⠀⠀⠀⠀⠀⠀⠀⠀⠀⠀⠀⠀⠀⡇⠀⣀⣀⣀⣀⣀⣀⣀⣀⣀⣀⣀⣀⣀⣀⣀⣀⡀⠀⡇⠀⠀Wt: 268435456⠀⡇⠀Lat:    N/A⠀⠀⠀⠀⠀⠀⠀⠀⠀⠀⠀⡇⠀⠀⠀Wr: 67108864⠀⠀⠀⡇⠀⡇⠀Wr: 67108864⠀⠀⠀⠀⠀⠀⡇⠀⡇⠀⠀⠀Rd: 33561894⠀⠀⠀⡇⠀⠀⠀⠀⠀⠀⠀⠀⠀⠀⠀⠀⠀⠀⠀⠀⠀⠀⠀⠀⠀⠀⠀⡇⠀⠀⠀⠀⠀⠀⠀⠀⠀⠀⠀⠀⠀⠀⣀⣀⣀⣀⣀⣀⣀⣀⣀⣀⡀⠀⠀⡇
⡇⠀⡇⡇⡇⠀⠀⠀⠀⠀⠀⠀⠀⠀⠀⠀⠀⠀⠀⠀⠀⠀⠀⠀⠀⠀⠀⡇⡇⡇⠀⠀⡇⠀⠀⠀⡇⠀⠀⠀⠀VMEM: 33554432⠀⠀⠀⡇⠀⡇⠀LDS Alloc:⠀⠀⠀⠀⡇⠀⡇--------------->⡇⠀⠀⠀⠀⠀⠀⠀⠀⠀⠀⠀⠀⠀⠀⠀⠀⠀⠀⠀⠀⠀⠀⠀⡇⠀--------------->⠀⡇⠀⡇⠀⠀⠀⠀⠀⠀⠀⠀⠀⠀⠀⠀⠀⠀⠀⠀⠀⠀⠀⡇⠀⡇⠀<---------------⠀⡇⠀Latency (cycles)⠀⠀⠀⠀⠀⠀⡇⠀⠀⠀Rd: 33561972⠀⠀⠀⠀⠀⠀⠀⠀⠀⡇⠀⠀⡇
⡇⠀⡇⡇⡇⠀⠀⠀⠀⠀⠀⠀⠀⠀⠀⠀⠀⠀⠀⠀⠀⠀⠀⠀⠀⠀⠀⡇⡇⡇⠀⠀⡇⠀⠀⠀⡇⠀------------------>⠀⡇⠀⡇⠀            0⠀⡇⠀⡇⠀⠀Atomic:    0⠀⠀⡇⠀Coales:    100 %⠀⠀⠀⠀⠀⠀⡇⠀⠀⠀Atomic:    0⠀⠀⠀⡇⠀⡇⠀Atomic:      0⠀⠀⠀⠀⡇⠀⡇⠀⠀⠀Wr: 67108864⠀⠀⠀⡇⠀⡖⠒⠒⠒⠒⠒⠒⠒⠒⠒⠒⠒⠒⠒⠒⠒⠒⠒⠒⠒⡆⠀⡇⠀<-----------⠀⡇⠀⠀⠀HBM⠀⠀⠀⡇⠀⠀⡇
⡇⠀⡇⡇⡇⠀⠀⠀⠀⠀⠀⠀⠀⠀⠀⠀⠀⠀⠀⠀⠀⠀⠀⠀⠀⠀⠀⡇⡇⡇⠀⠀⡇⠀⠀⠀⡇⠀⠀⠀⠀⠀⠀⠀⠀⠀⠀⠀⠀⠀⠀⠀⠀⠀⠀⠀⠀⠀⡇⠀⣇⣀⣀⣀⣀⣀⣀⣀⣀⣀⣀⣀⣀⣀⣀⣀⡇⠀⡇<-------------->⡇⠀⠀⠀⠀⠀⠀⠀⠀⠀⠀⠀⠀⠀⠀⠀⠀⠀⠀⠀⠀⠀⠀⠀⡇⠀<-------------->⠀⡇⠀⡇⠀⠀⠀⠀⠀⠀⠀⠀⠀⠀⠀⠀⠀⠀⠀⠀⠀⠀⠀⡇⠀⡇⠀--------------->⠀⡇⠀⡇⠀Rd:   1545⠀⠀⠀⠀⠀⠀⠀⠀⡇⠀⡇⠀⠀⠀Wr: 67108864⠀⠀⠀⠀⠀⠀⠀⠀⠀⡇⠀⠀⡇
⡇⠀⡇⡇⡇⠀⠀⠀⠀⠀⠀⠀⠀⠀⠀⠀⠀⠀⠀⠀⠀⠀⠀⠀⠀⠀⠀⡇⡇⡇⠀⠀⡇⠀⠀⠀⡇⠀⠀⠀⠀LDS: 0   ⠀⠀⠀⠀⠀⠀⠀⠀⡇⠀⣀⣀⣀⣀⣀⣀⣀⣀⣀⣀⣀⣀⣀⣀⣀⣀⡀⠀⡇⠀⠀⠀⠀⠀⠀⠀⠀⠀⠀⠀⠀⠀⠀⠀⠀⡇⠀Stall:      0 cycles⠀⠀⡇⠀⠀⠀⠀⠀⠀⠀⠀⠀⠀⠀⠀⠀⠀⠀⠀⠀⠀⡇⠀⣇⣀⣀⣀⣀⣀⣀⣀⣀⣀⣀⣀⣀⣀⣀⣀⣀⣀⣀⣀⡇⠀⡇⠀⠀⠀Atomic:    0⠀⠀⠀⡇⠀⡇⠀Wr:    267⠀⠀⠀⠀⠀⠀⠀⠀⡇⠀⡇⠀----------->⠀⣇⣀⣀⣀⣀⣀⣀⣀⣀⣀⡇⠀⠀⡇
⡇⠀⡇⡇⡇⠀⠀⠀⠀⠀⠀⠀⠀⠀⠀⠀⠀⠀⠀⠀⠀⠀⠀⠀⠀⠀⠀⡇⡇⡇⠀⠀⡇⠀⠀⠀⡇⠀------------------>⠀⡇⠀⡇⠀Scratch Alloc:⡇⠀⡇⠀⠀⠀⠀⠀⠀⠀⠀⠀⠀⠀⠀⠀⠀⠀⠀⣇⣀⣀⣀⣀⣀⣀⣀⣀⣀⣀⣀⣀⣀⣀⣀⣀⣀⣀⣀⣀⣀⣀⣀⡇⠀⠀⠀⠀⠀⠀⠀⠀⠀⠀⠀⠀⠀⠀⠀⠀⠀⠀⡇⠀⠀⠀⠀⠀⠀⠀⠀⠀⠀⠀⠀⠀⠀⠀⠀⠀⠀⠀⠀⠀⠀⠀⡇⠀--------------->⠀⡇⠀⡇⠀Atomic:      0⠀⠀⠀⠀⡇⠀⡇⠀⠀⠀⠀⠀⠀⠀⠀⠀⠀⠀⠀⠀⠀⠀⠀⠀⠀⠀⠀⠀⠀⠀⠀⠀⠀⠀⡇
⡇⠀⡇⡇⡇⠀⠀⠀⠀⠀⠀⠀⠀⠀⠀⠀⠀⠀⠀⠀⠀⠀⠀⠀⠀⠀⠀⡇⡇⡇⠀⠀⡇⠀⠀⠀⡇⠀⠀⠀⠀⠀⠀⠀⠀⠀⠀⠀⠀⠀⠀⠀⠀⠀⠀⠀⠀⠀⡇⠀⡇⠀            0⠀⡇⠀⡇⠀⠀⠀⠀⠀⠀⠀⠀⠀⠀⠀⠀⠀⠀⠀⠀⠀⠀⠀⠀⠀⠀⠀⠀⠀⠀⠀⠀⠀⠀⠀⠀⠀⠀⠀⠀⠀⠀⠀⠀⠀⠀⠀⠀⠀⠀⠀⠀⠀⠀⠀⠀⠀⠀⠀⠀⠀⠀⠀⡇⠀⠀⠀⠀⠀⠀⠀⠀⠀⠀⠀⠀⠀⠀⠀⠀⠀⠀⠀⠀⠀⠀⠀⡇⠀⠀⠀⠀⠀⠀⠀⠀⠀⠀⠀⠀⠀⠀⠀⠀⠀⠀⡇⠀⣇⣀⣀⣀⣀⣀⣀⣀⣀⣀⣀⣀⣀⣀⣀⣀⣀⣀⣀⣀⡇⠀⡇⠀⠀⠀⠀⠀⠀⠀⠀⠀⠀⠀⠀⠀⠀⠀⠀⠀⠀⠀⠀⠀⠀⠀⠀⠀⠀⠀⡇
⡇⠀⡇⡇⡇⠀⠀⠀⠀Wave Occupancy⠀⠀⠀⠀⡇⡇⡇⠀⠀⡇⠀⠀⠀⡇⠀⠀⠀⠀GWS: 0   ⠀⠀⠀⠀⠀⠀⠀⠀⡇⠀⣇⣀⣀⣀⣀⣀⣀⣀⣀⣀⣀⣀⣀⣀⣀⣀⡇⠀⡇⠀⠀⠀⠀⠀⠀⠀⠀⠀⠀⠀⠀⠀⠀⠀⠀Scalar L1D Cache⠀⠀⠀⠀⠀⠀⠀⠀⠀⠀⠀⠀⠀⠀⠀⠀⠀⠀⠀⠀⠀⠀⠀⠀⠀⠀⠀⡇⠀Latency (cycles)⠀⠀⠀⠀⠀⠀⡇⠀⠀⠀⠀⠀⠀⠀⠀⠀⠀⠀⠀⠀⠀⠀⠀⠀⠀⡇⠀⠀⠀⠀⠀⠀⠀⠀⠀⠀⠀⠀⠀⠀⠀⠀⠀⠀⠀⠀⠀⠀⠀⡇⠀⠀⠀⠀⠀⠀⠀⠀⠀⠀⠀⠀⠀⠀⠀⠀⠀⠀⠀⠀⠀⠀⠀⠀⠀⠀⠀⡇
⡇⠀⡇⡇⡇⠀⠀⠀⠀⠀⠀⠀  1⠀⠀⠀⠀⠀⠀⠀⠀⠀⠀⠀⠀⡇⡇⡇⠀⠀⡇⠀⠀⠀⡇⠀------------------>⠀⡇⠀⠀⠀⠀⠀⠀⠀⠀⠀⠀⠀⠀⠀⠀⠀⠀⠀⠀⠀⡇⠀⠀⠀⠀⠀⠀⠀⠀⠀⠀⠀⠀⠀⠀⠀⠀⣀⣀⣀⣀⣀⣀⣀⣀⣀⣀⣀⣀⣀⣀⣀⣀⣀⣀⣀⣀⣀⣀⣀⣀⡀⠀⠀⠀Rd:  160⠀⠀⠀⠀⠀⠀⠀⡇⠀⡖⠒⠒⠒⠒⠒⠒⠒⠒⠒⠒⠒⠒⠒⠒⠒⠒⠒⠒⠒⡆⠀⡇⠀⠀⠀⠀⠀⠀⠀⠀⠀⠀⠀⠀⠀⠀⠀⠀⠀⠀⣇⣀⣀⣀⣀⣀⣀⣀⣀⣀⣀⣀⣀⣀⣀⣀⣀⣀⣀⣀⣀⣀⣀⣀⡇⠀⠀⠀⠀⠀⠀⠀⠀⠀⠀⠀⠀⠀⠀⠀⠀⠀⠀⠀⠀⠀⠀⠀⠀⠀⠀⠀⡇
⡇⠀⡇⡇⡇⠀⠀⠀⠀Wave Life⠀⠀⠀⠀⠀⠀⠀⠀⠀⡇⡇⡇⠀⠀⡇⠀⠀⠀⡇⠀⠀⠀⠀⠀⠀⠀⠀⠀⠀⠀⠀⠀⠀⠀⠀⠀⠀⠀⠀⠀⡇⠀⣀⣀⣀⣀⣀⣀⣀⣀⣀⣀⣀⣀⣀⣀⣀⣀⡀⠀⡇⠀⠀⠀⠀⠀⠀⠀⠀⠀⠀⠀⠀⠀⠀⠀⠀⡇⠀⠀⠀⠀⠀⠀⠀⠀⠀⠀⠀⠀⠀⠀⠀⠀⠀⠀⠀⠀⠀⠀⠀⡇⠀<---------------⠀⡇⠀⡇⠀⠀⠀⠀⠀⠀⠀⠀⠀⠀⠀⠀⠀⠀⠀⠀⠀⠀⠀⡇⠀⡇⠀⠀⠀⠀⠀⠀⠀⠀⠀⠀⠀⠀⠀⠀⠀⠀⠀⠀⠀⠀⠀⠀⠀⠀⠀⠀⠀⠀^   |⠀⠀⠀⠀⠀⠀⠀⠀⠀⠀⠀⠀⠀⠀⠀⠀⠀⠀⠀⠀⠀⠀⠀⠀⠀⠀⠀⠀⠀⠀⠀⠀⠀⠀⠀⠀⠀⡇
⡇⠀⡇⡇⡇⠀⠀⠀⠀⠀ 2291⠀⠀⠀⠀⠀⠀⠀⠀⠀⠀⠀⠀⡇⡇⡇⠀⠀⡇⠀⠀⠀⡇⠀⠀⠀⠀BRANCH: 16777216⠀⡇⠀⡇⠀Wavefronts:⠀⠀⠀⡇⠀⡇⠀⠀Rd: 50331648⠀⠀⡇⠀Hit:    100 %⠀⠀⠀⠀⠀⠀⠀⠀⠀⡇⠀⠀⠀Wr:    0⠀⠀⠀⠀⠀⠀⠀⡇⠀⡇⠀Rd:    N/A⠀⠀⠀⠀⠀⠀⠀⠀⡇⠀⡇⠀⠀⠀⠀⠀⠀⠀⠀⠀⠀⠀⠀⠀⠀⠀⠀⠀⠀⠀⠀⠀⠀⠀⠀⠀⠀⠀⠀|   |⠀⠀⠀⠀⠀⠀⠀⠀⠀⠀⠀⠀⠀⠀⠀⠀⠀⠀⠀⠀⠀⠀⠀⠀⠀⠀⠀⠀⠀⠀⠀⠀⠀⠀⠀⠀⠀⡇
⡇⠀⡇⡇⣇⣀⣀⣀⣀⣀⣀⣀⣀⣀⣀⣀⣀⣀⣀⣀⣀⣀⣀⣀⣀⣀⣀⣇⣇⡇⠀⠀⡇⠀⢀⡠⠃⠀------------------>⠀⡇⠀⡇⠀     16777216⠀⡇⠀⡇<---------------⡇⠀⠀⠀⠀⠀⠀⠀⠀⠀⠀⠀⠀⠀⠀⠀⠀⠀⠀⠀⠀⠀⠀⠀⡇⠀--------------->⠀⡇⠀⡇⠀⠀⠀⠀⠀⠀⠀⠀⠀⠀⠀⠀⠀⠀⠀⠀⠀⠀⠀⡇⠀⡇⠀⠀⠀⠀⠀⠀⠀⠀⠀⠀⠀⠀⠀⠀⠀⠀⠀⠀⠀⠀⠀⠀⠀⠀⠀⠀⠀⠀|   |⠀⠀⠀⠀⠀⠀⠀⠀⠀⠀⠀⠀⠀⠀⠀⠀⠀⠀⠀⠀⠀⠀⠀⠀⠀⠀⠀⠀⠀⠀⠀⠀⠀⠀⠀⠀⠀⡇
⡇⠀⣇⣓⣒⣒⣒⣒⣒⣒⣒⣒⣒⣒⣒⣒⣒⣒⣒⣒⣒⣒⣒⣒⣒⣒⣒⡗⠃⠀⠀⠀⡧⠒⠁⠀⠀⠀⠀⠀⠀⠀⠀⠀⠀⠀⠀⠀⠀⠀⠀⠀⠀⠀⠀⠀⠀⠀⡇⠀⣇⣀⣀⣀⣀⣀⣀⣀⣀⣀⣀⣀⣀⣀⣀⣀⡇⠀⡇⠀⠀⠀⠀⠀⠀⠀⠀⠀⠀⠀⠀⠀⠀⠀⠀⡇⠀Lat: 2163.0 cycles⠀⠀⠀⠀⡇⠀⠀⠀Atomic:    0⠀⠀⠀⡇⠀⡇⠀Wr:    N/A⠀⠀⠀⠀⠀⠀⠀⠀⡇⠀⡇⠀⠀⠀⠀⠀⠀⠀⠀⠀⠀⠀⠀⠀⠀⠀⠀⠀⠀⠀⠀⠀⠀⠀⠀⠀⠀⠀⠀|   v⠀⠀⠀⠀⠀⠀⠀⠀⠀⠀⠀⠀⠀⠀⠀⠀⠀⠀⠀⠀⠀⠀⠀⠀⠀⠀⠀⠀⠀⠀⠀⠀⠀⠀⠀⠀⠀⡇
⡇⠀⠀⠀⠀⠀⠀⠀⠀⠀⠀⠀⠀⠀^⠀⠀⠀⠀⠀⠀⠀⠀⠀⠀⠀⠀⠀⠀⠀⠀⠀⠀⠀⠀⠀⠀⠀⠀⠀⠀⠀⠀⠀⠀⠀⠀⠀⠀⠀⠀⠀⠀⠀⠀⠀⠀⠀⡇⠀⣀⣀⣀⣀⣀⣀⣀⣀⣀⣀⣀⣀⣀⣀⣀⣀⡀⠀⡇⠀⠀⠀⠀⠀⠀⠀⠀⠀⠀⠀⠀⠀⠀⠀⠀⣇⣀⣀⣀⣀⣀⣀⣀⣀⣀⣀⣀⣀⣀⣀⣀⣀⣀⣀⣀⣀⣀⣀⣀⡇⠀<-------------->⠀⡇⠀⣇⣀⣀⣀⣀⣀⣀⣀⣀⣀⣀⣀⣀⣀⣀⣀⣀⣀⣀⣀⡇⠀⡇⠀⠀⠀⠀⠀⠀⠀⠀⠀⠀⠀⠀⠀⠀⠀⠀⠀⠀⠀⠀⠀⠀⠀⠀⠀⣀⣀⣀⣀⣀⣀⣀⣀⣀⣀⡀⠀⠀⠀⠀⠀⠀⠀⠀⠀⠀⠀⠀⠀⠀⠀⠀⠀⠀⠀⠀⠀⠀⠀⠀⠀⠀⠀⠀⠀⠀⠀⠀⠀⠀⡇
⡇⠀⠀⠀⠀⠀⠀⠀⠀⠀⠀⠀⠀⠀|⠀⠀⠀⠀⠀⠀⠀⠀⠀⠀⠀⠀⠀⠀⠀⠀⠀⠀⠀⠀⠀⠀⠀⠀⠀⠀⠀⠀⠀⠀⠀⠀⠀⠀⠀⠀⠀⠀⠀⠀⠀⠀⠀⡇⠀⡇⠀Workgroups:⠀⠀⠀⡇⠀⡇⠀⠀⠀⠀⠀⠀⠀⠀⠀⠀⠀⠀⠀⠀⠀⠀⠀⠀⠀⠀⠀⠀⠀⠀⠀⠀⠀⠀⠀⠀⠀⠀⠀⠀⠀⠀⠀⠀⠀⠀⠀⠀⠀⠀⠀⠀⠀⠀⠀⠀⠀⠀⠀⠀⠀⠀⠀⠀⠀⡇⠀⠀⠀⠀⠀⠀⠀⠀⠀⠀⠀⠀⠀⠀⠀⠀⠀⠀⠀⠀⠀⠀⠀⡇⠀⠀⠀⠀⠀⠀⠀⠀⠀⠀⠀⠀⠀⠀⠀⠀⠀⠀⠀⠀⠀⠀⠀⠀⠀⡇⠀⠀⠀⠀⠀⠀⠀⠀⠀⡇⠀⠀⠀⠀⠀⠀⠀⠀⠀⠀⠀⠀⠀⠀⠀⠀⠀⠀⠀⠀⠀⠀⠀⠀⠀⠀⠀⠀⠀⠀⠀⠀⠀⠀⡇
⡇⠀⠀⠀⠀⠀⠀⠀⠀⠀⠀⠀⠀⠀|⠀⠀⠀⠀⠀⠀⠀⠀⠀⠀⠀⠀⠀⠀⠀⠀⠀⠀⠀⠀⠀⠀⠀⠀⠀⠀⠀⠀⠀⠀⠀⠀⠀⠀⠀⠀⠀⠀⠀⠀⠀⠀⠀⡇⠀⡇⠀      4194304⠀⡇⠀⡇⠀⠀⠀⠀⠀⠀⠀⠀⠀⠀⠀⠀⠀⠀⠀⠀Instr L1 Cache⠀⠀⠀⠀⠀⠀⠀⠀⠀⠀⠀⠀⠀⠀⠀⠀⠀⠀⠀⠀⠀⠀⠀⠀⠀⠀⠀⠀⠀⡇⠀⠀⠀⠀⠀⠀⠀⠀⠀⠀⠀⠀⠀⠀⠀⠀⠀⠀⠀⠀⠀⠀⠀⡇⠀⠀⠀⠀⠀⠀⠀⠀⠀⠀⠀⠀⠀⠀⠀⠀⠀⠀⠀⠀⠀⠀⠀⠀⠀⡇⠀⠀⠀GMI⠀⠀⠀⡇⠀⠀⠀⠀⠀⠀⠀⠀⠀⠀⠀⠀⠀⠀⠀⠀⠀⠀⠀⠀⠀⠀⠀⠀⠀⠀⠀⠀⠀⠀⠀⠀⠀⠀⡇
⡇⠀⠀⠀⠀⠀⠀⠀⠀⠀⠀⠀⠀⠀|⠀⠀⠀⠀⠀⠀⠀⠀⠀⠀⠀⠀⠀⠀⠀⠀⠀⠀⠀⠀⠀⠀⠀⠀⠀⠀⠀⠀⠀⠀⠀⠀⠀⠀⠀⠀⠀⠀⠀⠀⠀⠀⠀⡇⠀⣇⣀⣀⣀⣀⣀⣀⣀⣀⣀⣀⣀⣀⣀⣀⣀⡇⠀⡇⠀⠀⠀⠀⠀⠀⠀⠀⠀⠀⠀⠀⠀⠀⠀⠀⣀⣀⣀⣀⣀⣀⣀⣀⣀⣀⣀⣀⣀⣀⣀⣀⣀⣀⣀⣀⣀⣀⣀⣀⡀⠀⠀⠀⠀⠀⠀⠀⠀⠀⠀⠀⠀⠀⠀⠀⠀⠀⠀⡇⠀⠀⠀⠀⠀⠀⠀⠀⠀⠀⠀⠀⠀⠀⠀⠀⠀⠀⠀⠀⠀⠀⠀⡇⠀⠀⠀⠀⠀⠀⠀⠀⠀⠀⠀⠀⠀⠀⠀⠀⠀⠀⠀⠀⠀⠀⠀⠀⠀⡇⠀⠀⠀⠀⠀⠀⠀⠀⠀⡇⠀⠀⠀⠀⠀⠀⠀⠀⠀⠀⠀⠀⠀⠀⠀⠀⠀⠀⠀⠀⠀⠀⠀⠀⠀⠀⠀⠀⠀⠀⠀⠀⠀⠀⡇
⡇⠀⠀⠀⠀⠀⠀⠀⠀⠀⠀⠀⠀⠀|⠀⠀⠀⠀⠀⠀⠀⠀⠀⠀⠀⠀⠀⠀⠀⠀⠀⠀⠀⠀⠀⠀⠀⠀⠀⠀⠀⠀⠀⠀⠀⠀⠀⠀⠀⠀⠀⠀⠀⠀⠀⠀⠀⡇⠀⠀⠀⠀⠀⠀⠀⠀⠀⠀⠀⠀⠀⠀⠀⠀⠀⠀⠀⡇⠀⠀⠀⠀⠀⠀⠀⠀⠀⠀⠀⠀⠀⠀⠀⠀⡇⠀⠀⠀⠀⠀⠀⠀⠀⠀⠀⠀⠀⠀⠀⠀⠀⠀⠀⠀⠀⠀⠀⠀⡇⠀⠀⠀⠀⠀⠀⠀⠀⠀⠀⠀⠀⠀⠀⠀⠀⠀⠀⡇⠀⠀⠀⠀⠀⠀⠀⠀⠀⠀⠀⠀⠀⠀⠀⠀⠀⠀⠀⠀⠀⠀⠀⡇⠀⠀⠀⠀⠀⠀⠀⠀⠀⠀⠀⠀⠀⠀⠀⠀⠀⠀⠀⠀⠀⠀⠀⠀⠀⣇⣀⣀⣀⣀⣀⣀⣀⣀⣀⡇⠀⠀⠀⠀⠀⠀⠀⠀⠀⠀⠀⠀⠀⠀⠀⠀⠀⠀⠀⠀⠀⠀⠀⠀⠀⠀⠀⠀⠀⠀⠀⠀⠀⠀⡇
⡇⠀⠀⠀⠀⠀⠀⠀⠀⠀⠀⠀⠀⠀|⠀⠀⠀⠀⠀⠀⠀⠀⠀⠀⠀⠀⠀⠀⠀⠀⠀⠀⠀⠀⠀⠀⠀⠀⠀⠀Fetch: 67108864⠀⠀⣇⣀⣀⣀⣀⣀⣀⣀⣀⣀⣀⣀⣀⣀⣀⣀⣀⣀⣀⣀⡇⠀⠀⠀⠀⠀⠀⠀⠀⠀⠀⠀⠀⠀⠀⠀⠀⡇⠀Hit:    100 %⠀⠀⠀⠀⠀⠀⠀⠀⠀⡇⠀⠀⠀Req: 1920⠀⠀⠀⠀⠀⠀⡇⠀⠀⠀⠀⠀⠀⠀⠀⠀⠀⠀⠀⠀⠀⠀⠀⠀⠀⠀⠀⠀⠀⠀⡇⠀⠀⠀⠀⠀⠀⠀⠀⠀⠀⠀⠀⠀⠀⠀⠀⠀⠀⠀⠀⠀⠀⠀⠀⠀⠀⠀⠀⠀⠀⠀⠀⠀⠀⠀⠀⠀⠀⠀⠀⠀⠀⠀⠀⠀⠀⠀⠀⠀⠀⠀⠀⠀⠀⠀⠀⠀⠀⠀⠀⠀⠀⠀⠀⠀⠀⠀⠀⠀⠀⡇
⡇⠀⠀⠀⠀⠀⠀⠀⠀⠀⠀⠀⠀⠀--------------------------------------------------------------------------------⠀⡇⠀⠀⠀⠀⠀⠀⠀⠀⠀⠀⠀⠀⠀⠀⠀⠀⠀⠀⠀⠀⠀⠀⠀⡇⠀<---------------⠀⡇⠀⠀⠀⠀⠀⠀⠀⠀⠀⠀⠀⠀⠀⠀⠀⠀⠀⠀⠀⠀⠀⠀⠀⡇⠀⠀⠀⠀⠀⠀⠀⠀⠀⠀⠀⠀⠀⠀⠀⠀⠀⠀⠀⠀⠀⠀⠀⠀⠀⠀⠀⠀⠀⠀⠀⠀⠀⠀⠀⠀⠀⠀⠀⠀⠀⠀⠀⠀⠀⠀⠀⠀⠀⠀⠀⠀⠀⠀⠀⠀⠀⠀⠀⠀⠀⠀⠀⠀⠀⠀⠀⠀⠀⠀⡇
⡇⠀⠀⠀⠀⠀⠀⠀⠀⠀⠀⠀⠀⠀⠀⠀⠀⠀⠀⠀⠀⠀⠀⠀⠀⠀⠀⠀⠀⠀⠀⠀⠀⠀⠀⠀⠀⠀⠀⠀⠀⠀⠀⠀⠀⠀⠀⠀⠀⠀⠀⠀⠀⠀⠀⠀⠀⠀⠀⠀⠀⠀⠀⠀⠀⠀⠀⠀⠀⠀⠀⠀⠀⠀⠀⠀⠀⠀⠀⠀⠀⠀⠀⠀⠀⠀⠀⠀⠀⠀⠀⠀⠀⠀⠀⡇⠀Lat: 1622.0 cycles⠀⠀⠀⠀⡇⠀⠀⠀⠀⠀⠀⠀⠀⠀⠀⠀⠀⠀⠀⠀⠀⠀⠀⡇⠀⠀⠀⠀⠀⠀⠀⠀⠀⠀⠀⠀⠀⠀⠀⠀⠀⠀⠀⠀⠀⠀⠀⡇⠀⠀⠀⠀⠀⠀⠀⠀⠀⠀⠀⠀⠀⠀⠀⠀⠀⠀⠀⠀⠀⠀⠀⠀⠀⠀⠀⠀⠀⠀⠀⠀⠀⠀⠀⠀⠀⠀⠀⠀⠀⠀⠀⠀⠀⠀⠀⠀⠀⠀⠀⠀⠀⠀⠀⠀⠀⠀⠀⠀⠀⠀⠀⠀⠀⠀⠀⠀⠀⠀⡇
⡇⠀⠀⠀⠀⠀⠀⠀⠀⠀⠀⠀⠀⠀⠀⠀⠀⠀⠀⠀⠀⠀⠀⠀⠀⠀⠀⠀⠀⠀⠀⠀⠀⠀⠀⠀⠀⠀⠀⠀⠀⠀⠀⠀⠀⠀⠀⠀⠀⠀⠀⠀⠀⠀⠀⠀⠀⠀⠀⠀⠀⠀⠀⠀⠀⠀⠀⠀⠀⠀⠀⠀⠀⠀⠀⠀⠀⠀⠀⠀⠀⠀⠀⠀⠀⠀⠀⠀⠀⠀⠀⠀⠀⠀⠀⣇⣀⣀⣀⣀⣀⣀⣀⣀⣀⣀⣀⣀⣀⣀⣀⣀⣀⣀⣀⣀⣀⣀⣀⡇⠀⠀⠀⠀⠀⠀⠀⠀⠀⠀⠀⠀⠀⠀⠀⠀⠀⠀⣇⣀⣀⣀⣀⣀⣀⣀⣀⣀⣀⣀⣀⣀⣀⣀⣀⣀⣀⣀⣀⣀⣀⣀⡇⠀⠀⠀⠀⠀⠀⠀⠀⠀⠀⠀⠀⠀⠀⠀⠀⠀⠀⠀⠀⠀⠀⠀⠀⠀⠀⠀⠀⠀⠀⠀⠀⠀⠀⠀⠀⠀⠀⠀⠀⠀⠀⠀⠀⠀⠀⠀⠀⠀⠀⠀⠀⠀⠀⠀⠀⠀⠀⠀⠀⠀⠀⠀⠀⠀⠀⠀⠀⠀⠀⡇
⡇⠀⠀⠀⠀⠀⠀⠀⠀⠀⠀⠀⠀⠀⠀⠀⠀⠀⠀⠀⠀⠀⠀⠀⠀⠀⠀⠀⠀⠀⠀⠀⠀⠀⠀⠀⠀⠀⠀⠀⠀⠀⠀⠀⠀⠀⠀⠀⠀⠀⠀⠀⠀⠀⠀⠀⠀⠀⠀⠀⠀⠀⠀⠀⠀⠀⠀⠀⠀⠀⠀⠀⠀⠀⠀⠀⠀⠀⠀⠀⠀⠀⠀⠀⠀⠀⠀⠀⠀⠀⠀⠀⠀⠀⠀⠀⠀⠀⠀⠀⠀⠀⠀⠀⠀⠀⠀⠀⠀⠀⠀⠀⠀⠀⠀⠀⠀⠀⠀⠀⠀⠀⠀⠀⠀⠀⠀⠀⠀⠀⠀⠀⠀⠀⠀⠀⠀⠀⠀⠀⠀⠀⠀⠀⠀⠀⠀⠀⠀⠀⠀⠀⠀⠀⠀⠀⠀⠀⠀⠀⠀⠀⠀⠀⠀⠀⠀⠀⠀⠀⠀⠀⠀⠀⠀⠀⠀⠀⠀⠀⠀⠀⠀⠀⠀⠀⠀⠀⠀⠀⠀⠀⠀⠀⠀⠀⠀⠀⠀⠀⠀⠀⠀⠀⠀⠀⠀⠀⠀⠀⠀⠀⠀⠀⠀⠀⠀⠀⠀⠀⠀⠀⠀⠀⠀⠀⠀⠀⠀⠀⠀⠀⠀⡇
⡇⠀⠀⠀⠀⠀⠀⠀⠀⠀⠀⠀⠀⠀⠀⠀⠀⠀⠀⠀⠀⠀⠀⠀⠀⠀⠀⠀⠀⠀⠀⠀⠀⠀⠀⠀⠀⠀⠀⠀⠀⠀⠀⠀⠀⠀⠀⠀⠀⠀⠀⠀⠀⠀⠀⠀⠀⠀⠀⠀⠀⠀⠀⠀⠀⠀⠀⠀⠀⠀⠀⠀⠀⠀⠀⠀⠀⠀⠀⠀⠀⠀⠀⠀⠀⠀⠀⠀⠀⠀⠀⠀⠀⠀⠀⠀⠀⠀⠀⠀⠀⠀⠀⠀⠀⠀⠀⠀⠀⠀⠀⠀⠀⠀⠀⠀⠀⠀⠀⠀⠀⠀⠀⠀⠀⠀⠀⠀⠀⠀⠀⠀⠀⠀⠀⠀⠀⠀⠀⠀⠀⠀⠀⠀⠀⠀⠀⠀⠀⠀⠀⠀⠀⠀⠀⠀⠀⠀⠀⠀⠀⠀⠀⠀⠀⠀⠀⠀⠀⠀⠀⠀⠀⠀⠀⠀⠀⠀⠀⠀⠀⠀⠀⠀⠀⠀⠀⠀⠀⠀⠀⠀⠀⠀⠀⠀⠀⠀⠀⠀⠀⠀⠀⠀⠀⠀⠀⠀⠀⠀⠀⠀⠀⠀⠀⠀⠀⠀⠀⠀⠀⠀⠀⠀⠀⠀⠀⠀⠀⠀⠀⠀⠀⡇
⣇⣀⣀⣀⣀⣀⣀⣀⣀⣀⣀⣀⣀⣀⣀⣀⣀⣀⣀⣀⣀⣀⣀⣀⣀⣀⣀⣀⣀⣀⣀⣀⣀⣀⣀⣀⣀⣀⣀⣀⣀⣀⣀⣀⣀⣀⣀⣀⣀⣀⣀⣀⣀⣀⣀⣀⣀⣀⣀⣀⣀⣀⣀⣀⣀⣀⣀⣀⣀⣀⣀⣀⣀⣀⣀⣀⣀⣀⣀⣀⣀⣀⣀⣀⣀⣀⣀⣀⣀⣀⣀⣀⣀⣀⣀⣀⣀⣀⣀⣀⣀⣀⣀⣀⣀⣀⣀⣀⣀⣀⣀⣀⣀⣀⣀⣀⣀⣀⣀⣀⣀⣀⣀⣀⣀⣀⣀⣀⣀⣀⣀⣀⣀⣀⣀⣀⣀⣀⣀⣀⣀⣀⣀⣀⣀⣀⣀⣀⣀⣀⣀⣀⣀⣀⣀⣀⣀⣀⣀⣀⣀⣀⣀⣀⣀⣀⣀⣀⣀⣀⣀⣀⣀⣀⣀⣀⣀⣀⣀⣀⣀⣀⣀⣀⣀⣀⣀⣀⣀⣀⣀⣀⣀⣀⣀⣀⣀⣀⣀⣀⣀⣀⣀⣀⣀⣀⣀⣀⣀⣀⣀⣀⣀⣀⣀⣀⣀⣀⣀⣀⣀⣀⣀⣀⣀⣀⣀⣀⣀⣀⣀⣀⣀⡇


--- Executing: make BP_LV=l1 profile_bp ---
/opt/rocm/bin/hipcc -c --cuda-host-only -std=c++17 -Wall -Wextra -I ../../Common -I ../../External  -o main-host.o main.hip 
/opt/rocm/bin/hipcc -S --cuda-device-only --offload-arch=gfx942 -std=c++17 -Wall -Wextra -I ../../Common -I ../../External  -o main-dev.s main.hip 
clang++: warning: argument unused during compilation: '--hip-link' [-Wunused-command-line-argument]
python3 bp.py main-dev.s l1 main-dev_bp_l1.s
Generated: main-dev_bp_l1.s
clang -target amdgcn-amd-amdhsa -mcpu=gfx942 main-dev_bp_l1.s -o main-dev_bp_l1.o
clang-offload-bundler -type=o -bundle-align=4096 -targets=host-x86_64-unknown-linux-gnu,hipv4-amdgcn-amd-amdhsa--gfx942 -input=/dev/null -input=main-dev_bp_l1.o  -output=main-dev_bp_l1.hipfb
./gen_mcin main-host.o main-dev_bp_l1.hipfb > main-host.mcin
llvm-mc -triple x86_64-unknown-linux-gnu -o main-dev_em_bp_l1.o main-host.mcin --filetype=obj
hipcc -std=c++17 -Wall -Wextra -I ../../Common -I ../../External  -o main_bp_l1 main-host.o main-dev_em_bp_l1.o 
rocprof-compute profile -n main_bp_l1 -- ./main_bp_l1
[33mWARNING[0m The option --format-rocprof-output currently set to csv will default to rocpd in a future release.

                                 __                                       _
 _ __ ___   ___ _ __  _ __ ___  / _|       ___ ___  _ __ ___  _ __  _   _| |_ ___
| '__/ _ \ / __| '_ \| '__/ _ \| |_ _____ / __/ _ \| '_ ` _ \| '_ \| | | | __/ _ \
| | | (_) | (__| |_) | | | (_) |  _|_____| (_| (_) | | | | | | |_) | |_| | ||  __/
|_|  \___/ \___| .__/|_|  \___/|_|        \___\___/|_| |_| |_| .__/ \__,_|\__\___|
               |_|                                           |_|

   [32mINFO[0m fatal: not a git repository (or any of the parent directories): .git
   [32mINFO[0m Rocprofiler-Compute version: 3.4.0
   [32mINFO[0m Profiler choice: rocprofiler-sdk
   [32mINFO[0m Path: /root/rocm-examples/Applications/memcp_profile/workloads/main_bp_l1/MI300X_A1
   [32mINFO[0m Target: MI300X_A1
   [32mINFO[0m Command: ./main_bp_l1
   [32mINFO[0m Kernel Selection: None
   [32mINFO[0m Dispatch Selection: None
   [32mINFO[0m Filtered sections: All
   [32mINFO[0m 
   [32mINFO[0m ~~~~~~~~~~~~~~~~~~~~~~~~~~~~~~~~
   [32mINFO[0m Collecting Performance Counters
   [32mINFO[0m ~~~~~~~~~~~~~~~~~~~~~~~~~~~~~~~~
   [32mINFO[0m 
   [32mINFO[0m [Run 1/13][Approximate profiling time left: pending first measurement...]
   [32mINFO[0m [profiling] Current input file: /root/rocm-examples/Applications/memcp_profile/workloads/main_bp_l1/MI300X_A1/perfmon/SQC_DCACHE_INFLIGHT_LEVEL.txt
   [32mINFO[0m    |-> [rocprofiler-sdk] W20260209 15:50:11.173906 137453015684608 simple_timer.cpp:55] [rocprofv3] tool initialization ::     0.113507 sec
   [32mINFO[0m    |-> [rocprofiler-sdk] W20260209 15:50:11.174175 137453015684608 simple_timer.cpp:55] [rocprofv3] './main_bp_l1' ::     0.000000 sec
   [32mINFO[0m    |-> [rocprofiler-sdk] W20260209 15:50:12.698319 137453015684608 tool.cpp:2422] HSA version 8.20.0 initialized (instance=0)
   [32mINFO[0m    |-> [rocprofiler-sdk] 0 	:	 1
   [32mINFO[0m    |-> [rocprofiler-sdk] 1 	:	 2
   [32mINFO[0m    |-> [rocprofiler-sdk] 2 	:	 3
   [32mINFO[0m    |-> [rocprofiler-sdk] 3 	:	 4
   [32mINFO[0m    |-> [rocprofiler-sdk] 4 	:	 5
   [32mINFO[0m    |-> [rocprofiler-sdk] 5 	:	 6
   [32mINFO[0m    |-> [rocprofiler-sdk] 6 	:	 7
   [32mINFO[0m    |-> [rocprofiler-sdk] 7 	:	 8
   [32mINFO[0m    |-> [rocprofiler-sdk] 8 	:	 9
   [32mINFO[0m    |-> [rocprofiler-sdk] 9 	:	 10
   [32mINFO[0m    |-> [rocprofiler-sdk] Device-to-device memcpy (global load/store) success!
   [32mINFO[0m    |-> [rocprofiler-sdk] W20260209 15:50:16.378599 137453015684608 simple_timer.cpp:55] [rocprofv3] './main_bp_l1' ::     5.204423 sec
   [32mINFO[0m    |-> [rocprofiler-sdk] E20260209 15:50:16.386984 137453015684608 output_stream.cpp:111] Opened result file: /root/rocm-examples/Applications/memcp_profile/workloads/main_bp_l1/MI300X_A1/out/pmc_1/f5fa73aad503/25899_kernel_trace.csv
   [32mINFO[0m    |-> [rocprofiler-sdk] E20260209 15:50:16.399954 137453015684608 output_stream.cpp:111] Opened result file: /root/rocm-examples/Applications/memcp_profile/workloads/main_bp_l1/MI300X_A1/out/pmc_1/f5fa73aad503/25899_counter_collection.csv
   [32mINFO[0m    |-> [rocprofiler-sdk] E20260209 15:50:16.406746 137453015684608 output_stream.cpp:111] Opened result file: /root/rocm-examples/Applications/memcp_profile/workloads/main_bp_l1/MI300X_A1/out/pmc_1/f5fa73aad503/25899_agent_info.csv
   [32mINFO[0m    |-> [rocprofiler-sdk] W20260209 15:50:16.410032 137453015684608 simple_timer.cpp:55] [rocprofv3] output generation ::     0.030213 sec
   [32mINFO[0m    |-> [rocprofiler-sdk] W20260209 15:50:16.410263 137453015684608 simple_timer.cpp:55] [rocprofv3] tool finalization ::     0.030482 sec
   [32mINFO[0m [Run 2/13][Approximate profiling time left: 1 minute and 23 seconds]...
   [32mINFO[0m [profiling] Current input file: /root/rocm-examples/Applications/memcp_profile/workloads/main_bp_l1/MI300X_A1/perfmon/SQC_ICACHE_INFLIGHT_LEVEL.txt
   [32mINFO[0m    |-> [rocprofiler-sdk] W20260209 15:50:18.759696 129867247990272 simple_timer.cpp:55] [rocprofv3] tool initialization ::     0.112050 sec
   [32mINFO[0m    |-> [rocprofiler-sdk] W20260209 15:50:18.759952 129867247990272 simple_timer.cpp:55] [rocprofv3] './main_bp_l1' ::     0.000000 sec
   [32mINFO[0m    |-> [rocprofiler-sdk] W20260209 15:50:20.364573 129867247990272 tool.cpp:2422] HSA version 8.20.0 initialized (instance=0)
   [32mINFO[0m    |-> [rocprofiler-sdk] 0 	:	 1
   [32mINFO[0m    |-> [rocprofiler-sdk] 1 	:	 2
   [32mINFO[0m    |-> [rocprofiler-sdk] 2 	:	 3
   [32mINFO[0m    |-> [rocprofiler-sdk] 3 	:	 4
   [32mINFO[0m    |-> [rocprofiler-sdk] 4 	:	 5
   [32mINFO[0m    |-> [rocprofiler-sdk] 5 	:	 6
   [32mINFO[0m    |-> [rocprofiler-sdk] 6 	:	 7
   [32mINFO[0m    |-> [rocprofiler-sdk] 7 	:	 8
   [32mINFO[0m    |-> [rocprofiler-sdk] 8 	:	 9
   [32mINFO[0m    |-> [rocprofiler-sdk] 9 	:	 10
   [32mINFO[0m    |-> [rocprofiler-sdk] Device-to-device memcpy (global load/store) success!
   [32mINFO[0m    |-> [rocprofiler-sdk] W20260209 15:50:23.846467 129867247990272 simple_timer.cpp:55] [rocprofv3] './main_bp_l1' ::     5.086516 sec
   [32mINFO[0m    |-> [rocprofiler-sdk] E20260209 15:50:23.855583 129867247990272 output_stream.cpp:111] Opened result file: /root/rocm-examples/Applications/memcp_profile/workloads/main_bp_l1/MI300X_A1/out/pmc_1/f5fa73aad503/25907_kernel_trace.csv
   [32mINFO[0m    |-> [rocprofiler-sdk] E20260209 15:50:23.868958 129867247990272 output_stream.cpp:111] Opened result file: /root/rocm-examples/Applications/memcp_profile/workloads/main_bp_l1/MI300X_A1/out/pmc_1/f5fa73aad503/25907_counter_collection.csv
   [32mINFO[0m    |-> [rocprofiler-sdk] E20260209 15:50:23.876126 129867247990272 output_stream.cpp:111] Opened result file: /root/rocm-examples/Applications/memcp_profile/workloads/main_bp_l1/MI300X_A1/out/pmc_1/f5fa73aad503/25907_agent_info.csv
   [32mINFO[0m    |-> [rocprofiler-sdk] W20260209 15:50:23.879649 129867247990272 simple_timer.cpp:55] [rocprofv3] output generation ::     0.031593 sec
   [32mINFO[0m    |-> [rocprofiler-sdk] W20260209 15:50:23.879817 129867247990272 simple_timer.cpp:55] [rocprofv3] tool finalization ::     0.031803 sec
   [32mINFO[0m [Run 3/13][Approximate profiling time left: 1 minute and 15 seconds]...
   [32mINFO[0m [profiling] Current input file: /root/rocm-examples/Applications/memcp_profile/workloads/main_bp_l1/MI300X_A1/perfmon/SQ_IFETCH_LEVEL.txt
   [32mINFO[0m    |-> [rocprofiler-sdk] W20260209 15:50:26.347506 132194064201216 simple_timer.cpp:55] [rocprofv3] tool initialization ::     0.121587 sec
   [32mINFO[0m    |-> [rocprofiler-sdk] W20260209 15:50:26.347800 132194064201216 simple_timer.cpp:55] [rocprofv3] './main_bp_l1' ::     0.000000 sec
   [32mINFO[0m    |-> [rocprofiler-sdk] W20260209 15:50:27.909564 132194064201216 tool.cpp:2422] HSA version 8.20.0 initialized (instance=0)
   [32mINFO[0m    |-> [rocprofiler-sdk] 0 	:	 1
   [32mINFO[0m    |-> [rocprofiler-sdk] 1 	:	 2
   [32mINFO[0m    |-> [rocprofiler-sdk] 2 	:	 3
   [32mINFO[0m    |-> [rocprofiler-sdk] 3 	:	 4
   [32mINFO[0m    |-> [rocprofiler-sdk] 4 	:	 5
   [32mINFO[0m    |-> [rocprofiler-sdk] 5 	:	 6
   [32mINFO[0m    |-> [rocprofiler-sdk] 6 	:	 7
   [32mINFO[0m    |-> [rocprofiler-sdk] 7 	:	 8
   [32mINFO[0m    |-> [rocprofiler-sdk] 8 	:	 9
   [32mINFO[0m    |-> [rocprofiler-sdk] 9 	:	 10
   [32mINFO[0m    |-> [rocprofiler-sdk] Device-to-device memcpy (global load/store) success!
   [32mINFO[0m    |-> [rocprofiler-sdk] W20260209 15:50:31.277271 132194064201216 simple_timer.cpp:55] [rocprofv3] './main_bp_l1' ::     4.929471 sec
   [32mINFO[0m    |-> [rocprofiler-sdk] E20260209 15:50:31.286235 132194064201216 output_stream.cpp:111] Opened result file: /root/rocm-examples/Applications/memcp_profile/workloads/main_bp_l1/MI300X_A1/out/pmc_1/f5fa73aad503/25915_kernel_trace.csv
   [32mINFO[0m    |-> [rocprofiler-sdk] E20260209 15:50:31.299378 132194064201216 output_stream.cpp:111] Opened result file: /root/rocm-examples/Applications/memcp_profile/workloads/main_bp_l1/MI300X_A1/out/pmc_1/f5fa73aad503/25915_counter_collection.csv
   [32mINFO[0m    |-> [rocprofiler-sdk] E20260209 15:50:31.306669 132194064201216 output_stream.cpp:111] Opened result file: /root/rocm-examples/Applications/memcp_profile/workloads/main_bp_l1/MI300X_A1/out/pmc_1/f5fa73aad503/25915_agent_info.csv
   [32mINFO[0m    |-> [rocprofiler-sdk] W20260209 15:50:31.310107 132194064201216 simple_timer.cpp:55] [rocprofv3] output generation ::     0.031142 sec
   [32mINFO[0m    |-> [rocprofiler-sdk] W20260209 15:50:31.310203 132194064201216 simple_timer.cpp:55] [rocprofv3] tool finalization ::     0.031263 sec
   [32mINFO[0m [Run 4/13][Approximate profiling time left: 1 minute and 7 seconds]...
   [32mINFO[0m [profiling] Current input file: /root/rocm-examples/Applications/memcp_profile/workloads/main_bp_l1/MI300X_A1/perfmon/SQ_INST_LEVEL_LDS.txt
   [32mINFO[0m    |-> [rocprofiler-sdk] W20260209 15:50:33.781846 139766935291392 simple_timer.cpp:55] [rocprofv3] tool initialization ::     0.122363 sec
   [32mINFO[0m    |-> [rocprofiler-sdk] W20260209 15:50:33.782127 139766935291392 simple_timer.cpp:55] [rocprofv3] './main_bp_l1' ::     0.000000 sec
   [32mINFO[0m    |-> [rocprofiler-sdk] W20260209 15:50:35.343842 139766935291392 tool.cpp:2422] HSA version 8.20.0 initialized (instance=0)
   [32mINFO[0m    |-> [rocprofiler-sdk] 0 	:	 1
   [32mINFO[0m    |-> [rocprofiler-sdk] 1 	:	 2
   [32mINFO[0m    |-> [rocprofiler-sdk] 2 	:	 3
   [32mINFO[0m    |-> [rocprofiler-sdk] 3 	:	 4
   [32mINFO[0m    |-> [rocprofiler-sdk] 4 	:	 5
   [32mINFO[0m    |-> [rocprofiler-sdk] 5 	:	 6
   [32mINFO[0m    |-> [rocprofiler-sdk] 6 	:	 7
   [32mINFO[0m    |-> [rocprofiler-sdk] 7 	:	 8
   [32mINFO[0m    |-> [rocprofiler-sdk] 8 	:	 9
   [32mINFO[0m    |-> [rocprofiler-sdk] 9 	:	 10
   [32mINFO[0m    |-> [rocprofiler-sdk] Device-to-device memcpy (global load/store) success!
   [32mINFO[0m    |-> [rocprofiler-sdk] W20260209 15:50:38.607724 139766935291392 simple_timer.cpp:55] [rocprofv3] './main_bp_l1' ::     4.825597 sec
   [32mINFO[0m    |-> [rocprofiler-sdk] E20260209 15:50:38.616809 139766935291392 output_stream.cpp:111] Opened result file: /root/rocm-examples/Applications/memcp_profile/workloads/main_bp_l1/MI300X_A1/out/pmc_1/f5fa73aad503/25923_kernel_trace.csv
   [32mINFO[0m    |-> [rocprofiler-sdk] E20260209 15:50:38.630103 139766935291392 output_stream.cpp:111] Opened result file: /root/rocm-examples/Applications/memcp_profile/workloads/main_bp_l1/MI300X_A1/out/pmc_1/f5fa73aad503/25923_counter_collection.csv
   [32mINFO[0m    |-> [rocprofiler-sdk] E20260209 15:50:38.637429 139766935291392 output_stream.cpp:111] Opened result file: /root/rocm-examples/Applications/memcp_profile/workloads/main_bp_l1/MI300X_A1/out/pmc_1/f5fa73aad503/25923_agent_info.csv
   [32mINFO[0m    |-> [rocprofiler-sdk] W20260209 15:50:38.640989 139766935291392 simple_timer.cpp:55] [rocprofv3] output generation ::     0.031781 sec
   [32mINFO[0m    |-> [rocprofiler-sdk] W20260209 15:50:38.641089 139766935291392 simple_timer.cpp:55] [rocprofv3] tool finalization ::     0.031917 sec
   [32mINFO[0m [Run 5/13][Approximate profiling time left: 59 seconds]...
   [32mINFO[0m [profiling] Current input file: /root/rocm-examples/Applications/memcp_profile/workloads/main_bp_l1/MI300X_A1/perfmon/SQ_INST_LEVEL_SMEM.txt
   [32mINFO[0m    |-> [rocprofiler-sdk] W20260209 15:50:41.035050 138580987655680 simple_timer.cpp:55] [rocprofv3] tool initialization ::     0.114664 sec
   [32mINFO[0m    |-> [rocprofiler-sdk] W20260209 15:50:41.035333 138580987655680 simple_timer.cpp:55] [rocprofv3] './main_bp_l1' ::     0.000000 sec
   [32mINFO[0m    |-> [rocprofiler-sdk] W20260209 15:50:42.598849 138580987655680 tool.cpp:2422] HSA version 8.20.0 initialized (instance=0)
   [32mINFO[0m    |-> [rocprofiler-sdk] 0 	:	 1
   [32mINFO[0m    |-> [rocprofiler-sdk] 1 	:	 2
   [32mINFO[0m    |-> [rocprofiler-sdk] 2 	:	 3
   [32mINFO[0m    |-> [rocprofiler-sdk] 3 	:	 4
   [32mINFO[0m    |-> [rocprofiler-sdk] 4 	:	 5
   [32mINFO[0m    |-> [rocprofiler-sdk] 5 	:	 6
   [32mINFO[0m    |-> [rocprofiler-sdk] 6 	:	 7
   [32mINFO[0m    |-> [rocprofiler-sdk] 7 	:	 8
   [32mINFO[0m    |-> [rocprofiler-sdk] 8 	:	 9
   [32mINFO[0m    |-> [rocprofiler-sdk] 9 	:	 10
   [32mINFO[0m    |-> [rocprofiler-sdk] Device-to-device memcpy (global load/store) success!
   [32mINFO[0m    |-> [rocprofiler-sdk] W20260209 15:50:45.920588 138580987655680 simple_timer.cpp:55] [rocprofv3] './main_bp_l1' ::     4.885255 sec
   [32mINFO[0m    |-> [rocprofiler-sdk] E20260209 15:50:45.929907 138580987655680 output_stream.cpp:111] Opened result file: /root/rocm-examples/Applications/memcp_profile/workloads/main_bp_l1/MI300X_A1/out/pmc_1/f5fa73aad503/25931_kernel_trace.csv
   [32mINFO[0m    |-> [rocprofiler-sdk] E20260209 15:50:45.943529 138580987655680 output_stream.cpp:111] Opened result file: /root/rocm-examples/Applications/memcp_profile/workloads/main_bp_l1/MI300X_A1/out/pmc_1/f5fa73aad503/25931_counter_collection.csv
   [32mINFO[0m    |-> [rocprofiler-sdk] E20260209 15:50:45.950705 138580987655680 output_stream.cpp:111] Opened result file: /root/rocm-examples/Applications/memcp_profile/workloads/main_bp_l1/MI300X_A1/out/pmc_1/f5fa73aad503/25931_agent_info.csv
   [32mINFO[0m    |-> [rocprofiler-sdk] W20260209 15:50:45.954233 138580987655680 simple_timer.cpp:55] [rocprofv3] output generation ::     0.031959 sec
   [32mINFO[0m    |-> [rocprofiler-sdk] W20260209 15:50:45.954322 138580987655680 simple_timer.cpp:55] [rocprofv3] tool finalization ::     0.032101 sec
   [32mINFO[0m [Run 6/13][Approximate profiling time left: 51 seconds]...
   [32mINFO[0m [profiling] Current input file: /root/rocm-examples/Applications/memcp_profile/workloads/main_bp_l1/MI300X_A1/perfmon/SQ_INST_LEVEL_VMEM.txt
   [32mINFO[0m    |-> [rocprofiler-sdk] W20260209 15:50:48.344203 124265935586816 simple_timer.cpp:55] [rocprofv3] tool initialization ::     0.114282 sec
   [32mINFO[0m    |-> [rocprofiler-sdk] W20260209 15:50:48.344498 124265935586816 simple_timer.cpp:55] [rocprofv3] './main_bp_l1' ::     0.000000 sec
   [32mINFO[0m    |-> [rocprofiler-sdk] W20260209 15:50:49.909490 124265935586816 tool.cpp:2422] HSA version 8.20.0 initialized (instance=0)
   [32mINFO[0m    |-> [rocprofiler-sdk] 0 	:	 1
   [32mINFO[0m    |-> [rocprofiler-sdk] 1 	:	 2
   [32mINFO[0m    |-> [rocprofiler-sdk] 2 	:	 3
   [32mINFO[0m    |-> [rocprofiler-sdk] 3 	:	 4
   [32mINFO[0m    |-> [rocprofiler-sdk] 4 	:	 5
   [32mINFO[0m    |-> [rocprofiler-sdk] 5 	:	 6
   [32mINFO[0m    |-> [rocprofiler-sdk] 6 	:	 7
   [32mINFO[0m    |-> [rocprofiler-sdk] 7 	:	 8
   [32mINFO[0m    |-> [rocprofiler-sdk] 8 	:	 9
   [32mINFO[0m    |-> [rocprofiler-sdk] 9 	:	 10
   [32mINFO[0m    |-> [rocprofiler-sdk] Device-to-device memcpy (global load/store) success!
   [32mINFO[0m    |-> [rocprofiler-sdk] W20260209 15:50:53.308708 124265935586816 simple_timer.cpp:55] [rocprofv3] './main_bp_l1' ::     4.964210 sec
   [32mINFO[0m    |-> [rocprofiler-sdk] E20260209 15:50:53.317775 124265935586816 output_stream.cpp:111] Opened result file: /root/rocm-examples/Applications/memcp_profile/workloads/main_bp_l1/MI300X_A1/out/pmc_1/f5fa73aad503/25939_kernel_trace.csv
   [32mINFO[0m    |-> [rocprofiler-sdk] E20260209 15:50:53.332554 124265935586816 output_stream.cpp:111] Opened result file: /root/rocm-examples/Applications/memcp_profile/workloads/main_bp_l1/MI300X_A1/out/pmc_1/f5fa73aad503/25939_counter_collection.csv
   [32mINFO[0m    |-> [rocprofiler-sdk] E20260209 15:50:53.340126 124265935586816 output_stream.cpp:111] Opened result file: /root/rocm-examples/Applications/memcp_profile/workloads/main_bp_l1/MI300X_A1/out/pmc_1/f5fa73aad503/25939_agent_info.csv
   [32mINFO[0m    |-> [rocprofiler-sdk] W20260209 15:50:53.343985 124265935586816 simple_timer.cpp:55] [rocprofv3] output generation ::     0.034006 sec
   [32mINFO[0m    |-> [rocprofiler-sdk] W20260209 15:50:53.344110 124265935586816 simple_timer.cpp:55] [rocprofv3] tool finalization ::     0.034175 sec
   [32mINFO[0m [Run 7/13][Approximate profiling time left: 44 seconds]...
   [32mINFO[0m [profiling] Current input file: /root/rocm-examples/Applications/memcp_profile/workloads/main_bp_l1/MI300X_A1/perfmon/SQ_LEVEL_WAVES.txt
   [32mINFO[0m    |-> [rocprofiler-sdk] W20260209 15:50:55.729008 131331675792896 simple_timer.cpp:55] [rocprofv3] tool initialization ::     0.110114 sec
   [32mINFO[0m    |-> [rocprofiler-sdk] W20260209 15:50:55.729291 131331675792896 simple_timer.cpp:55] [rocprofv3] './main_bp_l1' ::     0.000000 sec
   [32mINFO[0m    |-> [rocprofiler-sdk] W20260209 15:50:57.289949 131331675792896 tool.cpp:2422] HSA version 8.20.0 initialized (instance=0)
   [32mINFO[0m    |-> [rocprofiler-sdk] 0 	:	 1
   [32mINFO[0m    |-> [rocprofiler-sdk] 1 	:	 2
   [32mINFO[0m    |-> [rocprofiler-sdk] 2 	:	 3
   [32mINFO[0m    |-> [rocprofiler-sdk] 3 	:	 4
   [32mINFO[0m    |-> [rocprofiler-sdk] 4 	:	 5
   [32mINFO[0m    |-> [rocprofiler-sdk] 5 	:	 6
   [32mINFO[0m    |-> [rocprofiler-sdk] 6 	:	 7
   [32mINFO[0m    |-> [rocprofiler-sdk] 7 	:	 8
   [32mINFO[0m    |-> [rocprofiler-sdk] 8 	:	 9
   [32mINFO[0m    |-> [rocprofiler-sdk] 9 	:	 10
   [32mINFO[0m    |-> [rocprofiler-sdk] Device-to-device memcpy (global load/store) success!
   [32mINFO[0m    |-> [rocprofiler-sdk] W20260209 15:51:00.587148 131331675792896 simple_timer.cpp:55] [rocprofv3] './main_bp_l1' ::     4.857857 sec
   [32mINFO[0m    |-> [rocprofiler-sdk] E20260209 15:51:00.596228 131331675792896 output_stream.cpp:111] Opened result file: /root/rocm-examples/Applications/memcp_profile/workloads/main_bp_l1/MI300X_A1/out/pmc_1/f5fa73aad503/25947_kernel_trace.csv
   [32mINFO[0m    |-> [rocprofiler-sdk] E20260209 15:51:00.609845 131331675792896 output_stream.cpp:111] Opened result file: /root/rocm-examples/Applications/memcp_profile/workloads/main_bp_l1/MI300X_A1/out/pmc_1/f5fa73aad503/25947_counter_collection.csv
   [32mINFO[0m    |-> [rocprofiler-sdk] E20260209 15:51:00.616960 131331675792896 output_stream.cpp:111] Opened result file: /root/rocm-examples/Applications/memcp_profile/workloads/main_bp_l1/MI300X_A1/out/pmc_1/f5fa73aad503/25947_agent_info.csv
   [32mINFO[0m    |-> [rocprofiler-sdk] W20260209 15:51:00.620489 131331675792896 simple_timer.cpp:55] [rocprofv3] output generation ::     0.032011 sec
   [32mINFO[0m    |-> [rocprofiler-sdk] W20260209 15:51:00.620568 131331675792896 simple_timer.cpp:55] [rocprofv3] tool finalization ::     0.032125 sec
   [32mINFO[0m [Run 8/13][Approximate profiling time left: 36 seconds]...
   [32mINFO[0m [profiling] Current input file: /root/rocm-examples/Applications/memcp_profile/workloads/main_bp_l1/MI300X_A1/perfmon/pmc_perf_0.txt
   [32mINFO[0m    |-> [rocprofiler-sdk] W20260209 15:51:02.951083 135199061022208 simple_timer.cpp:55] [rocprofv3] tool initialization ::     0.112944 sec
   [32mINFO[0m    |-> [rocprofiler-sdk] W20260209 15:51:02.951366 135199061022208 simple_timer.cpp:55] [rocprofv3] './main_bp_l1' ::     0.000000 sec
   [32mINFO[0m    |-> [rocprofiler-sdk] W20260209 15:51:04.500052 135199061022208 tool.cpp:2422] HSA version 8.20.0 initialized (instance=0)
   [32mINFO[0m    |-> [rocprofiler-sdk] 0 	:	 1
   [32mINFO[0m    |-> [rocprofiler-sdk] 1 	:	 2
   [32mINFO[0m    |-> [rocprofiler-sdk] 2 	:	 3
   [32mINFO[0m    |-> [rocprofiler-sdk] 3 	:	 4
   [32mINFO[0m    |-> [rocprofiler-sdk] 4 	:	 5
   [32mINFO[0m    |-> [rocprofiler-sdk] 5 	:	 6
   [32mINFO[0m    |-> [rocprofiler-sdk] 6 	:	 7
   [32mINFO[0m    |-> [rocprofiler-sdk] 7 	:	 8
   [32mINFO[0m    |-> [rocprofiler-sdk] 8 	:	 9
   [32mINFO[0m    |-> [rocprofiler-sdk] 9 	:	 10
   [32mINFO[0m    |-> [rocprofiler-sdk] Device-to-device memcpy (global load/store) success!
   [32mINFO[0m    |-> [rocprofiler-sdk] W20260209 15:51:07.866878 135199061022208 simple_timer.cpp:55] [rocprofv3] './main_bp_l1' ::     4.915512 sec
   [32mINFO[0m    |-> [rocprofiler-sdk] E20260209 15:51:07.876008 135199061022208 output_stream.cpp:111] Opened result file: /root/rocm-examples/Applications/memcp_profile/workloads/main_bp_l1/MI300X_A1/out/pmc_1/f5fa73aad503/25983_kernel_trace.csv
   [32mINFO[0m    |-> [rocprofiler-sdk] E20260209 15:51:07.889493 135199061022208 output_stream.cpp:111] Opened result file: /root/rocm-examples/Applications/memcp_profile/workloads/main_bp_l1/MI300X_A1/out/pmc_1/f5fa73aad503/25983_counter_collection.csv
   [32mINFO[0m    |-> [rocprofiler-sdk] E20260209 15:51:07.896752 135199061022208 output_stream.cpp:111] Opened result file: /root/rocm-examples/Applications/memcp_profile/workloads/main_bp_l1/MI300X_A1/out/pmc_1/f5fa73aad503/25983_agent_info.csv
   [32mINFO[0m    |-> [rocprofiler-sdk] W20260209 15:51:07.900295 135199061022208 simple_timer.cpp:55] [rocprofv3] output generation ::     0.032015 sec
   [32mINFO[0m    |-> [rocprofiler-sdk] W20260209 15:51:07.900373 135199061022208 simple_timer.cpp:55] [rocprofv3] tool finalization ::     0.032130 sec
   [32mINFO[0m [Run 9/13][Approximate profiling time left: 29 seconds]...
   [32mINFO[0m [profiling] Current input file: /root/rocm-examples/Applications/memcp_profile/workloads/main_bp_l1/MI300X_A1/perfmon/pmc_perf_1.txt
   [32mINFO[0m    |-> [rocprofiler-sdk] W20260209 15:51:10.231612 125101645288960 simple_timer.cpp:55] [rocprofv3] tool initialization ::     0.111656 sec
   [32mINFO[0m    |-> [rocprofiler-sdk] W20260209 15:51:10.231917 125101645288960 simple_timer.cpp:55] [rocprofv3] './main_bp_l1' ::     0.000000 sec
   [32mINFO[0m    |-> [rocprofiler-sdk] W20260209 15:51:11.787109 125101645288960 tool.cpp:2422] HSA version 8.20.0 initialized (instance=0)
   [32mINFO[0m    |-> [rocprofiler-sdk] 0 	:	 1
   [32mINFO[0m    |-> [rocprofiler-sdk] 1 	:	 2
   [32mINFO[0m    |-> [rocprofiler-sdk] 2 	:	 3
   [32mINFO[0m    |-> [rocprofiler-sdk] 3 	:	 4
   [32mINFO[0m    |-> [rocprofiler-sdk] 4 	:	 5
   [32mINFO[0m    |-> [rocprofiler-sdk] 5 	:	 6
   [32mINFO[0m    |-> [rocprofiler-sdk] 6 	:	 7
   [32mINFO[0m    |-> [rocprofiler-sdk] 7 	:	 8
   [32mINFO[0m    |-> [rocprofiler-sdk] 8 	:	 9
   [32mINFO[0m    |-> [rocprofiler-sdk] 9 	:	 10
   [32mINFO[0m    |-> [rocprofiler-sdk] Device-to-device memcpy (global load/store) success!
   [32mINFO[0m    |-> [rocprofiler-sdk] W20260209 15:51:15.531121 125101645288960 simple_timer.cpp:55] [rocprofv3] './main_bp_l1' ::     5.299204 sec
   [32mINFO[0m    |-> [rocprofiler-sdk] E20260209 15:51:15.540409 125101645288960 output_stream.cpp:111] Opened result file: /root/rocm-examples/Applications/memcp_profile/workloads/main_bp_l1/MI300X_A1/out/pmc_1/f5fa73aad503/25991_kernel_trace.csv
   [32mINFO[0m    |-> [rocprofiler-sdk] E20260209 15:51:15.553711 125101645288960 output_stream.cpp:111] Opened result file: /root/rocm-examples/Applications/memcp_profile/workloads/main_bp_l1/MI300X_A1/out/pmc_1/f5fa73aad503/25991_counter_collection.csv
   [32mINFO[0m    |-> [rocprofiler-sdk] E20260209 15:51:15.560851 125101645288960 output_stream.cpp:111] Opened result file: /root/rocm-examples/Applications/memcp_profile/workloads/main_bp_l1/MI300X_A1/out/pmc_1/f5fa73aad503/25991_agent_info.csv
   [32mINFO[0m    |-> [rocprofiler-sdk] W20260209 15:51:15.564358 125101645288960 simple_timer.cpp:55] [rocprofv3] output generation ::     0.031643 sec
   [32mINFO[0m    |-> [rocprofiler-sdk] W20260209 15:51:15.564440 125101645288960 simple_timer.cpp:55] [rocprofv3] tool finalization ::     0.031761 sec
   [32mINFO[0m [Run 10/13][Approximate profiling time left: 22 seconds]...
   [32mINFO[0m [profiling] Current input file: /root/rocm-examples/Applications/memcp_profile/workloads/main_bp_l1/MI300X_A1/perfmon/pmc_perf_2.txt
   [32mINFO[0m    |-> [rocprofiler-sdk] W20260209 15:51:17.932620 125803543012864 simple_timer.cpp:55] [rocprofv3] tool initialization ::     0.109645 sec
   [32mINFO[0m    |-> [rocprofiler-sdk] W20260209 15:51:17.932903 125803543012864 simple_timer.cpp:55] [rocprofv3] './main_bp_l1' ::     0.000000 sec
   [32mINFO[0m    |-> [rocprofiler-sdk] W20260209 15:51:19.483623 125803543012864 tool.cpp:2422] HSA version 8.20.0 initialized (instance=0)
   [32mINFO[0m    |-> [rocprofiler-sdk] 0 	:	 1
   [32mINFO[0m    |-> [rocprofiler-sdk] 1 	:	 2
   [32mINFO[0m    |-> [rocprofiler-sdk] 2 	:	 3
   [32mINFO[0m    |-> [rocprofiler-sdk] 3 	:	 4
   [32mINFO[0m    |-> [rocprofiler-sdk] 4 	:	 5
   [32mINFO[0m    |-> [rocprofiler-sdk] 5 	:	 6
   [32mINFO[0m    |-> [rocprofiler-sdk] 6 	:	 7
   [32mINFO[0m    |-> [rocprofiler-sdk] 7 	:	 8
   [32mINFO[0m    |-> [rocprofiler-sdk] 8 	:	 9
   [32mINFO[0m    |-> [rocprofiler-sdk] 9 	:	 10
   [32mINFO[0m    |-> [rocprofiler-sdk] Device-to-device memcpy (global load/store) success!
   [32mINFO[0m    |-> [rocprofiler-sdk] W20260209 15:51:22.833471 125803543012864 simple_timer.cpp:55] [rocprofv3] './main_bp_l1' ::     4.900568 sec
   [32mINFO[0m    |-> [rocprofiler-sdk] E20260209 15:51:22.842641 125803543012864 output_stream.cpp:111] Opened result file: /root/rocm-examples/Applications/memcp_profile/workloads/main_bp_l1/MI300X_A1/out/pmc_1/f5fa73aad503/25999_kernel_trace.csv
   [32mINFO[0m    |-> [rocprofiler-sdk] E20260209 15:51:22.856867 125803543012864 output_stream.cpp:111] Opened result file: /root/rocm-examples/Applications/memcp_profile/workloads/main_bp_l1/MI300X_A1/out/pmc_1/f5fa73aad503/25999_counter_collection.csv
   [32mINFO[0m    |-> [rocprofiler-sdk] E20260209 15:51:22.864109 125803543012864 output_stream.cpp:111] Opened result file: /root/rocm-examples/Applications/memcp_profile/workloads/main_bp_l1/MI300X_A1/out/pmc_1/f5fa73aad503/25999_agent_info.csv
   [32mINFO[0m    |-> [rocprofiler-sdk] W20260209 15:51:22.867673 125803543012864 simple_timer.cpp:55] [rocprofv3] output generation ::     0.032764 sec
   [32mINFO[0m    |-> [rocprofiler-sdk] W20260209 15:51:22.867755 125803543012864 simple_timer.cpp:55] [rocprofv3] tool finalization ::     0.032882 sec
   [32mINFO[0m [Run 11/13][Approximate profiling time left: 14 seconds]...
   [32mINFO[0m [profiling] Current input file: /root/rocm-examples/Applications/memcp_profile/workloads/main_bp_l1/MI300X_A1/perfmon/pmc_perf_3.txt
   [32mINFO[0m    |-> [rocprofiler-sdk] W20260209 15:51:25.261895 133011027904000 simple_timer.cpp:55] [rocprofv3] tool initialization ::     0.113950 sec
   [32mINFO[0m    |-> [rocprofiler-sdk] W20260209 15:51:25.262181 133011027904000 simple_timer.cpp:55] [rocprofv3] './main_bp_l1' ::     0.000000 sec
   [32mINFO[0m    |-> [rocprofiler-sdk] W20260209 15:51:26.823045 133011027904000 tool.cpp:2422] HSA version 8.20.0 initialized (instance=0)
   [32mINFO[0m    |-> [rocprofiler-sdk] 0 	:	 1
   [32mINFO[0m    |-> [rocprofiler-sdk] 1 	:	 2
   [32mINFO[0m    |-> [rocprofiler-sdk] 2 	:	 3
   [32mINFO[0m    |-> [rocprofiler-sdk] 3 	:	 4
   [32mINFO[0m    |-> [rocprofiler-sdk] 4 	:	 5
   [32mINFO[0m    |-> [rocprofiler-sdk] 5 	:	 6
   [32mINFO[0m    |-> [rocprofiler-sdk] 6 	:	 7
   [32mINFO[0m    |-> [rocprofiler-sdk] 7 	:	 8
   [32mINFO[0m    |-> [rocprofiler-sdk] 8 	:	 9
   [32mINFO[0m    |-> [rocprofiler-sdk] 9 	:	 10
   [32mINFO[0m    |-> [rocprofiler-sdk] Device-to-device memcpy (global load/store) success!
   [32mINFO[0m    |-> [rocprofiler-sdk] W20260209 15:51:30.117822 133011027904000 simple_timer.cpp:55] [rocprofv3] './main_bp_l1' ::     4.855642 sec
   [32mINFO[0m    |-> [rocprofiler-sdk] E20260209 15:51:30.127217 133011027904000 output_stream.cpp:111] Opened result file: /root/rocm-examples/Applications/memcp_profile/workloads/main_bp_l1/MI300X_A1/out/pmc_1/f5fa73aad503/26007_kernel_trace.csv
   [32mINFO[0m    |-> [rocprofiler-sdk] E20260209 15:51:30.140410 133011027904000 output_stream.cpp:111] Opened result file: /root/rocm-examples/Applications/memcp_profile/workloads/main_bp_l1/MI300X_A1/out/pmc_1/f5fa73aad503/26007_counter_collection.csv
   [32mINFO[0m    |-> [rocprofiler-sdk] E20260209 15:51:30.147519 133011027904000 output_stream.cpp:111] Opened result file: /root/rocm-examples/Applications/memcp_profile/workloads/main_bp_l1/MI300X_A1/out/pmc_1/f5fa73aad503/26007_agent_info.csv
   [32mINFO[0m    |-> [rocprofiler-sdk] W20260209 15:51:30.151019 133011027904000 simple_timer.cpp:55] [rocprofv3] output generation ::     0.031399 sec
   [32mINFO[0m    |-> [rocprofiler-sdk] W20260209 15:51:30.151099 133011027904000 simple_timer.cpp:55] [rocprofv3] tool finalization ::     0.031514 sec
   [32mINFO[0m [Run 12/13][Approximate profiling time left: 7 seconds]...
   [32mINFO[0m [profiling] Current input file: /root/rocm-examples/Applications/memcp_profile/workloads/main_bp_l1/MI300X_A1/perfmon/pmc_perf_4.txt
   [32mINFO[0m    |-> [rocprofiler-sdk] W20260209 15:51:32.590189 137840683902464 simple_timer.cpp:55] [rocprofv3] tool initialization ::     0.110102 sec
   [32mINFO[0m    |-> [rocprofiler-sdk] W20260209 15:51:32.590473 137840683902464 simple_timer.cpp:55] [rocprofv3] './main_bp_l1' ::     0.000000 sec
   [32mINFO[0m    |-> [rocprofiler-sdk] W20260209 15:51:34.144509 137840683902464 tool.cpp:2422] HSA version 8.20.0 initialized (instance=0)
   [32mINFO[0m    |-> [rocprofiler-sdk] 0 	:	 1
   [32mINFO[0m    |-> [rocprofiler-sdk] 1 	:	 2
   [32mINFO[0m    |-> [rocprofiler-sdk] 2 	:	 3
   [32mINFO[0m    |-> [rocprofiler-sdk] 3 	:	 4
   [32mINFO[0m    |-> [rocprofiler-sdk] 4 	:	 5
   [32mINFO[0m    |-> [rocprofiler-sdk] 5 	:	 6
   [32mINFO[0m    |-> [rocprofiler-sdk] 6 	:	 7
   [32mINFO[0m    |-> [rocprofiler-sdk] 7 	:	 8
   [32mINFO[0m    |-> [rocprofiler-sdk] 8 	:	 9
   [32mINFO[0m    |-> [rocprofiler-sdk] 9 	:	 10
   [32mINFO[0m    |-> [rocprofiler-sdk] Device-to-device memcpy (global load/store) success!
   [32mINFO[0m    |-> [rocprofiler-sdk] W20260209 15:51:37.433923 137840683902464 simple_timer.cpp:55] [rocprofv3] './main_bp_l1' ::     4.843450 sec
   [32mINFO[0m    |-> [rocprofiler-sdk] E20260209 15:51:37.443338 137840683902464 output_stream.cpp:111] Opened result file: /root/rocm-examples/Applications/memcp_profile/workloads/main_bp_l1/MI300X_A1/out/pmc_1/f5fa73aad503/26015_kernel_trace.csv
   [32mINFO[0m    |-> [rocprofiler-sdk] E20260209 15:51:37.457005 137840683902464 output_stream.cpp:111] Opened result file: /root/rocm-examples/Applications/memcp_profile/workloads/main_bp_l1/MI300X_A1/out/pmc_1/f5fa73aad503/26015_counter_collection.csv
   [32mINFO[0m    |-> [rocprofiler-sdk] E20260209 15:51:37.464117 137840683902464 output_stream.cpp:111] Opened result file: /root/rocm-examples/Applications/memcp_profile/workloads/main_bp_l1/MI300X_A1/out/pmc_1/f5fa73aad503/26015_agent_info.csv
   [32mINFO[0m    |-> [rocprofiler-sdk] W20260209 15:51:37.467648 137840683902464 simple_timer.cpp:55] [rocprofv3] output generation ::     0.031916 sec
   [32mINFO[0m    |-> [rocprofiler-sdk] W20260209 15:51:37.467733 137840683902464 simple_timer.cpp:55] [rocprofv3] tool finalization ::     0.032036 sec
   [32mINFO[0m [Run 13/13][Approximate profiling time left: 0 seconds]...
   [32mINFO[0m [profiling] Current input file: /root/rocm-examples/Applications/memcp_profile/workloads/main_bp_l1/MI300X_A1/perfmon/pmc_perf_5.txt
   [32mINFO[0m    |-> [rocprofiler-sdk] W20260209 15:51:39.738923 139942123791872 simple_timer.cpp:55] [rocprofv3] tool initialization ::     0.101825 sec
   [32mINFO[0m    |-> [rocprofiler-sdk] W20260209 15:51:39.739211 139942123791872 simple_timer.cpp:55] [rocprofv3] './main_bp_l1' ::     0.000000 sec
   [32mINFO[0m    |-> [rocprofiler-sdk] W20260209 15:51:41.292955 139942123791872 tool.cpp:2422] HSA version 8.20.0 initialized (instance=0)
   [32mINFO[0m    |-> [rocprofiler-sdk] 0 	:	 1
   [32mINFO[0m    |-> [rocprofiler-sdk] 1 	:	 2
   [32mINFO[0m    |-> [rocprofiler-sdk] 2 	:	 3
   [32mINFO[0m    |-> [rocprofiler-sdk] 3 	:	 4
   [32mINFO[0m    |-> [rocprofiler-sdk] 4 	:	 5
   [32mINFO[0m    |-> [rocprofiler-sdk] 5 	:	 6
   [32mINFO[0m    |-> [rocprofiler-sdk] 6 	:	 7
   [32mINFO[0m    |-> [rocprofiler-sdk] 7 	:	 8
   [32mINFO[0m    |-> [rocprofiler-sdk] 8 	:	 9
   [32mINFO[0m    |-> [rocprofiler-sdk] 9 	:	 10
   [32mINFO[0m    |-> [rocprofiler-sdk] Device-to-device memcpy (global load/store) success!
   [32mINFO[0m    |-> [rocprofiler-sdk] W20260209 15:51:44.618005 139942123791872 simple_timer.cpp:55] [rocprofv3] './main_bp_l1' ::     4.878794 sec
   [32mINFO[0m    |-> [rocprofiler-sdk] E20260209 15:51:44.627167 139942123791872 output_stream.cpp:111] Opened result file: /root/rocm-examples/Applications/memcp_profile/workloads/main_bp_l1/MI300X_A1/out/pmc_1/f5fa73aad503/26023_kernel_trace.csv
   [32mINFO[0m    |-> [rocprofiler-sdk] E20260209 15:51:44.641390 139942123791872 output_stream.cpp:111] Opened result file: /root/rocm-examples/Applications/memcp_profile/workloads/main_bp_l1/MI300X_A1/out/pmc_1/f5fa73aad503/26023_counter_collection.csv
   [32mINFO[0m    |-> [rocprofiler-sdk] E20260209 15:51:44.648315 139942123791872 output_stream.cpp:111] Opened result file: /root/rocm-examples/Applications/memcp_profile/workloads/main_bp_l1/MI300X_A1/out/pmc_1/f5fa73aad503/26023_agent_info.csv
   [32mINFO[0m    |-> [rocprofiler-sdk] W20260209 15:51:44.651881 139942123791872 simple_timer.cpp:55] [rocprofv3] output generation ::     0.032427 sec
   [32mINFO[0m    |-> [rocprofiler-sdk] W20260209 15:51:44.651957 139942123791872 simple_timer.cpp:55] [rocprofv3] tool finalization ::     0.032540 sec
[33mWARNING[0m PC sampling data collection skipped as block 21 is not specified.
   [32mINFO[0m [roofline] Checking for roofline.csv in /root/rocm-examples/Applications/memcp_profile/workloads/main_bp_l1/MI300X_A1
   [32mINFO[0m [roofline] No roofline data found. Generating...
Empirical Roofline Calculation
Copyright © 2025  Advanced Micro Devices, Inc. All rights reserved.
Total detected GPU devices: 1
GPU Device 0 (gfx942) with 304 CUs: Profiling...
  0% [                                                            ]  1% [                                                            ]  2% [|                                                           ]  3% [|                                                           ]  4% [||                                                          ]  5% [|||                                                         ]  6% [|||                                                         ]  7% [||||                                                        ]  8% [||||                                                        ]  9% [|||||                                                       ] 10% [||||||                                                      ] 11% [||||||                                                      ] 12% [|||||||                                                     ] 13% [|||||||                                                     ] 14% [||||||||                                                    ] 15% [|||||||||                                                   ] 16% [|||||||||                                                   ] 17% [||||||||||                                                  ] 18% [||||||||||                                                  ] 19% [|||||||||||                                                 ] 20% [||||||||||||                                                ] 21% [||||||||||||                                                ] 22% [|||||||||||||                                               ] 23% [|||||||||||||                                               ] 24% [||||||||||||||                                              ] 25% [|||||||||||||||                                             ] 26% [|||||||||||||||                                             ] 27% [||||||||||||||||                                            ] 28% [||||||||||||||||                                            ] 29% [|||||||||||||||||                                           ] 30% [||||||||||||||||||                                          ] 31% [||||||||||||||||||                                          ] 32% [|||||||||||||||||||                                         ] 33% [|||||||||||||||||||                                         ] 34% [||||||||||||||||||||                                        ] 35% [|||||||||||||||||||||                                       ] 36% [|||||||||||||||||||||                                       ] 37% [||||||||||||||||||||||                                      ] 38% [||||||||||||||||||||||                                      ] 39% [|||||||||||||||||||||||                                     ] 40% [||||||||||||||||||||||||                                    ] 41% [||||||||||||||||||||||||                                    ] 42% [|||||||||||||||||||||||||                                   ] 43% [|||||||||||||||||||||||||                                   ] 44% [||||||||||||||||||||||||||                                  ] 45% [|||||||||||||||||||||||||||                                 ] 46% [|||||||||||||||||||||||||||                                 ] 47% [||||||||||||||||||||||||||||                                ] 48% [||||||||||||||||||||||||||||                                ] 49% [|||||||||||||||||||||||||||||                               ] 50% [||||||||||||||||||||||||||||||                              ] 51% [||||||||||||||||||||||||||||||                              ] 52% [|||||||||||||||||||||||||||||||                             ] 52% [|||||||||||||||||||||||||||||||                             ] 54% [||||||||||||||||||||||||||||||||                            ] 55% [|||||||||||||||||||||||||||||||||                           ] 56% [|||||||||||||||||||||||||||||||||                           ] 57% [||||||||||||||||||||||||||||||||||                          ] 58% [||||||||||||||||||||||||||||||||||                          ] 58% [|||||||||||||||||||||||||||||||||||                         ] 60% [||||||||||||||||||||||||||||||||||||                        ] 61% [||||||||||||||||||||||||||||||||||||                        ] 62% [|||||||||||||||||||||||||||||||||||||                       ] 63% [|||||||||||||||||||||||||||||||||||||                       ] 64% [||||||||||||||||||||||||||||||||||||||                      ] 65% [|||||||||||||||||||||||||||||||||||||||                     ] 66% [|||||||||||||||||||||||||||||||||||||||                     ] 67% [||||||||||||||||||||||||||||||||||||||||                    ] 68% [||||||||||||||||||||||||||||||||||||||||                    ] 69% [|||||||||||||||||||||||||||||||||||||||||                   ] 70% [||||||||||||||||||||||||||||||||||||||||||                  ] 71% [||||||||||||||||||||||||||||||||||||||||||                  ] 72% [|||||||||||||||||||||||||||||||||||||||||||                 ] 73% [|||||||||||||||||||||||||||||||||||||||||||                 ] 74% [||||||||||||||||||||||||||||||||||||||||||||                ] 75% [|||||||||||||||||||||||||||||||||||||||||||||               ] 76% [|||||||||||||||||||||||||||||||||||||||||||||               ] 77% [||||||||||||||||||||||||||||||||||||||||||||||              ] 78% [||||||||||||||||||||||||||||||||||||||||||||||              ] 79% [|||||||||||||||||||||||||||||||||||||||||||||||             ] 80% [||||||||||||||||||||||||||||||||||||||||||||||||            ] 81% [||||||||||||||||||||||||||||||||||||||||||||||||            ] 82% [|||||||||||||||||||||||||||||||||||||||||||||||||           ] 83% [|||||||||||||||||||||||||||||||||||||||||||||||||           ] 84% [||||||||||||||||||||||||||||||||||||||||||||||||||          ] 85% [|||||||||||||||||||||||||||||||||||||||||||||||||||         ] 86% [|||||||||||||||||||||||||||||||||||||||||||||||||||         ] 87% [||||||||||||||||||||||||||||||||||||||||||||||||||||        ] 88% [||||||||||||||||||||||||||||||||||||||||||||||||||||        ] 89% [|||||||||||||||||||||||||||||||||||||||||||||||||||||       ] 90% [||||||||||||||||||||||||||||||||||||||||||||||||||||||      ] 91% [||||||||||||||||||||||||||||||||||||||||||||||||||||||      ] 92% [|||||||||||||||||||||||||||||||||||||||||||||||||||||||     ] 93% [|||||||||||||||||||||||||||||||||||||||||||||||||||||||     ] 94% [||||||||||||||||||||||||||||||||||||||||||||||||||||||||    ] 95% [|||||||||||||||||||||||||||||||||||||||||||||||||||||||||   ] 96% [|||||||||||||||||||||||||||||||||||||||||||||||||||||||||   ] 97% [||||||||||||||||||||||||||||||||||||||||||||||||||||||||||  ] 98% [||||||||||||||||||||||||||||||||||||||||||||||||||||||||||  ] 99% [||||||||||||||||||||||||||||||||||||||||||||||||||||||||||| ]
HBM BW, GPU ID: 0, workgroupSize:256, workgroups:6225920, experiments:100, traffic:25501368320 bytes, duration:6.0 ms, mean:4225.7 GB/sec, stdev=11.8 GB/sec
  0% [                                                            ]  1% [                                                            ]  2% [|                                                           ]  3% [|                                                           ]  4% [||                                                          ]  5% [|||                                                         ]  6% [|||                                                         ]  7% [||||                                                        ]  8% [||||                                                        ]  9% [|||||                                                       ] 10% [||||||                                                      ] 11% [||||||                                                      ] 12% [|||||||                                                     ] 13% [|||||||                                                     ] 14% [||||||||                                                    ] 15% [|||||||||                                                   ] 16% [|||||||||                                                   ] 17% [||||||||||                                                  ] 18% [||||||||||                                                  ] 19% [|||||||||||                                                 ] 20% [||||||||||||                                                ] 21% [||||||||||||                                                ] 22% [|||||||||||||                                               ] 23% [|||||||||||||                                               ] 24% [||||||||||||||                                              ] 25% [|||||||||||||||                                             ] 26% [|||||||||||||||                                             ] 27% [||||||||||||||||                                            ] 28% [||||||||||||||||                                            ] 29% [|||||||||||||||||                                           ] 30% [||||||||||||||||||                                          ] 31% [||||||||||||||||||                                          ] 32% [|||||||||||||||||||                                         ] 33% [|||||||||||||||||||                                         ] 34% [||||||||||||||||||||                                        ] 35% [|||||||||||||||||||||                                       ] 36% [|||||||||||||||||||||                                       ] 37% [||||||||||||||||||||||                                      ] 38% [||||||||||||||||||||||                                      ] 39% [|||||||||||||||||||||||                                     ] 40% [||||||||||||||||||||||||                                    ] 41% [||||||||||||||||||||||||                                    ] 42% [|||||||||||||||||||||||||                                   ] 43% [|||||||||||||||||||||||||                                   ] 44% [||||||||||||||||||||||||||                                  ] 45% [|||||||||||||||||||||||||||                                 ] 46% [|||||||||||||||||||||||||||                                 ] 47% [||||||||||||||||||||||||||||                                ] 48% [||||||||||||||||||||||||||||                                ] 49% [|||||||||||||||||||||||||||||                               ] 50% [||||||||||||||||||||||||||||||                              ] 51% [||||||||||||||||||||||||||||||                              ] 52% [|||||||||||||||||||||||||||||||                             ] 52% [|||||||||||||||||||||||||||||||                             ] 54% [||||||||||||||||||||||||||||||||                            ] 55% [|||||||||||||||||||||||||||||||||                           ] 56% [|||||||||||||||||||||||||||||||||                           ] 57% [||||||||||||||||||||||||||||||||||                          ] 58% [||||||||||||||||||||||||||||||||||                          ] 58% [|||||||||||||||||||||||||||||||||||                         ] 60% [||||||||||||||||||||||||||||||||||||                        ] 61% [||||||||||||||||||||||||||||||||||||                        ] 62% [|||||||||||||||||||||||||||||||||||||                       ] 63% [|||||||||||||||||||||||||||||||||||||                       ] 64% [||||||||||||||||||||||||||||||||||||||                      ] 65% [|||||||||||||||||||||||||||||||||||||||                     ] 66% [|||||||||||||||||||||||||||||||||||||||                     ] 67% [||||||||||||||||||||||||||||||||||||||||                    ] 68% [||||||||||||||||||||||||||||||||||||||||                    ] 69% [|||||||||||||||||||||||||||||||||||||||||                   ] 70% [||||||||||||||||||||||||||||||||||||||||||                  ] 71% [||||||||||||||||||||||||||||||||||||||||||                  ] 72% [|||||||||||||||||||||||||||||||||||||||||||                 ] 73% [|||||||||||||||||||||||||||||||||||||||||||                 ] 74% [||||||||||||||||||||||||||||||||||||||||||||                ] 75% [|||||||||||||||||||||||||||||||||||||||||||||               ] 76% [|||||||||||||||||||||||||||||||||||||||||||||               ] 77% [||||||||||||||||||||||||||||||||||||||||||||||              ] 78% [||||||||||||||||||||||||||||||||||||||||||||||              ] 79% [|||||||||||||||||||||||||||||||||||||||||||||||             ] 80% [||||||||||||||||||||||||||||||||||||||||||||||||            ] 81% [||||||||||||||||||||||||||||||||||||||||||||||||            ] 82% [|||||||||||||||||||||||||||||||||||||||||||||||||           ] 83% [|||||||||||||||||||||||||||||||||||||||||||||||||           ] 84% [||||||||||||||||||||||||||||||||||||||||||||||||||          ] 85% [|||||||||||||||||||||||||||||||||||||||||||||||||||         ] 86% [|||||||||||||||||||||||||||||||||||||||||||||||||||         ] 87% [||||||||||||||||||||||||||||||||||||||||||||||||||||        ] 88% [||||||||||||||||||||||||||||||||||||||||||||||||||||        ] 89% [|||||||||||||||||||||||||||||||||||||||||||||||||||||       ] 90% [||||||||||||||||||||||||||||||||||||||||||||||||||||||      ] 91% [||||||||||||||||||||||||||||||||||||||||||||||||||||||      ] 92% [|||||||||||||||||||||||||||||||||||||||||||||||||||||||     ] 93% [|||||||||||||||||||||||||||||||||||||||||||||||||||||||     ] 94% [||||||||||||||||||||||||||||||||||||||||||||||||||||||||    ] 95% [|||||||||||||||||||||||||||||||||||||||||||||||||||||||||   ] 96% [|||||||||||||||||||||||||||||||||||||||||||||||||||||||||   ] 97% [||||||||||||||||||||||||||||||||||||||||||||||||||||||||||  ] 98% [||||||||||||||||||||||||||||||||||||||||||||||||||||||||||  ] 99% [||||||||||||||||||||||||||||||||||||||||||||||||||||||||||| ]
MALL BW, GPU ID: 0, workgroupSize:256, workgroups:38912, experiments:100, traffic:2611340115968 bytes, duration:424.2 ms, mean:6168.2 GB/sec, stdev=27.8 GB/sec
  0% [                                                            ]  1% [                                                            ]  2% [|                                                           ]  3% [|                                                           ]  4% [||                                                          ]  5% [|||                                                         ]  6% [|||                                                         ]  7% [||||                                                        ]  8% [||||                                                        ]  9% [|||||                                                       ] 10% [||||||                                                      ] 11% [||||||                                                      ] 12% [|||||||                                                     ] 13% [|||||||                                                     ] 14% [||||||||                                                    ] 15% [|||||||||                                                   ] 16% [|||||||||                                                   ] 17% [||||||||||                                                  ] 18% [||||||||||                                                  ] 19% [|||||||||||                                                 ] 20% [||||||||||||                                                ] 21% [||||||||||||                                                ] 22% [|||||||||||||                                               ] 23% [|||||||||||||                                               ] 24% [||||||||||||||                                              ] 25% [|||||||||||||||                                             ] 26% [|||||||||||||||                                             ] 27% [||||||||||||||||                                            ] 28% [||||||||||||||||                                            ] 29% [|||||||||||||||||                                           ] 30% [||||||||||||||||||                                          ] 31% [||||||||||||||||||                                          ] 32% [|||||||||||||||||||                                         ] 33% [|||||||||||||||||||                                         ] 34% [||||||||||||||||||||                                        ] 35% [|||||||||||||||||||||                                       ] 36% [|||||||||||||||||||||                                       ] 37% [||||||||||||||||||||||                                      ] 38% [||||||||||||||||||||||                                      ] 39% [|||||||||||||||||||||||                                     ] 40% [||||||||||||||||||||||||                                    ] 41% [||||||||||||||||||||||||                                    ] 42% [|||||||||||||||||||||||||                                   ] 43% [|||||||||||||||||||||||||                                   ] 44% [||||||||||||||||||||||||||                                  ] 45% [|||||||||||||||||||||||||||                                 ] 46% [|||||||||||||||||||||||||||                                 ] 47% [||||||||||||||||||||||||||||                                ] 48% [||||||||||||||||||||||||||||                                ] 49% [|||||||||||||||||||||||||||||                               ] 50% [||||||||||||||||||||||||||||||                              ] 51% [||||||||||||||||||||||||||||||                              ] 52% [|||||||||||||||||||||||||||||||                             ] 52% [|||||||||||||||||||||||||||||||                             ] 54% [||||||||||||||||||||||||||||||||                            ] 55% [|||||||||||||||||||||||||||||||||                           ] 56% [|||||||||||||||||||||||||||||||||                           ] 57% [||||||||||||||||||||||||||||||||||                          ] 58% [||||||||||||||||||||||||||||||||||                          ] 58% [|||||||||||||||||||||||||||||||||||                         ] 60% [||||||||||||||||||||||||||||||||||||                        ] 61% [||||||||||||||||||||||||||||||||||||                        ] 62% [|||||||||||||||||||||||||||||||||||||                       ] 63% [|||||||||||||||||||||||||||||||||||||                       ] 64% [||||||||||||||||||||||||||||||||||||||                      ] 65% [|||||||||||||||||||||||||||||||||||||||                     ] 66% [|||||||||||||||||||||||||||||||||||||||                     ] 67% [||||||||||||||||||||||||||||||||||||||||                    ] 68% [||||||||||||||||||||||||||||||||||||||||                    ] 69% [|||||||||||||||||||||||||||||||||||||||||                   ] 70% [||||||||||||||||||||||||||||||||||||||||||                  ] 71% [||||||||||||||||||||||||||||||||||||||||||                  ] 72% [|||||||||||||||||||||||||||||||||||||||||||                 ] 73% [|||||||||||||||||||||||||||||||||||||||||||                 ] 74% [||||||||||||||||||||||||||||||||||||||||||||                ] 75% [|||||||||||||||||||||||||||||||||||||||||||||               ] 76% [|||||||||||||||||||||||||||||||||||||||||||||               ] 77% [||||||||||||||||||||||||||||||||||||||||||||||              ] 78% [||||||||||||||||||||||||||||||||||||||||||||||              ] 79% [|||||||||||||||||||||||||||||||||||||||||||||||             ] 80% [||||||||||||||||||||||||||||||||||||||||||||||||            ] 81% [||||||||||||||||||||||||||||||||||||||||||||||||            ] 82% [|||||||||||||||||||||||||||||||||||||||||||||||||           ] 83% [|||||||||||||||||||||||||||||||||||||||||||||||||           ] 84% [||||||||||||||||||||||||||||||||||||||||||||||||||          ] 85% [|||||||||||||||||||||||||||||||||||||||||||||||||||         ] 86% [|||||||||||||||||||||||||||||||||||||||||||||||||||         ] 87% [||||||||||||||||||||||||||||||||||||||||||||||||||||        ] 88% [||||||||||||||||||||||||||||||||||||||||||||||||||||        ] 89% [|||||||||||||||||||||||||||||||||||||||||||||||||||||       ] 90% [||||||||||||||||||||||||||||||||||||||||||||||||||||||      ] 91% [||||||||||||||||||||||||||||||||||||||||||||||||||||||      ] 92% [|||||||||||||||||||||||||||||||||||||||||||||||||||||||     ] 93% [|||||||||||||||||||||||||||||||||||||||||||||||||||||||     ] 94% [||||||||||||||||||||||||||||||||||||||||||||||||||||||||    ] 95% [|||||||||||||||||||||||||||||||||||||||||||||||||||||||||   ] 96% [|||||||||||||||||||||||||||||||||||||||||||||||||||||||||   ] 97% [||||||||||||||||||||||||||||||||||||||||||||||||||||||||||  ] 98% [||||||||||||||||||||||||||||||||||||||||||||||||||||||||||  ] 99% [||||||||||||||||||||||||||||||||||||||||||||||||||||||||||| ]
L2 BW, GPU ID: 0, workgroupSize:256, workgroups:38912, experiments:100, traffic:1632087572480 bytes, duration:63.3 ms, mean:25829.7 GB/sec, stdev=46.5 GB/sec
  0% [                                                            ]  1% [                                                            ]  2% [|                                                           ]  3% [|                                                           ]  4% [||                                                          ]  5% [|||                                                         ]  6% [|||                                                         ]  7% [||||                                                        ]  8% [||||                                                        ]  9% [|||||                                                       ] 10% [||||||                                                      ] 11% [||||||                                                      ] 12% [|||||||                                                     ] 13% [|||||||                                                     ] 14% [||||||||                                                    ] 15% [|||||||||                                                   ] 16% [|||||||||                                                   ] 17% [||||||||||                                                  ] 18% [||||||||||                                                  ] 19% [|||||||||||                                                 ] 20% [||||||||||||                                                ] 21% [||||||||||||                                                ] 22% [|||||||||||||                                               ] 23% [|||||||||||||                                               ] 24% [||||||||||||||                                              ] 25% [|||||||||||||||                                             ] 26% [|||||||||||||||                                             ] 27% [||||||||||||||||                                            ] 28% [||||||||||||||||                                            ] 29% [|||||||||||||||||                                           ] 30% [||||||||||||||||||                                          ] 31% [||||||||||||||||||                                          ] 32% [|||||||||||||||||||                                         ] 33% [|||||||||||||||||||                                         ] 34% [||||||||||||||||||||                                        ] 35% [|||||||||||||||||||||                                       ] 36% [|||||||||||||||||||||                                       ] 37% [||||||||||||||||||||||                                      ] 38% [||||||||||||||||||||||                                      ] 39% [|||||||||||||||||||||||                                     ] 40% [||||||||||||||||||||||||                                    ] 41% [||||||||||||||||||||||||                                    ] 42% [|||||||||||||||||||||||||                                   ] 43% [|||||||||||||||||||||||||                                   ] 44% [||||||||||||||||||||||||||                                  ] 45% [|||||||||||||||||||||||||||                                 ] 46% [|||||||||||||||||||||||||||                                 ] 47% [||||||||||||||||||||||||||||                                ] 48% [||||||||||||||||||||||||||||                                ] 49% [|||||||||||||||||||||||||||||                               ] 50% [||||||||||||||||||||||||||||||                              ] 51% [||||||||||||||||||||||||||||||                              ] 52% [|||||||||||||||||||||||||||||||                             ] 52% [|||||||||||||||||||||||||||||||                             ] 54% [||||||||||||||||||||||||||||||||                            ] 55% [|||||||||||||||||||||||||||||||||                           ] 56% [|||||||||||||||||||||||||||||||||                           ] 57% [||||||||||||||||||||||||||||||||||                          ] 58% [||||||||||||||||||||||||||||||||||                          ] 58% [|||||||||||||||||||||||||||||||||||                         ] 60% [||||||||||||||||||||||||||||||||||||                        ] 61% [||||||||||||||||||||||||||||||||||||                        ] 62% [|||||||||||||||||||||||||||||||||||||                       ] 63% [|||||||||||||||||||||||||||||||||||||                       ] 64% [||||||||||||||||||||||||||||||||||||||                      ] 65% [|||||||||||||||||||||||||||||||||||||||                     ] 66% [|||||||||||||||||||||||||||||||||||||||                     ] 67% [||||||||||||||||||||||||||||||||||||||||                    ] 68% [||||||||||||||||||||||||||||||||||||||||                    ] 69% [|||||||||||||||||||||||||||||||||||||||||                   ] 70% [||||||||||||||||||||||||||||||||||||||||||                  ] 71% [||||||||||||||||||||||||||||||||||||||||||                  ] 72% [|||||||||||||||||||||||||||||||||||||||||||                 ] 73% [|||||||||||||||||||||||||||||||||||||||||||                 ] 74% [||||||||||||||||||||||||||||||||||||||||||||                ] 75% [|||||||||||||||||||||||||||||||||||||||||||||               ] 76% [|||||||||||||||||||||||||||||||||||||||||||||               ] 77% [||||||||||||||||||||||||||||||||||||||||||||||              ] 78% [||||||||||||||||||||||||||||||||||||||||||||||              ] 79% [|||||||||||||||||||||||||||||||||||||||||||||||             ] 80% [||||||||||||||||||||||||||||||||||||||||||||||||            ] 81% [||||||||||||||||||||||||||||||||||||||||||||||||            ] 82% [|||||||||||||||||||||||||||||||||||||||||||||||||           ] 83% [|||||||||||||||||||||||||||||||||||||||||||||||||           ] 84% [||||||||||||||||||||||||||||||||||||||||||||||||||          ] 85% [|||||||||||||||||||||||||||||||||||||||||||||||||||         ] 86% [|||||||||||||||||||||||||||||||||||||||||||||||||||         ] 87% [||||||||||||||||||||||||||||||||||||||||||||||||||||        ] 88% [||||||||||||||||||||||||||||||||||||||||||||||||||||        ] 89% [|||||||||||||||||||||||||||||||||||||||||||||||||||||       ] 90% [||||||||||||||||||||||||||||||||||||||||||||||||||||||      ] 91% [||||||||||||||||||||||||||||||||||||||||||||||||||||||      ] 92% [|||||||||||||||||||||||||||||||||||||||||||||||||||||||     ] 93% [|||||||||||||||||||||||||||||||||||||||||||||||||||||||     ] 94% [||||||||||||||||||||||||||||||||||||||||||||||||||||||||    ] 95% [|||||||||||||||||||||||||||||||||||||||||||||||||||||||||   ] 96% [|||||||||||||||||||||||||||||||||||||||||||||||||||||||||   ] 97% [||||||||||||||||||||||||||||||||||||||||||||||||||||||||||  ] 98% [||||||||||||||||||||||||||||||||||||||||||||||||||||||||||  ] 99% [||||||||||||||||||||||||||||||||||||||||||||||||||||||||||| ]
L1 BW, GPU ID: 0, workgroupSize:256, workgroups:38912, experiments:100, traffic:127506841600 bytes, duration:3.9 ms, mean:32702.6 GB/sec, stdev=226.7 GB/sec
  0% [                                                            ]  1% [                                                            ]  2% [|                                                           ]  3% [|                                                           ]  4% [||                                                          ]  5% [|||                                                         ]  6% [|||                                                         ]  7% [||||                                                        ]  8% [||||                                                        ]  9% [|||||                                                       ] 10% [||||||                                                      ] 11% [||||||                                                      ] 12% [|||||||                                                     ] 13% [|||||||                                                     ] 14% [||||||||                                                    ] 15% [|||||||||                                                   ] 16% [|||||||||                                                   ] 17% [||||||||||                                                  ] 18% [||||||||||                                                  ] 19% [|||||||||||                                                 ] 20% [||||||||||||                                                ] 21% [||||||||||||                                                ] 22% [|||||||||||||                                               ] 23% [|||||||||||||                                               ] 24% [||||||||||||||                                              ] 25% [|||||||||||||||                                             ] 26% [|||||||||||||||                                             ] 27% [||||||||||||||||                                            ] 28% [||||||||||||||||                                            ] 29% [|||||||||||||||||                                           ] 30% [||||||||||||||||||                                          ] 31% [||||||||||||||||||                                          ] 32% [|||||||||||||||||||                                         ] 33% [|||||||||||||||||||                                         ] 34% [||||||||||||||||||||                                        ] 35% [|||||||||||||||||||||                                       ] 36% [|||||||||||||||||||||                                       ] 37% [||||||||||||||||||||||                                      ] 38% [||||||||||||||||||||||                                      ] 39% [|||||||||||||||||||||||                                     ] 40% [||||||||||||||||||||||||                                    ] 41% [||||||||||||||||||||||||                                    ] 42% [|||||||||||||||||||||||||                                   ] 43% [|||||||||||||||||||||||||                                   ] 44% [||||||||||||||||||||||||||                                  ] 45% [|||||||||||||||||||||||||||                                 ] 46% [|||||||||||||||||||||||||||                                 ] 47% [||||||||||||||||||||||||||||                                ] 48% [||||||||||||||||||||||||||||                                ] 49% [|||||||||||||||||||||||||||||                               ] 50% [||||||||||||||||||||||||||||||                              ] 51% [||||||||||||||||||||||||||||||                              ] 52% [|||||||||||||||||||||||||||||||                             ] 52% [|||||||||||||||||||||||||||||||                             ] 54% [||||||||||||||||||||||||||||||||                            ] 55% [|||||||||||||||||||||||||||||||||                           ] 56% [|||||||||||||||||||||||||||||||||                           ] 57% [||||||||||||||||||||||||||||||||||                          ] 58% [||||||||||||||||||||||||||||||||||                          ] 58% [|||||||||||||||||||||||||||||||||||                         ] 60% [||||||||||||||||||||||||||||||||||||                        ] 61% [||||||||||||||||||||||||||||||||||||                        ] 62% [|||||||||||||||||||||||||||||||||||||                       ] 63% [|||||||||||||||||||||||||||||||||||||                       ] 64% [||||||||||||||||||||||||||||||||||||||                      ] 65% [|||||||||||||||||||||||||||||||||||||||                     ] 66% [|||||||||||||||||||||||||||||||||||||||                     ] 67% [||||||||||||||||||||||||||||||||||||||||                    ] 68% [||||||||||||||||||||||||||||||||||||||||                    ] 69% [|||||||||||||||||||||||||||||||||||||||||                   ] 70% [||||||||||||||||||||||||||||||||||||||||||                  ] 71% [||||||||||||||||||||||||||||||||||||||||||                  ] 72% [|||||||||||||||||||||||||||||||||||||||||||                 ] 73% [|||||||||||||||||||||||||||||||||||||||||||                 ] 74% [||||||||||||||||||||||||||||||||||||||||||||                ] 75% [|||||||||||||||||||||||||||||||||||||||||||||               ] 76% [|||||||||||||||||||||||||||||||||||||||||||||               ] 77% [||||||||||||||||||||||||||||||||||||||||||||||              ] 78% [||||||||||||||||||||||||||||||||||||||||||||||              ] 79% [|||||||||||||||||||||||||||||||||||||||||||||||             ] 80% [||||||||||||||||||||||||||||||||||||||||||||||||            ] 81% [||||||||||||||||||||||||||||||||||||||||||||||||            ] 82% [|||||||||||||||||||||||||||||||||||||||||||||||||           ] 83% [|||||||||||||||||||||||||||||||||||||||||||||||||           ] 84% [||||||||||||||||||||||||||||||||||||||||||||||||||          ] 85% [|||||||||||||||||||||||||||||||||||||||||||||||||||         ] 86% [|||||||||||||||||||||||||||||||||||||||||||||||||||         ] 87% [||||||||||||||||||||||||||||||||||||||||||||||||||||        ] 88% [||||||||||||||||||||||||||||||||||||||||||||||||||||        ] 89% [|||||||||||||||||||||||||||||||||||||||||||||||||||||       ] 90% [||||||||||||||||||||||||||||||||||||||||||||||||||||||      ] 91% [||||||||||||||||||||||||||||||||||||||||||||||||||||||      ] 92% [|||||||||||||||||||||||||||||||||||||||||||||||||||||||     ] 93% [|||||||||||||||||||||||||||||||||||||||||||||||||||||||     ] 94% [||||||||||||||||||||||||||||||||||||||||||||||||||||||||    ] 95% [|||||||||||||||||||||||||||||||||||||||||||||||||||||||||   ] 96% [|||||||||||||||||||||||||||||||||||||||||||||||||||||||||   ] 97% [||||||||||||||||||||||||||||||||||||||||||||||||||||||||||  ] 98% [||||||||||||||||||||||||||||||||||||||||||||||||||||||||||  ] 99% [||||||||||||||||||||||||||||||||||||||||||||||||||||||||||| ]
LDS BW, GPU ID: 0, workgroupSize:256, workgroups:38912, experiments:100, traffic:79691776000 bytes, duration:1.2 ms, mean:65213.6 GB/sec, stdev=254.2 GB/sec
  0% [                                                            ]  1% [                                                            ]  2% [|                                                           ]  3% [|                                                           ]  4% [||                                                          ]  5% [|||                                                         ]  6% [|||                                                         ]  7% [||||                                                        ]  8% [||||                                                        ]  9% [|||||                                                       ] 10% [||||||                                                      ] 11% [||||||                                                      ] 12% [|||||||                                                     ] 13% [|||||||                                                     ] 14% [||||||||                                                    ] 15% [|||||||||                                                   ] 16% [|||||||||                                                   ] 17% [||||||||||                                                  ] 18% [||||||||||                                                  ] 19% [|||||||||||                                                 ] 20% [||||||||||||                                                ] 21% [||||||||||||                                                ] 22% [|||||||||||||                                               ] 23% [|||||||||||||                                               ] 24% [||||||||||||||                                              ] 25% [|||||||||||||||                                             ] 26% [|||||||||||||||                                             ] 27% [||||||||||||||||                                            ] 28% [||||||||||||||||                                            ] 29% [|||||||||||||||||                                           ] 30% [||||||||||||||||||                                          ] 31% [||||||||||||||||||                                          ] 32% [|||||||||||||||||||                                         ] 33% [|||||||||||||||||||                                         ] 34% [||||||||||||||||||||                                        ] 35% [|||||||||||||||||||||                                       ] 36% [|||||||||||||||||||||                                       ] 37% [||||||||||||||||||||||                                      ] 38% [||||||||||||||||||||||                                      ] 39% [|||||||||||||||||||||||                                     ] 40% [||||||||||||||||||||||||                                    ] 41% [||||||||||||||||||||||||                                    ] 42% [|||||||||||||||||||||||||                                   ] 43% [|||||||||||||||||||||||||                                   ] 44% [||||||||||||||||||||||||||                                  ] 45% [|||||||||||||||||||||||||||                                 ] 46% [|||||||||||||||||||||||||||                                 ] 47% [||||||||||||||||||||||||||||                                ] 48% [||||||||||||||||||||||||||||                                ] 49% [|||||||||||||||||||||||||||||                               ] 50% [||||||||||||||||||||||||||||||                              ] 51% [||||||||||||||||||||||||||||||                              ] 52% [|||||||||||||||||||||||||||||||                             ] 52% [|||||||||||||||||||||||||||||||                             ] 54% [||||||||||||||||||||||||||||||||                            ] 55% [|||||||||||||||||||||||||||||||||                           ] 56% [|||||||||||||||||||||||||||||||||                           ] 57% [||||||||||||||||||||||||||||||||||                          ] 58% [||||||||||||||||||||||||||||||||||                          ] 58% [|||||||||||||||||||||||||||||||||||                         ] 60% [||||||||||||||||||||||||||||||||||||                        ] 61% [||||||||||||||||||||||||||||||||||||                        ] 62% [|||||||||||||||||||||||||||||||||||||                       ] 63% [|||||||||||||||||||||||||||||||||||||                       ] 64% [||||||||||||||||||||||||||||||||||||||                      ] 65% [|||||||||||||||||||||||||||||||||||||||                     ] 66% [|||||||||||||||||||||||||||||||||||||||                     ] 67% [||||||||||||||||||||||||||||||||||||||||                    ] 68% [||||||||||||||||||||||||||||||||||||||||                    ] 69% [|||||||||||||||||||||||||||||||||||||||||                   ] 70% [||||||||||||||||||||||||||||||||||||||||||                  ] 71% [||||||||||||||||||||||||||||||||||||||||||                  ] 72% [|||||||||||||||||||||||||||||||||||||||||||                 ] 73% [|||||||||||||||||||||||||||||||||||||||||||                 ] 74% [||||||||||||||||||||||||||||||||||||||||||||                ] 75% [|||||||||||||||||||||||||||||||||||||||||||||               ] 76% [|||||||||||||||||||||||||||||||||||||||||||||               ] 77% [||||||||||||||||||||||||||||||||||||||||||||||              ] 78% [||||||||||||||||||||||||||||||||||||||||||||||              ] 79% [|||||||||||||||||||||||||||||||||||||||||||||||             ] 80% [||||||||||||||||||||||||||||||||||||||||||||||||            ] 81% [||||||||||||||||||||||||||||||||||||||||||||||||            ] 82% [|||||||||||||||||||||||||||||||||||||||||||||||||           ] 83% [|||||||||||||||||||||||||||||||||||||||||||||||||           ] 84% [||||||||||||||||||||||||||||||||||||||||||||||||||          ] 85% [|||||||||||||||||||||||||||||||||||||||||||||||||||         ] 86% [|||||||||||||||||||||||||||||||||||||||||||||||||||         ] 87% [||||||||||||||||||||||||||||||||||||||||||||||||||||        ] 88% [||||||||||||||||||||||||||||||||||||||||||||||||||||        ] 89% [|||||||||||||||||||||||||||||||||||||||||||||||||||||       ] 90% [||||||||||||||||||||||||||||||||||||||||||||||||||||||      ] 91% [||||||||||||||||||||||||||||||||||||||||||||||||||||||      ] 92% [|||||||||||||||||||||||||||||||||||||||||||||||||||||||     ] 93% [|||||||||||||||||||||||||||||||||||||||||||||||||||||||     ] 94% [||||||||||||||||||||||||||||||||||||||||||||||||||||||||    ] 95% [|||||||||||||||||||||||||||||||||||||||||||||||||||||||||   ] 96% [|||||||||||||||||||||||||||||||||||||||||||||||||||||||||   ] 97% [||||||||||||||||||||||||||||||||||||||||||||||||||||||||||  ] 98% [||||||||||||||||||||||||||||||||||||||||||||||||||||||||||  ] 99% [||||||||||||||||||||||||||||||||||||||||||||||||||||||||||| ]
Peak FLOPs (FP8), GPU ID: 0, workgroupSize:256, workgroups:38912, experiments:100, FLOP:1081258016768, duration:13.1 ms, mean:82885.9 GFLOPS, stdev=101.2 GFLOPS
  0% [                                                            ]  1% [                                                            ]  2% [|                                                           ]  3% [|                                                           ]  4% [||                                                          ]  5% [|||                                                         ]  6% [|||                                                         ]  7% [||||                                                        ]  8% [||||                                                        ]  9% [|||||                                                       ] 10% [||||||                                                      ] 11% [||||||                                                      ] 12% [|||||||                                                     ] 13% [|||||||                                                     ] 14% [||||||||                                                    ] 15% [|||||||||                                                   ] 16% [|||||||||                                                   ] 17% [||||||||||                                                  ] 18% [||||||||||                                                  ] 19% [|||||||||||                                                 ] 20% [||||||||||||                                                ] 21% [||||||||||||                                                ] 22% [|||||||||||||                                               ] 23% [|||||||||||||                                               ] 24% [||||||||||||||                                              ] 25% [|||||||||||||||                                             ] 26% [|||||||||||||||                                             ] 27% [||||||||||||||||                                            ] 28% [||||||||||||||||                                            ] 29% [|||||||||||||||||                                           ] 30% [||||||||||||||||||                                          ] 31% [||||||||||||||||||                                          ] 32% [|||||||||||||||||||                                         ] 33% [|||||||||||||||||||                                         ] 34% [||||||||||||||||||||                                        ] 35% [|||||||||||||||||||||                                       ] 36% [|||||||||||||||||||||                                       ] 37% [||||||||||||||||||||||                                      ] 38% [||||||||||||||||||||||                                      ] 39% [|||||||||||||||||||||||                                     ] 40% [||||||||||||||||||||||||                                    ] 41% [||||||||||||||||||||||||                                    ] 42% [|||||||||||||||||||||||||                                   ] 43% [|||||||||||||||||||||||||                                   ] 44% [||||||||||||||||||||||||||                                  ] 45% [|||||||||||||||||||||||||||                                 ] 46% [|||||||||||||||||||||||||||                                 ] 47% [||||||||||||||||||||||||||||                                ] 48% [||||||||||||||||||||||||||||                                ] 49% [|||||||||||||||||||||||||||||                               ] 50% [||||||||||||||||||||||||||||||                              ] 51% [||||||||||||||||||||||||||||||                              ] 52% [|||||||||||||||||||||||||||||||                             ] 52% [|||||||||||||||||||||||||||||||                             ] 54% [||||||||||||||||||||||||||||||||                            ] 55% [|||||||||||||||||||||||||||||||||                           ] 56% [|||||||||||||||||||||||||||||||||                           ] 57% [||||||||||||||||||||||||||||||||||                          ] 58% [||||||||||||||||||||||||||||||||||                          ] 58% [|||||||||||||||||||||||||||||||||||                         ] 60% [||||||||||||||||||||||||||||||||||||                        ] 61% [||||||||||||||||||||||||||||||||||||                        ] 62% [|||||||||||||||||||||||||||||||||||||                       ] 63% [|||||||||||||||||||||||||||||||||||||                       ] 64% [||||||||||||||||||||||||||||||||||||||                      ] 65% [|||||||||||||||||||||||||||||||||||||||                     ] 66% [|||||||||||||||||||||||||||||||||||||||                     ] 67% [||||||||||||||||||||||||||||||||||||||||                    ] 68% [||||||||||||||||||||||||||||||||||||||||                    ] 69% [|||||||||||||||||||||||||||||||||||||||||                   ] 70% [||||||||||||||||||||||||||||||||||||||||||                  ] 71% [||||||||||||||||||||||||||||||||||||||||||                  ] 72% [|||||||||||||||||||||||||||||||||||||||||||                 ] 73% [|||||||||||||||||||||||||||||||||||||||||||                 ] 74% [||||||||||||||||||||||||||||||||||||||||||||                ] 75% [|||||||||||||||||||||||||||||||||||||||||||||               ] 76% [|||||||||||||||||||||||||||||||||||||||||||||               ] 77% [||||||||||||||||||||||||||||||||||||||||||||||              ] 78% [||||||||||||||||||||||||||||||||||||||||||||||              ] 79% [|||||||||||||||||||||||||||||||||||||||||||||||             ] 80% [||||||||||||||||||||||||||||||||||||||||||||||||            ] 81% [||||||||||||||||||||||||||||||||||||||||||||||||            ] 82% [|||||||||||||||||||||||||||||||||||||||||||||||||           ] 83% [|||||||||||||||||||||||||||||||||||||||||||||||||           ] 84% [||||||||||||||||||||||||||||||||||||||||||||||||||          ] 85% [|||||||||||||||||||||||||||||||||||||||||||||||||||         ] 86% [|||||||||||||||||||||||||||||||||||||||||||||||||||         ] 87% [||||||||||||||||||||||||||||||||||||||||||||||||||||        ] 88% [||||||||||||||||||||||||||||||||||||||||||||||||||||        ] 89% [|||||||||||||||||||||||||||||||||||||||||||||||||||||       ] 90% [||||||||||||||||||||||||||||||||||||||||||||||||||||||      ] 91% [||||||||||||||||||||||||||||||||||||||||||||||||||||||      ] 92% [|||||||||||||||||||||||||||||||||||||||||||||||||||||||     ] 93% [|||||||||||||||||||||||||||||||||||||||||||||||||||||||     ] 94% [||||||||||||||||||||||||||||||||||||||||||||||||||||||||    ] 95% [|||||||||||||||||||||||||||||||||||||||||||||||||||||||||   ] 96% [|||||||||||||||||||||||||||||||||||||||||||||||||||||||||   ] 97% [||||||||||||||||||||||||||||||||||||||||||||||||||||||||||  ] 98% [||||||||||||||||||||||||||||||||||||||||||||||||||||||||||  ] 99% [||||||||||||||||||||||||||||||||||||||||||||||||||||||||||| ]
Peak FLOPs (FP16), GPU ID: 0, workgroupSize:256, workgroups:38912, experiments:100, FLOP:530428461056, duration:13.5 ms, mean:39351.2 GFLOPS, stdev=39.3 GFLOPS
  0% [                                                            ]  1% [                                                            ]  2% [|                                                           ]  3% [|                                                           ]  4% [||                                                          ]  5% [|||                                                         ]  6% [|||                                                         ]  7% [||||                                                        ]  8% [||||                                                        ]  9% [|||||                                                       ] 10% [||||||                                                      ] 11% [||||||                                                      ] 12% [|||||||                                                     ] 13% [|||||||                                                     ] 14% [||||||||                                                    ] 15% [|||||||||                                                   ] 16% [|||||||||                                                   ] 17% [||||||||||                                                  ] 18% [||||||||||                                                  ] 19% [|||||||||||                                                 ] 20% [||||||||||||                                                ] 21% [||||||||||||                                                ] 22% [|||||||||||||                                               ] 23% [|||||||||||||                                               ] 24% [||||||||||||||                                              ] 25% [|||||||||||||||                                             ] 26% [|||||||||||||||                                             ] 27% [||||||||||||||||                                            ] 28% [||||||||||||||||                                            ] 29% [|||||||||||||||||                                           ] 30% [||||||||||||||||||                                          ] 31% [||||||||||||||||||                                          ] 32% [|||||||||||||||||||                                         ] 33% [|||||||||||||||||||                                         ] 34% [||||||||||||||||||||                                        ] 35% [|||||||||||||||||||||                                       ] 36% [|||||||||||||||||||||                                       ] 37% [||||||||||||||||||||||                                      ] 38% [||||||||||||||||||||||                                      ] 39% [|||||||||||||||||||||||                                     ] 40% [||||||||||||||||||||||||                                    ] 41% [||||||||||||||||||||||||                                    ] 42% [|||||||||||||||||||||||||                                   ] 43% [|||||||||||||||||||||||||                                   ] 44% [||||||||||||||||||||||||||                                  ] 45% [|||||||||||||||||||||||||||                                 ] 46% [|||||||||||||||||||||||||||                                 ] 47% [||||||||||||||||||||||||||||                                ] 48% [||||||||||||||||||||||||||||                                ] 49% [|||||||||||||||||||||||||||||                               ] 50% [||||||||||||||||||||||||||||||                              ] 51% [||||||||||||||||||||||||||||||                              ] 52% [|||||||||||||||||||||||||||||||                             ] 52% [|||||||||||||||||||||||||||||||                             ] 54% [||||||||||||||||||||||||||||||||                            ] 55% [|||||||||||||||||||||||||||||||||                           ] 56% [|||||||||||||||||||||||||||||||||                           ] 57% [||||||||||||||||||||||||||||||||||                          ] 58% [||||||||||||||||||||||||||||||||||                          ] 58% [|||||||||||||||||||||||||||||||||||                         ] 60% [||||||||||||||||||||||||||||||||||||                        ] 61% [||||||||||||||||||||||||||||||||||||                        ] 62% [|||||||||||||||||||||||||||||||||||||                       ] 63% [|||||||||||||||||||||||||||||||||||||                       ] 64% [||||||||||||||||||||||||||||||||||||||                      ] 65% [|||||||||||||||||||||||||||||||||||||||                     ] 66% [|||||||||||||||||||||||||||||||||||||||                     ] 67% [||||||||||||||||||||||||||||||||||||||||                    ] 68% [||||||||||||||||||||||||||||||||||||||||                    ] 69% [|||||||||||||||||||||||||||||||||||||||||                   ] 70% [||||||||||||||||||||||||||||||||||||||||||                  ] 71% [||||||||||||||||||||||||||||||||||||||||||                  ] 72% [|||||||||||||||||||||||||||||||||||||||||||                 ] 73% [|||||||||||||||||||||||||||||||||||||||||||                 ] 74% [||||||||||||||||||||||||||||||||||||||||||||                ] 75% [|||||||||||||||||||||||||||||||||||||||||||||               ] 76% [|||||||||||||||||||||||||||||||||||||||||||||               ] 77% [||||||||||||||||||||||||||||||||||||||||||||||              ] 78% [||||||||||||||||||||||||||||||||||||||||||||||              ] 79% [|||||||||||||||||||||||||||||||||||||||||||||||             ] 80% [||||||||||||||||||||||||||||||||||||||||||||||||            ] 81% [||||||||||||||||||||||||||||||||||||||||||||||||            ] 82% [|||||||||||||||||||||||||||||||||||||||||||||||||           ] 83% [|||||||||||||||||||||||||||||||||||||||||||||||||           ] 84% [||||||||||||||||||||||||||||||||||||||||||||||||||          ] 85% [|||||||||||||||||||||||||||||||||||||||||||||||||||         ] 86% [|||||||||||||||||||||||||||||||||||||||||||||||||||         ] 87% [||||||||||||||||||||||||||||||||||||||||||||||||||||        ] 88% [||||||||||||||||||||||||||||||||||||||||||||||||||||        ] 89% [|||||||||||||||||||||||||||||||||||||||||||||||||||||       ] 90% [||||||||||||||||||||||||||||||||||||||||||||||||||||||      ] 91% [||||||||||||||||||||||||||||||||||||||||||||||||||||||      ] 92% [|||||||||||||||||||||||||||||||||||||||||||||||||||||||     ] 93% [|||||||||||||||||||||||||||||||||||||||||||||||||||||||     ] 94% [||||||||||||||||||||||||||||||||||||||||||||||||||||||||    ] 95% [|||||||||||||||||||||||||||||||||||||||||||||||||||||||||   ] 96% [|||||||||||||||||||||||||||||||||||||||||||||||||||||||||   ] 97% [||||||||||||||||||||||||||||||||||||||||||||||||||||||||||  ] 98% [||||||||||||||||||||||||||||||||||||||||||||||||||||||||||  ] 99% [||||||||||||||||||||||||||||||||||||||||||||||||||||||||||| ]
Peak FLOPs (BF16), GPU ID: 0, workgroupSize:256, workgroups:38912, experiments:100, FLOP:530428461056, duration:95.707 ms, mean:5549.7 GFLOPS, stdev=10.2 GFLOPS
  0% [                                                            ]  1% [                                                            ]  2% [|                                                           ]  3% [|                                                           ]  4% [||                                                          ]  5% [|||                                                         ]  6% [|||                                                         ]  7% [||||                                                        ]  8% [||||                                                        ]  9% [|||||                                                       ] 10% [||||||                                                      ] 11% [||||||                                                      ] 12% [|||||||                                                     ] 13% [|||||||                                                     ] 14% [||||||||                                                    ] 15% [|||||||||                                                   ] 16% [|||||||||                                                   ] 17% [||||||||||                                                  ] 18% [||||||||||                                                  ] 19% [|||||||||||                                                 ] 20% [||||||||||||                                                ] 21% [||||||||||||                                                ] 22% [|||||||||||||                                               ] 23% [|||||||||||||                                               ] 24% [||||||||||||||                                              ] 25% [|||||||||||||||                                             ] 26% [|||||||||||||||                                             ] 27% [||||||||||||||||                                            ] 28% [||||||||||||||||                                            ] 29% [|||||||||||||||||                                           ] 30% [||||||||||||||||||                                          ] 31% [||||||||||||||||||                                          ] 32% [|||||||||||||||||||                                         ] 33% [|||||||||||||||||||                                         ] 34% [||||||||||||||||||||                                        ] 35% [|||||||||||||||||||||                                       ] 36% [|||||||||||||||||||||                                       ] 37% [||||||||||||||||||||||                                      ] 38% [||||||||||||||||||||||                                      ] 39% [|||||||||||||||||||||||                                     ] 40% [||||||||||||||||||||||||                                    ] 41% [||||||||||||||||||||||||                                    ] 42% [|||||||||||||||||||||||||                                   ] 43% [|||||||||||||||||||||||||                                   ] 44% [||||||||||||||||||||||||||                                  ] 45% [|||||||||||||||||||||||||||                                 ] 46% [|||||||||||||||||||||||||||                                 ] 47% [||||||||||||||||||||||||||||                                ] 48% [||||||||||||||||||||||||||||                                ] 49% [|||||||||||||||||||||||||||||                               ] 50% [||||||||||||||||||||||||||||||                              ] 51% [||||||||||||||||||||||||||||||                              ] 52% [|||||||||||||||||||||||||||||||                             ] 52% [|||||||||||||||||||||||||||||||                             ] 54% [||||||||||||||||||||||||||||||||                            ] 55% [|||||||||||||||||||||||||||||||||                           ] 56% [|||||||||||||||||||||||||||||||||                           ] 57% [||||||||||||||||||||||||||||||||||                          ] 58% [||||||||||||||||||||||||||||||||||                          ] 58% [|||||||||||||||||||||||||||||||||||                         ] 60% [||||||||||||||||||||||||||||||||||||                        ] 61% [||||||||||||||||||||||||||||||||||||                        ] 62% [|||||||||||||||||||||||||||||||||||||                       ] 63% [|||||||||||||||||||||||||||||||||||||                       ] 64% [||||||||||||||||||||||||||||||||||||||                      ] 65% [|||||||||||||||||||||||||||||||||||||||                     ] 66% [|||||||||||||||||||||||||||||||||||||||                     ] 67% [||||||||||||||||||||||||||||||||||||||||                    ] 68% [||||||||||||||||||||||||||||||||||||||||                    ] 69% [|||||||||||||||||||||||||||||||||||||||||                   ] 70% [||||||||||||||||||||||||||||||||||||||||||                  ] 71% [||||||||||||||||||||||||||||||||||||||||||                  ] 72% [|||||||||||||||||||||||||||||||||||||||||||                 ] 73% [|||||||||||||||||||||||||||||||||||||||||||                 ] 74% [||||||||||||||||||||||||||||||||||||||||||||                ] 75% [|||||||||||||||||||||||||||||||||||||||||||||               ] 76% [|||||||||||||||||||||||||||||||||||||||||||||               ] 77% [||||||||||||||||||||||||||||||||||||||||||||||              ] 78% [||||||||||||||||||||||||||||||||||||||||||||||              ] 79% [|||||||||||||||||||||||||||||||||||||||||||||||             ] 80% [||||||||||||||||||||||||||||||||||||||||||||||||            ] 81% [||||||||||||||||||||||||||||||||||||||||||||||||            ] 82% [|||||||||||||||||||||||||||||||||||||||||||||||||           ] 83% [|||||||||||||||||||||||||||||||||||||||||||||||||           ] 84% [||||||||||||||||||||||||||||||||||||||||||||||||||          ] 85% [|||||||||||||||||||||||||||||||||||||||||||||||||||         ] 86% [|||||||||||||||||||||||||||||||||||||||||||||||||||         ] 87% [||||||||||||||||||||||||||||||||||||||||||||||||||||        ] 88% [||||||||||||||||||||||||||||||||||||||||||||||||||||        ] 89% [|||||||||||||||||||||||||||||||||||||||||||||||||||||       ] 90% [||||||||||||||||||||||||||||||||||||||||||||||||||||||      ] 91% [||||||||||||||||||||||||||||||||||||||||||||||||||||||      ] 92% [|||||||||||||||||||||||||||||||||||||||||||||||||||||||     ] 93% [|||||||||||||||||||||||||||||||||||||||||||||||||||||||     ] 94% [||||||||||||||||||||||||||||||||||||||||||||||||||||||||    ] 95% [|||||||||||||||||||||||||||||||||||||||||||||||||||||||||   ] 96% [|||||||||||||||||||||||||||||||||||||||||||||||||||||||||   ] 97% [||||||||||||||||||||||||||||||||||||||||||||||||||||||||||  ] 98% [||||||||||||||||||||||||||||||||||||||||||||||||||||||||||  ] 99% [||||||||||||||||||||||||||||||||||||||||||||||||||||||||||| ]
Peak FLOPs (FP32), GPU ID: 0, workgroupSize:256, workgroups:38912, experiments:100, FLOP:265214230528, duration:2.067 ms, mean:128828.2 GFLOPS, stdev=1571.5 GFLOPS
  0% [                                                            ]  1% [                                                            ]  2% [|                                                           ]  3% [|                                                           ]  4% [||                                                          ]  5% [|||                                                         ]  6% [|||                                                         ]  7% [||||                                                        ]  8% [||||                                                        ]  9% [|||||                                                       ] 10% [||||||                                                      ] 11% [||||||                                                      ] 12% [|||||||                                                     ] 13% [|||||||                                                     ] 14% [||||||||                                                    ] 15% [|||||||||                                                   ] 16% [|||||||||                                                   ] 17% [||||||||||                                                  ] 18% [||||||||||                                                  ] 19% [|||||||||||                                                 ] 20% [||||||||||||                                                ] 21% [||||||||||||                                                ] 22% [|||||||||||||                                               ] 23% [|||||||||||||                                               ] 24% [||||||||||||||                                              ] 25% [|||||||||||||||                                             ] 26% [|||||||||||||||                                             ] 27% [||||||||||||||||                                            ] 28% [||||||||||||||||                                            ] 29% [|||||||||||||||||                                           ] 30% [||||||||||||||||||                                          ] 31% [||||||||||||||||||                                          ] 32% [|||||||||||||||||||                                         ] 33% [|||||||||||||||||||                                         ] 34% [||||||||||||||||||||                                        ] 35% [|||||||||||||||||||||                                       ] 36% [|||||||||||||||||||||                                       ] 37% [||||||||||||||||||||||                                      ] 38% [||||||||||||||||||||||                                      ] 39% [|||||||||||||||||||||||                                     ] 40% [||||||||||||||||||||||||                                    ] 41% [||||||||||||||||||||||||                                    ] 42% [|||||||||||||||||||||||||                                   ] 43% [|||||||||||||||||||||||||                                   ] 44% [||||||||||||||||||||||||||                                  ] 45% [|||||||||||||||||||||||||||                                 ] 46% [|||||||||||||||||||||||||||                                 ] 47% [||||||||||||||||||||||||||||                                ] 48% [||||||||||||||||||||||||||||                                ] 49% [|||||||||||||||||||||||||||||                               ] 50% [||||||||||||||||||||||||||||||                              ] 51% [||||||||||||||||||||||||||||||                              ] 52% [|||||||||||||||||||||||||||||||                             ] 52% [|||||||||||||||||||||||||||||||                             ] 54% [||||||||||||||||||||||||||||||||                            ] 55% [|||||||||||||||||||||||||||||||||                           ] 56% [|||||||||||||||||||||||||||||||||                           ] 57% [||||||||||||||||||||||||||||||||||                          ] 58% [||||||||||||||||||||||||||||||||||                          ] 58% [|||||||||||||||||||||||||||||||||||                         ] 60% [||||||||||||||||||||||||||||||||||||                        ] 61% [||||||||||||||||||||||||||||||||||||                        ] 62% [|||||||||||||||||||||||||||||||||||||                       ] 63% [|||||||||||||||||||||||||||||||||||||                       ] 64% [||||||||||||||||||||||||||||||||||||||                      ] 65% [|||||||||||||||||||||||||||||||||||||||                     ] 66% [|||||||||||||||||||||||||||||||||||||||                     ] 67% [||||||||||||||||||||||||||||||||||||||||                    ] 68% [||||||||||||||||||||||||||||||||||||||||                    ] 69% [|||||||||||||||||||||||||||||||||||||||||                   ] 70% [||||||||||||||||||||||||||||||||||||||||||                  ] 71% [||||||||||||||||||||||||||||||||||||||||||                  ] 72% [|||||||||||||||||||||||||||||||||||||||||||                 ] 73% [|||||||||||||||||||||||||||||||||||||||||||                 ] 74% [||||||||||||||||||||||||||||||||||||||||||||                ] 75% [|||||||||||||||||||||||||||||||||||||||||||||               ] 76% [|||||||||||||||||||||||||||||||||||||||||||||               ] 77% [||||||||||||||||||||||||||||||||||||||||||||||              ] 78% [||||||||||||||||||||||||||||||||||||||||||||||              ] 79% [|||||||||||||||||||||||||||||||||||||||||||||||             ] 80% [||||||||||||||||||||||||||||||||||||||||||||||||            ] 81% [||||||||||||||||||||||||||||||||||||||||||||||||            ] 82% [|||||||||||||||||||||||||||||||||||||||||||||||||           ] 83% [|||||||||||||||||||||||||||||||||||||||||||||||||           ] 84% [||||||||||||||||||||||||||||||||||||||||||||||||||          ] 85% [|||||||||||||||||||||||||||||||||||||||||||||||||||         ] 86% [|||||||||||||||||||||||||||||||||||||||||||||||||||         ] 87% [||||||||||||||||||||||||||||||||||||||||||||||||||||        ] 88% [||||||||||||||||||||||||||||||||||||||||||||||||||||        ] 89% [|||||||||||||||||||||||||||||||||||||||||||||||||||||       ] 90% [||||||||||||||||||||||||||||||||||||||||||||||||||||||      ] 91% [||||||||||||||||||||||||||||||||||||||||||||||||||||||      ] 92% [|||||||||||||||||||||||||||||||||||||||||||||||||||||||     ] 93% [|||||||||||||||||||||||||||||||||||||||||||||||||||||||     ] 94% [||||||||||||||||||||||||||||||||||||||||||||||||||||||||    ] 95% [|||||||||||||||||||||||||||||||||||||||||||||||||||||||||   ] 96% [|||||||||||||||||||||||||||||||||||||||||||||||||||||||||   ] 97% [||||||||||||||||||||||||||||||||||||||||||||||||||||||||||  ] 98% [||||||||||||||||||||||||||||||||||||||||||||||||||||||||||  ] 99% [||||||||||||||||||||||||||||||||||||||||||||||||||||||||||| ]
Peak FLOPs (FP64), GPU ID: 0, workgroupSize:256, workgroups:38912, experiments:100, FLOP:122406567936, duration:1.8 ms, mean:67739.9 GFLOPS, stdev=548.2 GFLOPS
  0% [                                                            ]  1% [                                                            ]  2% [|                                                           ]  3% [|                                                           ]  4% [||                                                          ]  5% [|||                                                         ]  6% [|||                                                         ]  7% [||||                                                        ]  8% [||||                                                        ]  9% [|||||                                                       ] 10% [||||||                                                      ] 11% [||||||                                                      ] 12% [|||||||                                                     ] 13% [|||||||                                                     ] 14% [||||||||                                                    ] 15% [|||||||||                                                   ] 16% [|||||||||                                                   ] 17% [||||||||||                                                  ] 18% [||||||||||                                                  ] 19% [|||||||||||                                                 ] 20% [||||||||||||                                                ] 21% [||||||||||||                                                ] 22% [|||||||||||||                                               ] 23% [|||||||||||||                                               ] 24% [||||||||||||||                                              ] 25% [|||||||||||||||                                             ] 26% [|||||||||||||||                                             ] 27% [||||||||||||||||                                            ] 28% [||||||||||||||||                                            ] 29% [|||||||||||||||||                                           ] 30% [||||||||||||||||||                                          ] 31% [||||||||||||||||||                                          ] 32% [|||||||||||||||||||                                         ] 33% [|||||||||||||||||||                                         ] 34% [||||||||||||||||||||                                        ] 35% [|||||||||||||||||||||                                       ] 36% [|||||||||||||||||||||                                       ] 37% [||||||||||||||||||||||                                      ] 38% [||||||||||||||||||||||                                      ] 39% [|||||||||||||||||||||||                                     ] 40% [||||||||||||||||||||||||                                    ] 41% [||||||||||||||||||||||||                                    ] 42% [|||||||||||||||||||||||||                                   ] 43% [|||||||||||||||||||||||||                                   ] 44% [||||||||||||||||||||||||||                                  ] 45% [|||||||||||||||||||||||||||                                 ] 46% [|||||||||||||||||||||||||||                                 ] 47% [||||||||||||||||||||||||||||                                ] 48% [||||||||||||||||||||||||||||                                ] 49% [|||||||||||||||||||||||||||||                               ] 50% [||||||||||||||||||||||||||||||                              ] 51% [||||||||||||||||||||||||||||||                              ] 52% [|||||||||||||||||||||||||||||||                             ] 52% [|||||||||||||||||||||||||||||||                             ] 54% [||||||||||||||||||||||||||||||||                            ] 55% [|||||||||||||||||||||||||||||||||                           ] 56% [|||||||||||||||||||||||||||||||||                           ] 57% [||||||||||||||||||||||||||||||||||                          ] 58% [||||||||||||||||||||||||||||||||||                          ] 58% [|||||||||||||||||||||||||||||||||||                         ] 60% [||||||||||||||||||||||||||||||||||||                        ] 61% [||||||||||||||||||||||||||||||||||||                        ] 62% [|||||||||||||||||||||||||||||||||||||                       ] 63% [|||||||||||||||||||||||||||||||||||||                       ] 64% [||||||||||||||||||||||||||||||||||||||                      ] 65% [|||||||||||||||||||||||||||||||||||||||                     ] 66% [|||||||||||||||||||||||||||||||||||||||                     ] 67% [||||||||||||||||||||||||||||||||||||||||                    ] 68% [||||||||||||||||||||||||||||||||||||||||                    ] 69% [|||||||||||||||||||||||||||||||||||||||||                   ] 70% [||||||||||||||||||||||||||||||||||||||||||                  ] 71% [||||||||||||||||||||||||||||||||||||||||||                  ] 72% [|||||||||||||||||||||||||||||||||||||||||||                 ] 73% [|||||||||||||||||||||||||||||||||||||||||||                 ] 74% [||||||||||||||||||||||||||||||||||||||||||||                ] 75% [|||||||||||||||||||||||||||||||||||||||||||||               ] 76% [|||||||||||||||||||||||||||||||||||||||||||||               ] 77% [||||||||||||||||||||||||||||||||||||||||||||||              ] 78% [||||||||||||||||||||||||||||||||||||||||||||||              ] 79% [|||||||||||||||||||||||||||||||||||||||||||||||             ] 80% [||||||||||||||||||||||||||||||||||||||||||||||||            ] 81% [||||||||||||||||||||||||||||||||||||||||||||||||            ] 82% [|||||||||||||||||||||||||||||||||||||||||||||||||           ] 83% [|||||||||||||||||||||||||||||||||||||||||||||||||           ] 84% [||||||||||||||||||||||||||||||||||||||||||||||||||          ] 85% [|||||||||||||||||||||||||||||||||||||||||||||||||||         ] 86% [|||||||||||||||||||||||||||||||||||||||||||||||||||         ] 87% [||||||||||||||||||||||||||||||||||||||||||||||||||||        ] 88% [||||||||||||||||||||||||||||||||||||||||||||||||||||        ] 89% [|||||||||||||||||||||||||||||||||||||||||||||||||||||       ] 90% [||||||||||||||||||||||||||||||||||||||||||||||||||||||      ] 91% [||||||||||||||||||||||||||||||||||||||||||||||||||||||      ] 92% [|||||||||||||||||||||||||||||||||||||||||||||||||||||||     ] 93% [|||||||||||||||||||||||||||||||||||||||||||||||||||||||     ] 94% [||||||||||||||||||||||||||||||||||||||||||||||||||||||||    ] 95% [|||||||||||||||||||||||||||||||||||||||||||||||||||||||||   ] 96% [|||||||||||||||||||||||||||||||||||||||||||||||||||||||||   ] 97% [||||||||||||||||||||||||||||||||||||||||||||||||||||||||||  ] 98% [||||||||||||||||||||||||||||||||||||||||||||||||||||||||||  ] 99% [||||||||||||||||||||||||||||||||||||||||||||||||||||||||||| ]
Peak IOPs (INT8), GPU ID: 0, workgroupSize:256, workgroups:38912, experiments:100, IOP:1081258016768, duration:13.2 ms, mean:81704.6 GOPS, stdev=134.7 GOPS
  0% [                                                            ]  1% [                                                            ]  2% [|                                                           ]  3% [|                                                           ]  4% [||                                                          ]  5% [|||                                                         ]  6% [|||                                                         ]  7% [||||                                                        ]  8% [||||                                                        ]  9% [|||||                                                       ] 10% [||||||                                                      ] 11% [||||||                                                      ] 12% [|||||||                                                     ] 13% [|||||||                                                     ] 14% [||||||||                                                    ] 15% [|||||||||                                                   ] 16% [|||||||||                                                   ] 17% [||||||||||                                                  ] 18% [||||||||||                                                  ] 19% [|||||||||||                                                 ] 20% [||||||||||||                                                ] 21% [||||||||||||                                                ] 22% [|||||||||||||                                               ] 23% [|||||||||||||                                               ] 24% [||||||||||||||                                              ] 25% [|||||||||||||||                                             ] 26% [|||||||||||||||                                             ] 27% [||||||||||||||||                                            ] 28% [||||||||||||||||                                            ] 29% [|||||||||||||||||                                           ] 30% [||||||||||||||||||                                          ] 31% [||||||||||||||||||                                          ] 32% [|||||||||||||||||||                                         ] 33% [|||||||||||||||||||                                         ] 34% [||||||||||||||||||||                                        ] 35% [|||||||||||||||||||||                                       ] 36% [|||||||||||||||||||||                                       ] 37% [||||||||||||||||||||||                                      ] 38% [||||||||||||||||||||||                                      ] 39% [|||||||||||||||||||||||                                     ] 40% [||||||||||||||||||||||||                                    ] 41% [||||||||||||||||||||||||                                    ] 42% [|||||||||||||||||||||||||                                   ] 43% [|||||||||||||||||||||||||                                   ] 44% [||||||||||||||||||||||||||                                  ] 45% [|||||||||||||||||||||||||||                                 ] 46% [|||||||||||||||||||||||||||                                 ] 47% [||||||||||||||||||||||||||||                                ] 48% [||||||||||||||||||||||||||||                                ] 49% [|||||||||||||||||||||||||||||                               ] 50% [||||||||||||||||||||||||||||||                              ] 51% [||||||||||||||||||||||||||||||                              ] 52% [|||||||||||||||||||||||||||||||                             ] 52% [|||||||||||||||||||||||||||||||                             ] 54% [||||||||||||||||||||||||||||||||                            ] 55% [|||||||||||||||||||||||||||||||||                           ] 56% [|||||||||||||||||||||||||||||||||                           ] 57% [||||||||||||||||||||||||||||||||||                          ] 58% [||||||||||||||||||||||||||||||||||                          ] 58% [|||||||||||||||||||||||||||||||||||                         ] 60% [||||||||||||||||||||||||||||||||||||                        ] 61% [||||||||||||||||||||||||||||||||||||                        ] 62% [|||||||||||||||||||||||||||||||||||||                       ] 63% [|||||||||||||||||||||||||||||||||||||                       ] 64% [||||||||||||||||||||||||||||||||||||||                      ] 65% [|||||||||||||||||||||||||||||||||||||||                     ] 66% [|||||||||||||||||||||||||||||||||||||||                     ] 67% [||||||||||||||||||||||||||||||||||||||||                    ] 68% [||||||||||||||||||||||||||||||||||||||||                    ] 69% [|||||||||||||||||||||||||||||||||||||||||                   ] 70% [||||||||||||||||||||||||||||||||||||||||||                  ] 71% [||||||||||||||||||||||||||||||||||||||||||                  ] 72% [|||||||||||||||||||||||||||||||||||||||||||                 ] 73% [|||||||||||||||||||||||||||||||||||||||||||                 ] 74% [||||||||||||||||||||||||||||||||||||||||||||                ] 75% [|||||||||||||||||||||||||||||||||||||||||||||               ] 76% [|||||||||||||||||||||||||||||||||||||||||||||               ] 77% [||||||||||||||||||||||||||||||||||||||||||||||              ] 78% [||||||||||||||||||||||||||||||||||||||||||||||              ] 79% [|||||||||||||||||||||||||||||||||||||||||||||||             ] 80% [||||||||||||||||||||||||||||||||||||||||||||||||            ] 81% [||||||||||||||||||||||||||||||||||||||||||||||||            ] 82% [|||||||||||||||||||||||||||||||||||||||||||||||||           ] 83% [|||||||||||||||||||||||||||||||||||||||||||||||||           ] 84% [||||||||||||||||||||||||||||||||||||||||||||||||||          ] 85% [|||||||||||||||||||||||||||||||||||||||||||||||||||         ] 86% [|||||||||||||||||||||||||||||||||||||||||||||||||||         ] 87% [||||||||||||||||||||||||||||||||||||||||||||||||||||        ] 88% [||||||||||||||||||||||||||||||||||||||||||||||||||||        ] 89% [|||||||||||||||||||||||||||||||||||||||||||||||||||||       ] 90% [||||||||||||||||||||||||||||||||||||||||||||||||||||||      ] 91% [||||||||||||||||||||||||||||||||||||||||||||||||||||||      ] 92% [|||||||||||||||||||||||||||||||||||||||||||||||||||||||     ] 93% [|||||||||||||||||||||||||||||||||||||||||||||||||||||||     ] 94% [||||||||||||||||||||||||||||||||||||||||||||||||||||||||    ] 95% [|||||||||||||||||||||||||||||||||||||||||||||||||||||||||   ] 96% [|||||||||||||||||||||||||||||||||||||||||||||||||||||||||   ] 97% [||||||||||||||||||||||||||||||||||||||||||||||||||||||||||  ] 98% [||||||||||||||||||||||||||||||||||||||||||||||||||||||||||  ] 99% [||||||||||||||||||||||||||||||||||||||||||||||||||||||||||| ]
Peak IOPs (INT32), GPU ID: 0, workgroupSize:256, workgroups:38912, experiments:100, IOP:265214230528, duration:3.8 ms, mean:70527.3 GOPS, stdev=547.4 GOPS
  0% [                                                            ]  1% [                                                            ]  2% [|                                                           ]  3% [|                                                           ]  4% [||                                                          ]  5% [|||                                                         ]  6% [|||                                                         ]  7% [||||                                                        ]  8% [||||                                                        ]  9% [|||||                                                       ] 10% [||||||                                                      ] 11% [||||||                                                      ] 12% [|||||||                                                     ] 13% [|||||||                                                     ] 14% [||||||||                                                    ] 15% [|||||||||                                                   ] 16% [|||||||||                                                   ] 17% [||||||||||                                                  ] 18% [||||||||||                                                  ] 19% [|||||||||||                                                 ] 20% [||||||||||||                                                ] 21% [||||||||||||                                                ] 22% [|||||||||||||                                               ] 23% [|||||||||||||                                               ] 24% [||||||||||||||                                              ] 25% [|||||||||||||||                                             ] 26% [|||||||||||||||                                             ] 27% [||||||||||||||||                                            ] 28% [||||||||||||||||                                            ] 29% [|||||||||||||||||                                           ] 30% [||||||||||||||||||                                          ] 31% [||||||||||||||||||                                          ] 32% [|||||||||||||||||||                                         ] 33% [|||||||||||||||||||                                         ] 34% [||||||||||||||||||||                                        ] 35% [|||||||||||||||||||||                                       ] 36% [|||||||||||||||||||||                                       ] 37% [||||||||||||||||||||||                                      ] 38% [||||||||||||||||||||||                                      ] 39% [|||||||||||||||||||||||                                     ] 40% [||||||||||||||||||||||||                                    ] 41% [||||||||||||||||||||||||                                    ] 42% [|||||||||||||||||||||||||                                   ] 43% [|||||||||||||||||||||||||                                   ] 44% [||||||||||||||||||||||||||                                  ] 45% [|||||||||||||||||||||||||||                                 ] 46% [|||||||||||||||||||||||||||                                 ] 47% [||||||||||||||||||||||||||||                                ] 48% [||||||||||||||||||||||||||||                                ] 49% [|||||||||||||||||||||||||||||                               ] 50% [||||||||||||||||||||||||||||||                              ] 51% [||||||||||||||||||||||||||||||                              ] 52% [|||||||||||||||||||||||||||||||                             ] 52% [|||||||||||||||||||||||||||||||                             ] 54% [||||||||||||||||||||||||||||||||                            ] 55% [|||||||||||||||||||||||||||||||||                           ] 56% [|||||||||||||||||||||||||||||||||                           ] 57% [||||||||||||||||||||||||||||||||||                          ] 58% [||||||||||||||||||||||||||||||||||                          ] 58% [|||||||||||||||||||||||||||||||||||                         ] 60% [||||||||||||||||||||||||||||||||||||                        ] 61% [||||||||||||||||||||||||||||||||||||                        ] 62% [|||||||||||||||||||||||||||||||||||||                       ] 63% [|||||||||||||||||||||||||||||||||||||                       ] 64% [||||||||||||||||||||||||||||||||||||||                      ] 65% [|||||||||||||||||||||||||||||||||||||||                     ] 66% [|||||||||||||||||||||||||||||||||||||||                     ] 67% [||||||||||||||||||||||||||||||||||||||||                    ] 68% [||||||||||||||||||||||||||||||||||||||||                    ] 69% [|||||||||||||||||||||||||||||||||||||||||                   ] 70% [||||||||||||||||||||||||||||||||||||||||||                  ] 71% [||||||||||||||||||||||||||||||||||||||||||                  ] 72% [|||||||||||||||||||||||||||||||||||||||||||                 ] 73% [|||||||||||||||||||||||||||||||||||||||||||                 ] 74% [||||||||||||||||||||||||||||||||||||||||||||                ] 75% [|||||||||||||||||||||||||||||||||||||||||||||               ] 76% [|||||||||||||||||||||||||||||||||||||||||||||               ] 77% [||||||||||||||||||||||||||||||||||||||||||||||              ] 78% [||||||||||||||||||||||||||||||||||||||||||||||              ] 79% [|||||||||||||||||||||||||||||||||||||||||||||||             ] 80% [||||||||||||||||||||||||||||||||||||||||||||||||            ] 81% [||||||||||||||||||||||||||||||||||||||||||||||||            ] 82% [|||||||||||||||||||||||||||||||||||||||||||||||||           ] 83% [|||||||||||||||||||||||||||||||||||||||||||||||||           ] 84% [||||||||||||||||||||||||||||||||||||||||||||||||||          ] 85% [|||||||||||||||||||||||||||||||||||||||||||||||||||         ] 86% [|||||||||||||||||||||||||||||||||||||||||||||||||||         ] 87% [||||||||||||||||||||||||||||||||||||||||||||||||||||        ] 88% [||||||||||||||||||||||||||||||||||||||||||||||||||||        ] 89% [|||||||||||||||||||||||||||||||||||||||||||||||||||||       ] 90% [||||||||||||||||||||||||||||||||||||||||||||||||||||||      ] 91% [||||||||||||||||||||||||||||||||||||||||||||||||||||||      ] 92% [|||||||||||||||||||||||||||||||||||||||||||||||||||||||     ] 93% [|||||||||||||||||||||||||||||||||||||||||||||||||||||||     ] 94% [||||||||||||||||||||||||||||||||||||||||||||||||||||||||    ] 95% [|||||||||||||||||||||||||||||||||||||||||||||||||||||||||   ] 96% [|||||||||||||||||||||||||||||||||||||||||||||||||||||||||   ] 97% [||||||||||||||||||||||||||||||||||||||||||||||||||||||||||  ] 98% [||||||||||||||||||||||||||||||||||||||||||||||||||||||||||  ] 99% [||||||||||||||||||||||||||||||||||||||||||||||||||||||||||| ]
Peak IOPs (INT64), GPU ID: 0, workgroupSize:256, workgroups:38912, experiments:100, IOP:122406567936, duration:6.3 ms, mean:19637.1 GOPS, stdev=50.2 GOPS
100% [||||||||||||||||||||||||||||||||||||||||||||||||||||||||||||]
Peak MFMA FLOPs (F4), GPU ID: 0, workgroupSize:256, workgroups:38912, experiments:1, FLOP:0, duration:0.0 ms, mean:0.0 GFLOPS, stdev=0.0 GFLOPS
100% [||||||||||||||||||||||||||||||||||||||||||||||||||||||||||||]
Peak MFMA FLOPs (F6), GPU ID: 0, workgroupSize:256, workgroups:38912, experiments:1, FLOP:0, duration:0.0 ms, mean:0.0 GFLOPS, stdev=0.0 GFLOPS
  0% [                                                            ]  1% [                                                            ]  2% [|                                                           ]  3% [|                                                           ]  4% [||                                                          ]  5% [|||                                                         ]  6% [|||                                                         ]  7% [||||                                                        ]  8% [||||                                                        ]  9% [|||||                                                       ] 10% [||||||                                                      ] 11% [||||||                                                      ] 12% [|||||||                                                     ] 13% [|||||||                                                     ] 14% [||||||||                                                    ] 15% [|||||||||                                                   ] 16% [|||||||||                                                   ] 17% [||||||||||                                                  ] 18% [||||||||||                                                  ] 19% [|||||||||||                                                 ] 20% [||||||||||||                                                ] 21% [||||||||||||                                                ] 22% [|||||||||||||                                               ] 23% [|||||||||||||                                               ] 24% [||||||||||||||                                              ] 25% [|||||||||||||||                                             ] 26% [|||||||||||||||                                             ] 27% [||||||||||||||||                                            ] 28% [||||||||||||||||                                            ] 29% [|||||||||||||||||                                           ] 30% [||||||||||||||||||                                          ] 31% [||||||||||||||||||                                          ] 32% [|||||||||||||||||||                                         ] 33% [|||||||||||||||||||                                         ] 34% [||||||||||||||||||||                                        ] 35% [|||||||||||||||||||||                                       ] 36% [|||||||||||||||||||||                                       ] 37% [||||||||||||||||||||||                                      ] 38% [||||||||||||||||||||||                                      ] 39% [|||||||||||||||||||||||                                     ] 40% [||||||||||||||||||||||||                                    ] 41% [||||||||||||||||||||||||                                    ] 42% [|||||||||||||||||||||||||                                   ] 43% [|||||||||||||||||||||||||                                   ] 44% [||||||||||||||||||||||||||                                  ] 45% [|||||||||||||||||||||||||||                                 ] 46% [|||||||||||||||||||||||||||                                 ] 47% [||||||||||||||||||||||||||||                                ] 48% [||||||||||||||||||||||||||||                                ] 49% [|||||||||||||||||||||||||||||                               ] 50% [||||||||||||||||||||||||||||||                              ] 51% [||||||||||||||||||||||||||||||                              ] 52% [|||||||||||||||||||||||||||||||                             ] 52% [|||||||||||||||||||||||||||||||                             ] 54% [||||||||||||||||||||||||||||||||                            ] 55% [|||||||||||||||||||||||||||||||||                           ] 56% [|||||||||||||||||||||||||||||||||                           ] 57% [||||||||||||||||||||||||||||||||||                          ] 58% [||||||||||||||||||||||||||||||||||                          ] 58% [|||||||||||||||||||||||||||||||||||                         ] 60% [||||||||||||||||||||||||||||||||||||                        ] 61% [||||||||||||||||||||||||||||||||||||                        ] 62% [|||||||||||||||||||||||||||||||||||||                       ] 63% [|||||||||||||||||||||||||||||||||||||                       ] 64% [||||||||||||||||||||||||||||||||||||||                      ] 65% [|||||||||||||||||||||||||||||||||||||||                     ] 66% [|||||||||||||||||||||||||||||||||||||||                     ] 67% [||||||||||||||||||||||||||||||||||||||||                    ] 68% [||||||||||||||||||||||||||||||||||||||||                    ] 69% [|||||||||||||||||||||||||||||||||||||||||                   ] 70% [||||||||||||||||||||||||||||||||||||||||||                  ] 71% [||||||||||||||||||||||||||||||||||||||||||                  ] 72% [|||||||||||||||||||||||||||||||||||||||||||                 ] 73% [|||||||||||||||||||||||||||||||||||||||||||                 ] 74% [||||||||||||||||||||||||||||||||||||||||||||                ] 75% [|||||||||||||||||||||||||||||||||||||||||||||               ] 76% [|||||||||||||||||||||||||||||||||||||||||||||               ] 77% [||||||||||||||||||||||||||||||||||||||||||||||              ] 78% [||||||||||||||||||||||||||||||||||||||||||||||              ] 79% [|||||||||||||||||||||||||||||||||||||||||||||||             ] 80% [||||||||||||||||||||||||||||||||||||||||||||||||            ] 81% [||||||||||||||||||||||||||||||||||||||||||||||||            ] 82% [|||||||||||||||||||||||||||||||||||||||||||||||||           ] 83% [|||||||||||||||||||||||||||||||||||||||||||||||||           ] 84% [||||||||||||||||||||||||||||||||||||||||||||||||||          ] 85% [|||||||||||||||||||||||||||||||||||||||||||||||||||         ] 86% [|||||||||||||||||||||||||||||||||||||||||||||||||||         ] 87% [||||||||||||||||||||||||||||||||||||||||||||||||||||        ] 88% [||||||||||||||||||||||||||||||||||||||||||||||||||||        ] 89% [|||||||||||||||||||||||||||||||||||||||||||||||||||||       ] 90% [||||||||||||||||||||||||||||||||||||||||||||||||||||||      ] 91% [||||||||||||||||||||||||||||||||||||||||||||||||||||||      ] 92% [|||||||||||||||||||||||||||||||||||||||||||||||||||||||     ] 93% [|||||||||||||||||||||||||||||||||||||||||||||||||||||||     ] 94% [||||||||||||||||||||||||||||||||||||||||||||||||||||||||    ] 95% [|||||||||||||||||||||||||||||||||||||||||||||||||||||||||   ] 96% [|||||||||||||||||||||||||||||||||||||||||||||||||||||||||   ] 97% [||||||||||||||||||||||||||||||||||||||||||||||||||||||||||  ] 98% [||||||||||||||||||||||||||||||||||||||||||||||||||||||||||  ] 99% [||||||||||||||||||||||||||||||||||||||||||||||||||||||||||| ]
Peak MFMA FLOPs (F8), GPU ID: 0, workgroupSize:256, workgroups:38912, experiments:100, FLOP:10200547328000, duration:5.4 ms, mean:1893609.8 GFLOPS, stdev=23039.7 GFLOPS
  0% [                                                            ]  1% [                                                            ]  2% [|                                                           ]  3% [|                                                           ]  4% [||                                                          ]  5% [|||                                                         ]  6% [|||                                                         ]  7% [||||                                                        ]  8% [||||                                                        ]  9% [|||||                                                       ] 10% [||||||                                                      ] 11% [||||||                                                      ] 12% [|||||||                                                     ] 13% [|||||||                                                     ] 14% [||||||||                                                    ] 15% [|||||||||                                                   ] 16% [|||||||||                                                   ] 17% [||||||||||                                                  ] 18% [||||||||||                                                  ] 19% [|||||||||||                                                 ] 20% [||||||||||||                                                ] 21% [||||||||||||                                                ] 22% [|||||||||||||                                               ] 23% [|||||||||||||                                               ] 24% [||||||||||||||                                              ] 25% [|||||||||||||||                                             ] 26% [|||||||||||||||                                             ] 27% [||||||||||||||||                                            ] 28% [||||||||||||||||                                            ] 29% [|||||||||||||||||                                           ] 30% [||||||||||||||||||                                          ] 31% [||||||||||||||||||                                          ] 32% [|||||||||||||||||||                                         ] 33% [|||||||||||||||||||                                         ] 34% [||||||||||||||||||||                                        ] 35% [|||||||||||||||||||||                                       ] 36% [|||||||||||||||||||||                                       ] 37% [||||||||||||||||||||||                                      ] 38% [||||||||||||||||||||||                                      ] 39% [|||||||||||||||||||||||                                     ] 40% [||||||||||||||||||||||||                                    ] 41% [||||||||||||||||||||||||                                    ] 42% [|||||||||||||||||||||||||                                   ] 43% [|||||||||||||||||||||||||                                   ] 44% [||||||||||||||||||||||||||                                  ] 45% [|||||||||||||||||||||||||||                                 ] 46% [|||||||||||||||||||||||||||                                 ] 47% [||||||||||||||||||||||||||||                                ] 48% [||||||||||||||||||||||||||||                                ] 49% [|||||||||||||||||||||||||||||                               ] 50% [||||||||||||||||||||||||||||||                              ] 51% [||||||||||||||||||||||||||||||                              ] 52% [|||||||||||||||||||||||||||||||                             ] 52% [|||||||||||||||||||||||||||||||                             ] 54% [||||||||||||||||||||||||||||||||                            ] 55% [|||||||||||||||||||||||||||||||||                           ] 56% [|||||||||||||||||||||||||||||||||                           ] 57% [||||||||||||||||||||||||||||||||||                          ] 58% [||||||||||||||||||||||||||||||||||                          ] 58% [|||||||||||||||||||||||||||||||||||                         ] 60% [||||||||||||||||||||||||||||||||||||                        ] 61% [||||||||||||||||||||||||||||||||||||                        ] 62% [|||||||||||||||||||||||||||||||||||||                       ] 63% [|||||||||||||||||||||||||||||||||||||                       ] 64% [||||||||||||||||||||||||||||||||||||||                      ] 65% [|||||||||||||||||||||||||||||||||||||||                     ] 66% [|||||||||||||||||||||||||||||||||||||||                     ] 67% [||||||||||||||||||||||||||||||||||||||||                    ] 68% [||||||||||||||||||||||||||||||||||||||||                    ] 69% [|||||||||||||||||||||||||||||||||||||||||                   ] 70% [||||||||||||||||||||||||||||||||||||||||||                  ] 71% [||||||||||||||||||||||||||||||||||||||||||                  ] 72% [|||||||||||||||||||||||||||||||||||||||||||                 ] 73% [|||||||||||||||||||||||||||||||||||||||||||                 ] 74% [||||||||||||||||||||||||||||||||||||||||||||                ] 75% [|||||||||||||||||||||||||||||||||||||||||||||               ] 76% [|||||||||||||||||||||||||||||||||||||||||||||               ] 77% [||||||||||||||||||||||||||||||||||||||||||||||              ] 78% [||||||||||||||||||||||||||||||||||||||||||||||              ] 79% [|||||||||||||||||||||||||||||||||||||||||||||||             ] 80% [||||||||||||||||||||||||||||||||||||||||||||||||            ] 81% [||||||||||||||||||||||||||||||||||||||||||||||||            ] 82% [|||||||||||||||||||||||||||||||||||||||||||||||||           ] 83% [|||||||||||||||||||||||||||||||||||||||||||||||||           ] 84% [||||||||||||||||||||||||||||||||||||||||||||||||||          ] 85% [|||||||||||||||||||||||||||||||||||||||||||||||||||         ] 86% [|||||||||||||||||||||||||||||||||||||||||||||||||||         ] 87% [||||||||||||||||||||||||||||||||||||||||||||||||||||        ] 88% [||||||||||||||||||||||||||||||||||||||||||||||||||||        ] 89% [|||||||||||||||||||||||||||||||||||||||||||||||||||||       ] 90% [||||||||||||||||||||||||||||||||||||||||||||||||||||||      ] 91% [||||||||||||||||||||||||||||||||||||||||||||||||||||||      ] 92% [|||||||||||||||||||||||||||||||||||||||||||||||||||||||     ] 93% [|||||||||||||||||||||||||||||||||||||||||||||||||||||||     ] 94% [||||||||||||||||||||||||||||||||||||||||||||||||||||||||    ] 95% [|||||||||||||||||||||||||||||||||||||||||||||||||||||||||   ] 96% [|||||||||||||||||||||||||||||||||||||||||||||||||||||||||   ] 97% [||||||||||||||||||||||||||||||||||||||||||||||||||||||||||  ] 98% [||||||||||||||||||||||||||||||||||||||||||||||||||||||||||  ] 99% [||||||||||||||||||||||||||||||||||||||||||||||||||||||||||| ]
Peak MFMA FLOPs (F16), GPU ID: 0, workgroupSize:256, workgroups:38912, experiments:100, FLOP:5100273664000, duration:5.5 ms, mean:932362.3 GFLOPS, stdev=2776.8 GFLOPS
  0% [                                                            ]  1% [                                                            ]  2% [|                                                           ]  3% [|                                                           ]  4% [||                                                          ]  5% [|||                                                         ]  6% [|||                                                         ]  7% [||||                                                        ]  8% [||||                                                        ]  9% [|||||                                                       ] 10% [||||||                                                      ] 11% [||||||                                                      ] 12% [|||||||                                                     ] 13% [|||||||                                                     ] 14% [||||||||                                                    ] 15% [|||||||||                                                   ] 16% [|||||||||                                                   ] 17% [||||||||||                                                  ] 18% [||||||||||                                                  ] 19% [|||||||||||                                                 ] 20% [||||||||||||                                                ] 21% [||||||||||||                                                ] 22% [|||||||||||||                                               ] 23% [|||||||||||||                                               ] 24% [||||||||||||||                                              ] 25% [|||||||||||||||                                             ] 26% [|||||||||||||||                                             ] 27% [||||||||||||||||                                            ] 28% [||||||||||||||||                                            ] 29% [|||||||||||||||||                                           ] 30% [||||||||||||||||||                                          ] 31% [||||||||||||||||||                                          ] 32% [|||||||||||||||||||                                         ] 33% [|||||||||||||||||||                                         ] 34% [||||||||||||||||||||                                        ] 35% [|||||||||||||||||||||                                       ] 36% [|||||||||||||||||||||                                       ] 37% [||||||||||||||||||||||                                      ] 38% [||||||||||||||||||||||                                      ] 39% [|||||||||||||||||||||||                                     ] 40% [||||||||||||||||||||||||                                    ] 41% [||||||||||||||||||||||||                                    ] 42% [|||||||||||||||||||||||||                                   ] 43% [|||||||||||||||||||||||||                                   ] 44% [||||||||||||||||||||||||||                                  ] 45% [|||||||||||||||||||||||||||                                 ] 46% [|||||||||||||||||||||||||||                                 ] 47% [||||||||||||||||||||||||||||                                ] 48% [||||||||||||||||||||||||||||                                ] 49% [|||||||||||||||||||||||||||||                               ] 50% [||||||||||||||||||||||||||||||                              ] 51% [||||||||||||||||||||||||||||||                              ] 52% [|||||||||||||||||||||||||||||||                             ] 52% [|||||||||||||||||||||||||||||||                             ] 54% [||||||||||||||||||||||||||||||||                            ] 55% [|||||||||||||||||||||||||||||||||                           ] 56% [|||||||||||||||||||||||||||||||||                           ] 57% [||||||||||||||||||||||||||||||||||                          ] 58% [||||||||||||||||||||||||||||||||||                          ] 58% [|||||||||||||||||||||||||||||||||||                         ] 60% [||||||||||||||||||||||||||||||||||||                        ] 61% [||||||||||||||||||||||||||||||||||||                        ] 62% [|||||||||||||||||||||||||||||||||||||                       ] 63% [|||||||||||||||||||||||||||||||||||||                       ] 64% [||||||||||||||||||||||||||||||||||||||                      ] 65% [|||||||||||||||||||||||||||||||||||||||                     ] 66% [|||||||||||||||||||||||||||||||||||||||                     ] 67% [||||||||||||||||||||||||||||||||||||||||                    ] 68% [||||||||||||||||||||||||||||||||||||||||                    ] 69% [|||||||||||||||||||||||||||||||||||||||||                   ] 70% [||||||||||||||||||||||||||||||||||||||||||                  ] 71% [||||||||||||||||||||||||||||||||||||||||||                  ] 72% [|||||||||||||||||||||||||||||||||||||||||||                 ] 73% [|||||||||||||||||||||||||||||||||||||||||||                 ] 74% [||||||||||||||||||||||||||||||||||||||||||||                ] 75% [|||||||||||||||||||||||||||||||||||||||||||||               ] 76% [|||||||||||||||||||||||||||||||||||||||||||||               ] 77% [||||||||||||||||||||||||||||||||||||||||||||||              ] 78% [||||||||||||||||||||||||||||||||||||||||||||||              ] 79% [|||||||||||||||||||||||||||||||||||||||||||||||             ] 80% [||||||||||||||||||||||||||||||||||||||||||||||||            ] 81% [||||||||||||||||||||||||||||||||||||||||||||||||            ] 82% [|||||||||||||||||||||||||||||||||||||||||||||||||           ] 83% [|||||||||||||||||||||||||||||||||||||||||||||||||           ] 84% [||||||||||||||||||||||||||||||||||||||||||||||||||          ] 85% [|||||||||||||||||||||||||||||||||||||||||||||||||||         ] 86% [|||||||||||||||||||||||||||||||||||||||||||||||||||         ] 87% [||||||||||||||||||||||||||||||||||||||||||||||||||||        ] 88% [||||||||||||||||||||||||||||||||||||||||||||||||||||        ] 89% [|||||||||||||||||||||||||||||||||||||||||||||||||||||       ] 90% [||||||||||||||||||||||||||||||||||||||||||||||||||||||      ] 91% [||||||||||||||||||||||||||||||||||||||||||||||||||||||      ] 92% [|||||||||||||||||||||||||||||||||||||||||||||||||||||||     ] 93% [|||||||||||||||||||||||||||||||||||||||||||||||||||||||     ] 94% [||||||||||||||||||||||||||||||||||||||||||||||||||||||||    ] 95% [|||||||||||||||||||||||||||||||||||||||||||||||||||||||||   ] 96% [|||||||||||||||||||||||||||||||||||||||||||||||||||||||||   ] 97% [||||||||||||||||||||||||||||||||||||||||||||||||||||||||||  ] 98% [||||||||||||||||||||||||||||||||||||||||||||||||||||||||||  ] 99% [||||||||||||||||||||||||||||||||||||||||||||||||||||||||||| ]
Peak MFMA FLOPs (BF16), GPU ID: 0, workgroupSize:256, workgroups:38912, experiments:100, FLOP:2550136832000, duration:4.9 ms, mean:519740.8 GFLOPS, stdev=2099.4 GFLOPS
  0% [                                                            ]  1% [                                                            ]  2% [|                                                           ]  3% [|                                                           ]  4% [||                                                          ]  5% [|||                                                         ]  6% [|||                                                         ]  7% [||||                                                        ]  8% [||||                                                        ]  9% [|||||                                                       ] 10% [||||||                                                      ] 11% [||||||                                                      ] 12% [|||||||                                                     ] 13% [|||||||                                                     ] 14% [||||||||                                                    ] 15% [|||||||||                                                   ] 16% [|||||||||                                                   ] 17% [||||||||||                                                  ] 18% [||||||||||                                                  ] 19% [|||||||||||                                                 ] 20% [||||||||||||                                                ] 21% [||||||||||||                                                ] 22% [|||||||||||||                                               ] 23% [|||||||||||||                                               ] 24% [||||||||||||||                                              ] 25% [|||||||||||||||                                             ] 26% [|||||||||||||||                                             ] 27% [||||||||||||||||                                            ] 28% [||||||||||||||||                                            ] 29% [|||||||||||||||||                                           ] 30% [||||||||||||||||||                                          ] 31% [||||||||||||||||||                                          ] 32% [|||||||||||||||||||                                         ] 33% [|||||||||||||||||||                                         ] 34% [||||||||||||||||||||                                        ] 35% [|||||||||||||||||||||                                       ] 36% [|||||||||||||||||||||                                       ] 37% [||||||||||||||||||||||                                      ] 38% [||||||||||||||||||||||                                      ] 39% [|||||||||||||||||||||||                                     ] 40% [||||||||||||||||||||||||                                    ] 41% [||||||||||||||||||||||||                                    ] 42% [|||||||||||||||||||||||||                                   ] 43% [|||||||||||||||||||||||||                                   ] 44% [||||||||||||||||||||||||||                                  ] 45% [|||||||||||||||||||||||||||                                 ] 46% [|||||||||||||||||||||||||||                                 ] 47% [||||||||||||||||||||||||||||                                ] 48% [||||||||||||||||||||||||||||                                ] 49% [|||||||||||||||||||||||||||||                               ] 50% [||||||||||||||||||||||||||||||                              ] 51% [||||||||||||||||||||||||||||||                              ] 52% [|||||||||||||||||||||||||||||||                             ] 52% [|||||||||||||||||||||||||||||||                             ] 54% [||||||||||||||||||||||||||||||||                            ] 55% [|||||||||||||||||||||||||||||||||                           ] 56% [|||||||||||||||||||||||||||||||||                           ] 57% [||||||||||||||||||||||||||||||||||                          ] 58% [||||||||||||||||||||||||||||||||||                          ] 58% [|||||||||||||||||||||||||||||||||||                         ] 60% [||||||||||||||||||||||||||||||||||||                        ] 61% [||||||||||||||||||||||||||||||||||||                        ] 62% [|||||||||||||||||||||||||||||||||||||                       ] 63% [|||||||||||||||||||||||||||||||||||||                       ] 64% [||||||||||||||||||||||||||||||||||||||                      ] 65% [|||||||||||||||||||||||||||||||||||||||                     ] 66% [|||||||||||||||||||||||||||||||||||||||                     ] 67% [||||||||||||||||||||||||||||||||||||||||                    ] 68% [||||||||||||||||||||||||||||||||||||||||                    ] 69% [|||||||||||||||||||||||||||||||||||||||||                   ] 70% [||||||||||||||||||||||||||||||||||||||||||                  ] 71% [||||||||||||||||||||||||||||||||||||||||||                  ] 72% [|||||||||||||||||||||||||||||||||||||||||||                 ] 73% [|||||||||||||||||||||||||||||||||||||||||||                 ] 74% [||||||||||||||||||||||||||||||||||||||||||||                ] 75% [|||||||||||||||||||||||||||||||||||||||||||||               ] 76% [|||||||||||||||||||||||||||||||||||||||||||||               ] 77% [||||||||||||||||||||||||||||||||||||||||||||||              ] 78% [||||||||||||||||||||||||||||||||||||||||||||||              ] 79% [|||||||||||||||||||||||||||||||||||||||||||||||             ] 80% [||||||||||||||||||||||||||||||||||||||||||||||||            ] 81% [||||||||||||||||||||||||||||||||||||||||||||||||            ] 82% [|||||||||||||||||||||||||||||||||||||||||||||||||           ] 83% [|||||||||||||||||||||||||||||||||||||||||||||||||           ] 84% [||||||||||||||||||||||||||||||||||||||||||||||||||          ] 85% [|||||||||||||||||||||||||||||||||||||||||||||||||||         ] 86% [|||||||||||||||||||||||||||||||||||||||||||||||||||         ] 87% [||||||||||||||||||||||||||||||||||||||||||||||||||||        ] 88% [||||||||||||||||||||||||||||||||||||||||||||||||||||        ] 89% [|||||||||||||||||||||||||||||||||||||||||||||||||||||       ] 90% [||||||||||||||||||||||||||||||||||||||||||||||||||||||      ] 91% [||||||||||||||||||||||||||||||||||||||||||||||||||||||      ] 92% [|||||||||||||||||||||||||||||||||||||||||||||||||||||||     ] 93% [|||||||||||||||||||||||||||||||||||||||||||||||||||||||     ] 94% [||||||||||||||||||||||||||||||||||||||||||||||||||||||||    ] 95% [|||||||||||||||||||||||||||||||||||||||||||||||||||||||||   ] 96% [|||||||||||||||||||||||||||||||||||||||||||||||||||||||||   ] 97% [||||||||||||||||||||||||||||||||||||||||||||||||||||||||||  ] 98% [||||||||||||||||||||||||||||||||||||||||||||||||||||||||||  ] 99% [||||||||||||||||||||||||||||||||||||||||||||||||||||||||||| ]
Peak MFMA FLOPs (F32), GPU ID: 0, workgroupSize:256, workgroups:38912, experiments:100, FLOP:1275068416000, duration:9.1 ms, mean:139871.7 GFLOPS, stdev=339.0 GFLOPS
  0% [                                                            ]  1% [                                                            ]  2% [|                                                           ]  3% [|                                                           ]  4% [||                                                          ]  5% [|||                                                         ]  6% [|||                                                         ]  7% [||||                                                        ]  8% [||||                                                        ]  9% [|||||                                                       ] 10% [||||||                                                      ] 11% [||||||                                                      ] 12% [|||||||                                                     ] 13% [|||||||                                                     ] 14% [||||||||                                                    ] 15% [|||||||||                                                   ] 16% [|||||||||                                                   ] 17% [||||||||||                                                  ] 18% [||||||||||                                                  ] 19% [|||||||||||                                                 ] 20% [||||||||||||                                                ] 21% [||||||||||||                                                ] 22% [|||||||||||||                                               ] 23% [|||||||||||||                                               ] 24% [||||||||||||||                                              ] 25% [|||||||||||||||                                             ] 26% [|||||||||||||||                                             ] 27% [||||||||||||||||                                            ] 28% [||||||||||||||||                                            ] 29% [|||||||||||||||||                                           ] 30% [||||||||||||||||||                                          ] 31% [||||||||||||||||||                                          ] 32% [|||||||||||||||||||                                         ] 33% [|||||||||||||||||||                                         ] 34% [||||||||||||||||||||                                        ] 35% [|||||||||||||||||||||                                       ] 36% [|||||||||||||||||||||                                       ] 37% [||||||||||||||||||||||                                      ] 38% [||||||||||||||||||||||                                      ] 39% [|||||||||||||||||||||||                                     ] 40% [||||||||||||||||||||||||                                    ] 41% [||||||||||||||||||||||||                                    ] 42% [|||||||||||||||||||||||||                                   ] 43% [|||||||||||||||||||||||||                                   ] 44% [||||||||||||||||||||||||||                                  ] 45% [|||||||||||||||||||||||||||                                 ] 46% [|||||||||||||||||||||||||||                                 ] 47% [||||||||||||||||||||||||||||                                ] 48% [||||||||||||||||||||||||||||                                ] 49% [|||||||||||||||||||||||||||||                               ] 50% [||||||||||||||||||||||||||||||                              ] 51% [||||||||||||||||||||||||||||||                              ] 52% [|||||||||||||||||||||||||||||||                             ] 52% [|||||||||||||||||||||||||||||||                             ] 54% [||||||||||||||||||||||||||||||||                            ] 55% [|||||||||||||||||||||||||||||||||                           ] 56% [|||||||||||||||||||||||||||||||||                           ] 57% [||||||||||||||||||||||||||||||||||                          ] 58% [||||||||||||||||||||||||||||||||||                          ] 58% [|||||||||||||||||||||||||||||||||||                         ] 60% [||||||||||||||||||||||||||||||||||||                        ] 61% [||||||||||||||||||||||||||||||||||||                        ] 62% [|||||||||||||||||||||||||||||||||||||                       ] 63% [|||||||||||||||||||||||||||||||||||||                       ] 64% [||||||||||||||||||||||||||||||||||||||                      ] 65% [|||||||||||||||||||||||||||||||||||||||                     ] 66% [|||||||||||||||||||||||||||||||||||||||                     ] 67% [||||||||||||||||||||||||||||||||||||||||                    ] 68% [||||||||||||||||||||||||||||||||||||||||                    ] 69% [|||||||||||||||||||||||||||||||||||||||||                   ] 70% [||||||||||||||||||||||||||||||||||||||||||                  ] 71% [||||||||||||||||||||||||||||||||||||||||||                  ] 72% [|||||||||||||||||||||||||||||||||||||||||||                 ] 73% [|||||||||||||||||||||||||||||||||||||||||||                 ] 74% [||||||||||||||||||||||||||||||||||||||||||||                ] 75% [|||||||||||||||||||||||||||||||||||||||||||||               ] 76% [|||||||||||||||||||||||||||||||||||||||||||||               ] 77% [||||||||||||||||||||||||||||||||||||||||||||||              ] 78% [||||||||||||||||||||||||||||||||||||||||||||||              ] 79% [|||||||||||||||||||||||||||||||||||||||||||||||             ] 80% [||||||||||||||||||||||||||||||||||||||||||||||||            ] 81% [||||||||||||||||||||||||||||||||||||||||||||||||            ] 82% [|||||||||||||||||||||||||||||||||||||||||||||||||           ] 83% [|||||||||||||||||||||||||||||||||||||||||||||||||           ] 84% [||||||||||||||||||||||||||||||||||||||||||||||||||          ] 85% [|||||||||||||||||||||||||||||||||||||||||||||||||||         ] 86% [|||||||||||||||||||||||||||||||||||||||||||||||||||         ] 87% [||||||||||||||||||||||||||||||||||||||||||||||||||||        ] 88% [||||||||||||||||||||||||||||||||||||||||||||||||||||        ] 89% [|||||||||||||||||||||||||||||||||||||||||||||||||||||       ] 90% [||||||||||||||||||||||||||||||||||||||||||||||||||||||      ] 91% [||||||||||||||||||||||||||||||||||||||||||||||||||||||      ] 92% [|||||||||||||||||||||||||||||||||||||||||||||||||||||||     ] 93% [|||||||||||||||||||||||||||||||||||||||||||||||||||||||     ] 94% [||||||||||||||||||||||||||||||||||||||||||||||||||||||||    ] 95% [|||||||||||||||||||||||||||||||||||||||||||||||||||||||||   ] 96% [|||||||||||||||||||||||||||||||||||||||||||||||||||||||||   ] 97% [||||||||||||||||||||||||||||||||||||||||||||||||||||||||||  ] 98% [||||||||||||||||||||||||||||||||||||||||||||||||||||||||||  ] 99% [||||||||||||||||||||||||||||||||||||||||||||||||||||||||||| ]
Peak MFMA FLOPs (F64), GPU ID: 0, workgroupSize:256, workgroups:38912, experiments:100, FLOP:637534208000, duration:4.4 ms, mean:145455.0 GFLOPS, stdev=537.6 GFLOPS
  0% [                                                            ]  1% [                                                            ]  2% [|                                                           ]  3% [|                                                           ]  4% [||                                                          ]  5% [|||                                                         ]  6% [|||                                                         ]  7% [||||                                                        ]  8% [||||                                                        ]  9% [|||||                                                       ] 10% [||||||                                                      ] 11% [||||||                                                      ] 12% [|||||||                                                     ] 13% [|||||||                                                     ] 14% [||||||||                                                    ] 15% [|||||||||                                                   ] 16% [|||||||||                                                   ] 17% [||||||||||                                                  ] 18% [||||||||||                                                  ] 19% [|||||||||||                                                 ] 20% [||||||||||||                                                ] 21% [||||||||||||                                                ] 22% [|||||||||||||                                               ] 23% [|||||||||||||                                               ] 24% [||||||||||||||                                              ] 25% [|||||||||||||||                                             ] 26% [|||||||||||||||                                             ] 27% [||||||||||||||||                                            ] 28% [||||||||||||||||                                            ] 29% [|||||||||||||||||                                           ] 30% [||||||||||||||||||                                          ] 31% [||||||||||||||||||                                          ] 32% [|||||||||||||||||||                                         ] 33% [|||||||||||||||||||                                         ] 34% [||||||||||||||||||||                                        ] 35% [|||||||||||||||||||||                                       ] 36% [|||||||||||||||||||||                                       ] 37% [||||||||||||||||||||||                                      ] 38% [||||||||||||||||||||||                                      ] 39% [|||||||||||||||||||||||                                     ] 40% [||||||||||||||||||||||||                                    ] 41% [||||||||||||||||||||||||                                    ] 42% [|||||||||||||||||||||||||                                   ] 43% [|||||||||||||||||||||||||                                   ] 44% [||||||||||||||||||||||||||                                  ] 45% [|||||||||||||||||||||||||||                                 ] 46% [|||||||||||||||||||||||||||                                 ] 47% [||||||||||||||||||||||||||||                                ] 48% [||||||||||||||||||||||||||||                                ] 49% [|||||||||||||||||||||||||||||                               ] 50% [||||||||||||||||||||||||||||||                              ] 51% [||||||||||||||||||||||||||||||                              ] 52% [|||||||||||||||||||||||||||||||                             ] 52% [|||||||||||||||||||||||||||||||                             ] 54% [||||||||||||||||||||||||||||||||                            ] 55% [|||||||||||||||||||||||||||||||||                           ] 56% [|||||||||||||||||||||||||||||||||                           ] 57% [||||||||||||||||||||||||||||||||||                          ] 58% [||||||||||||||||||||||||||||||||||                          ] 58% [|||||||||||||||||||||||||||||||||||                         ] 60% [||||||||||||||||||||||||||||||||||||                        ] 61% [||||||||||||||||||||||||||||||||||||                        ] 62% [|||||||||||||||||||||||||||||||||||||                       ] 63% [|||||||||||||||||||||||||||||||||||||                       ] 64% [||||||||||||||||||||||||||||||||||||||                      ] 65% [|||||||||||||||||||||||||||||||||||||||                     ] 66% [|||||||||||||||||||||||||||||||||||||||                     ] 67% [||||||||||||||||||||||||||||||||||||||||                    ] 68% [||||||||||||||||||||||||||||||||||||||||                    ] 69% [|||||||||||||||||||||||||||||||||||||||||                   ] 70% [||||||||||||||||||||||||||||||||||||||||||                  ] 71% [||||||||||||||||||||||||||||||||||||||||||                  ] 72% [|||||||||||||||||||||||||||||||||||||||||||                 ] 73% [|||||||||||||||||||||||||||||||||||||||||||                 ] 74% [||||||||||||||||||||||||||||||||||||||||||||                ] 75% [|||||||||||||||||||||||||||||||||||||||||||||               ] 76% [|||||||||||||||||||||||||||||||||||||||||||||               ] 77% [||||||||||||||||||||||||||||||||||||||||||||||              ] 78% [||||||||||||||||||||||||||||||||||||||||||||||              ] 79% [|||||||||||||||||||||||||||||||||||||||||||||||             ] 80% [||||||||||||||||||||||||||||||||||||||||||||||||            ] 81% [||||||||||||||||||||||||||||||||||||||||||||||||            ] 82% [|||||||||||||||||||||||||||||||||||||||||||||||||           ] 83% [|||||||||||||||||||||||||||||||||||||||||||||||||           ] 84% [||||||||||||||||||||||||||||||||||||||||||||||||||          ] 85% [|||||||||||||||||||||||||||||||||||||||||||||||||||         ] 86% [|||||||||||||||||||||||||||||||||||||||||||||||||||         ] 87% [||||||||||||||||||||||||||||||||||||||||||||||||||||        ] 88% [||||||||||||||||||||||||||||||||||||||||||||||||||||        ] 89% [|||||||||||||||||||||||||||||||||||||||||||||||||||||       ] 90% [||||||||||||||||||||||||||||||||||||||||||||||||||||||      ] 91% [||||||||||||||||||||||||||||||||||||||||||||||||||||||      ] 92% [|||||||||||||||||||||||||||||||||||||||||||||||||||||||     ] 93% [|||||||||||||||||||||||||||||||||||||||||||||||||||||||     ] 94% [||||||||||||||||||||||||||||||||||||||||||||||||||||||||    ] 95% [|||||||||||||||||||||||||||||||||||||||||||||||||||||||||   ] 96% [|||||||||||||||||||||||||||||||||||||||||||||||||||||||||   ] 97% [||||||||||||||||||||||||||||||||||||||||||||||||||||||||||  ] 98% [||||||||||||||||||||||||||||||||||||||||||||||||||||||||||  ] 99% [||||||||||||||||||||||||||||||||||||||||||||||||||||||||||| ]
Peak MFMA IOPs (I8), GPU ID: 0, workgroupSize:256, workgroups:38912, experiments:100, IOP:5100273664000, duration:5.1 ms, mean:992888.5 GOPS, stdev=4317.1 GOPS

   [32mINFO[0m [roofline] Empirical Roofline PDFs saved!
   [32mINFO[0m [roofline] Checking for roofline.csv in /root/rocm-examples/Applications/memcp_profile/workloads/main_bp_l1/MI300X_A1
   [32mINFO[0m [roofline] Empirical Roofline PDFs saved!
rocprof-compute analyze -p workloads/main_bp_l1/MI300X_A1/ -b 3

                                 __                                       _
 _ __ ___   ___ _ __  _ __ ___  / _|       ___ ___  _ __ ___  _ __  _   _| |_ ___
| '__/ _ \ / __| '_ \| '__/ _ \| |_ _____ / __/ _ \| '_ ` _ \| '_ \| | | | __/ _ \
| | | (_) | (__| |_) | | | (_) |  _|_____| (_| (_) | | | | | | |_) | |_| | ||  __/
|_|  \___/ \___| .__/|_|  \___/|_|        \___\___/|_| |_| |_| .__/ \__,_|\__\___|
               |_|                                           |_|

   [32mINFO[0m Analysis mode = cli
   [32mINFO[0m fatal: not a git repository (or any of the parent directories): .git
   [32mINFO[0m [analysis] deriving rocprofiler-compute metrics...
  [31mERROR[0m PC sampling: can not read /root/rocm-examples/Applications/memcp_profile/workloads/main_bp_l1/MI300X_A1/ps_file_kernel_trace.csv
[33mWARNING[0m Failed to evaluate expression '
to_round(to_avg(
(raw_pmc_df['pmc_perf']['TCP_TCP_LATENCY_sum'] / raw_pmc_df['pmc_perf']['TCP_TA_TCP_STATE_READ_sum']).where((raw_pmc_df['pmc_perf']['TCP_TA_TCP_STATE_READ_sum'] != 0), None)), 0)
': 'TCP_TCP_LATENCY_sum'.

--------------------------------------------------------------------------------
0. Top Stats
0.1 Top Kernels
╒═════════╤══════════════════════════════════════════╤═════════╤═══════════════╤═══════════════╤═══════════════╤════════╕
│   index │ Kernel_Name                              │   Count │       Sum(ns) │      Mean(ns) │    Median(ns) │    Pct │
╞═════════╪══════════════════════════════════════════╪═════════╪═══════════════╪═══════════════╪═══════════════╪════════╡
│       0 │ device_memcpy_kernel(int*, int*, unsigne │    1.00 │ 1013696386.00 │ 1013696386.00 │ 1013696386.00 │ 100.00 │
│         │ d long)                                  │         │               │               │               │        │
╘═════════╧══════════════════════════════════════════╧═════════╧═══════════════╧═══════════════╧═══════════════╧════════╛
0.2 Dispatch List
╒═════════╤═══════════════╤═════════════════════════════════════════════════╤══════════╕
│   index │   Dispatch_ID │ Kernel_Name                                     │   GPU_ID │
╞═════════╪═══════════════╪═════════════════════════════════════════════════╪══════════╡
│       0 │             0 │ device_memcpy_kernel(int*, int*, unsigned long) │        0 │
╘═════════╧═══════════════╧═════════════════════════════════════════════════╧══════════╛


--------------------------------------------------------------------------------
3. Memory Chart
3.1 Memory Chart
⣀⣀⣀⣀⣀⣀⣀⣀⣀⣀⣀⣀⣀⣀⣀⣀⣀⣀⣀⣀⣀⣀⣀⣀⣀⣀⣀⣀⣀⣀⣀⣀⣀⣀⣀⣀⣀⣀⣀⣀⣀⣀⣀⣀⣀⣀⣀⣀⣀⣀⣀⣀⣀⣀⣀⣀⣀⣀⣀⣀⣀⣀⣀⣀⣀⣀⣀⣀⣀⣀⣀⣀⣀⣀⣀⣀⣀⣀⣀⣀⣀⣀⣀⣀⣀⣀⣀⣀⣀⣀⣀⣀⣀⣀⣀⣀⣀⣀⣀⣀⣀⣀⣀⣀⣀⣀⣀⣀⣀⣀⣀⣀⣀⣀⣀⣀⣀⣀⣀⣀⣀⣀⣀⣀⣀⣀⣀⣀⣀⣀⣀⣀⣀⣀⣀⣀⣀⣀⣀⣀⣀⣀⣀⣀⣀⣀⣀⣀⣀⣀⣀⣀⣀⣀⣀⣀⣀⣀⣀⣀⣀⣀⣀⣀⣀⣀⣀⣀⣀⣀⣀⣀⣀⣀⣀⣀⣀⣀⣀⣀⣀⣀⣀⣀⣀⣀⣀⣀⣀⣀⣀⣀⣀⣀⣀⣀⣀⣀⣀⣀⣀⣀⣀⣀⣀⣀⣀⣀⣀⣀⣀⣀⣀⣀⣀⣀⣀⣀⣀⣀⣀⣀⣀⣀⣀⣀⣀⣀⣀⣀⣀⣀⣀⡀
⡇⠀⠀⠀⠀⠀⠀⠀⠀⠀⠀⠀⠀⠀⠀⠀⠀⠀⠀⠀⠀⠀⠀⠀⠀⠀⠀⠀⠀⠀⠀⠀⠀⠀⠀⠀⠀⠀⠀⠀⠀⠀⠀⠀⠀⠀⠀⠀⠀⠀⠀⠀⠀⠀⠀⠀⠀⠀⠀⠀⠀⠀⠀⠀⠀⠀⠀⠀⠀⠀⠀⠀⠀⠀⠀⠀⠀⠀⠀⠀⠀⠀⠀⠀⠀⠀⠀⠀⠀⠀⠀⠀⠀⠀⠀⠀⠀⠀⠀⠀⠀⠀⠀⠀⠀⠀⠀⠀⠀⠀⠀⠀⠀⠀⠀⠀⠀⠀⠀⠀⠀⠀⠀⠀⠀⠀⠀⠀⠀⠀⠀⠀⠀⠀⠀⠀⠀⠀⠀⠀⠀⠀⠀⠀⠀⠀⠀⠀⠀⠀⠀⠀⠀⠀⠀⠀⠀⠀⠀⠀⠀⠀⠀⠀⠀⠀⠀⠀⠀⠀⠀⠀⠀⠀⠀⠀⠀⠀⠀⠀⠀⠀⠀⠀⠀⠀⠀⠀⠀⠀⠀⠀⠀⠀⠀⠀⠀⠀⠀⠀⠀⠀⠀⠀⠀⠀⠀⠀⠀⠀⠀⠀⠀⠀⠀⠀⠀⠀⠀⠀⠀⠀⠀⠀⠀⠀⠀⠀⠀⠀⠀⠀⠀⡇
⡇⠀(Normalization: per_kernel)⠀⠀⠀⠀⠀⠀⠀⠀⠀⠀⠀⠀⠀⠀⠀⠀⠀⠀⠀⠀⠀⠀⠀⠀⠀⠀⠀⠀⠀⠀⠀⠀⠀⠀⠀⠀⠀⠀⠀⠀⠀⠀⠀⠀⠀⠀⠀⠀⠀⠀⠀⠀⠀⠀⠀⠀⠀⠀⠀⠀⠀⠀⠀⠀⠀⠀⠀⠀⠀⠀⠀⠀⠀⠀⠀⠀⠀⠀⠀⠀⠀⠀⠀⠀⠀⠀⠀⠀⠀⠀⠀⠀⠀⠀⠀⠀⠀⠀⠀⠀⠀⠀⠀⠀⠀⠀⠀⠀⠀⠀⠀⠀⠀⠀⠀⠀⠀⠀⠀⠀⠀⠀⠀⠀⠀⠀⠀⠀⠀⠀⠀⠀⠀⠀⠀⠀⠀⠀⠀⠀⠀⠀⠀⠀⠀⠀⠀⠀⠀⠀⠀⠀⠀⠀⠀⠀⠀⠀⠀⠀⠀⠀⠀⠀⠀⠀⠀⠀⠀⠀⠀⠀⠀⠀⠀⠀⠀⠀⠀⠀⠀⠀⠀⠀⠀⠀⠀⠀⠀⠀⠀⠀⠀⠀⠀⠀⠀⠀⠀⠀⠀⠀⠀⠀⡇
⡇⠀⠀⠀⠀⠀⠀⠀⠀⠀⠀⠀⠀⠀⠀⠀⠀⠀⠀⠀⠀⠀⠀⠀⠀⠀⠀⠀⠀⠀⠀⠀⠀⠀⠀⠀⠀⠀⠀⠀⠀⠀⠀⠀⠀⠀⠀⠀⠀⠀⠀⠀⠀⠀⠀⠀⠀⠀⠀⠀⠀⠀⠀⠀⠀⠀⠀⠀⠀⠀⠀⠀⠀⠀⠀⠀⠀⠀⠀⠀⠀⠀⠀⠀⠀⠀⠀⠀⠀⠀⠀⠀⠀⠀⠀⠀⠀⠀⠀⠀⠀⠀⠀⠀⠀⠀⠀⠀⠀⠀⠀⠀⠀⠀⠀⠀⠀⠀⠀⠀⠀⠀⠀⠀⠀⠀⠀⠀⠀⠀⠀⠀⠀⠀⠀⠀⠀⠀⠀⠀⠀⠀⠀⠀⠀⠀⠀⠀⠀⠀⠀⠀⠀⠀⠀⠀⠀⠀⠀⠀⠀⠀⠀⠀⠀⠀⠀⠀⠀⠀⠀⠀⠀⠀⠀⠀⠀⠀⠀⠀⠀⠀⠀⠀⠀⠀⠀⠀⠀⠀⠀⠀⠀⠀⠀⠀⠀⠀⠀⠀⠀⠀⠀⠀⠀⠀⠀⠀⠀⠀⠀⠀⠀⠀⠀⠀⠀⠀⠀⠀⠀⠀⠀⠀⠀⠀⠀⠀⠀⠀⠀⠀⠀⡇
⡇⠀Instr Buff⠀⠀⠀⠀⠀⠀⠀⠀⠀⠀⠀⠀⠀⠀⠀⠀⠀⠀⠀⠀⠀⠀⠀⠀⠀⠀Instr Dispatch⠀⠀⠀⠀⠀⠀Exec⠀⠀⠀⠀⠀⠀⠀⠀⠀⠀⠀⠀⠀⠀⠀⠀⠀⠀⠀⠀⠀⠀⠀⠀⠀⠀⠀⠀⠀⠀⠀⠀⠀LDS⠀⠀⠀⠀⠀⠀⠀⠀⠀⠀⠀⠀⠀⠀⠀⠀⠀⠀⠀⠀⠀⠀⠀⠀⠀⠀⠀⠀⠀⠀⠀⠀⠀⠀⠀⠀⠀⠀⠀⠀L2 Cache⠀⠀⠀⠀⠀⠀⠀⠀⠀⠀⠀⠀⠀⠀⠀⠀⠀⠀⠀⠀⠀⠀⠀⠀⠀⠀⠀⠀⠀⠀⠀⠀⠀⠀⠀⠀⠀⠀⠀⠀⠀⠀⠀⠀⠀⠀⠀⠀⠀⠀⠀⠀⠀⠀⠀⠀⠀⠀⠀⠀⠀⠀⠀⠀⠀⠀⠀⠀⠀⠀⠀⠀⠀⠀⠀⠀⠀⠀⠀⠀⠀⠀⠀⠀⠀⠀⠀⡇
⡇⠀⠀⠀⣀⣀⣀⣀⣀⣀⣀⣀⣀⣀⣀⣀⣀⣀⣀⣀⣀⣀⣀⣀⣀⣀⣀⣀⣀⡀⠀⠀⡀⠀⠀⠀⠀⠀⠀⠀⠀⠀⠀⠀⠀⠀⠀⠀⠀⠀⠀⠀⠀⠀⠀⠀⠀⠀⣀⣀⣀⣀⣀⣀⣀⣀⣀⣀⣀⣀⣀⣀⣀⣀⣀⣀⣀⣀⡀⠀⠀⠀⠀⠀⠀⠀⠀⠀⠀⠀⠀⠀⠀⠀⠀⣀⣀⣀⣀⣀⣀⣀⣀⣀⣀⣀⣀⣀⣀⣀⣀⣀⣀⣀⣀⣀⣀⣀⣀⡀⠀⠀⠀⠀⠀⠀⠀⠀⠀⠀⠀⠀⠀⠀⠀⠀⠀⠀⣀⣀⣀⣀⣀⣀⣀⣀⣀⣀⣀⣀⣀⣀⣀⣀⣀⣀⣀⣀⣀⣀⣀⣀⡀⠀⠀⠀⠀⠀⠀⠀⠀⠀⠀⠀⠀⠀⠀⠀⠀⠀⠀⠀⠀⠀⠀⠀⠀⠀⣀⣀⣀⣀⣀⣀⣀⣀⣀⣀⡀⠀⠀⠀⠀⠀⠀⠀⠀⠀⠀⠀⠀⠀⠀⠀⠀⠀⠀⠀⠀⠀⠀⠀⠀⠀⠀⠀⠀⠀⠀⠀⠀⠀⠀⡇
⡇⠀⣀⣖⣗⣒⣒⣒⣒⣒⣒⣒⣒⣒⣒⣒⣒⣒⣒⣒⣒⣒⣒⣒⣒⣒⣒⡒⡆⡇⠀⠀⡏⠢⢄⠀⠀⠀⠀⠀⠀SALU: 51239780⠀⠀⠀⡇⠀⠀⠀⠀⠀⠀⠀⠀⠀⠀⠀⠀⠀⠀⠀⠀⠀⠀⠀⡇⠀⠀⠀⠀⠀⠀⠀⠀⠀⠀⠀⠀⠀⠀⠀⠀⡇⠀⠀⠀⠀⠀⠀⠀⠀⠀⠀⠀⠀⠀⠀⠀⠀⠀⠀⠀⠀⠀⠀⠀⡇⠀⠀⠀⠀⠀⠀⠀⠀⠀⠀⠀⠀⠀⠀⠀⠀⠀⠀⡇⠀⠀⠀⠀⠀⠀⠀⠀⠀⠀⠀⠀⠀⠀⠀⠀⠀⠀⠀⠀⠀⠀⠀⡇⠀⠀⠀⠀⠀⠀⠀⠀⠀⠀⠀⠀⠀⠀⠀⠀⠀⠀⠀⠀⠀⠀⠀⠀⠀⡇⠀⠀⠀⠀⠀⠀⠀⠀⠀⡇⠀⠀⠀⠀⠀⠀⠀⠀⠀⠀⠀⠀⠀⠀⠀⠀⠀⠀⠀⠀⠀⠀⠀⠀⠀⠀⠀⠀⠀⠀⠀⠀⠀⠀⡇
⡇⠀⡇⡇⡇⠀⣀⣀⣀⣀⣀⣀⣀⣀⣀⣀⣀⣀⣀⣀⣀⣀⣀⣀⣀⡀⠀⡇⡇⡇⠀⠀⡇⠀⠀⠑⡆⠀------------------>⠀⡇⠀Active CUs⠀⠀⠀⠀⠀⠀⠀⠀⡇⠀⠀Req:    0⠀⠀⠀⠀⠀⡇⠀Util:      0 %⠀⠀⠀⠀⠀⠀⠀⠀⡇⠀⠀⠀⠀⠀⠀⠀⠀⠀⠀⠀⠀⠀⠀⠀⠀⠀⠀⡇⠀⠀⠀⠀⠀⠀⠀⠀⠀⠀⠀⠀⠀⠀⠀⠀⠀⠀⠀⠀⠀⠀⠀⡇⠀⠀⠀⠀⠀⠀⠀⠀⠀⠀⠀⠀⠀⠀⠀⠀⠀⠀⠀⠀⠀⠀⠀⠀⠀⡇xGMI/PCIe⡇⠀⠀⠀⠀⠀⠀⠀⠀⠀⠀⠀⠀⠀⠀⠀⠀⠀⠀⠀⠀⠀⠀⠀⠀⠀⠀⠀⠀⠀⠀⠀⠀⠀⠀⡇
⡇⠀⡇⡇⡇⠀⡇Wave   0 Instr Buf⡇⠀⡇⡇⡇⠀⠀⡇⠀⠀⠀⡇⠀⠀⠀⠀⠀⠀⠀⠀⠀⠀⠀⠀⠀⠀⠀⠀⠀⠀⠀⠀⠀⡇⠀n/a: 304⠀⠀⠀⠀⠀⠀⠀⠀⠀⠀⡇<---------------⡇⠀⠀⠀⠀⠀⠀⠀⠀⠀⠀⠀⠀⠀⠀⠀⠀⠀⠀⠀⠀⠀⠀⠀⡇⠀⠀⠀⠀⠀⠀⠀⠀⠀⠀⠀⠀⠀⠀⠀⠀⠀⠀⡇⠀⣀⣀⣀⣀⣀⣀⣀⣀⣀⣀⣀⣀⣀⣀⣀⣀⣀⣀⣀⣀⡀⠀⡇⠀⠀⠀⠀⠀⠀⠀⠀⠀⠀⠀⠀⠀⠀⠀⠀⠀⠀⠀⠀⠀⠀⠀⠀⠀⡇⠀⠀⠀⠀⠀⠀⠀⠀⠀⡇⠀⠀⠀⠀⠀⠀⠀⠀⠀⠀⠀⠀⠀⠀⠀⠀⠀⠀⠀⠀⠀⠀⠀⠀⠀⠀⠀⠀⠀⠀⠀⠀⠀⠀⡇
⡇⠀⡇⡇⡇⠀⠓⠒⠒⠒⠒⠒⠒⠒⠒⠒⠒⠒⠒⠒⠒⠒⠒⠒⠒⠃⠀⡇⡇⡇⠀⠀⡇⠀⠀⠀⡇⠀⠀⠀⠀SMEM: 50432181⠀⠀⠀⡇⠀⠀⠀⠀⠀⠀⠀⠀⠀⠀⠀⠀⠀⠀⠀⠀⠀⠀⠀⡇⠀⠀⠀⠀⠀⠀⠀⠀⠀⠀⠀⠀⠀⠀⠀⠀⡇⠀Lat:    N/A⠀⠀⠀⠀⠀⠀⠀⠀⠀⠀⠀⡇⠀⠀⠀⠀⠀⠀⠀⠀⠀⠀⠀⠀⠀⠀⠀⠀⠀⠀⡇⠀⡇⠀Hit:     22 %⠀⠀⠀⠀⠀⡇⠀⡇⠀⠀⠀⠀⠀⠀⠀⠀⠀⠀⠀⠀⠀⠀⠀⠀⠀⠀⠀⠀⠀⠀⠀⠀⠀⣇⣀⣀⣀⣀⣀⣀⣀⣀⣀⡇⠀⠀⠀⠀⠀⠀⠀⠀⠀⠀⠀⠀⠀⠀⠀⠀⠀⠀⠀⠀⠀⠀⠀⠀⠀⠀⠀⠀⠀⠀⠀⠀⠀⠀⡇
⡇⠀⡇⡇⡇⠀⠀⠀⠀⠀⠀⠀⠀⠀⠀⠀⠀⠀⠀⠀⠀⠀⠀⠀⠀⠀⠀⡇⡇⡇⠀⠀⡇⠀⠀⠀⡇⠀------------------>⠀⡇⠀⣀⣀⣀⣀⣀⣀⣀⣀⣀⣀⣀⣀⣀⣀⣀⣀⡀⠀⡇⠀⠀⠀⠀⠀⠀⠀⠀⠀⠀⠀⠀⠀⠀⠀⠀⣇⣀⣀⣀⣀⣀⣀⣀⣀⣀⣀⣀⣀⣀⣀⣀⣀⣀⣀⣀⣀⣀⣀⣀⡇⠀⠀⠀⠀⠀⠀⠀⠀⠀⠀⠀⠀⠀⠀⠀⠀⠀⠀⡇⠀⣇⣀⣀⣀⣀⣀⣀⣀⣀⣀⣀⣀⣀⣀⣀⣀⣀⣀⣀⣀⡇⠀⡇⠀⠀⠀⠀⠀⠀⠀⠀⠀⠀⠀⠀⠀⠀⠀⠀⠀⠀⠀⠀⠀⠀⠀⠀⠀⠀⠀⠀^   |⠀⠀⠀⠀⠀⠀⠀⠀⠀⠀⠀⠀⠀⠀⠀⠀⠀⠀⠀⠀⠀⠀⠀⠀⠀⠀⠀⠀⠀⠀⠀⠀⠀⠀⠀⠀⠀⡇
⡇⠀⡇⡇⡇⠀⣀⣀⣀⣀⣀⣀⣀⣀⣀⣀⣀⣀⣀⣀⣀⣀⣀⣀⣀⡀⠀⡇⡇⡇⠀⠀⡇⠀⠀⠀⡇⠀⠀⠀⠀⠀⠀⠀⠀⠀⠀⠀⠀⠀⠀⠀⠀⠀⠀⠀⠀⠀⡇⠀⡇⠀RVGPRseq:   4.0⠀⡇⠀⠀⠀⠀⠀⠀⠀⠀⠀⠀⠀⠀⠀⠀⠀⠀⠀⠀⠀⠀⠀⠀⠀⠀⠀⠀⠀⠀⠀⠀⠀⠀⠀⠀⠀⠀⠀⠀⠀⠀⠀⠀⠀⠀⠀⠀⠀⠀⠀⠀⠀⠀⠀⠀⠀⠀⠀⠀⠀⡇⠀⠀⠀⠀⠀⠀⠀⠀⠀⠀⠀⠀⠀⠀⠀⠀⠀⠀⠀⠀⠀⠀⠀⡇⠀⠀⠀⠀⠀⠀⠀⠀⠀⠀⠀⠀⠀⠀⠀⠀⠀⠀⠀⠀⠀⠀⠀⠀⠀⠀⠀⠀|   |⠀⠀⠀⠀⠀⠀⠀⠀⠀⠀⠀⠀⠀⠀⠀⠀⠀⠀⠀⠀⠀⠀⠀⠀⠀⠀⠀⠀⠀⠀⠀⠀⠀⠀⠀⠀⠀⡇
⡇⠀⡇⡇⡇⠀⡇Wave N-1 Instr Buf⡇⠀⡇⡇⡇⠀⠀⡇⠀⠀⠀⡇⠀⠀⠀⠀VALU: 117479428⠀⠀⡇⠀⣇⣀⣀⣀⣀⣀⣀⣀⣀⣀⣀⣀⣀⣀⣀⣀⡇⠀⡇⠀⠀⠀⠀⠀⠀⠀⠀⠀⠀⠀⠀⠀⠀⠀⠀Vector L1 Cache⠀⠀⠀⠀⠀⠀⠀⠀⠀⠀⠀⠀⠀⠀⠀⠀⠀⠀⠀⠀⠀⠀⠀⠀⠀⠀⠀⠀⡇⠀Request⠀⠀⠀⠀⠀⠀⠀⠀⠀⠀⠀⠀⠀⠀⠀⡇⠀⠀⠀⠀⠀⠀⠀⠀⠀⠀⠀⠀⠀⠀⠀⠀⠀⠀⠀⠀⠀⠀⠀⠀⠀⠀⠀⠀|   |⠀⠀⠀⠀⠀⠀⠀⠀⠀⠀⠀⠀⠀⠀⠀⠀⠀⠀⠀⠀⠀⠀⠀⠀⠀⠀⠀⠀⠀⠀⠀⠀⠀⠀⠀⠀⠀⡇
⡇⠀⡇⡇⡇⠀⠓⠒⠒⠒⠒⠒⠒⠒⠒⠒⠒⠒⠒⠒⠒⠒⠒⠒⠒⠃⠀⡇⡇⡇⠀⠀⡇⠀⠀⠀⡇⠀------------------>⠀⡇⠀⣀⣀⣀⣀⣀⣀⣀⣀⣀⣀⣀⣀⣀⣀⣀⣀⡀⠀⡇⠀⠀⠀⠀⠀⠀⠀⠀⠀⠀⠀⠀⠀⠀⠀⠀⣀⣀⣀⣀⣀⣀⣀⣀⣀⣀⣀⣀⣀⣀⣀⣀⣀⣀⣀⣀⣀⣀⣀⣀⡀⠀⠀⠀⠀⠀⠀⠀⠀⠀⠀⠀⠀⠀⠀⠀⠀⠀⠀⡇⠀⡖⠒⠒⠒⠒⠒⠒⠒⠒⠒⠒⠒⠒⠒⠒⠒⠒⠒⠒⠒⡆⠀⡇⠀⠀⠀⠀⠀⠀⠀⠀⠀⠀⠀⠀⠀⠀⠀⠀⠀⠀⠀⠀⠀⠀⠀⠀⠀⠀⠀⠀|   v⠀⠀⠀⠀⠀⠀⠀⠀⠀⠀⠀⠀⠀⠀⠀⠀⠀⠀⠀⠀⠀⠀⠀⠀⠀⠀⠀⠀⠀⠀⠀⠀⠀⠀⠀⠀⠀⡇
⡇⠀⡇⡇⡇⠀⠀⠀⠀⠀⠀⠀⠀⠀⠀⠀⠀⠀⠀⠀⠀⠀⠀⠀⠀⠀⠀⡇⡇⡇⠀⠀⡇⠀⠀⠀⡇⠀⠀⠀⠀⠀⠀⠀⠀⠀⠀⠀⠀⠀⠀⠀⠀⠀⠀⠀⠀⠀⡇⠀⡇⠀SGPRs:    16⠀⠀⡇⠀⡇⠀⠀⠀⠀⠀⠀⠀⠀⠀⠀⠀⠀⠀⠀⠀⠀⡇⠀⠀⠀⠀⠀⠀⠀⠀⠀⠀⠀⠀⠀⠀⠀⠀⠀⠀⠀⠀⠀⠀⠀⡇⠀⠀⠀⠀⠀⠀⠀⠀⠀⠀⠀⠀⠀⠀⠀⠀⠀⠀⡇⠀⡇⠀⠀⠀⠀⠀⠀⠀⠀⠀⠀⠀⠀⠀⠀⠀⠀⠀⠀⠀⡇⠀⡇⠀⠀⠀⠀⠀⠀⠀⠀⠀⠀⠀⠀⠀⠀⠀⠀⠀⠀⣀⣀⣀⣀⣀⣀⣀⣀⣀⣀⣀⣀⣀⣀⣀⣀⣀⣀⣀⣀⣀⣀⣀⣀⡀⠀⠀⠀⠀⠀⠀⠀⠀⠀⠀⠀⠀⠀⠀⠀⠀⠀⠀⠀⠀⠀⠀⠀⠀⠀⠀⠀⡇
⡇⠀⡇⡇⡇⠀⠀⠀⠀⠀⠀⠀⠀⠀⠀⠀⠀⠀⠀⠀⠀⠀⠀⠀⠀⠀⠀⡇⡇⡇⠀⠀⡇⠀⠀⠀⡇⠀⠀⠀⠀MFMA: 0   ⠀⠀⠀⠀⠀⠀⠀⡇⠀⣇⣀⣀⣀⣀⣀⣀⣀⣀⣀⣀⣀⣀⣀⣀⣀⡇⠀⡇⠀⠀Rd: 269058112⠀⡇⠀Hit:     25 %⠀⠀⠀⠀⠀⠀⠀⠀⠀⡇⠀⠀⠀Rd: 33554432⠀⠀⠀⡇⠀⡇⠀Rd: 84025446⠀⠀⠀⠀⠀⠀⡇⠀⡇⠀⠀⠀⠀⠀⠀⠀⠀⠀⠀⠀⠀⠀⠀⠀⠀⠀⠀⡇⠀⠀⠀⠀⠀⠀⠀⠀⠀⠀⠀⠀⠀⠀⠀⠀⠀⠀⠀⠀⠀⠀⠀⡇⠀⠀⠀⠀⠀⠀⠀⠀⠀⠀⠀⠀⠀⠀⠀⠀⠀⠀⠀⠀⠀⠀⠀⠀⠀⠀⠀⡇
⡇⠀⡇⡇⡇⠀⠀⠀⠀⠀⠀⠀⠀⠀⠀⠀⠀⠀⠀⠀⠀⠀⠀⠀⠀⠀⠀⡇⡇⡇⠀⠀⡇⠀⠀⠀⡇⠀------------------>⠀⡇⠀⠀⠀⠀⠀⠀⠀⠀⠀⠀⠀⠀⠀⠀⠀⠀⠀⠀⠀⡇<---------------⡇⠀⠀⠀⠀⠀⠀⠀⠀⠀⠀⠀⠀⠀⠀⠀⠀⠀⠀⠀⠀⠀⠀⠀⡇⠀<---------------⠀⡇⠀⡇⠀⠀⠀⠀⠀⠀⠀⠀⠀⠀⠀⠀⠀⠀⠀⠀⠀⠀⠀⡇⠀⡇⠀⠀⠀⠀⠀⠀⠀⠀⠀⠀⠀⠀⠀⠀⠀⠀⠀⠀⡇⠀⠀⠀⠀⠀   Fabric⠀⠀⠀⠀⠀⠀⠀⠀⠀⡇⠀⠀⠀⠀⠀⠀⠀⠀⠀⠀⠀⠀⠀⠀⠀⠀⠀⠀⠀⠀⠀⠀⠀⠀⠀⠀⠀⡇
⡇⠀⡇⡇⡇⠀⠀⠀⠀⠀⠀⠀⠀⠀⠀⠀⠀⠀⠀⠀⠀⠀⠀⠀⠀⠀⠀⡇⡇⡇⠀⠀⡇⠀⠀⠀⡇⠀⠀⠀⠀⠀⠀⠀⠀⠀⠀⠀⠀⠀⠀⠀⠀⠀⠀⠀⠀⠀⡇⠀⣀⣀⣀⣀⣀⣀⣀⣀⣀⣀⣀⣀⣀⣀⣀⣀⡀⠀⡇⠀⠀Wt: 268861312⠀⡇⠀Lat:    N/A⠀⠀⠀⠀⠀⠀⠀⠀⠀⠀⠀⡇⠀⠀⠀Wr: 67214080⠀⠀⠀⡇⠀⡇⠀Wr: 67108864⠀⠀⠀⠀⠀⠀⡇⠀⡇⠀⠀⠀Rd: 83995952⠀⠀⠀⡇⠀⠀⠀⠀⠀⠀⠀⠀⠀⠀⠀⠀⠀⠀⠀⠀⠀⠀⠀⠀⠀⠀⠀⡇⠀⠀⠀⠀⠀⠀⠀⠀⠀⠀⠀⠀⠀⠀⣀⣀⣀⣀⣀⣀⣀⣀⣀⣀⡀⠀⠀⡇
⡇⠀⡇⡇⡇⠀⠀⠀⠀⠀⠀⠀⠀⠀⠀⠀⠀⠀⠀⠀⠀⠀⠀⠀⠀⠀⠀⡇⡇⡇⠀⠀⡇⠀⠀⠀⡇⠀⠀⠀⠀VMEM: 33554432⠀⠀⠀⡇⠀⡇⠀LDS Alloc:⠀⠀⠀⠀⡇⠀⡇--------------->⡇⠀⠀⠀⠀⠀⠀⠀⠀⠀⠀⠀⠀⠀⠀⠀⠀⠀⠀⠀⠀⠀⠀⠀⡇⠀--------------->⠀⡇⠀⡇⠀⠀⠀⠀⠀⠀⠀⠀⠀⠀⠀⠀⠀⠀⠀⠀⠀⠀⠀⡇⠀⡇⠀<---------------⠀⡇⠀Latency (cycles)⠀⠀⠀⠀⠀⠀⡇⠀⠀⠀Rd: 83890348⠀⠀⠀⠀⠀⠀⠀⠀⠀⡇⠀⠀⡇
⡇⠀⡇⡇⡇⠀⠀⠀⠀⠀⠀⠀⠀⠀⠀⠀⠀⠀⠀⠀⠀⠀⠀⠀⠀⠀⠀⡇⡇⡇⠀⠀⡇⠀⠀⠀⡇⠀------------------>⠀⡇⠀⡇⠀            0⠀⡇⠀⡇⠀⠀Atomic:    0⠀⠀⡇⠀Coales:    100 %⠀⠀⠀⠀⠀⠀⡇⠀⠀⠀Atomic:    0⠀⠀⠀⡇⠀⡇⠀Atomic:      0⠀⠀⠀⠀⡇⠀⡇⠀⠀⠀Wr: 67284152⠀⠀⠀⡇⠀⡖⠒⠒⠒⠒⠒⠒⠒⠒⠒⠒⠒⠒⠒⠒⠒⠒⠒⠒⠒⡆⠀⡇⠀<-----------⠀⡇⠀⠀⠀HBM⠀⠀⠀⡇⠀⠀⡇
⡇⠀⡇⡇⡇⠀⠀⠀⠀⠀⠀⠀⠀⠀⠀⠀⠀⠀⠀⠀⠀⠀⠀⠀⠀⠀⠀⡇⡇⡇⠀⠀⡇⠀⠀⠀⡇⠀⠀⠀⠀⠀⠀⠀⠀⠀⠀⠀⠀⠀⠀⠀⠀⠀⠀⠀⠀⠀⡇⠀⣇⣀⣀⣀⣀⣀⣀⣀⣀⣀⣀⣀⣀⣀⣀⣀⡇⠀⡇<-------------->⡇⠀⠀⠀⠀⠀⠀⠀⠀⠀⠀⠀⠀⠀⠀⠀⠀⠀⠀⠀⠀⠀⠀⠀⡇⠀<-------------->⠀⡇⠀⡇⠀⠀⠀⠀⠀⠀⠀⠀⠀⠀⠀⠀⠀⠀⠀⠀⠀⠀⠀⡇⠀⡇⠀--------------->⠀⡇⠀⡇⠀Rd:   3618⠀⠀⠀⠀⠀⠀⠀⠀⡇⠀⡇⠀⠀⠀Wr: 67286354⠀⠀⠀⠀⠀⠀⠀⠀⠀⡇⠀⠀⡇
⡇⠀⡇⡇⡇⠀⠀⠀⠀⠀⠀⠀⠀⠀⠀⠀⠀⠀⠀⠀⠀⠀⠀⠀⠀⠀⠀⡇⡇⡇⠀⠀⡇⠀⠀⠀⡇⠀⠀⠀⠀LDS: 0   ⠀⠀⠀⠀⠀⠀⠀⠀⡇⠀⣀⣀⣀⣀⣀⣀⣀⣀⣀⣀⣀⣀⣀⣀⣀⣀⡀⠀⡇⠀⠀⠀⠀⠀⠀⠀⠀⠀⠀⠀⠀⠀⠀⠀⠀⡇⠀Stall:      0 cycles⠀⠀⡇⠀⠀⠀⠀⠀⠀⠀⠀⠀⠀⠀⠀⠀⠀⠀⠀⠀⠀⡇⠀⣇⣀⣀⣀⣀⣀⣀⣀⣀⣀⣀⣀⣀⣀⣀⣀⣀⣀⣀⣀⡇⠀⡇⠀⠀⠀Atomic:    0⠀⠀⠀⡇⠀⡇⠀Wr:    253⠀⠀⠀⠀⠀⠀⠀⠀⡇⠀⡇⠀----------->⠀⣇⣀⣀⣀⣀⣀⣀⣀⣀⣀⡇⠀⠀⡇
⡇⠀⡇⡇⡇⠀⠀⠀⠀⠀⠀⠀⠀⠀⠀⠀⠀⠀⠀⠀⠀⠀⠀⠀⠀⠀⠀⡇⡇⡇⠀⠀⡇⠀⠀⠀⡇⠀------------------>⠀⡇⠀⡇⠀Scratch Alloc:⡇⠀⡇⠀⠀⠀⠀⠀⠀⠀⠀⠀⠀⠀⠀⠀⠀⠀⠀⣇⣀⣀⣀⣀⣀⣀⣀⣀⣀⣀⣀⣀⣀⣀⣀⣀⣀⣀⣀⣀⣀⣀⣀⡇⠀⠀⠀⠀⠀⠀⠀⠀⠀⠀⠀⠀⠀⠀⠀⠀⠀⠀⡇⠀⠀⠀⠀⠀⠀⠀⠀⠀⠀⠀⠀⠀⠀⠀⠀⠀⠀⠀⠀⠀⠀⠀⡇⠀--------------->⠀⡇⠀⡇⠀Atomic:      0⠀⠀⠀⠀⡇⠀⡇⠀⠀⠀⠀⠀⠀⠀⠀⠀⠀⠀⠀⠀⠀⠀⠀⠀⠀⠀⠀⠀⠀⠀⠀⠀⠀⠀⡇
⡇⠀⡇⡇⡇⠀⠀⠀⠀⠀⠀⠀⠀⠀⠀⠀⠀⠀⠀⠀⠀⠀⠀⠀⠀⠀⠀⡇⡇⡇⠀⠀⡇⠀⠀⠀⡇⠀⠀⠀⠀⠀⠀⠀⠀⠀⠀⠀⠀⠀⠀⠀⠀⠀⠀⠀⠀⠀⡇⠀⡇⠀            0⠀⡇⠀⡇⠀⠀⠀⠀⠀⠀⠀⠀⠀⠀⠀⠀⠀⠀⠀⠀⠀⠀⠀⠀⠀⠀⠀⠀⠀⠀⠀⠀⠀⠀⠀⠀⠀⠀⠀⠀⠀⠀⠀⠀⠀⠀⠀⠀⠀⠀⠀⠀⠀⠀⠀⠀⠀⠀⠀⠀⠀⠀⠀⡇⠀⠀⠀⠀⠀⠀⠀⠀⠀⠀⠀⠀⠀⠀⠀⠀⠀⠀⠀⠀⠀⠀⠀⡇⠀⠀⠀⠀⠀⠀⠀⠀⠀⠀⠀⠀⠀⠀⠀⠀⠀⠀⡇⠀⣇⣀⣀⣀⣀⣀⣀⣀⣀⣀⣀⣀⣀⣀⣀⣀⣀⣀⣀⣀⡇⠀⡇⠀⠀⠀⠀⠀⠀⠀⠀⠀⠀⠀⠀⠀⠀⠀⠀⠀⠀⠀⠀⠀⠀⠀⠀⠀⠀⠀⡇
⡇⠀⡇⡇⡇⠀⠀⠀⠀Wave Occupancy⠀⠀⠀⠀⡇⡇⡇⠀⠀⡇⠀⠀⠀⡇⠀⠀⠀⠀GWS: 0   ⠀⠀⠀⠀⠀⠀⠀⠀⡇⠀⣇⣀⣀⣀⣀⣀⣀⣀⣀⣀⣀⣀⣀⣀⣀⣀⡇⠀⡇⠀⠀⠀⠀⠀⠀⠀⠀⠀⠀⠀⠀⠀⠀⠀⠀Scalar L1D Cache⠀⠀⠀⠀⠀⠀⠀⠀⠀⠀⠀⠀⠀⠀⠀⠀⠀⠀⠀⠀⠀⠀⠀⠀⠀⠀⠀⡇⠀Latency (cycles)⠀⠀⠀⠀⠀⠀⡇⠀⠀⠀⠀⠀⠀⠀⠀⠀⠀⠀⠀⠀⠀⠀⠀⠀⠀⡇⠀⠀⠀⠀⠀⠀⠀⠀⠀⠀⠀⠀⠀⠀⠀⠀⠀⠀⠀⠀⠀⠀⠀⡇⠀⠀⠀⠀⠀⠀⠀⠀⠀⠀⠀⠀⠀⠀⠀⠀⠀⠀⠀⠀⠀⠀⠀⠀⠀⠀⠀⡇
⡇⠀⡇⡇⡇⠀⠀⠀⠀⠀⠀⠀  0⠀⠀⠀⠀⠀⠀⠀⠀⠀⠀⠀⠀⡇⡇⡇⠀⠀⡇⠀⠀⠀⡇⠀------------------>⠀⡇⠀⠀⠀⠀⠀⠀⠀⠀⠀⠀⠀⠀⠀⠀⠀⠀⠀⠀⠀⡇⠀⠀⠀⠀⠀⠀⠀⠀⠀⠀⠀⠀⠀⠀⠀⠀⣀⣀⣀⣀⣀⣀⣀⣀⣀⣀⣀⣀⣀⣀⣀⣀⣀⣀⣀⣀⣀⣀⣀⣀⡀⠀⠀⠀Rd: 50379150⠀⠀⠀⡇⠀⡖⠒⠒⠒⠒⠒⠒⠒⠒⠒⠒⠒⠒⠒⠒⠒⠒⠒⠒⠒⡆⠀⡇⠀⠀⠀⠀⠀⠀⠀⠀⠀⠀⠀⠀⠀⠀⠀⠀⠀⠀⣇⣀⣀⣀⣀⣀⣀⣀⣀⣀⣀⣀⣀⣀⣀⣀⣀⣀⣀⣀⣀⣀⣀⣀⡇⠀⠀⠀⠀⠀⠀⠀⠀⠀⠀⠀⠀⠀⠀⠀⠀⠀⠀⠀⠀⠀⠀⠀⠀⠀⠀⠀⡇
⡇⠀⡇⡇⡇⠀⠀⠀⠀Wave Life⠀⠀⠀⠀⠀⠀⠀⠀⠀⡇⡇⡇⠀⠀⡇⠀⠀⠀⡇⠀⠀⠀⠀⠀⠀⠀⠀⠀⠀⠀⠀⠀⠀⠀⠀⠀⠀⠀⠀⠀⡇⠀⣀⣀⣀⣀⣀⣀⣀⣀⣀⣀⣀⣀⣀⣀⣀⣀⡀⠀⡇⠀⠀⠀⠀⠀⠀⠀⠀⠀⠀⠀⠀⠀⠀⠀⠀⡇⠀⠀⠀⠀⠀⠀⠀⠀⠀⠀⠀⠀⠀⠀⠀⠀⠀⠀⠀⠀⠀⠀⠀⡇⠀<---------------⠀⡇⠀⡇⠀⠀⠀⠀⠀⠀⠀⠀⠀⠀⠀⠀⠀⠀⠀⠀⠀⠀⠀⡇⠀⡇⠀⠀⠀⠀⠀⠀⠀⠀⠀⠀⠀⠀⠀⠀⠀⠀⠀⠀⠀⠀⠀⠀⠀⠀⠀⠀⠀⠀^   |⠀⠀⠀⠀⠀⠀⠀⠀⠀⠀⠀⠀⠀⠀⠀⠀⠀⠀⠀⠀⠀⠀⠀⠀⠀⠀⠀⠀⠀⠀⠀⠀⠀⠀⠀⠀⠀⡇
⡇⠀⡇⡇⡇⠀⠀⠀⠀⠀502200⠀⠀⠀⠀⠀⠀⠀⠀⠀⠀⠀⡇⡇⡇⠀⠀⡇⠀⠀⠀⡇⠀⠀⠀⠀BRANCH: 18923009⠀⡇⠀⡇⠀Wavefronts:⠀⠀⠀⡇⠀⡇⠀⠀Rd: 50426198⠀⠀⡇⠀Hit:      0 %⠀⠀⠀⠀⠀⠀⠀⠀⠀⡇⠀⠀⠀Wr: 57681⠀⠀⠀⠀⠀⠀⡇⠀⡇⠀Rd:    N/A⠀⠀⠀⠀⠀⠀⠀⠀⡇⠀⡇⠀⠀⠀⠀⠀⠀⠀⠀⠀⠀⠀⠀⠀⠀⠀⠀⠀⠀⠀⠀⠀⠀⠀⠀⠀⠀⠀⠀|   |⠀⠀⠀⠀⠀⠀⠀⠀⠀⠀⠀⠀⠀⠀⠀⠀⠀⠀⠀⠀⠀⠀⠀⠀⠀⠀⠀⠀⠀⠀⠀⠀⠀⠀⠀⠀⠀⡇
⡇⠀⡇⡇⣇⣀⣀⣀⣀⣀⣀⣀⣀⣀⣀⣀⣀⣀⣀⣀⣀⣀⣀⣀⣀⣀⣀⣇⣇⡇⠀⠀⡇⠀⢀⡠⠃⠀------------------>⠀⡇⠀⡇⠀     16780266⠀⡇⠀⡇<---------------⡇⠀⠀⠀⠀⠀⠀⠀⠀⠀⠀⠀⠀⠀⠀⠀⠀⠀⠀⠀⠀⠀⠀⠀⡇⠀--------------->⠀⡇⠀⡇⠀⠀⠀⠀⠀⠀⠀⠀⠀⠀⠀⠀⠀⠀⠀⠀⠀⠀⠀⡇⠀⡇⠀⠀⠀⠀⠀⠀⠀⠀⠀⠀⠀⠀⠀⠀⠀⠀⠀⠀⠀⠀⠀⠀⠀⠀⠀⠀⠀⠀|   |⠀⠀⠀⠀⠀⠀⠀⠀⠀⠀⠀⠀⠀⠀⠀⠀⠀⠀⠀⠀⠀⠀⠀⠀⠀⠀⠀⠀⠀⠀⠀⠀⠀⠀⠀⠀⠀⡇
⡇⠀⣇⣓⣒⣒⣒⣒⣒⣒⣒⣒⣒⣒⣒⣒⣒⣒⣒⣒⣒⣒⣒⣒⣒⣒⣒⡗⠃⠀⠀⠀⡧⠒⠁⠀⠀⠀⠀⠀⠀⠀⠀⠀⠀⠀⠀⠀⠀⠀⠀⠀⠀⠀⠀⠀⠀⠀⡇⠀⣇⣀⣀⣀⣀⣀⣀⣀⣀⣀⣀⣀⣀⣀⣀⣀⡇⠀⡇⠀⠀⠀⠀⠀⠀⠀⠀⠀⠀⠀⠀⠀⠀⠀⠀⡇⠀Lat: 2338.0 cycles⠀⠀⠀⠀⡇⠀⠀⠀Atomic:    0⠀⠀⠀⡇⠀⡇⠀Wr:    N/A⠀⠀⠀⠀⠀⠀⠀⠀⡇⠀⡇⠀⠀⠀⠀⠀⠀⠀⠀⠀⠀⠀⠀⠀⠀⠀⠀⠀⠀⠀⠀⠀⠀⠀⠀⠀⠀⠀⠀|   v⠀⠀⠀⠀⠀⠀⠀⠀⠀⠀⠀⠀⠀⠀⠀⠀⠀⠀⠀⠀⠀⠀⠀⠀⠀⠀⠀⠀⠀⠀⠀⠀⠀⠀⠀⠀⠀⡇
⡇⠀⠀⠀⠀⠀⠀⠀⠀⠀⠀⠀⠀⠀^⠀⠀⠀⠀⠀⠀⠀⠀⠀⠀⠀⠀⠀⠀⠀⠀⠀⠀⠀⠀⠀⠀⠀⠀⠀⠀⠀⠀⠀⠀⠀⠀⠀⠀⠀⠀⠀⠀⠀⠀⠀⠀⠀⡇⠀⣀⣀⣀⣀⣀⣀⣀⣀⣀⣀⣀⣀⣀⣀⣀⣀⡀⠀⡇⠀⠀⠀⠀⠀⠀⠀⠀⠀⠀⠀⠀⠀⠀⠀⠀⣇⣀⣀⣀⣀⣀⣀⣀⣀⣀⣀⣀⣀⣀⣀⣀⣀⣀⣀⣀⣀⣀⣀⣀⡇⠀<-------------->⠀⡇⠀⣇⣀⣀⣀⣀⣀⣀⣀⣀⣀⣀⣀⣀⣀⣀⣀⣀⣀⣀⣀⡇⠀⡇⠀⠀⠀⠀⠀⠀⠀⠀⠀⠀⠀⠀⠀⠀⠀⠀⠀⠀⠀⠀⠀⠀⠀⠀⠀⣀⣀⣀⣀⣀⣀⣀⣀⣀⣀⡀⠀⠀⠀⠀⠀⠀⠀⠀⠀⠀⠀⠀⠀⠀⠀⠀⠀⠀⠀⠀⠀⠀⠀⠀⠀⠀⠀⠀⠀⠀⠀⠀⠀⠀⡇
⡇⠀⠀⠀⠀⠀⠀⠀⠀⠀⠀⠀⠀⠀|⠀⠀⠀⠀⠀⠀⠀⠀⠀⠀⠀⠀⠀⠀⠀⠀⠀⠀⠀⠀⠀⠀⠀⠀⠀⠀⠀⠀⠀⠀⠀⠀⠀⠀⠀⠀⠀⠀⠀⠀⠀⠀⠀⡇⠀⡇⠀Workgroups:⠀⠀⠀⡇⠀⡇⠀⠀⠀⠀⠀⠀⠀⠀⠀⠀⠀⠀⠀⠀⠀⠀⠀⠀⠀⠀⠀⠀⠀⠀⠀⠀⠀⠀⠀⠀⠀⠀⠀⠀⠀⠀⠀⠀⠀⠀⠀⠀⠀⠀⠀⠀⠀⠀⠀⠀⠀⠀⠀⠀⠀⠀⠀⠀⠀⡇⠀⠀⠀⠀⠀⠀⠀⠀⠀⠀⠀⠀⠀⠀⠀⠀⠀⠀⠀⠀⠀⠀⠀⡇⠀⠀⠀⠀⠀⠀⠀⠀⠀⠀⠀⠀⠀⠀⠀⠀⠀⠀⠀⠀⠀⠀⠀⠀⠀⡇⠀⠀⠀⠀⠀⠀⠀⠀⠀⡇⠀⠀⠀⠀⠀⠀⠀⠀⠀⠀⠀⠀⠀⠀⠀⠀⠀⠀⠀⠀⠀⠀⠀⠀⠀⠀⠀⠀⠀⠀⠀⠀⠀⠀⡇
⡇⠀⠀⠀⠀⠀⠀⠀⠀⠀⠀⠀⠀⠀|⠀⠀⠀⠀⠀⠀⠀⠀⠀⠀⠀⠀⠀⠀⠀⠀⠀⠀⠀⠀⠀⠀⠀⠀⠀⠀⠀⠀⠀⠀⠀⠀⠀⠀⠀⠀⠀⠀⠀⠀⠀⠀⠀⡇⠀⡇⠀      4195229⠀⡇⠀⡇⠀⠀⠀⠀⠀⠀⠀⠀⠀⠀⠀⠀⠀⠀⠀⠀Instr L1 Cache⠀⠀⠀⠀⠀⠀⠀⠀⠀⠀⠀⠀⠀⠀⠀⠀⠀⠀⠀⠀⠀⠀⠀⠀⠀⠀⠀⠀⠀⡇⠀⠀⠀⠀⠀⠀⠀⠀⠀⠀⠀⠀⠀⠀⠀⠀⠀⠀⠀⠀⠀⠀⠀⡇⠀⠀⠀⠀⠀⠀⠀⠀⠀⠀⠀⠀⠀⠀⠀⠀⠀⠀⠀⠀⠀⠀⠀⠀⠀⡇⠀⠀⠀GMI⠀⠀⠀⡇⠀⠀⠀⠀⠀⠀⠀⠀⠀⠀⠀⠀⠀⠀⠀⠀⠀⠀⠀⠀⠀⠀⠀⠀⠀⠀⠀⠀⠀⠀⠀⠀⠀⠀⡇
⡇⠀⠀⠀⠀⠀⠀⠀⠀⠀⠀⠀⠀⠀|⠀⠀⠀⠀⠀⠀⠀⠀⠀⠀⠀⠀⠀⠀⠀⠀⠀⠀⠀⠀⠀⠀⠀⠀⠀⠀⠀⠀⠀⠀⠀⠀⠀⠀⠀⠀⠀⠀⠀⠀⠀⠀⠀⡇⠀⣇⣀⣀⣀⣀⣀⣀⣀⣀⣀⣀⣀⣀⣀⣀⣀⡇⠀⡇⠀⠀⠀⠀⠀⠀⠀⠀⠀⠀⠀⠀⠀⠀⠀⠀⣀⣀⣀⣀⣀⣀⣀⣀⣀⣀⣀⣀⣀⣀⣀⣀⣀⣀⣀⣀⣀⣀⣀⣀⡀⠀⠀⠀⠀⠀⠀⠀⠀⠀⠀⠀⠀⠀⠀⠀⠀⠀⠀⡇⠀⠀⠀⠀⠀⠀⠀⠀⠀⠀⠀⠀⠀⠀⠀⠀⠀⠀⠀⠀⠀⠀⠀⡇⠀⠀⠀⠀⠀⠀⠀⠀⠀⠀⠀⠀⠀⠀⠀⠀⠀⠀⠀⠀⠀⠀⠀⠀⠀⡇⠀⠀⠀⠀⠀⠀⠀⠀⠀⡇⠀⠀⠀⠀⠀⠀⠀⠀⠀⠀⠀⠀⠀⠀⠀⠀⠀⠀⠀⠀⠀⠀⠀⠀⠀⠀⠀⠀⠀⠀⠀⠀⠀⠀⡇
⡇⠀⠀⠀⠀⠀⠀⠀⠀⠀⠀⠀⠀⠀|⠀⠀⠀⠀⠀⠀⠀⠀⠀⠀⠀⠀⠀⠀⠀⠀⠀⠀⠀⠀⠀⠀⠀⠀⠀⠀⠀⠀⠀⠀⠀⠀⠀⠀⠀⠀⠀⠀⠀⠀⠀⠀⠀⡇⠀⠀⠀⠀⠀⠀⠀⠀⠀⠀⠀⠀⠀⠀⠀⠀⠀⠀⠀⡇⠀⠀⠀⠀⠀⠀⠀⠀⠀⠀⠀⠀⠀⠀⠀⠀⡇⠀⠀⠀⠀⠀⠀⠀⠀⠀⠀⠀⠀⠀⠀⠀⠀⠀⠀⠀⠀⠀⠀⠀⡇⠀⠀⠀⠀⠀⠀⠀⠀⠀⠀⠀⠀⠀⠀⠀⠀⠀⠀⡇⠀⠀⠀⠀⠀⠀⠀⠀⠀⠀⠀⠀⠀⠀⠀⠀⠀⠀⠀⠀⠀⠀⠀⡇⠀⠀⠀⠀⠀⠀⠀⠀⠀⠀⠀⠀⠀⠀⠀⠀⠀⠀⠀⠀⠀⠀⠀⠀⠀⣇⣀⣀⣀⣀⣀⣀⣀⣀⣀⡇⠀⠀⠀⠀⠀⠀⠀⠀⠀⠀⠀⠀⠀⠀⠀⠀⠀⠀⠀⠀⠀⠀⠀⠀⠀⠀⠀⠀⠀⠀⠀⠀⠀⠀⡇
⡇⠀⠀⠀⠀⠀⠀⠀⠀⠀⠀⠀⠀⠀|⠀⠀⠀⠀⠀⠀⠀⠀⠀⠀⠀⠀⠀⠀⠀⠀⠀⠀⠀⠀⠀⠀⠀⠀⠀⠀Fetch: 69841965⠀⠀⣇⣀⣀⣀⣀⣀⣀⣀⣀⣀⣀⣀⣀⣀⣀⣀⣀⣀⣀⣀⡇⠀⠀⠀⠀⠀⠀⠀⠀⠀⠀⠀⠀⠀⠀⠀⠀⡇⠀Hit:     96 %⠀⠀⠀⠀⠀⠀⠀⠀⠀⡇⠀⠀⠀Req: 16964⠀⠀⠀⠀⠀⡇⠀⠀⠀⠀⠀⠀⠀⠀⠀⠀⠀⠀⠀⠀⠀⠀⠀⠀⠀⠀⠀⠀⠀⡇⠀⠀⠀⠀⠀⠀⠀⠀⠀⠀⠀⠀⠀⠀⠀⠀⠀⠀⠀⠀⠀⠀⠀⠀⠀⠀⠀⠀⠀⠀⠀⠀⠀⠀⠀⠀⠀⠀⠀⠀⠀⠀⠀⠀⠀⠀⠀⠀⠀⠀⠀⠀⠀⠀⠀⠀⠀⠀⠀⠀⠀⠀⠀⠀⠀⠀⠀⠀⠀⠀⡇
⡇⠀⠀⠀⠀⠀⠀⠀⠀⠀⠀⠀⠀⠀--------------------------------------------------------------------------------⠀⡇⠀⠀⠀⠀⠀⠀⠀⠀⠀⠀⠀⠀⠀⠀⠀⠀⠀⠀⠀⠀⠀⠀⠀⡇⠀<---------------⠀⡇⠀⠀⠀⠀⠀⠀⠀⠀⠀⠀⠀⠀⠀⠀⠀⠀⠀⠀⠀⠀⠀⠀⠀⡇⠀⠀⠀⠀⠀⠀⠀⠀⠀⠀⠀⠀⠀⠀⠀⠀⠀⠀⠀⠀⠀⠀⠀⠀⠀⠀⠀⠀⠀⠀⠀⠀⠀⠀⠀⠀⠀⠀⠀⠀⠀⠀⠀⠀⠀⠀⠀⠀⠀⠀⠀⠀⠀⠀⠀⠀⠀⠀⠀⠀⠀⠀⠀⠀⠀⠀⠀⠀⠀⠀⡇
⡇⠀⠀⠀⠀⠀⠀⠀⠀⠀⠀⠀⠀⠀⠀⠀⠀⠀⠀⠀⠀⠀⠀⠀⠀⠀⠀⠀⠀⠀⠀⠀⠀⠀⠀⠀⠀⠀⠀⠀⠀⠀⠀⠀⠀⠀⠀⠀⠀⠀⠀⠀⠀⠀⠀⠀⠀⠀⠀⠀⠀⠀⠀⠀⠀⠀⠀⠀⠀⠀⠀⠀⠀⠀⠀⠀⠀⠀⠀⠀⠀⠀⠀⠀⠀⠀⠀⠀⠀⠀⠀⠀⠀⠀⠀⡇⠀Lat: 1688.0 cycles⠀⠀⠀⠀⡇⠀⠀⠀⠀⠀⠀⠀⠀⠀⠀⠀⠀⠀⠀⠀⠀⠀⠀⡇⠀⠀⠀⠀⠀⠀⠀⠀⠀⠀⠀⠀⠀⠀⠀⠀⠀⠀⠀⠀⠀⠀⠀⡇⠀⠀⠀⠀⠀⠀⠀⠀⠀⠀⠀⠀⠀⠀⠀⠀⠀⠀⠀⠀⠀⠀⠀⠀⠀⠀⠀⠀⠀⠀⠀⠀⠀⠀⠀⠀⠀⠀⠀⠀⠀⠀⠀⠀⠀⠀⠀⠀⠀⠀⠀⠀⠀⠀⠀⠀⠀⠀⠀⠀⠀⠀⠀⠀⠀⠀⠀⠀⠀⠀⡇
⡇⠀⠀⠀⠀⠀⠀⠀⠀⠀⠀⠀⠀⠀⠀⠀⠀⠀⠀⠀⠀⠀⠀⠀⠀⠀⠀⠀⠀⠀⠀⠀⠀⠀⠀⠀⠀⠀⠀⠀⠀⠀⠀⠀⠀⠀⠀⠀⠀⠀⠀⠀⠀⠀⠀⠀⠀⠀⠀⠀⠀⠀⠀⠀⠀⠀⠀⠀⠀⠀⠀⠀⠀⠀⠀⠀⠀⠀⠀⠀⠀⠀⠀⠀⠀⠀⠀⠀⠀⠀⠀⠀⠀⠀⠀⣇⣀⣀⣀⣀⣀⣀⣀⣀⣀⣀⣀⣀⣀⣀⣀⣀⣀⣀⣀⣀⣀⣀⣀⡇⠀⠀⠀⠀⠀⠀⠀⠀⠀⠀⠀⠀⠀⠀⠀⠀⠀⠀⣇⣀⣀⣀⣀⣀⣀⣀⣀⣀⣀⣀⣀⣀⣀⣀⣀⣀⣀⣀⣀⣀⣀⣀⡇⠀⠀⠀⠀⠀⠀⠀⠀⠀⠀⠀⠀⠀⠀⠀⠀⠀⠀⠀⠀⠀⠀⠀⠀⠀⠀⠀⠀⠀⠀⠀⠀⠀⠀⠀⠀⠀⠀⠀⠀⠀⠀⠀⠀⠀⠀⠀⠀⠀⠀⠀⠀⠀⠀⠀⠀⠀⠀⠀⠀⠀⠀⠀⠀⠀⠀⠀⠀⠀⠀⡇
⡇⠀⠀⠀⠀⠀⠀⠀⠀⠀⠀⠀⠀⠀⠀⠀⠀⠀⠀⠀⠀⠀⠀⠀⠀⠀⠀⠀⠀⠀⠀⠀⠀⠀⠀⠀⠀⠀⠀⠀⠀⠀⠀⠀⠀⠀⠀⠀⠀⠀⠀⠀⠀⠀⠀⠀⠀⠀⠀⠀⠀⠀⠀⠀⠀⠀⠀⠀⠀⠀⠀⠀⠀⠀⠀⠀⠀⠀⠀⠀⠀⠀⠀⠀⠀⠀⠀⠀⠀⠀⠀⠀⠀⠀⠀⠀⠀⠀⠀⠀⠀⠀⠀⠀⠀⠀⠀⠀⠀⠀⠀⠀⠀⠀⠀⠀⠀⠀⠀⠀⠀⠀⠀⠀⠀⠀⠀⠀⠀⠀⠀⠀⠀⠀⠀⠀⠀⠀⠀⠀⠀⠀⠀⠀⠀⠀⠀⠀⠀⠀⠀⠀⠀⠀⠀⠀⠀⠀⠀⠀⠀⠀⠀⠀⠀⠀⠀⠀⠀⠀⠀⠀⠀⠀⠀⠀⠀⠀⠀⠀⠀⠀⠀⠀⠀⠀⠀⠀⠀⠀⠀⠀⠀⠀⠀⠀⠀⠀⠀⠀⠀⠀⠀⠀⠀⠀⠀⠀⠀⠀⠀⠀⠀⠀⠀⠀⠀⠀⠀⠀⠀⠀⠀⠀⠀⠀⠀⠀⠀⠀⠀⠀⠀⡇
⡇⠀⠀⠀⠀⠀⠀⠀⠀⠀⠀⠀⠀⠀⠀⠀⠀⠀⠀⠀⠀⠀⠀⠀⠀⠀⠀⠀⠀⠀⠀⠀⠀⠀⠀⠀⠀⠀⠀⠀⠀⠀⠀⠀⠀⠀⠀⠀⠀⠀⠀⠀⠀⠀⠀⠀⠀⠀⠀⠀⠀⠀⠀⠀⠀⠀⠀⠀⠀⠀⠀⠀⠀⠀⠀⠀⠀⠀⠀⠀⠀⠀⠀⠀⠀⠀⠀⠀⠀⠀⠀⠀⠀⠀⠀⠀⠀⠀⠀⠀⠀⠀⠀⠀⠀⠀⠀⠀⠀⠀⠀⠀⠀⠀⠀⠀⠀⠀⠀⠀⠀⠀⠀⠀⠀⠀⠀⠀⠀⠀⠀⠀⠀⠀⠀⠀⠀⠀⠀⠀⠀⠀⠀⠀⠀⠀⠀⠀⠀⠀⠀⠀⠀⠀⠀⠀⠀⠀⠀⠀⠀⠀⠀⠀⠀⠀⠀⠀⠀⠀⠀⠀⠀⠀⠀⠀⠀⠀⠀⠀⠀⠀⠀⠀⠀⠀⠀⠀⠀⠀⠀⠀⠀⠀⠀⠀⠀⠀⠀⠀⠀⠀⠀⠀⠀⠀⠀⠀⠀⠀⠀⠀⠀⠀⠀⠀⠀⠀⠀⠀⠀⠀⠀⠀⠀⠀⠀⠀⠀⠀⠀⠀⠀⡇
⣇⣀⣀⣀⣀⣀⣀⣀⣀⣀⣀⣀⣀⣀⣀⣀⣀⣀⣀⣀⣀⣀⣀⣀⣀⣀⣀⣀⣀⣀⣀⣀⣀⣀⣀⣀⣀⣀⣀⣀⣀⣀⣀⣀⣀⣀⣀⣀⣀⣀⣀⣀⣀⣀⣀⣀⣀⣀⣀⣀⣀⣀⣀⣀⣀⣀⣀⣀⣀⣀⣀⣀⣀⣀⣀⣀⣀⣀⣀⣀⣀⣀⣀⣀⣀⣀⣀⣀⣀⣀⣀⣀⣀⣀⣀⣀⣀⣀⣀⣀⣀⣀⣀⣀⣀⣀⣀⣀⣀⣀⣀⣀⣀⣀⣀⣀⣀⣀⣀⣀⣀⣀⣀⣀⣀⣀⣀⣀⣀⣀⣀⣀⣀⣀⣀⣀⣀⣀⣀⣀⣀⣀⣀⣀⣀⣀⣀⣀⣀⣀⣀⣀⣀⣀⣀⣀⣀⣀⣀⣀⣀⣀⣀⣀⣀⣀⣀⣀⣀⣀⣀⣀⣀⣀⣀⣀⣀⣀⣀⣀⣀⣀⣀⣀⣀⣀⣀⣀⣀⣀⣀⣀⣀⣀⣀⣀⣀⣀⣀⣀⣀⣀⣀⣀⣀⣀⣀⣀⣀⣀⣀⣀⣀⣀⣀⣀⣀⣀⣀⣀⣀⣀⣀⣀⣀⣀⣀⣀⣀⣀⣀⣀⣀⡇


--- Executing: make BP_LV=l2 profile_bp ---
python3 bp.py main-dev.s l2 main-dev_bp_l2.s
Generated: main-dev_bp_l2.s
clang -target amdgcn-amd-amdhsa -mcpu=gfx942 main-dev_bp_l2.s -o main-dev_bp_l2.o
clang-offload-bundler -type=o -bundle-align=4096 -targets=host-x86_64-unknown-linux-gnu,hipv4-amdgcn-amd-amdhsa--gfx942 -input=/dev/null -input=main-dev_bp_l2.o  -output=main-dev_bp_l2.hipfb
./gen_mcin main-host.o main-dev_bp_l2.hipfb > main-host.mcin
llvm-mc -triple x86_64-unknown-linux-gnu -o main-dev_em_bp_l2.o main-host.mcin --filetype=obj
hipcc -std=c++17 -Wall -Wextra -I ../../Common -I ../../External  -o main_bp_l2 main-host.o main-dev_em_bp_l2.o 
rocprof-compute profile -n main_bp_l2 -- ./main_bp_l2
[33mWARNING[0m The option --format-rocprof-output currently set to csv will default to rocpd in a future release.

                                 __                                       _
 _ __ ___   ___ _ __  _ __ ___  / _|       ___ ___  _ __ ___  _ __  _   _| |_ ___
| '__/ _ \ / __| '_ \| '__/ _ \| |_ _____ / __/ _ \| '_ ` _ \| '_ \| | | | __/ _ \
| | | (_) | (__| |_) | | | (_) |  _|_____| (_| (_) | | | | | | |_) | |_| | ||  __/
|_|  \___/ \___| .__/|_|  \___/|_|        \___\___/|_| |_| |_| .__/ \__,_|\__\___|
               |_|                                           |_|

   [32mINFO[0m fatal: not a git repository (or any of the parent directories): .git
   [32mINFO[0m Rocprofiler-Compute version: 3.4.0
   [32mINFO[0m Profiler choice: rocprofiler-sdk
   [32mINFO[0m Path: /root/rocm-examples/Applications/memcp_profile/workloads/main_bp_l2/MI300X_A1
   [32mINFO[0m Target: MI300X_A1
   [32mINFO[0m Command: ./main_bp_l2
   [32mINFO[0m Kernel Selection: None
   [32mINFO[0m Dispatch Selection: None
   [32mINFO[0m Filtered sections: All
   [32mINFO[0m 
   [32mINFO[0m ~~~~~~~~~~~~~~~~~~~~~~~~~~~~~~~~
   [32mINFO[0m Collecting Performance Counters
   [32mINFO[0m ~~~~~~~~~~~~~~~~~~~~~~~~~~~~~~~~
   [32mINFO[0m 
   [32mINFO[0m [Run 1/13][Approximate profiling time left: pending first measurement...]
   [32mINFO[0m [profiling] Current input file: /root/rocm-examples/Applications/memcp_profile/workloads/main_bp_l2/MI300X_A1/perfmon/SQC_DCACHE_INFLIGHT_LEVEL.txt
   [32mINFO[0m    |-> [rocprofiler-sdk] W20260209 15:53:04.924228 125427156813312 simple_timer.cpp:55] [rocprofv3] tool initialization ::     0.111284 sec
   [32mINFO[0m    |-> [rocprofiler-sdk] W20260209 15:53:04.924515 125427156813312 simple_timer.cpp:55] [rocprofv3] './main_bp_l2' ::     0.000000 sec
   [32mINFO[0m    |-> [rocprofiler-sdk] W20260209 15:53:06.546739 125427156813312 tool.cpp:2422] HSA version 8.20.0 initialized (instance=0)
   [32mINFO[0m    |-> [rocprofiler-sdk] 0 	:	 1
   [32mINFO[0m    |-> [rocprofiler-sdk] 1 	:	 2
   [32mINFO[0m    |-> [rocprofiler-sdk] 2 	:	 3
   [32mINFO[0m    |-> [rocprofiler-sdk] 3 	:	 4
   [32mINFO[0m    |-> [rocprofiler-sdk] 4 	:	 5
   [32mINFO[0m    |-> [rocprofiler-sdk] 5 	:	 6
   [32mINFO[0m    |-> [rocprofiler-sdk] 6 	:	 7
   [32mINFO[0m    |-> [rocprofiler-sdk] 7 	:	 8
   [32mINFO[0m    |-> [rocprofiler-sdk] 8 	:	 9
   [32mINFO[0m    |-> [rocprofiler-sdk] 9 	:	 10
   [32mINFO[0m    |-> [rocprofiler-sdk] Device-to-device memcpy (global load/store) success!
   [32mINFO[0m    |-> [rocprofiler-sdk] W20260209 15:53:11.013265 125427156813312 simple_timer.cpp:55] [rocprofv3] './main_bp_l2' ::     6.088750 sec
   [32mINFO[0m    |-> [rocprofiler-sdk] E20260209 15:53:11.025488 125427156813312 output_stream.cpp:111] Opened result file: /root/rocm-examples/Applications/memcp_profile/workloads/main_bp_l2/MI300X_A1/out/pmc_1/f5fa73aad503/26343_kernel_trace.csv
   [32mINFO[0m    |-> [rocprofiler-sdk] E20260209 15:53:11.037964 125427156813312 output_stream.cpp:111] Opened result file: /root/rocm-examples/Applications/memcp_profile/workloads/main_bp_l2/MI300X_A1/out/pmc_1/f5fa73aad503/26343_counter_collection.csv
   [32mINFO[0m    |-> [rocprofiler-sdk] E20260209 15:53:11.044285 125427156813312 output_stream.cpp:111] Opened result file: /root/rocm-examples/Applications/memcp_profile/workloads/main_bp_l2/MI300X_A1/out/pmc_1/f5fa73aad503/26343_agent_info.csv
   [32mINFO[0m    |-> [rocprofiler-sdk] W20260209 15:53:11.047542 125427156813312 simple_timer.cpp:55] [rocprofv3] output generation ::     0.029193 sec
   [32mINFO[0m    |-> [rocprofiler-sdk] W20260209 15:53:11.047739 125427156813312 simple_timer.cpp:55] [rocprofv3] tool finalization ::     0.029496 sec
   [32mINFO[0m [Run 2/13][Approximate profiling time left: 1 minute and 33 seconds]...
   [32mINFO[0m [profiling] Current input file: /root/rocm-examples/Applications/memcp_profile/workloads/main_bp_l2/MI300X_A1/perfmon/SQC_ICACHE_INFLIGHT_LEVEL.txt
   [32mINFO[0m    |-> [rocprofiler-sdk] W20260209 15:53:13.435084 128856957572608 simple_timer.cpp:55] [rocprofv3] tool initialization ::     0.111382 sec
   [32mINFO[0m    |-> [rocprofiler-sdk] W20260209 15:53:13.435319 128856957572608 simple_timer.cpp:55] [rocprofv3] './main_bp_l2' ::     0.000000 sec
   [32mINFO[0m    |-> [rocprofiler-sdk] W20260209 15:53:14.970427 128856957572608 tool.cpp:2422] HSA version 8.20.0 initialized (instance=0)
   [32mINFO[0m    |-> [rocprofiler-sdk] 0 	:	 1
   [32mINFO[0m    |-> [rocprofiler-sdk] 1 	:	 2
   [32mINFO[0m    |-> [rocprofiler-sdk] 2 	:	 3
   [32mINFO[0m    |-> [rocprofiler-sdk] 3 	:	 4
   [32mINFO[0m    |-> [rocprofiler-sdk] 4 	:	 5
   [32mINFO[0m    |-> [rocprofiler-sdk] 5 	:	 6
   [32mINFO[0m    |-> [rocprofiler-sdk] 6 	:	 7
   [32mINFO[0m    |-> [rocprofiler-sdk] 7 	:	 8
   [32mINFO[0m    |-> [rocprofiler-sdk] 8 	:	 9
   [32mINFO[0m    |-> [rocprofiler-sdk] 9 	:	 10
   [32mINFO[0m    |-> [rocprofiler-sdk] Device-to-device memcpy (global load/store) success!
   [32mINFO[0m    |-> [rocprofiler-sdk] W20260209 15:53:18.263973 128856957572608 simple_timer.cpp:55] [rocprofv3] './main_bp_l2' ::     4.828654 sec
   [32mINFO[0m    |-> [rocprofiler-sdk] E20260209 15:53:18.273701 128856957572608 output_stream.cpp:111] Opened result file: /root/rocm-examples/Applications/memcp_profile/workloads/main_bp_l2/MI300X_A1/out/pmc_1/f5fa73aad503/26351_kernel_trace.csv
   [32mINFO[0m    |-> [rocprofiler-sdk] E20260209 15:53:18.286697 128856957572608 output_stream.cpp:111] Opened result file: /root/rocm-examples/Applications/memcp_profile/workloads/main_bp_l2/MI300X_A1/out/pmc_1/f5fa73aad503/26351_counter_collection.csv
   [32mINFO[0m    |-> [rocprofiler-sdk] E20260209 15:53:18.293335 128856957572608 output_stream.cpp:111] Opened result file: /root/rocm-examples/Applications/memcp_profile/workloads/main_bp_l2/MI300X_A1/out/pmc_1/f5fa73aad503/26351_agent_info.csv
   [32mINFO[0m    |-> [rocprofiler-sdk] W20260209 15:53:18.296757 128856957572608 simple_timer.cpp:55] [rocprofv3] output generation ::     0.030802 sec
   [32mINFO[0m    |-> [rocprofiler-sdk] W20260209 15:53:18.296856 128856957572608 simple_timer.cpp:55] [rocprofv3] tool finalization ::     0.031006 sec
   [32mINFO[0m [Run 3/13][Approximate profiling time left: 1 minute and 18 seconds]...
   [32mINFO[0m [profiling] Current input file: /root/rocm-examples/Applications/memcp_profile/workloads/main_bp_l2/MI300X_A1/perfmon/SQ_IFETCH_LEVEL.txt
   [32mINFO[0m    |-> [rocprofiler-sdk] W20260209 15:53:20.718039 129278233155072 simple_timer.cpp:55] [rocprofv3] tool initialization ::     0.120103 sec
   [32mINFO[0m    |-> [rocprofiler-sdk] W20260209 15:53:20.718253 129278233155072 simple_timer.cpp:55] [rocprofv3] './main_bp_l2' ::     0.000000 sec
   [32mINFO[0m    |-> [rocprofiler-sdk] W20260209 15:53:22.286873 129278233155072 tool.cpp:2422] HSA version 8.20.0 initialized (instance=0)
   [32mINFO[0m    |-> [rocprofiler-sdk] 0 	:	 1
   [32mINFO[0m    |-> [rocprofiler-sdk] 1 	:	 2
   [32mINFO[0m    |-> [rocprofiler-sdk] 2 	:	 3
   [32mINFO[0m    |-> [rocprofiler-sdk] 3 	:	 4
   [32mINFO[0m    |-> [rocprofiler-sdk] 4 	:	 5
   [32mINFO[0m    |-> [rocprofiler-sdk] 5 	:	 6
   [32mINFO[0m    |-> [rocprofiler-sdk] 6 	:	 7
   [32mINFO[0m    |-> [rocprofiler-sdk] 7 	:	 8
   [32mINFO[0m    |-> [rocprofiler-sdk] 8 	:	 9
   [32mINFO[0m    |-> [rocprofiler-sdk] 9 	:	 10
   [32mINFO[0m    |-> [rocprofiler-sdk] Device-to-device memcpy (global load/store) success!
   [32mINFO[0m    |-> [rocprofiler-sdk] W20260209 15:53:26.702090 129278233155072 simple_timer.cpp:55] [rocprofv3] './main_bp_l2' ::     5.983837 sec
   [32mINFO[0m    |-> [rocprofiler-sdk] E20260209 15:53:26.711668 129278233155072 output_stream.cpp:111] Opened result file: /root/rocm-examples/Applications/memcp_profile/workloads/main_bp_l2/MI300X_A1/out/pmc_1/f5fa73aad503/26359_kernel_trace.csv
   [32mINFO[0m    |-> [rocprofiler-sdk] E20260209 15:53:26.735719 129278233155072 output_stream.cpp:111] Opened result file: /root/rocm-examples/Applications/memcp_profile/workloads/main_bp_l2/MI300X_A1/out/pmc_1/f5fa73aad503/26359_counter_collection.csv
   [32mINFO[0m    |-> [rocprofiler-sdk] E20260209 15:53:26.745267 129278233155072 output_stream.cpp:111] Opened result file: /root/rocm-examples/Applications/memcp_profile/workloads/main_bp_l2/MI300X_A1/out/pmc_1/f5fa73aad503/26359_agent_info.csv
   [32mINFO[0m    |-> [rocprofiler-sdk] W20260209 15:53:26.748966 129278233155072 simple_timer.cpp:55] [rocprofv3] output generation ::     0.045407 sec
   [32mINFO[0m    |-> [rocprofiler-sdk] W20260209 15:53:26.749152 129278233155072 simple_timer.cpp:55] [rocprofv3] tool finalization ::     0.045637 sec
   [32mINFO[0m [Run 4/13][Approximate profiling time left: 1 minute and 12 seconds]...
   [32mINFO[0m [profiling] Current input file: /root/rocm-examples/Applications/memcp_profile/workloads/main_bp_l2/MI300X_A1/perfmon/SQ_INST_LEVEL_LDS.txt
   [32mINFO[0m    |-> [rocprofiler-sdk] W20260209 15:53:29.244948 140207380387328 simple_timer.cpp:55] [rocprofv3] tool initialization ::     0.122632 sec
   [32mINFO[0m    |-> [rocprofiler-sdk] W20260209 15:53:29.245156 140207380387328 simple_timer.cpp:55] [rocprofv3] './main_bp_l2' ::     0.000000 sec
   [32mINFO[0m    |-> [rocprofiler-sdk] W20260209 15:53:30.815893 140207380387328 tool.cpp:2422] HSA version 8.20.0 initialized (instance=0)
   [32mINFO[0m    |-> [rocprofiler-sdk] 0 	:	 1
   [32mINFO[0m    |-> [rocprofiler-sdk] 1 	:	 2
   [32mINFO[0m    |-> [rocprofiler-sdk] 2 	:	 3
   [32mINFO[0m    |-> [rocprofiler-sdk] 3 	:	 4
   [32mINFO[0m    |-> [rocprofiler-sdk] 4 	:	 5
   [32mINFO[0m    |-> [rocprofiler-sdk] 5 	:	 6
   [32mINFO[0m    |-> [rocprofiler-sdk] 6 	:	 7
   [32mINFO[0m    |-> [rocprofiler-sdk] 7 	:	 8
   [32mINFO[0m    |-> [rocprofiler-sdk] 8 	:	 9
   [32mINFO[0m    |-> [rocprofiler-sdk] 9 	:	 10
   [32mINFO[0m    |-> [rocprofiler-sdk] Device-to-device memcpy (global load/store) success!
   [32mINFO[0m    |-> [rocprofiler-sdk] W20260209 15:53:34.900709 140207380387328 simple_timer.cpp:55] [rocprofv3] './main_bp_l2' ::     5.655552 sec
   [32mINFO[0m    |-> [rocprofiler-sdk] E20260209 15:53:34.910226 140207380387328 output_stream.cpp:111] Opened result file: /root/rocm-examples/Applications/memcp_profile/workloads/main_bp_l2/MI300X_A1/out/pmc_1/f5fa73aad503/26367_kernel_trace.csv
   [32mINFO[0m    |-> [rocprofiler-sdk] E20260209 15:53:34.923016 140207380387328 output_stream.cpp:111] Opened result file: /root/rocm-examples/Applications/memcp_profile/workloads/main_bp_l2/MI300X_A1/out/pmc_1/f5fa73aad503/26367_counter_collection.csv
   [32mINFO[0m    |-> [rocprofiler-sdk] E20260209 15:53:34.929809 140207380387328 output_stream.cpp:111] Opened result file: /root/rocm-examples/Applications/memcp_profile/workloads/main_bp_l2/MI300X_A1/out/pmc_1/f5fa73aad503/26367_agent_info.csv
   [32mINFO[0m    |-> [rocprofiler-sdk] W20260209 15:53:34.933217 140207380387328 simple_timer.cpp:55] [rocprofv3] output generation ::     0.030343 sec
   [32mINFO[0m    |-> [rocprofiler-sdk] W20260209 15:53:34.933329 140207380387328 simple_timer.cpp:55] [rocprofv3] tool finalization ::     0.030544 sec
   [32mINFO[0m [Run 5/13][Approximate profiling time left: 1 minute and 4 seconds]...
   [32mINFO[0m [profiling] Current input file: /root/rocm-examples/Applications/memcp_profile/workloads/main_bp_l2/MI300X_A1/perfmon/SQ_INST_LEVEL_SMEM.txt
   [32mINFO[0m    |-> [rocprofiler-sdk] W20260209 15:53:37.362662 128061319411200 simple_timer.cpp:55] [rocprofv3] tool initialization ::     0.110429 sec
   [32mINFO[0m    |-> [rocprofiler-sdk] W20260209 15:53:37.362957 128061319411200 simple_timer.cpp:55] [rocprofv3] './main_bp_l2' ::     0.000000 sec
   [32mINFO[0m    |-> [rocprofiler-sdk] W20260209 15:53:38.979240 128061319411200 tool.cpp:2422] HSA version 8.20.0 initialized (instance=0)
   [32mINFO[0m    |-> [rocprofiler-sdk] 0 	:	 1
   [32mINFO[0m    |-> [rocprofiler-sdk] 1 	:	 2
   [32mINFO[0m    |-> [rocprofiler-sdk] 2 	:	 3
   [32mINFO[0m    |-> [rocprofiler-sdk] 3 	:	 4
   [32mINFO[0m    |-> [rocprofiler-sdk] 4 	:	 5
   [32mINFO[0m    |-> [rocprofiler-sdk] 5 	:	 6
   [32mINFO[0m    |-> [rocprofiler-sdk] 6 	:	 7
   [32mINFO[0m    |-> [rocprofiler-sdk] 7 	:	 8
   [32mINFO[0m    |-> [rocprofiler-sdk] 8 	:	 9
   [32mINFO[0m    |-> [rocprofiler-sdk] 9 	:	 10
   [32mINFO[0m    |-> [rocprofiler-sdk] Device-to-device memcpy (global load/store) success!
   [32mINFO[0m    |-> [rocprofiler-sdk] W20260209 15:53:42.697778 128061319411200 simple_timer.cpp:55] [rocprofv3] './main_bp_l2' ::     5.334822 sec
   [32mINFO[0m    |-> [rocprofiler-sdk] E20260209 15:53:42.706937 128061319411200 output_stream.cpp:111] Opened result file: /root/rocm-examples/Applications/memcp_profile/workloads/main_bp_l2/MI300X_A1/out/pmc_1/f5fa73aad503/26375_kernel_trace.csv
   [32mINFO[0m    |-> [rocprofiler-sdk] E20260209 15:53:42.719923 128061319411200 output_stream.cpp:111] Opened result file: /root/rocm-examples/Applications/memcp_profile/workloads/main_bp_l2/MI300X_A1/out/pmc_1/f5fa73aad503/26375_counter_collection.csv
   [32mINFO[0m    |-> [rocprofiler-sdk] E20260209 15:53:42.726601 128061319411200 output_stream.cpp:111] Opened result file: /root/rocm-examples/Applications/memcp_profile/workloads/main_bp_l2/MI300X_A1/out/pmc_1/f5fa73aad503/26375_agent_info.csv
   [32mINFO[0m    |-> [rocprofiler-sdk] W20260209 15:53:42.729949 128061319411200 simple_timer.cpp:55] [rocprofv3] output generation ::     0.030214 sec
   [32mINFO[0m    |-> [rocprofiler-sdk] W20260209 15:53:42.730102 128061319411200 simple_timer.cpp:55] [rocprofv3] tool finalization ::     0.030408 sec
   [32mINFO[0m [Run 6/13][Approximate profiling time left: 56 seconds]...
   [32mINFO[0m [profiling] Current input file: /root/rocm-examples/Applications/memcp_profile/workloads/main_bp_l2/MI300X_A1/perfmon/SQ_INST_LEVEL_VMEM.txt
   [32mINFO[0m    |-> [rocprofiler-sdk] W20260209 15:53:45.108474 139990786938368 simple_timer.cpp:55] [rocprofv3] tool initialization ::     0.114735 sec
   [32mINFO[0m    |-> [rocprofiler-sdk] W20260209 15:53:45.108706 139990786938368 simple_timer.cpp:55] [rocprofv3] './main_bp_l2' ::     0.000000 sec
   [32mINFO[0m    |-> [rocprofiler-sdk] W20260209 15:53:46.666087 139990786938368 tool.cpp:2422] HSA version 8.20.0 initialized (instance=0)
   [32mINFO[0m    |-> [rocprofiler-sdk] 0 	:	 1
   [32mINFO[0m    |-> [rocprofiler-sdk] 1 	:	 2
   [32mINFO[0m    |-> [rocprofiler-sdk] 2 	:	 3
   [32mINFO[0m    |-> [rocprofiler-sdk] 3 	:	 4
   [32mINFO[0m    |-> [rocprofiler-sdk] 4 	:	 5
   [32mINFO[0m    |-> [rocprofiler-sdk] 5 	:	 6
   [32mINFO[0m    |-> [rocprofiler-sdk] 6 	:	 7
   [32mINFO[0m    |-> [rocprofiler-sdk] 7 	:	 8
   [32mINFO[0m    |-> [rocprofiler-sdk] 8 	:	 9
   [32mINFO[0m    |-> [rocprofiler-sdk] 9 	:	 10
   [32mINFO[0m    |-> [rocprofiler-sdk] Device-to-device memcpy (global load/store) success!
   [32mINFO[0m    |-> [rocprofiler-sdk] W20260209 15:53:50.920368 139990786938368 simple_timer.cpp:55] [rocprofv3] './main_bp_l2' ::     5.811663 sec
   [32mINFO[0m    |-> [rocprofiler-sdk] E20260209 15:53:50.929292 139990786938368 output_stream.cpp:111] Opened result file: /root/rocm-examples/Applications/memcp_profile/workloads/main_bp_l2/MI300X_A1/out/pmc_1/f5fa73aad503/26383_kernel_trace.csv
   [32mINFO[0m    |-> [rocprofiler-sdk] E20260209 15:53:50.941820 139990786938368 output_stream.cpp:111] Opened result file: /root/rocm-examples/Applications/memcp_profile/workloads/main_bp_l2/MI300X_A1/out/pmc_1/f5fa73aad503/26383_counter_collection.csv
   [32mINFO[0m    |-> [rocprofiler-sdk] E20260209 15:53:50.948284 139990786938368 output_stream.cpp:111] Opened result file: /root/rocm-examples/Applications/memcp_profile/workloads/main_bp_l2/MI300X_A1/out/pmc_1/f5fa73aad503/26383_agent_info.csv
   [32mINFO[0m    |-> [rocprofiler-sdk] W20260209 15:53:50.951626 139990786938368 simple_timer.cpp:55] [rocprofv3] output generation ::     0.029583 sec
   [32mINFO[0m    |-> [rocprofiler-sdk] W20260209 15:53:50.951811 139990786938368 simple_timer.cpp:55] [rocprofv3] tool finalization ::     0.029813 sec
   [32mINFO[0m [Run 7/13][Approximate profiling time left: 48 seconds]...
   [32mINFO[0m [profiling] Current input file: /root/rocm-examples/Applications/memcp_profile/workloads/main_bp_l2/MI300X_A1/perfmon/SQ_LEVEL_WAVES.txt
   [32mINFO[0m    |-> [rocprofiler-sdk] W20260209 15:53:53.288770 127392726119936 simple_timer.cpp:55] [rocprofv3] tool initialization ::     0.109425 sec
   [32mINFO[0m    |-> [rocprofiler-sdk] W20260209 15:53:53.288990 127392726119936 simple_timer.cpp:55] [rocprofv3] './main_bp_l2' ::     0.000000 sec
   [32mINFO[0m    |-> [rocprofiler-sdk] W20260209 15:53:54.918272 127392726119936 tool.cpp:2422] HSA version 8.20.0 initialized (instance=0)
   [32mINFO[0m    |-> [rocprofiler-sdk] 0 	:	 1
   [32mINFO[0m    |-> [rocprofiler-sdk] 1 	:	 2
   [32mINFO[0m    |-> [rocprofiler-sdk] 2 	:	 3
   [32mINFO[0m    |-> [rocprofiler-sdk] 3 	:	 4
   [32mINFO[0m    |-> [rocprofiler-sdk] 4 	:	 5
   [32mINFO[0m    |-> [rocprofiler-sdk] 5 	:	 6
   [32mINFO[0m    |-> [rocprofiler-sdk] 6 	:	 7
   [32mINFO[0m    |-> [rocprofiler-sdk] 7 	:	 8
   [32mINFO[0m    |-> [rocprofiler-sdk] 8 	:	 9
   [32mINFO[0m    |-> [rocprofiler-sdk] 9 	:	 10
   [32mINFO[0m    |-> [rocprofiler-sdk] Device-to-device memcpy (global load/store) success!
   [32mINFO[0m    |-> [rocprofiler-sdk] W20260209 15:53:58.936922 127392726119936 simple_timer.cpp:55] [rocprofv3] './main_bp_l2' ::     5.647932 sec
   [32mINFO[0m    |-> [rocprofiler-sdk] E20260209 15:53:58.945769 127392726119936 output_stream.cpp:111] Opened result file: /root/rocm-examples/Applications/memcp_profile/workloads/main_bp_l2/MI300X_A1/out/pmc_1/f5fa73aad503/26391_kernel_trace.csv
   [32mINFO[0m    |-> [rocprofiler-sdk] E20260209 15:53:58.959323 127392726119936 output_stream.cpp:111] Opened result file: /root/rocm-examples/Applications/memcp_profile/workloads/main_bp_l2/MI300X_A1/out/pmc_1/f5fa73aad503/26391_counter_collection.csv
   [32mINFO[0m    |-> [rocprofiler-sdk] E20260209 15:53:58.966457 127392726119936 output_stream.cpp:111] Opened result file: /root/rocm-examples/Applications/memcp_profile/workloads/main_bp_l2/MI300X_A1/out/pmc_1/f5fa73aad503/26391_agent_info.csv
   [32mINFO[0m    |-> [rocprofiler-sdk] W20260209 15:53:58.970039 127392726119936 simple_timer.cpp:55] [rocprofv3] output generation ::     0.031916 sec
   [32mINFO[0m    |-> [rocprofiler-sdk] W20260209 15:53:58.970201 127392726119936 simple_timer.cpp:55] [rocprofv3] tool finalization ::     0.032113 sec
   [32mINFO[0m [Run 8/13][Approximate profiling time left: 40 seconds]...
   [32mINFO[0m [profiling] Current input file: /root/rocm-examples/Applications/memcp_profile/workloads/main_bp_l2/MI300X_A1/perfmon/pmc_perf_0.txt
   [32mINFO[0m    |-> [rocprofiler-sdk] W20260209 15:54:01.380695 137891761219072 simple_timer.cpp:55] [rocprofv3] tool initialization ::     0.110256 sec
   [32mINFO[0m    |-> [rocprofiler-sdk] W20260209 15:54:01.380991 137891761219072 simple_timer.cpp:55] [rocprofv3] './main_bp_l2' ::     0.000000 sec
   [32mINFO[0m    |-> [rocprofiler-sdk] W20260209 15:54:03.027038 137891761219072 tool.cpp:2422] HSA version 8.20.0 initialized (instance=0)
   [32mINFO[0m    |-> [rocprofiler-sdk] 0 	:	 1
   [32mINFO[0m    |-> [rocprofiler-sdk] 1 	:	 2
   [32mINFO[0m    |-> [rocprofiler-sdk] 2 	:	 3
   [32mINFO[0m    |-> [rocprofiler-sdk] 3 	:	 4
   [32mINFO[0m    |-> [rocprofiler-sdk] 4 	:	 5
   [32mINFO[0m    |-> [rocprofiler-sdk] 5 	:	 6
   [32mINFO[0m    |-> [rocprofiler-sdk] 6 	:	 7
   [32mINFO[0m    |-> [rocprofiler-sdk] 7 	:	 8
   [32mINFO[0m    |-> [rocprofiler-sdk] 8 	:	 9
   [32mINFO[0m    |-> [rocprofiler-sdk] 9 	:	 10
   [32mINFO[0m    |-> [rocprofiler-sdk] Device-to-device memcpy (global load/store) success!
   [32mINFO[0m    |-> [rocprofiler-sdk] W20260209 15:54:07.266957 137891761219072 simple_timer.cpp:55] [rocprofv3] './main_bp_l2' ::     5.885966 sec
   [32mINFO[0m    |-> [rocprofiler-sdk] E20260209 15:54:07.277055 137891761219072 output_stream.cpp:111] Opened result file: /root/rocm-examples/Applications/memcp_profile/workloads/main_bp_l2/MI300X_A1/out/pmc_1/f5fa73aad503/26427_kernel_trace.csv
   [32mINFO[0m    |-> [rocprofiler-sdk] E20260209 15:54:07.289479 137891761219072 output_stream.cpp:111] Opened result file: /root/rocm-examples/Applications/memcp_profile/workloads/main_bp_l2/MI300X_A1/out/pmc_1/f5fa73aad503/26427_counter_collection.csv
   [32mINFO[0m    |-> [rocprofiler-sdk] E20260209 15:54:07.295883 137891761219072 output_stream.cpp:111] Opened result file: /root/rocm-examples/Applications/memcp_profile/workloads/main_bp_l2/MI300X_A1/out/pmc_1/f5fa73aad503/26427_agent_info.csv
   [32mINFO[0m    |-> [rocprofiler-sdk] W20260209 15:54:07.299084 137891761219072 simple_timer.cpp:55] [rocprofv3] output generation ::     0.029384 sec
   [32mINFO[0m    |-> [rocprofiler-sdk] W20260209 15:54:07.299202 137891761219072 simple_timer.cpp:55] [rocprofv3] tool finalization ::     0.029545 sec
   [32mINFO[0m [Run 9/13][Approximate profiling time left: 32 seconds]...
   [32mINFO[0m [profiling] Current input file: /root/rocm-examples/Applications/memcp_profile/workloads/main_bp_l2/MI300X_A1/perfmon/pmc_perf_1.txt
   [32mINFO[0m    |-> [rocprofiler-sdk] W20260209 15:54:09.744770 126925130864128 simple_timer.cpp:55] [rocprofv3] tool initialization ::     0.113264 sec
   [32mINFO[0m    |-> [rocprofiler-sdk] W20260209 15:54:09.745055 126925130864128 simple_timer.cpp:55] [rocprofv3] './main_bp_l2' ::     0.000000 sec
   [32mINFO[0m    |-> [rocprofiler-sdk] W20260209 15:54:11.372915 126925130864128 tool.cpp:2422] HSA version 8.20.0 initialized (instance=0)
   [32mINFO[0m    |-> [rocprofiler-sdk] 0 	:	 1
   [32mINFO[0m    |-> [rocprofiler-sdk] 1 	:	 2
   [32mINFO[0m    |-> [rocprofiler-sdk] 2 	:	 3
   [32mINFO[0m    |-> [rocprofiler-sdk] 3 	:	 4
   [32mINFO[0m    |-> [rocprofiler-sdk] 4 	:	 5
   [32mINFO[0m    |-> [rocprofiler-sdk] 5 	:	 6
   [32mINFO[0m    |-> [rocprofiler-sdk] 6 	:	 7
   [32mINFO[0m    |-> [rocprofiler-sdk] 7 	:	 8
   [32mINFO[0m    |-> [rocprofiler-sdk] 8 	:	 9
   [32mINFO[0m    |-> [rocprofiler-sdk] 9 	:	 10
   [32mINFO[0m    |-> [rocprofiler-sdk] Device-to-device memcpy (global load/store) success!
   [32mINFO[0m    |-> [rocprofiler-sdk] W20260209 15:54:14.687704 126925130864128 simple_timer.cpp:55] [rocprofv3] './main_bp_l2' ::     4.942650 sec
   [32mINFO[0m    |-> [rocprofiler-sdk] E20260209 15:54:14.699965 126925130864128 output_stream.cpp:111] Opened result file: /root/rocm-examples/Applications/memcp_profile/workloads/main_bp_l2/MI300X_A1/out/pmc_1/f5fa73aad503/26435_kernel_trace.csv
   [32mINFO[0m    |-> [rocprofiler-sdk] E20260209 15:54:14.714918 126925130864128 output_stream.cpp:111] Opened result file: /root/rocm-examples/Applications/memcp_profile/workloads/main_bp_l2/MI300X_A1/out/pmc_1/f5fa73aad503/26435_counter_collection.csv
   [32mINFO[0m    |-> [rocprofiler-sdk] E20260209 15:54:14.722838 126925130864128 output_stream.cpp:111] Opened result file: /root/rocm-examples/Applications/memcp_profile/workloads/main_bp_l2/MI300X_A1/out/pmc_1/f5fa73aad503/26435_agent_info.csv
   [32mINFO[0m    |-> [rocprofiler-sdk] W20260209 15:54:14.726549 126925130864128 simple_timer.cpp:55] [rocprofv3] output generation ::     0.034416 sec
   [32mINFO[0m    |-> [rocprofiler-sdk] W20260209 15:54:14.726708 126925130864128 simple_timer.cpp:55] [rocprofv3] tool finalization ::     0.034691 sec
   [32mINFO[0m [Run 10/13][Approximate profiling time left: 24 seconds]...
   [32mINFO[0m [profiling] Current input file: /root/rocm-examples/Applications/memcp_profile/workloads/main_bp_l2/MI300X_A1/perfmon/pmc_perf_2.txt
   [32mINFO[0m    |-> [rocprofiler-sdk] W20260209 15:54:17.149178 133310679414272 simple_timer.cpp:55] [rocprofv3] tool initialization ::     0.109929 sec
   [32mINFO[0m    |-> [rocprofiler-sdk] W20260209 15:54:17.149402 133310679414272 simple_timer.cpp:55] [rocprofv3] './main_bp_l2' ::     0.000000 sec
   [32mINFO[0m    |-> [rocprofiler-sdk] W20260209 15:54:18.677612 133310679414272 tool.cpp:2422] HSA version 8.20.0 initialized (instance=0)
   [32mINFO[0m    |-> [rocprofiler-sdk] 0 	:	 1
   [32mINFO[0m    |-> [rocprofiler-sdk] 1 	:	 2
   [32mINFO[0m    |-> [rocprofiler-sdk] 2 	:	 3
   [32mINFO[0m    |-> [rocprofiler-sdk] 3 	:	 4
   [32mINFO[0m    |-> [rocprofiler-sdk] 4 	:	 5
   [32mINFO[0m    |-> [rocprofiler-sdk] 5 	:	 6
   [32mINFO[0m    |-> [rocprofiler-sdk] 6 	:	 7
   [32mINFO[0m    |-> [rocprofiler-sdk] 7 	:	 8
   [32mINFO[0m    |-> [rocprofiler-sdk] 8 	:	 9
   [32mINFO[0m    |-> [rocprofiler-sdk] 9 	:	 10
   [32mINFO[0m    |-> [rocprofiler-sdk] Device-to-device memcpy (global load/store) success!
   [32mINFO[0m    |-> [rocprofiler-sdk] W20260209 15:54:21.834903 133310679414272 simple_timer.cpp:55] [rocprofv3] './main_bp_l2' ::     4.685501 sec
   [32mINFO[0m    |-> [rocprofiler-sdk] E20260209 15:54:21.843911 133310679414272 output_stream.cpp:111] Opened result file: /root/rocm-examples/Applications/memcp_profile/workloads/main_bp_l2/MI300X_A1/out/pmc_1/f5fa73aad503/26443_kernel_trace.csv
   [32mINFO[0m    |-> [rocprofiler-sdk] E20260209 15:54:21.856740 133310679414272 output_stream.cpp:111] Opened result file: /root/rocm-examples/Applications/memcp_profile/workloads/main_bp_l2/MI300X_A1/out/pmc_1/f5fa73aad503/26443_counter_collection.csv
   [32mINFO[0m    |-> [rocprofiler-sdk] E20260209 15:54:21.863455 133310679414272 output_stream.cpp:111] Opened result file: /root/rocm-examples/Applications/memcp_profile/workloads/main_bp_l2/MI300X_A1/out/pmc_1/f5fa73aad503/26443_agent_info.csv
   [32mINFO[0m    |-> [rocprofiler-sdk] W20260209 15:54:21.867045 133310679414272 simple_timer.cpp:55] [rocprofv3] output generation ::     0.030494 sec
   [32mINFO[0m    |-> [rocprofiler-sdk] W20260209 15:54:21.867148 133310679414272 simple_timer.cpp:55] [rocprofv3] tool finalization ::     0.030632 sec
   [32mINFO[0m [Run 11/13][Approximate profiling time left: 15 seconds]...
   [32mINFO[0m [profiling] Current input file: /root/rocm-examples/Applications/memcp_profile/workloads/main_bp_l2/MI300X_A1/perfmon/pmc_perf_3.txt
   [32mINFO[0m    |-> [rocprofiler-sdk] W20260209 15:54:24.237476 139567734429184 simple_timer.cpp:55] [rocprofv3] tool initialization ::     0.110983 sec
   [32mINFO[0m    |-> [rocprofiler-sdk] W20260209 15:54:24.237696 139567734429184 simple_timer.cpp:55] [rocprofv3] './main_bp_l2' ::     0.000000 sec
   [32mINFO[0m    |-> [rocprofiler-sdk] W20260209 15:54:25.768467 139567734429184 tool.cpp:2422] HSA version 8.20.0 initialized (instance=0)
   [32mINFO[0m    |-> [rocprofiler-sdk] 0 	:	 1
   [32mINFO[0m    |-> [rocprofiler-sdk] 1 	:	 2
   [32mINFO[0m    |-> [rocprofiler-sdk] 2 	:	 3
   [32mINFO[0m    |-> [rocprofiler-sdk] 3 	:	 4
   [32mINFO[0m    |-> [rocprofiler-sdk] 4 	:	 5
   [32mINFO[0m    |-> [rocprofiler-sdk] 5 	:	 6
   [32mINFO[0m    |-> [rocprofiler-sdk] 6 	:	 7
   [32mINFO[0m    |-> [rocprofiler-sdk] 7 	:	 8
   [32mINFO[0m    |-> [rocprofiler-sdk] 8 	:	 9
   [32mINFO[0m    |-> [rocprofiler-sdk] 9 	:	 10
   [32mINFO[0m    |-> [rocprofiler-sdk] Device-to-device memcpy (global load/store) success!
   [32mINFO[0m    |-> [rocprofiler-sdk] W20260209 15:54:28.920320 139567734429184 simple_timer.cpp:55] [rocprofv3] './main_bp_l2' ::     4.682624 sec
   [32mINFO[0m    |-> [rocprofiler-sdk] E20260209 15:54:28.929255 139567734429184 output_stream.cpp:111] Opened result file: /root/rocm-examples/Applications/memcp_profile/workloads/main_bp_l2/MI300X_A1/out/pmc_1/f5fa73aad503/26451_kernel_trace.csv
   [32mINFO[0m    |-> [rocprofiler-sdk] E20260209 15:54:28.941775 139567734429184 output_stream.cpp:111] Opened result file: /root/rocm-examples/Applications/memcp_profile/workloads/main_bp_l2/MI300X_A1/out/pmc_1/f5fa73aad503/26451_counter_collection.csv
   [32mINFO[0m    |-> [rocprofiler-sdk] E20260209 15:54:28.948113 139567734429184 output_stream.cpp:111] Opened result file: /root/rocm-examples/Applications/memcp_profile/workloads/main_bp_l2/MI300X_A1/out/pmc_1/f5fa73aad503/26451_agent_info.csv
   [32mINFO[0m    |-> [rocprofiler-sdk] W20260209 15:54:28.951443 139567734429184 simple_timer.cpp:55] [rocprofv3] output generation ::     0.029396 sec
   [32mINFO[0m    |-> [rocprofiler-sdk] W20260209 15:54:28.951538 139567734429184 simple_timer.cpp:55] [rocprofv3] tool finalization ::     0.029527 sec
   [32mINFO[0m [Run 12/13][Approximate profiling time left: 7 seconds]...
   [32mINFO[0m [profiling] Current input file: /root/rocm-examples/Applications/memcp_profile/workloads/main_bp_l2/MI300X_A1/perfmon/pmc_perf_4.txt
   [32mINFO[0m    |-> [rocprofiler-sdk] W20260209 15:54:31.359699 138826190484992 simple_timer.cpp:55] [rocprofv3] tool initialization ::     0.111184 sec
   [32mINFO[0m    |-> [rocprofiler-sdk] W20260209 15:54:31.359925 138826190484992 simple_timer.cpp:55] [rocprofv3] './main_bp_l2' ::     0.000000 sec
   [32mINFO[0m    |-> [rocprofiler-sdk] W20260209 15:54:32.887847 138826190484992 tool.cpp:2422] HSA version 8.20.0 initialized (instance=0)
   [32mINFO[0m    |-> [rocprofiler-sdk] 0 	:	 1
   [32mINFO[0m    |-> [rocprofiler-sdk] 1 	:	 2
   [32mINFO[0m    |-> [rocprofiler-sdk] 2 	:	 3
   [32mINFO[0m    |-> [rocprofiler-sdk] 3 	:	 4
   [32mINFO[0m    |-> [rocprofiler-sdk] 4 	:	 5
   [32mINFO[0m    |-> [rocprofiler-sdk] 5 	:	 6
   [32mINFO[0m    |-> [rocprofiler-sdk] 6 	:	 7
   [32mINFO[0m    |-> [rocprofiler-sdk] 7 	:	 8
   [32mINFO[0m    |-> [rocprofiler-sdk] 8 	:	 9
   [32mINFO[0m    |-> [rocprofiler-sdk] 9 	:	 10
   [32mINFO[0m    |-> [rocprofiler-sdk] Device-to-device memcpy (global load/store) success!
   [32mINFO[0m    |-> [rocprofiler-sdk] W20260209 15:54:35.999548 138826190484992 simple_timer.cpp:55] [rocprofv3] './main_bp_l2' ::     4.639623 sec
   [32mINFO[0m    |-> [rocprofiler-sdk] E20260209 15:54:36.008250 138826190484992 output_stream.cpp:111] Opened result file: /root/rocm-examples/Applications/memcp_profile/workloads/main_bp_l2/MI300X_A1/out/pmc_1/f5fa73aad503/26459_kernel_trace.csv
   [32mINFO[0m    |-> [rocprofiler-sdk] E20260209 15:54:36.021339 138826190484992 output_stream.cpp:111] Opened result file: /root/rocm-examples/Applications/memcp_profile/workloads/main_bp_l2/MI300X_A1/out/pmc_1/f5fa73aad503/26459_counter_collection.csv
   [32mINFO[0m    |-> [rocprofiler-sdk] E20260209 15:54:36.027927 138826190484992 output_stream.cpp:111] Opened result file: /root/rocm-examples/Applications/memcp_profile/workloads/main_bp_l2/MI300X_A1/out/pmc_1/f5fa73aad503/26459_agent_info.csv
   [32mINFO[0m    |-> [rocprofiler-sdk] W20260209 15:54:36.031237 138826190484992 simple_timer.cpp:55] [rocprofv3] output generation ::     0.030223 sec
   [32mINFO[0m    |-> [rocprofiler-sdk] W20260209 15:54:36.031320 138826190484992 simple_timer.cpp:55] [rocprofv3] tool finalization ::     0.030341 sec
   [32mINFO[0m [Run 13/13][Approximate profiling time left: 0 seconds]...
   [32mINFO[0m [profiling] Current input file: /root/rocm-examples/Applications/memcp_profile/workloads/main_bp_l2/MI300X_A1/perfmon/pmc_perf_5.txt
   [32mINFO[0m    |-> [rocprofiler-sdk] W20260209 15:54:38.293527 140448392656384 simple_timer.cpp:55] [rocprofv3] tool initialization ::     0.102760 sec
   [32mINFO[0m    |-> [rocprofiler-sdk] W20260209 15:54:38.293752 140448392656384 simple_timer.cpp:55] [rocprofv3] './main_bp_l2' ::     0.000000 sec
   [32mINFO[0m    |-> [rocprofiler-sdk] W20260209 15:54:39.821135 140448392656384 tool.cpp:2422] HSA version 8.20.0 initialized (instance=0)
   [32mINFO[0m    |-> [rocprofiler-sdk] 0 	:	 1
   [32mINFO[0m    |-> [rocprofiler-sdk] 1 	:	 2
   [32mINFO[0m    |-> [rocprofiler-sdk] 2 	:	 3
   [32mINFO[0m    |-> [rocprofiler-sdk] 3 	:	 4
   [32mINFO[0m    |-> [rocprofiler-sdk] 4 	:	 5
   [32mINFO[0m    |-> [rocprofiler-sdk] 5 	:	 6
   [32mINFO[0m    |-> [rocprofiler-sdk] 6 	:	 7
   [32mINFO[0m    |-> [rocprofiler-sdk] 7 	:	 8
   [32mINFO[0m    |-> [rocprofiler-sdk] 8 	:	 9
   [32mINFO[0m    |-> [rocprofiler-sdk] 9 	:	 10
   [32mINFO[0m    |-> [rocprofiler-sdk] Device-to-device memcpy (global load/store) success!
   [32mINFO[0m    |-> [rocprofiler-sdk] W20260209 15:54:42.940099 140448392656384 simple_timer.cpp:55] [rocprofv3] './main_bp_l2' ::     4.646347 sec
   [32mINFO[0m    |-> [rocprofiler-sdk] E20260209 15:54:42.948677 140448392656384 output_stream.cpp:111] Opened result file: /root/rocm-examples/Applications/memcp_profile/workloads/main_bp_l2/MI300X_A1/out/pmc_1/f5fa73aad503/26467_kernel_trace.csv
   [32mINFO[0m    |-> [rocprofiler-sdk] E20260209 15:54:42.961493 140448392656384 output_stream.cpp:111] Opened result file: /root/rocm-examples/Applications/memcp_profile/workloads/main_bp_l2/MI300X_A1/out/pmc_1/f5fa73aad503/26467_counter_collection.csv
   [32mINFO[0m    |-> [rocprofiler-sdk] E20260209 15:54:42.967662 140448392656384 output_stream.cpp:111] Opened result file: /root/rocm-examples/Applications/memcp_profile/workloads/main_bp_l2/MI300X_A1/out/pmc_1/f5fa73aad503/26467_agent_info.csv
   [32mINFO[0m    |-> [rocprofiler-sdk] W20260209 15:54:42.971058 140448392656384 simple_timer.cpp:55] [rocprofv3] output generation ::     0.029573 sec
   [32mINFO[0m    |-> [rocprofiler-sdk] W20260209 15:54:42.971138 140448392656384 simple_timer.cpp:55] [rocprofv3] tool finalization ::     0.029689 sec
[33mWARNING[0m PC sampling data collection skipped as block 21 is not specified.
   [32mINFO[0m [roofline] Checking for roofline.csv in /root/rocm-examples/Applications/memcp_profile/workloads/main_bp_l2/MI300X_A1
   [32mINFO[0m [roofline] No roofline data found. Generating...
Empirical Roofline Calculation
Copyright © 2025  Advanced Micro Devices, Inc. All rights reserved.
Total detected GPU devices: 1
GPU Device 0 (gfx942) with 304 CUs: Profiling...
  0% [                                                            ]  1% [                                                            ]  2% [|                                                           ]  3% [|                                                           ]  4% [||                                                          ]  5% [|||                                                         ]  6% [|||                                                         ]  7% [||||                                                        ]  8% [||||                                                        ]  9% [|||||                                                       ] 10% [||||||                                                      ] 11% [||||||                                                      ] 12% [|||||||                                                     ] 13% [|||||||                                                     ] 14% [||||||||                                                    ] 15% [|||||||||                                                   ] 16% [|||||||||                                                   ] 17% [||||||||||                                                  ] 18% [||||||||||                                                  ] 19% [|||||||||||                                                 ] 20% [||||||||||||                                                ] 21% [||||||||||||                                                ] 22% [|||||||||||||                                               ] 23% [|||||||||||||                                               ] 24% [||||||||||||||                                              ] 25% [|||||||||||||||                                             ] 26% [|||||||||||||||                                             ] 27% [||||||||||||||||                                            ] 28% [||||||||||||||||                                            ] 29% [|||||||||||||||||                                           ] 30% [||||||||||||||||||                                          ] 31% [||||||||||||||||||                                          ] 32% [|||||||||||||||||||                                         ] 33% [|||||||||||||||||||                                         ] 34% [||||||||||||||||||||                                        ] 35% [|||||||||||||||||||||                                       ] 36% [|||||||||||||||||||||                                       ] 37% [||||||||||||||||||||||                                      ] 38% [||||||||||||||||||||||                                      ] 39% [|||||||||||||||||||||||                                     ] 40% [||||||||||||||||||||||||                                    ] 41% [||||||||||||||||||||||||                                    ] 42% [|||||||||||||||||||||||||                                   ] 43% [|||||||||||||||||||||||||                                   ] 44% [||||||||||||||||||||||||||                                  ] 45% [|||||||||||||||||||||||||||                                 ] 46% [|||||||||||||||||||||||||||                                 ] 47% [||||||||||||||||||||||||||||                                ] 48% [||||||||||||||||||||||||||||                                ] 49% [|||||||||||||||||||||||||||||                               ] 50% [||||||||||||||||||||||||||||||                              ] 51% [||||||||||||||||||||||||||||||                              ] 52% [|||||||||||||||||||||||||||||||                             ] 52% [|||||||||||||||||||||||||||||||                             ] 54% [||||||||||||||||||||||||||||||||                            ] 55% [|||||||||||||||||||||||||||||||||                           ] 56% [|||||||||||||||||||||||||||||||||                           ] 57% [||||||||||||||||||||||||||||||||||                          ] 58% [||||||||||||||||||||||||||||||||||                          ] 58% [|||||||||||||||||||||||||||||||||||                         ] 60% [||||||||||||||||||||||||||||||||||||                        ] 61% [||||||||||||||||||||||||||||||||||||                        ] 62% [|||||||||||||||||||||||||||||||||||||                       ] 63% [|||||||||||||||||||||||||||||||||||||                       ] 64% [||||||||||||||||||||||||||||||||||||||                      ] 65% [|||||||||||||||||||||||||||||||||||||||                     ] 66% [|||||||||||||||||||||||||||||||||||||||                     ] 67% [||||||||||||||||||||||||||||||||||||||||                    ] 68% [||||||||||||||||||||||||||||||||||||||||                    ] 69% [|||||||||||||||||||||||||||||||||||||||||                   ] 70% [||||||||||||||||||||||||||||||||||||||||||                  ] 71% [||||||||||||||||||||||||||||||||||||||||||                  ] 72% [|||||||||||||||||||||||||||||||||||||||||||                 ] 73% [|||||||||||||||||||||||||||||||||||||||||||                 ] 74% [||||||||||||||||||||||||||||||||||||||||||||                ] 75% [|||||||||||||||||||||||||||||||||||||||||||||               ] 76% [|||||||||||||||||||||||||||||||||||||||||||||               ] 77% [||||||||||||||||||||||||||||||||||||||||||||||              ] 78% [||||||||||||||||||||||||||||||||||||||||||||||              ] 79% [|||||||||||||||||||||||||||||||||||||||||||||||             ] 80% [||||||||||||||||||||||||||||||||||||||||||||||||            ] 81% [||||||||||||||||||||||||||||||||||||||||||||||||            ] 82% [|||||||||||||||||||||||||||||||||||||||||||||||||           ] 83% [|||||||||||||||||||||||||||||||||||||||||||||||||           ] 84% [||||||||||||||||||||||||||||||||||||||||||||||||||          ] 85% [|||||||||||||||||||||||||||||||||||||||||||||||||||         ] 86% [|||||||||||||||||||||||||||||||||||||||||||||||||||         ] 87% [||||||||||||||||||||||||||||||||||||||||||||||||||||        ] 88% [||||||||||||||||||||||||||||||||||||||||||||||||||||        ] 89% [|||||||||||||||||||||||||||||||||||||||||||||||||||||       ] 90% [||||||||||||||||||||||||||||||||||||||||||||||||||||||      ] 91% [||||||||||||||||||||||||||||||||||||||||||||||||||||||      ] 92% [|||||||||||||||||||||||||||||||||||||||||||||||||||||||     ] 93% [|||||||||||||||||||||||||||||||||||||||||||||||||||||||     ] 94% [||||||||||||||||||||||||||||||||||||||||||||||||||||||||    ] 95% [|||||||||||||||||||||||||||||||||||||||||||||||||||||||||   ] 96% [|||||||||||||||||||||||||||||||||||||||||||||||||||||||||   ] 97% [||||||||||||||||||||||||||||||||||||||||||||||||||||||||||  ] 98% [||||||||||||||||||||||||||||||||||||||||||||||||||||||||||  ] 99% [||||||||||||||||||||||||||||||||||||||||||||||||||||||||||| ]
HBM BW, GPU ID: 0, workgroupSize:256, workgroups:6225920, experiments:100, traffic:25501368320 bytes, duration:6.0 ms, mean:4226.0 GB/sec, stdev=12.2 GB/sec
  0% [                                                            ]  1% [                                                            ]  2% [|                                                           ]  3% [|                                                           ]  4% [||                                                          ]  5% [|||                                                         ]  6% [|||                                                         ]  7% [||||                                                        ]  8% [||||                                                        ]  9% [|||||                                                       ] 10% [||||||                                                      ] 11% [||||||                                                      ] 12% [|||||||                                                     ] 13% [|||||||                                                     ] 14% [||||||||                                                    ] 15% [|||||||||                                                   ] 16% [|||||||||                                                   ] 17% [||||||||||                                                  ] 18% [||||||||||                                                  ] 19% [|||||||||||                                                 ] 20% [||||||||||||                                                ] 21% [||||||||||||                                                ] 22% [|||||||||||||                                               ] 23% [|||||||||||||                                               ] 24% [||||||||||||||                                              ] 25% [|||||||||||||||                                             ] 26% [|||||||||||||||                                             ] 27% [||||||||||||||||                                            ] 28% [||||||||||||||||                                            ] 29% [|||||||||||||||||                                           ] 30% [||||||||||||||||||                                          ] 31% [||||||||||||||||||                                          ] 32% [|||||||||||||||||||                                         ] 33% [|||||||||||||||||||                                         ] 34% [||||||||||||||||||||                                        ] 35% [|||||||||||||||||||||                                       ] 36% [|||||||||||||||||||||                                       ] 37% [||||||||||||||||||||||                                      ] 38% [||||||||||||||||||||||                                      ] 39% [|||||||||||||||||||||||                                     ] 40% [||||||||||||||||||||||||                                    ] 41% [||||||||||||||||||||||||                                    ] 42% [|||||||||||||||||||||||||                                   ] 43% [|||||||||||||||||||||||||                                   ] 44% [||||||||||||||||||||||||||                                  ] 45% [|||||||||||||||||||||||||||                                 ] 46% [|||||||||||||||||||||||||||                                 ] 47% [||||||||||||||||||||||||||||                                ] 48% [||||||||||||||||||||||||||||                                ] 49% [|||||||||||||||||||||||||||||                               ] 50% [||||||||||||||||||||||||||||||                              ] 51% [||||||||||||||||||||||||||||||                              ] 52% [|||||||||||||||||||||||||||||||                             ] 52% [|||||||||||||||||||||||||||||||                             ] 54% [||||||||||||||||||||||||||||||||                            ] 55% [|||||||||||||||||||||||||||||||||                           ] 56% [|||||||||||||||||||||||||||||||||                           ] 57% [||||||||||||||||||||||||||||||||||                          ] 58% [||||||||||||||||||||||||||||||||||                          ] 58% [|||||||||||||||||||||||||||||||||||                         ] 60% [||||||||||||||||||||||||||||||||||||                        ] 61% [||||||||||||||||||||||||||||||||||||                        ] 62% [|||||||||||||||||||||||||||||||||||||                       ] 63% [|||||||||||||||||||||||||||||||||||||                       ] 64% [||||||||||||||||||||||||||||||||||||||                      ] 65% [|||||||||||||||||||||||||||||||||||||||                     ] 66% [|||||||||||||||||||||||||||||||||||||||                     ] 67% [||||||||||||||||||||||||||||||||||||||||                    ] 68% [||||||||||||||||||||||||||||||||||||||||                    ] 69% [|||||||||||||||||||||||||||||||||||||||||                   ] 70% [||||||||||||||||||||||||||||||||||||||||||                  ] 71% [||||||||||||||||||||||||||||||||||||||||||                  ] 72% [|||||||||||||||||||||||||||||||||||||||||||                 ] 73% [|||||||||||||||||||||||||||||||||||||||||||                 ] 74% [||||||||||||||||||||||||||||||||||||||||||||                ] 75% [|||||||||||||||||||||||||||||||||||||||||||||               ] 76% [|||||||||||||||||||||||||||||||||||||||||||||               ] 77% [||||||||||||||||||||||||||||||||||||||||||||||              ] 78% [||||||||||||||||||||||||||||||||||||||||||||||              ] 79% [|||||||||||||||||||||||||||||||||||||||||||||||             ] 80% [||||||||||||||||||||||||||||||||||||||||||||||||            ] 81% [||||||||||||||||||||||||||||||||||||||||||||||||            ] 82% [|||||||||||||||||||||||||||||||||||||||||||||||||           ] 83% [|||||||||||||||||||||||||||||||||||||||||||||||||           ] 84% [||||||||||||||||||||||||||||||||||||||||||||||||||          ] 85% [|||||||||||||||||||||||||||||||||||||||||||||||||||         ] 86% [|||||||||||||||||||||||||||||||||||||||||||||||||||         ] 87% [||||||||||||||||||||||||||||||||||||||||||||||||||||        ] 88% [||||||||||||||||||||||||||||||||||||||||||||||||||||        ] 89% [|||||||||||||||||||||||||||||||||||||||||||||||||||||       ] 90% [||||||||||||||||||||||||||||||||||||||||||||||||||||||      ] 91% [||||||||||||||||||||||||||||||||||||||||||||||||||||||      ] 92% [|||||||||||||||||||||||||||||||||||||||||||||||||||||||     ] 93% [|||||||||||||||||||||||||||||||||||||||||||||||||||||||     ] 94% [||||||||||||||||||||||||||||||||||||||||||||||||||||||||    ] 95% [|||||||||||||||||||||||||||||||||||||||||||||||||||||||||   ] 96% [|||||||||||||||||||||||||||||||||||||||||||||||||||||||||   ] 97% [||||||||||||||||||||||||||||||||||||||||||||||||||||||||||  ] 98% [||||||||||||||||||||||||||||||||||||||||||||||||||||||||||  ] 99% [||||||||||||||||||||||||||||||||||||||||||||||||||||||||||| ]
MALL BW, GPU ID: 0, workgroupSize:256, workgroups:38912, experiments:100, traffic:2611340115968 bytes, duration:422.9 ms, mean:6161.3 GB/sec, stdev=28.0 GB/sec
  0% [                                                            ]  1% [                                                            ]  2% [|                                                           ]  3% [|                                                           ]  4% [||                                                          ]  5% [|||                                                         ]  6% [|||                                                         ]  7% [||||                                                        ]  8% [||||                                                        ]  9% [|||||                                                       ] 10% [||||||                                                      ] 11% [||||||                                                      ] 12% [|||||||                                                     ] 13% [|||||||                                                     ] 14% [||||||||                                                    ] 15% [|||||||||                                                   ] 16% [|||||||||                                                   ] 17% [||||||||||                                                  ] 18% [||||||||||                                                  ] 19% [|||||||||||                                                 ] 20% [||||||||||||                                                ] 21% [||||||||||||                                                ] 22% [|||||||||||||                                               ] 23% [|||||||||||||                                               ] 24% [||||||||||||||                                              ] 25% [|||||||||||||||                                             ] 26% [|||||||||||||||                                             ] 27% [||||||||||||||||                                            ] 28% [||||||||||||||||                                            ] 29% [|||||||||||||||||                                           ] 30% [||||||||||||||||||                                          ] 31% [||||||||||||||||||                                          ] 32% [|||||||||||||||||||                                         ] 33% [|||||||||||||||||||                                         ] 34% [||||||||||||||||||||                                        ] 35% [|||||||||||||||||||||                                       ] 36% [|||||||||||||||||||||                                       ] 37% [||||||||||||||||||||||                                      ] 38% [||||||||||||||||||||||                                      ] 39% [|||||||||||||||||||||||                                     ] 40% [||||||||||||||||||||||||                                    ] 41% [||||||||||||||||||||||||                                    ] 42% [|||||||||||||||||||||||||                                   ] 43% [|||||||||||||||||||||||||                                   ] 44% [||||||||||||||||||||||||||                                  ] 45% [|||||||||||||||||||||||||||                                 ] 46% [|||||||||||||||||||||||||||                                 ] 47% [||||||||||||||||||||||||||||                                ] 48% [||||||||||||||||||||||||||||                                ] 49% [|||||||||||||||||||||||||||||                               ] 50% [||||||||||||||||||||||||||||||                              ] 51% [||||||||||||||||||||||||||||||                              ] 52% [|||||||||||||||||||||||||||||||                             ] 52% [|||||||||||||||||||||||||||||||                             ] 54% [||||||||||||||||||||||||||||||||                            ] 55% [|||||||||||||||||||||||||||||||||                           ] 56% [|||||||||||||||||||||||||||||||||                           ] 57% [||||||||||||||||||||||||||||||||||                          ] 58% [||||||||||||||||||||||||||||||||||                          ] 58% [|||||||||||||||||||||||||||||||||||                         ] 60% [||||||||||||||||||||||||||||||||||||                        ] 61% [||||||||||||||||||||||||||||||||||||                        ] 62% [|||||||||||||||||||||||||||||||||||||                       ] 63% [|||||||||||||||||||||||||||||||||||||                       ] 64% [||||||||||||||||||||||||||||||||||||||                      ] 65% [|||||||||||||||||||||||||||||||||||||||                     ] 66% [|||||||||||||||||||||||||||||||||||||||                     ] 67% [||||||||||||||||||||||||||||||||||||||||                    ] 68% [||||||||||||||||||||||||||||||||||||||||                    ] 69% [|||||||||||||||||||||||||||||||||||||||||                   ] 70% [||||||||||||||||||||||||||||||||||||||||||                  ] 71% [||||||||||||||||||||||||||||||||||||||||||                  ] 72% [|||||||||||||||||||||||||||||||||||||||||||                 ] 73% [|||||||||||||||||||||||||||||||||||||||||||                 ] 74% [||||||||||||||||||||||||||||||||||||||||||||                ] 75% [|||||||||||||||||||||||||||||||||||||||||||||               ] 76% [|||||||||||||||||||||||||||||||||||||||||||||               ] 77% [||||||||||||||||||||||||||||||||||||||||||||||              ] 78% [||||||||||||||||||||||||||||||||||||||||||||||              ] 79% [|||||||||||||||||||||||||||||||||||||||||||||||             ] 80% [||||||||||||||||||||||||||||||||||||||||||||||||            ] 81% [||||||||||||||||||||||||||||||||||||||||||||||||            ] 82% [|||||||||||||||||||||||||||||||||||||||||||||||||           ] 83% [|||||||||||||||||||||||||||||||||||||||||||||||||           ] 84% [||||||||||||||||||||||||||||||||||||||||||||||||||          ] 85% [|||||||||||||||||||||||||||||||||||||||||||||||||||         ] 86% [|||||||||||||||||||||||||||||||||||||||||||||||||||         ] 87% [||||||||||||||||||||||||||||||||||||||||||||||||||||        ] 88% [||||||||||||||||||||||||||||||||||||||||||||||||||||        ] 89% [|||||||||||||||||||||||||||||||||||||||||||||||||||||       ] 90% [||||||||||||||||||||||||||||||||||||||||||||||||||||||      ] 91% [||||||||||||||||||||||||||||||||||||||||||||||||||||||      ] 92% [|||||||||||||||||||||||||||||||||||||||||||||||||||||||     ] 93% [|||||||||||||||||||||||||||||||||||||||||||||||||||||||     ] 94% [||||||||||||||||||||||||||||||||||||||||||||||||||||||||    ] 95% [|||||||||||||||||||||||||||||||||||||||||||||||||||||||||   ] 96% [|||||||||||||||||||||||||||||||||||||||||||||||||||||||||   ] 97% [||||||||||||||||||||||||||||||||||||||||||||||||||||||||||  ] 98% [||||||||||||||||||||||||||||||||||||||||||||||||||||||||||  ] 99% [||||||||||||||||||||||||||||||||||||||||||||||||||||||||||| ]
L2 BW, GPU ID: 0, workgroupSize:256, workgroups:38912, experiments:100, traffic:1632087572480 bytes, duration:63.6 ms, mean:25706.5 GB/sec, stdev=43.8 GB/sec
  0% [                                                            ]  1% [                                                            ]  2% [|                                                           ]  3% [|                                                           ]  4% [||                                                          ]  5% [|||                                                         ]  6% [|||                                                         ]  7% [||||                                                        ]  8% [||||                                                        ]  9% [|||||                                                       ] 10% [||||||                                                      ] 11% [||||||                                                      ] 12% [|||||||                                                     ] 13% [|||||||                                                     ] 14% [||||||||                                                    ] 15% [|||||||||                                                   ] 16% [|||||||||                                                   ] 17% [||||||||||                                                  ] 18% [||||||||||                                                  ] 19% [|||||||||||                                                 ] 20% [||||||||||||                                                ] 21% [||||||||||||                                                ] 22% [|||||||||||||                                               ] 23% [|||||||||||||                                               ] 24% [||||||||||||||                                              ] 25% [|||||||||||||||                                             ] 26% [|||||||||||||||                                             ] 27% [||||||||||||||||                                            ] 28% [||||||||||||||||                                            ] 29% [|||||||||||||||||                                           ] 30% [||||||||||||||||||                                          ] 31% [||||||||||||||||||                                          ] 32% [|||||||||||||||||||                                         ] 33% [|||||||||||||||||||                                         ] 34% [||||||||||||||||||||                                        ] 35% [|||||||||||||||||||||                                       ] 36% [|||||||||||||||||||||                                       ] 37% [||||||||||||||||||||||                                      ] 38% [||||||||||||||||||||||                                      ] 39% [|||||||||||||||||||||||                                     ] 40% [||||||||||||||||||||||||                                    ] 41% [||||||||||||||||||||||||                                    ] 42% [|||||||||||||||||||||||||                                   ] 43% [|||||||||||||||||||||||||                                   ] 44% [||||||||||||||||||||||||||                                  ] 45% [|||||||||||||||||||||||||||                                 ] 46% [|||||||||||||||||||||||||||                                 ] 47% [||||||||||||||||||||||||||||                                ] 48% [||||||||||||||||||||||||||||                                ] 49% [|||||||||||||||||||||||||||||                               ] 50% [||||||||||||||||||||||||||||||                              ] 51% [||||||||||||||||||||||||||||||                              ] 52% [|||||||||||||||||||||||||||||||                             ] 52% [|||||||||||||||||||||||||||||||                             ] 54% [||||||||||||||||||||||||||||||||                            ] 55% [|||||||||||||||||||||||||||||||||                           ] 56% [|||||||||||||||||||||||||||||||||                           ] 57% [||||||||||||||||||||||||||||||||||                          ] 58% [||||||||||||||||||||||||||||||||||                          ] 58% [|||||||||||||||||||||||||||||||||||                         ] 60% [||||||||||||||||||||||||||||||||||||                        ] 61% [||||||||||||||||||||||||||||||||||||                        ] 62% [|||||||||||||||||||||||||||||||||||||                       ] 63% [|||||||||||||||||||||||||||||||||||||                       ] 64% [||||||||||||||||||||||||||||||||||||||                      ] 65% [|||||||||||||||||||||||||||||||||||||||                     ] 66% [|||||||||||||||||||||||||||||||||||||||                     ] 67% [||||||||||||||||||||||||||||||||||||||||                    ] 68% [||||||||||||||||||||||||||||||||||||||||                    ] 69% [|||||||||||||||||||||||||||||||||||||||||                   ] 70% [||||||||||||||||||||||||||||||||||||||||||                  ] 71% [||||||||||||||||||||||||||||||||||||||||||                  ] 72% [|||||||||||||||||||||||||||||||||||||||||||                 ] 73% [|||||||||||||||||||||||||||||||||||||||||||                 ] 74% [||||||||||||||||||||||||||||||||||||||||||||                ] 75% [|||||||||||||||||||||||||||||||||||||||||||||               ] 76% [|||||||||||||||||||||||||||||||||||||||||||||               ] 77% [||||||||||||||||||||||||||||||||||||||||||||||              ] 78% [||||||||||||||||||||||||||||||||||||||||||||||              ] 79% [|||||||||||||||||||||||||||||||||||||||||||||||             ] 80% [||||||||||||||||||||||||||||||||||||||||||||||||            ] 81% [||||||||||||||||||||||||||||||||||||||||||||||||            ] 82% [|||||||||||||||||||||||||||||||||||||||||||||||||           ] 83% [|||||||||||||||||||||||||||||||||||||||||||||||||           ] 84% [||||||||||||||||||||||||||||||||||||||||||||||||||          ] 85% [|||||||||||||||||||||||||||||||||||||||||||||||||||         ] 86% [|||||||||||||||||||||||||||||||||||||||||||||||||||         ] 87% [||||||||||||||||||||||||||||||||||||||||||||||||||||        ] 88% [||||||||||||||||||||||||||||||||||||||||||||||||||||        ] 89% [|||||||||||||||||||||||||||||||||||||||||||||||||||||       ] 90% [||||||||||||||||||||||||||||||||||||||||||||||||||||||      ] 91% [||||||||||||||||||||||||||||||||||||||||||||||||||||||      ] 92% [|||||||||||||||||||||||||||||||||||||||||||||||||||||||     ] 93% [|||||||||||||||||||||||||||||||||||||||||||||||||||||||     ] 94% [||||||||||||||||||||||||||||||||||||||||||||||||||||||||    ] 95% [|||||||||||||||||||||||||||||||||||||||||||||||||||||||||   ] 96% [|||||||||||||||||||||||||||||||||||||||||||||||||||||||||   ] 97% [||||||||||||||||||||||||||||||||||||||||||||||||||||||||||  ] 98% [||||||||||||||||||||||||||||||||||||||||||||||||||||||||||  ] 99% [||||||||||||||||||||||||||||||||||||||||||||||||||||||||||| ]
L1 BW, GPU ID: 0, workgroupSize:256, workgroups:38912, experiments:100, traffic:127506841600 bytes, duration:3.8 ms, mean:33870.6 GB/sec, stdev=174.6 GB/sec
  0% [                                                            ]  1% [                                                            ]  2% [|                                                           ]  3% [|                                                           ]  4% [||                                                          ]  5% [|||                                                         ]  6% [|||                                                         ]  7% [||||                                                        ]  8% [||||                                                        ]  9% [|||||                                                       ] 10% [||||||                                                      ] 11% [||||||                                                      ] 12% [|||||||                                                     ] 13% [|||||||                                                     ] 14% [||||||||                                                    ] 15% [|||||||||                                                   ] 16% [|||||||||                                                   ] 17% [||||||||||                                                  ] 18% [||||||||||                                                  ] 19% [|||||||||||                                                 ] 20% [||||||||||||                                                ] 21% [||||||||||||                                                ] 22% [|||||||||||||                                               ] 23% [|||||||||||||                                               ] 24% [||||||||||||||                                              ] 25% [|||||||||||||||                                             ] 26% [|||||||||||||||                                             ] 27% [||||||||||||||||                                            ] 28% [||||||||||||||||                                            ] 29% [|||||||||||||||||                                           ] 30% [||||||||||||||||||                                          ] 31% [||||||||||||||||||                                          ] 32% [|||||||||||||||||||                                         ] 33% [|||||||||||||||||||                                         ] 34% [||||||||||||||||||||                                        ] 35% [|||||||||||||||||||||                                       ] 36% [|||||||||||||||||||||                                       ] 37% [||||||||||||||||||||||                                      ] 38% [||||||||||||||||||||||                                      ] 39% [|||||||||||||||||||||||                                     ] 40% [||||||||||||||||||||||||                                    ] 41% [||||||||||||||||||||||||                                    ] 42% [|||||||||||||||||||||||||                                   ] 43% [|||||||||||||||||||||||||                                   ] 44% [||||||||||||||||||||||||||                                  ] 45% [|||||||||||||||||||||||||||                                 ] 46% [|||||||||||||||||||||||||||                                 ] 47% [||||||||||||||||||||||||||||                                ] 48% [||||||||||||||||||||||||||||                                ] 49% [|||||||||||||||||||||||||||||                               ] 50% [||||||||||||||||||||||||||||||                              ] 51% [||||||||||||||||||||||||||||||                              ] 52% [|||||||||||||||||||||||||||||||                             ] 52% [|||||||||||||||||||||||||||||||                             ] 54% [||||||||||||||||||||||||||||||||                            ] 55% [|||||||||||||||||||||||||||||||||                           ] 56% [|||||||||||||||||||||||||||||||||                           ] 57% [||||||||||||||||||||||||||||||||||                          ] 58% [||||||||||||||||||||||||||||||||||                          ] 58% [|||||||||||||||||||||||||||||||||||                         ] 60% [||||||||||||||||||||||||||||||||||||                        ] 61% [||||||||||||||||||||||||||||||||||||                        ] 62% [|||||||||||||||||||||||||||||||||||||                       ] 63% [|||||||||||||||||||||||||||||||||||||                       ] 64% [||||||||||||||||||||||||||||||||||||||                      ] 65% [|||||||||||||||||||||||||||||||||||||||                     ] 66% [|||||||||||||||||||||||||||||||||||||||                     ] 67% [||||||||||||||||||||||||||||||||||||||||                    ] 68% [||||||||||||||||||||||||||||||||||||||||                    ] 69% [|||||||||||||||||||||||||||||||||||||||||                   ] 70% [||||||||||||||||||||||||||||||||||||||||||                  ] 71% [||||||||||||||||||||||||||||||||||||||||||                  ] 72% [|||||||||||||||||||||||||||||||||||||||||||                 ] 73% [|||||||||||||||||||||||||||||||||||||||||||                 ] 74% [||||||||||||||||||||||||||||||||||||||||||||                ] 75% [|||||||||||||||||||||||||||||||||||||||||||||               ] 76% [|||||||||||||||||||||||||||||||||||||||||||||               ] 77% [||||||||||||||||||||||||||||||||||||||||||||||              ] 78% [||||||||||||||||||||||||||||||||||||||||||||||              ] 79% [|||||||||||||||||||||||||||||||||||||||||||||||             ] 80% [||||||||||||||||||||||||||||||||||||||||||||||||            ] 81% [||||||||||||||||||||||||||||||||||||||||||||||||            ] 82% [|||||||||||||||||||||||||||||||||||||||||||||||||           ] 83% [|||||||||||||||||||||||||||||||||||||||||||||||||           ] 84% [||||||||||||||||||||||||||||||||||||||||||||||||||          ] 85% [|||||||||||||||||||||||||||||||||||||||||||||||||||         ] 86% [|||||||||||||||||||||||||||||||||||||||||||||||||||         ] 87% [||||||||||||||||||||||||||||||||||||||||||||||||||||        ] 88% [||||||||||||||||||||||||||||||||||||||||||||||||||||        ] 89% [|||||||||||||||||||||||||||||||||||||||||||||||||||||       ] 90% [||||||||||||||||||||||||||||||||||||||||||||||||||||||      ] 91% [||||||||||||||||||||||||||||||||||||||||||||||||||||||      ] 92% [|||||||||||||||||||||||||||||||||||||||||||||||||||||||     ] 93% [|||||||||||||||||||||||||||||||||||||||||||||||||||||||     ] 94% [||||||||||||||||||||||||||||||||||||||||||||||||||||||||    ] 95% [|||||||||||||||||||||||||||||||||||||||||||||||||||||||||   ] 96% [|||||||||||||||||||||||||||||||||||||||||||||||||||||||||   ] 97% [||||||||||||||||||||||||||||||||||||||||||||||||||||||||||  ] 98% [||||||||||||||||||||||||||||||||||||||||||||||||||||||||||  ] 99% [||||||||||||||||||||||||||||||||||||||||||||||||||||||||||| ]
LDS BW, GPU ID: 0, workgroupSize:256, workgroups:38912, experiments:100, traffic:79691776000 bytes, duration:1.2 ms, mean:65260.3 GB/sec, stdev=137.5 GB/sec
  0% [                                                            ]  1% [                                                            ]  2% [|                                                           ]  3% [|                                                           ]  4% [||                                                          ]  5% [|||                                                         ]  6% [|||                                                         ]  7% [||||                                                        ]  8% [||||                                                        ]  9% [|||||                                                       ] 10% [||||||                                                      ] 11% [||||||                                                      ] 12% [|||||||                                                     ] 13% [|||||||                                                     ] 14% [||||||||                                                    ] 15% [|||||||||                                                   ] 16% [|||||||||                                                   ] 17% [||||||||||                                                  ] 18% [||||||||||                                                  ] 19% [|||||||||||                                                 ] 20% [||||||||||||                                                ] 21% [||||||||||||                                                ] 22% [|||||||||||||                                               ] 23% [|||||||||||||                                               ] 24% [||||||||||||||                                              ] 25% [|||||||||||||||                                             ] 26% [|||||||||||||||                                             ] 27% [||||||||||||||||                                            ] 28% [||||||||||||||||                                            ] 29% [|||||||||||||||||                                           ] 30% [||||||||||||||||||                                          ] 31% [||||||||||||||||||                                          ] 32% [|||||||||||||||||||                                         ] 33% [|||||||||||||||||||                                         ] 34% [||||||||||||||||||||                                        ] 35% [|||||||||||||||||||||                                       ] 36% [|||||||||||||||||||||                                       ] 37% [||||||||||||||||||||||                                      ] 38% [||||||||||||||||||||||                                      ] 39% [|||||||||||||||||||||||                                     ] 40% [||||||||||||||||||||||||                                    ] 41% [||||||||||||||||||||||||                                    ] 42% [|||||||||||||||||||||||||                                   ] 43% [|||||||||||||||||||||||||                                   ] 44% [||||||||||||||||||||||||||                                  ] 45% [|||||||||||||||||||||||||||                                 ] 46% [|||||||||||||||||||||||||||                                 ] 47% [||||||||||||||||||||||||||||                                ] 48% [||||||||||||||||||||||||||||                                ] 49% [|||||||||||||||||||||||||||||                               ] 50% [||||||||||||||||||||||||||||||                              ] 51% [||||||||||||||||||||||||||||||                              ] 52% [|||||||||||||||||||||||||||||||                             ] 52% [|||||||||||||||||||||||||||||||                             ] 54% [||||||||||||||||||||||||||||||||                            ] 55% [|||||||||||||||||||||||||||||||||                           ] 56% [|||||||||||||||||||||||||||||||||                           ] 57% [||||||||||||||||||||||||||||||||||                          ] 58% [||||||||||||||||||||||||||||||||||                          ] 58% [|||||||||||||||||||||||||||||||||||                         ] 60% [||||||||||||||||||||||||||||||||||||                        ] 61% [||||||||||||||||||||||||||||||||||||                        ] 62% [|||||||||||||||||||||||||||||||||||||                       ] 63% [|||||||||||||||||||||||||||||||||||||                       ] 64% [||||||||||||||||||||||||||||||||||||||                      ] 65% [|||||||||||||||||||||||||||||||||||||||                     ] 66% [|||||||||||||||||||||||||||||||||||||||                     ] 67% [||||||||||||||||||||||||||||||||||||||||                    ] 68% [||||||||||||||||||||||||||||||||||||||||                    ] 69% [|||||||||||||||||||||||||||||||||||||||||                   ] 70% [||||||||||||||||||||||||||||||||||||||||||                  ] 71% [||||||||||||||||||||||||||||||||||||||||||                  ] 72% [|||||||||||||||||||||||||||||||||||||||||||                 ] 73% [|||||||||||||||||||||||||||||||||||||||||||                 ] 74% [||||||||||||||||||||||||||||||||||||||||||||                ] 75% [|||||||||||||||||||||||||||||||||||||||||||||               ] 76% [|||||||||||||||||||||||||||||||||||||||||||||               ] 77% [||||||||||||||||||||||||||||||||||||||||||||||              ] 78% [||||||||||||||||||||||||||||||||||||||||||||||              ] 79% [|||||||||||||||||||||||||||||||||||||||||||||||             ] 80% [||||||||||||||||||||||||||||||||||||||||||||||||            ] 81% [||||||||||||||||||||||||||||||||||||||||||||||||            ] 82% [|||||||||||||||||||||||||||||||||||||||||||||||||           ] 83% [|||||||||||||||||||||||||||||||||||||||||||||||||           ] 84% [||||||||||||||||||||||||||||||||||||||||||||||||||          ] 85% [|||||||||||||||||||||||||||||||||||||||||||||||||||         ] 86% [|||||||||||||||||||||||||||||||||||||||||||||||||||         ] 87% [||||||||||||||||||||||||||||||||||||||||||||||||||||        ] 88% [||||||||||||||||||||||||||||||||||||||||||||||||||||        ] 89% [|||||||||||||||||||||||||||||||||||||||||||||||||||||       ] 90% [||||||||||||||||||||||||||||||||||||||||||||||||||||||      ] 91% [||||||||||||||||||||||||||||||||||||||||||||||||||||||      ] 92% [|||||||||||||||||||||||||||||||||||||||||||||||||||||||     ] 93% [|||||||||||||||||||||||||||||||||||||||||||||||||||||||     ] 94% [||||||||||||||||||||||||||||||||||||||||||||||||||||||||    ] 95% [|||||||||||||||||||||||||||||||||||||||||||||||||||||||||   ] 96% [|||||||||||||||||||||||||||||||||||||||||||||||||||||||||   ] 97% [||||||||||||||||||||||||||||||||||||||||||||||||||||||||||  ] 98% [||||||||||||||||||||||||||||||||||||||||||||||||||||||||||  ] 99% [||||||||||||||||||||||||||||||||||||||||||||||||||||||||||| ]
Peak FLOPs (FP8), GPU ID: 0, workgroupSize:256, workgroups:38912, experiments:100, FLOP:1081258016768, duration:13.2 ms, mean:81961.5 GFLOPS, stdev=152.8 GFLOPS
  0% [                                                            ]  1% [                                                            ]  2% [|                                                           ]  3% [|                                                           ]  4% [||                                                          ]  5% [|||                                                         ]  6% [|||                                                         ]  7% [||||                                                        ]  8% [||||                                                        ]  9% [|||||                                                       ] 10% [||||||                                                      ] 11% [||||||                                                      ] 12% [|||||||                                                     ] 13% [|||||||                                                     ] 14% [||||||||                                                    ] 15% [|||||||||                                                   ] 16% [|||||||||                                                   ] 17% [||||||||||                                                  ] 18% [||||||||||                                                  ] 19% [|||||||||||                                                 ] 20% [||||||||||||                                                ] 21% [||||||||||||                                                ] 22% [|||||||||||||                                               ] 23% [|||||||||||||                                               ] 24% [||||||||||||||                                              ] 25% [|||||||||||||||                                             ] 26% [|||||||||||||||                                             ] 27% [||||||||||||||||                                            ] 28% [||||||||||||||||                                            ] 29% [|||||||||||||||||                                           ] 30% [||||||||||||||||||                                          ] 31% [||||||||||||||||||                                          ] 32% [|||||||||||||||||||                                         ] 33% [|||||||||||||||||||                                         ] 34% [||||||||||||||||||||                                        ] 35% [|||||||||||||||||||||                                       ] 36% [|||||||||||||||||||||                                       ] 37% [||||||||||||||||||||||                                      ] 38% [||||||||||||||||||||||                                      ] 39% [|||||||||||||||||||||||                                     ] 40% [||||||||||||||||||||||||                                    ] 41% [||||||||||||||||||||||||                                    ] 42% [|||||||||||||||||||||||||                                   ] 43% [|||||||||||||||||||||||||                                   ] 44% [||||||||||||||||||||||||||                                  ] 45% [|||||||||||||||||||||||||||                                 ] 46% [|||||||||||||||||||||||||||                                 ] 47% [||||||||||||||||||||||||||||                                ] 48% [||||||||||||||||||||||||||||                                ] 49% [|||||||||||||||||||||||||||||                               ] 50% [||||||||||||||||||||||||||||||                              ] 51% [||||||||||||||||||||||||||||||                              ] 52% [|||||||||||||||||||||||||||||||                             ] 52% [|||||||||||||||||||||||||||||||                             ] 54% [||||||||||||||||||||||||||||||||                            ] 55% [|||||||||||||||||||||||||||||||||                           ] 56% [|||||||||||||||||||||||||||||||||                           ] 57% [||||||||||||||||||||||||||||||||||                          ] 58% [||||||||||||||||||||||||||||||||||                          ] 58% [|||||||||||||||||||||||||||||||||||                         ] 60% [||||||||||||||||||||||||||||||||||||                        ] 61% [||||||||||||||||||||||||||||||||||||                        ] 62% [|||||||||||||||||||||||||||||||||||||                       ] 63% [|||||||||||||||||||||||||||||||||||||                       ] 64% [||||||||||||||||||||||||||||||||||||||                      ] 65% [|||||||||||||||||||||||||||||||||||||||                     ] 66% [|||||||||||||||||||||||||||||||||||||||                     ] 67% [||||||||||||||||||||||||||||||||||||||||                    ] 68% [||||||||||||||||||||||||||||||||||||||||                    ] 69% [|||||||||||||||||||||||||||||||||||||||||                   ] 70% [||||||||||||||||||||||||||||||||||||||||||                  ] 71% [||||||||||||||||||||||||||||||||||||||||||                  ] 72% [|||||||||||||||||||||||||||||||||||||||||||                 ] 73% [|||||||||||||||||||||||||||||||||||||||||||                 ] 74% [||||||||||||||||||||||||||||||||||||||||||||                ] 75% [|||||||||||||||||||||||||||||||||||||||||||||               ] 76% [|||||||||||||||||||||||||||||||||||||||||||||               ] 77% [||||||||||||||||||||||||||||||||||||||||||||||              ] 78% [||||||||||||||||||||||||||||||||||||||||||||||              ] 79% [|||||||||||||||||||||||||||||||||||||||||||||||             ] 80% [||||||||||||||||||||||||||||||||||||||||||||||||            ] 81% [||||||||||||||||||||||||||||||||||||||||||||||||            ] 82% [|||||||||||||||||||||||||||||||||||||||||||||||||           ] 83% [|||||||||||||||||||||||||||||||||||||||||||||||||           ] 84% [||||||||||||||||||||||||||||||||||||||||||||||||||          ] 85% [|||||||||||||||||||||||||||||||||||||||||||||||||||         ] 86% [|||||||||||||||||||||||||||||||||||||||||||||||||||         ] 87% [||||||||||||||||||||||||||||||||||||||||||||||||||||        ] 88% [||||||||||||||||||||||||||||||||||||||||||||||||||||        ] 89% [|||||||||||||||||||||||||||||||||||||||||||||||||||||       ] 90% [||||||||||||||||||||||||||||||||||||||||||||||||||||||      ] 91% [||||||||||||||||||||||||||||||||||||||||||||||||||||||      ] 92% [|||||||||||||||||||||||||||||||||||||||||||||||||||||||     ] 93% [|||||||||||||||||||||||||||||||||||||||||||||||||||||||     ] 94% [||||||||||||||||||||||||||||||||||||||||||||||||||||||||    ] 95% [|||||||||||||||||||||||||||||||||||||||||||||||||||||||||   ] 96% [|||||||||||||||||||||||||||||||||||||||||||||||||||||||||   ] 97% [||||||||||||||||||||||||||||||||||||||||||||||||||||||||||  ] 98% [||||||||||||||||||||||||||||||||||||||||||||||||||||||||||  ] 99% [||||||||||||||||||||||||||||||||||||||||||||||||||||||||||| ]
Peak FLOPs (FP16), GPU ID: 0, workgroupSize:256, workgroups:38912, experiments:100, FLOP:530428461056, duration:13.5 ms, mean:39324.1 GFLOPS, stdev=65.5 GFLOPS
  0% [                                                            ]  1% [                                                            ]  2% [|                                                           ]  3% [|                                                           ]  4% [||                                                          ]  5% [|||                                                         ]  6% [|||                                                         ]  7% [||||                                                        ]  8% [||||                                                        ]  9% [|||||                                                       ] 10% [||||||                                                      ] 11% [||||||                                                      ] 12% [|||||||                                                     ] 13% [|||||||                                                     ] 14% [||||||||                                                    ] 15% [|||||||||                                                   ] 16% [|||||||||                                                   ] 17% [||||||||||                                                  ] 18% [||||||||||                                                  ] 19% [|||||||||||                                                 ] 20% [||||||||||||                                                ] 21% [||||||||||||                                                ] 22% [|||||||||||||                                               ] 23% [|||||||||||||                                               ] 24% [||||||||||||||                                              ] 25% [|||||||||||||||                                             ] 26% [|||||||||||||||                                             ] 27% [||||||||||||||||                                            ] 28% [||||||||||||||||                                            ] 29% [|||||||||||||||||                                           ] 30% [||||||||||||||||||                                          ] 31% [||||||||||||||||||                                          ] 32% [|||||||||||||||||||                                         ] 33% [|||||||||||||||||||                                         ] 34% [||||||||||||||||||||                                        ] 35% [|||||||||||||||||||||                                       ] 36% [|||||||||||||||||||||                                       ] 37% [||||||||||||||||||||||                                      ] 38% [||||||||||||||||||||||                                      ] 39% [|||||||||||||||||||||||                                     ] 40% [||||||||||||||||||||||||                                    ] 41% [||||||||||||||||||||||||                                    ] 42% [|||||||||||||||||||||||||                                   ] 43% [|||||||||||||||||||||||||                                   ] 44% [||||||||||||||||||||||||||                                  ] 45% [|||||||||||||||||||||||||||                                 ] 46% [|||||||||||||||||||||||||||                                 ] 47% [||||||||||||||||||||||||||||                                ] 48% [||||||||||||||||||||||||||||                                ] 49% [|||||||||||||||||||||||||||||                               ] 50% [||||||||||||||||||||||||||||||                              ] 51% [||||||||||||||||||||||||||||||                              ] 52% [|||||||||||||||||||||||||||||||                             ] 52% [|||||||||||||||||||||||||||||||                             ] 54% [||||||||||||||||||||||||||||||||                            ] 55% [|||||||||||||||||||||||||||||||||                           ] 56% [|||||||||||||||||||||||||||||||||                           ] 57% [||||||||||||||||||||||||||||||||||                          ] 58% [||||||||||||||||||||||||||||||||||                          ] 58% [|||||||||||||||||||||||||||||||||||                         ] 60% [||||||||||||||||||||||||||||||||||||                        ] 61% [||||||||||||||||||||||||||||||||||||                        ] 62% [|||||||||||||||||||||||||||||||||||||                       ] 63% [|||||||||||||||||||||||||||||||||||||                       ] 64% [||||||||||||||||||||||||||||||||||||||                      ] 65% [|||||||||||||||||||||||||||||||||||||||                     ] 66% [|||||||||||||||||||||||||||||||||||||||                     ] 67% [||||||||||||||||||||||||||||||||||||||||                    ] 68% [||||||||||||||||||||||||||||||||||||||||                    ] 69% [|||||||||||||||||||||||||||||||||||||||||                   ] 70% [||||||||||||||||||||||||||||||||||||||||||                  ] 71% [||||||||||||||||||||||||||||||||||||||||||                  ] 72% [|||||||||||||||||||||||||||||||||||||||||||                 ] 73% [|||||||||||||||||||||||||||||||||||||||||||                 ] 74% [||||||||||||||||||||||||||||||||||||||||||||                ] 75% [|||||||||||||||||||||||||||||||||||||||||||||               ] 76% [|||||||||||||||||||||||||||||||||||||||||||||               ] 77% [||||||||||||||||||||||||||||||||||||||||||||||              ] 78% [||||||||||||||||||||||||||||||||||||||||||||||              ] 79% [|||||||||||||||||||||||||||||||||||||||||||||||             ] 80% [||||||||||||||||||||||||||||||||||||||||||||||||            ] 81% [||||||||||||||||||||||||||||||||||||||||||||||||            ] 82% [|||||||||||||||||||||||||||||||||||||||||||||||||           ] 83% [|||||||||||||||||||||||||||||||||||||||||||||||||           ] 84% [||||||||||||||||||||||||||||||||||||||||||||||||||          ] 85% [|||||||||||||||||||||||||||||||||||||||||||||||||||         ] 86% [|||||||||||||||||||||||||||||||||||||||||||||||||||         ] 87% [||||||||||||||||||||||||||||||||||||||||||||||||||||        ] 88% [||||||||||||||||||||||||||||||||||||||||||||||||||||        ] 89% [|||||||||||||||||||||||||||||||||||||||||||||||||||||       ] 90% [||||||||||||||||||||||||||||||||||||||||||||||||||||||      ] 91% [||||||||||||||||||||||||||||||||||||||||||||||||||||||      ] 92% [|||||||||||||||||||||||||||||||||||||||||||||||||||||||     ] 93% [|||||||||||||||||||||||||||||||||||||||||||||||||||||||     ] 94% [||||||||||||||||||||||||||||||||||||||||||||||||||||||||    ] 95% [|||||||||||||||||||||||||||||||||||||||||||||||||||||||||   ] 96% [|||||||||||||||||||||||||||||||||||||||||||||||||||||||||   ] 97% [||||||||||||||||||||||||||||||||||||||||||||||||||||||||||  ] 98% [||||||||||||||||||||||||||||||||||||||||||||||||||||||||||  ] 99% [||||||||||||||||||||||||||||||||||||||||||||||||||||||||||| ]
Peak FLOPs (BF16), GPU ID: 0, workgroupSize:256, workgroups:38912, experiments:100, FLOP:530428461056, duration:96.165 ms, mean:5525.6 GFLOPS, stdev=8.4 GFLOPS
  0% [                                                            ]  1% [                                                            ]  2% [|                                                           ]  3% [|                                                           ]  4% [||                                                          ]  5% [|||                                                         ]  6% [|||                                                         ]  7% [||||                                                        ]  8% [||||                                                        ]  9% [|||||                                                       ] 10% [||||||                                                      ] 11% [||||||                                                      ] 12% [|||||||                                                     ] 13% [|||||||                                                     ] 14% [||||||||                                                    ] 15% [|||||||||                                                   ] 16% [|||||||||                                                   ] 17% [||||||||||                                                  ] 18% [||||||||||                                                  ] 19% [|||||||||||                                                 ] 20% [||||||||||||                                                ] 21% [||||||||||||                                                ] 22% [|||||||||||||                                               ] 23% [|||||||||||||                                               ] 24% [||||||||||||||                                              ] 25% [|||||||||||||||                                             ] 26% [|||||||||||||||                                             ] 27% [||||||||||||||||                                            ] 28% [||||||||||||||||                                            ] 29% [|||||||||||||||||                                           ] 30% [||||||||||||||||||                                          ] 31% [||||||||||||||||||                                          ] 32% [|||||||||||||||||||                                         ] 33% [|||||||||||||||||||                                         ] 34% [||||||||||||||||||||                                        ] 35% [|||||||||||||||||||||                                       ] 36% [|||||||||||||||||||||                                       ] 37% [||||||||||||||||||||||                                      ] 38% [||||||||||||||||||||||                                      ] 39% [|||||||||||||||||||||||                                     ] 40% [||||||||||||||||||||||||                                    ] 41% [||||||||||||||||||||||||                                    ] 42% [|||||||||||||||||||||||||                                   ] 43% [|||||||||||||||||||||||||                                   ] 44% [||||||||||||||||||||||||||                                  ] 45% [|||||||||||||||||||||||||||                                 ] 46% [|||||||||||||||||||||||||||                                 ] 47% [||||||||||||||||||||||||||||                                ] 48% [||||||||||||||||||||||||||||                                ] 49% [|||||||||||||||||||||||||||||                               ] 50% [||||||||||||||||||||||||||||||                              ] 51% [||||||||||||||||||||||||||||||                              ] 52% [|||||||||||||||||||||||||||||||                             ] 52% [|||||||||||||||||||||||||||||||                             ] 54% [||||||||||||||||||||||||||||||||                            ] 55% [|||||||||||||||||||||||||||||||||                           ] 56% [|||||||||||||||||||||||||||||||||                           ] 57% [||||||||||||||||||||||||||||||||||                          ] 58% [||||||||||||||||||||||||||||||||||                          ] 58% [|||||||||||||||||||||||||||||||||||                         ] 60% [||||||||||||||||||||||||||||||||||||                        ] 61% [||||||||||||||||||||||||||||||||||||                        ] 62% [|||||||||||||||||||||||||||||||||||||                       ] 63% [|||||||||||||||||||||||||||||||||||||                       ] 64% [||||||||||||||||||||||||||||||||||||||                      ] 65% [|||||||||||||||||||||||||||||||||||||||                     ] 66% [|||||||||||||||||||||||||||||||||||||||                     ] 67% [||||||||||||||||||||||||||||||||||||||||                    ] 68% [||||||||||||||||||||||||||||||||||||||||                    ] 69% [|||||||||||||||||||||||||||||||||||||||||                   ] 70% [||||||||||||||||||||||||||||||||||||||||||                  ] 71% [||||||||||||||||||||||||||||||||||||||||||                  ] 72% [|||||||||||||||||||||||||||||||||||||||||||                 ] 73% [|||||||||||||||||||||||||||||||||||||||||||                 ] 74% [||||||||||||||||||||||||||||||||||||||||||||                ] 75% [|||||||||||||||||||||||||||||||||||||||||||||               ] 76% [|||||||||||||||||||||||||||||||||||||||||||||               ] 77% [||||||||||||||||||||||||||||||||||||||||||||||              ] 78% [||||||||||||||||||||||||||||||||||||||||||||||              ] 79% [|||||||||||||||||||||||||||||||||||||||||||||||             ] 80% [||||||||||||||||||||||||||||||||||||||||||||||||            ] 81% [||||||||||||||||||||||||||||||||||||||||||||||||            ] 82% [|||||||||||||||||||||||||||||||||||||||||||||||||           ] 83% [|||||||||||||||||||||||||||||||||||||||||||||||||           ] 84% [||||||||||||||||||||||||||||||||||||||||||||||||||          ] 85% [|||||||||||||||||||||||||||||||||||||||||||||||||||         ] 86% [|||||||||||||||||||||||||||||||||||||||||||||||||||         ] 87% [||||||||||||||||||||||||||||||||||||||||||||||||||||        ] 88% [||||||||||||||||||||||||||||||||||||||||||||||||||||        ] 89% [|||||||||||||||||||||||||||||||||||||||||||||||||||||       ] 90% [||||||||||||||||||||||||||||||||||||||||||||||||||||||      ] 91% [||||||||||||||||||||||||||||||||||||||||||||||||||||||      ] 92% [|||||||||||||||||||||||||||||||||||||||||||||||||||||||     ] 93% [|||||||||||||||||||||||||||||||||||||||||||||||||||||||     ] 94% [||||||||||||||||||||||||||||||||||||||||||||||||||||||||    ] 95% [|||||||||||||||||||||||||||||||||||||||||||||||||||||||||   ] 96% [|||||||||||||||||||||||||||||||||||||||||||||||||||||||||   ] 97% [||||||||||||||||||||||||||||||||||||||||||||||||||||||||||  ] 98% [||||||||||||||||||||||||||||||||||||||||||||||||||||||||||  ] 99% [||||||||||||||||||||||||||||||||||||||||||||||||||||||||||| ]
Peak FLOPs (FP32), GPU ID: 0, workgroupSize:256, workgroups:38912, experiments:100, FLOP:265214230528, duration:2.099 ms, mean:125710.8 GFLOPS, stdev=1380.1 GFLOPS
  0% [                                                            ]  1% [                                                            ]  2% [|                                                           ]  3% [|                                                           ]  4% [||                                                          ]  5% [|||                                                         ]  6% [|||                                                         ]  7% [||||                                                        ]  8% [||||                                                        ]  9% [|||||                                                       ] 10% [||||||                                                      ] 11% [||||||                                                      ] 12% [|||||||                                                     ] 13% [|||||||                                                     ] 14% [||||||||                                                    ] 15% [|||||||||                                                   ] 16% [|||||||||                                                   ] 17% [||||||||||                                                  ] 18% [||||||||||                                                  ] 19% [|||||||||||                                                 ] 20% [||||||||||||                                                ] 21% [||||||||||||                                                ] 22% [|||||||||||||                                               ] 23% [|||||||||||||                                               ] 24% [||||||||||||||                                              ] 25% [|||||||||||||||                                             ] 26% [|||||||||||||||                                             ] 27% [||||||||||||||||                                            ] 28% [||||||||||||||||                                            ] 29% [|||||||||||||||||                                           ] 30% [||||||||||||||||||                                          ] 31% [||||||||||||||||||                                          ] 32% [|||||||||||||||||||                                         ] 33% [|||||||||||||||||||                                         ] 34% [||||||||||||||||||||                                        ] 35% [|||||||||||||||||||||                                       ] 36% [|||||||||||||||||||||                                       ] 37% [||||||||||||||||||||||                                      ] 38% [||||||||||||||||||||||                                      ] 39% [|||||||||||||||||||||||                                     ] 40% [||||||||||||||||||||||||                                    ] 41% [||||||||||||||||||||||||                                    ] 42% [|||||||||||||||||||||||||                                   ] 43% [|||||||||||||||||||||||||                                   ] 44% [||||||||||||||||||||||||||                                  ] 45% [|||||||||||||||||||||||||||                                 ] 46% [|||||||||||||||||||||||||||                                 ] 47% [||||||||||||||||||||||||||||                                ] 48% [||||||||||||||||||||||||||||                                ] 49% [|||||||||||||||||||||||||||||                               ] 50% [||||||||||||||||||||||||||||||                              ] 51% [||||||||||||||||||||||||||||||                              ] 52% [|||||||||||||||||||||||||||||||                             ] 52% [|||||||||||||||||||||||||||||||                             ] 54% [||||||||||||||||||||||||||||||||                            ] 55% [|||||||||||||||||||||||||||||||||                           ] 56% [|||||||||||||||||||||||||||||||||                           ] 57% [||||||||||||||||||||||||||||||||||                          ] 58% [||||||||||||||||||||||||||||||||||                          ] 58% [|||||||||||||||||||||||||||||||||||                         ] 60% [||||||||||||||||||||||||||||||||||||                        ] 61% [||||||||||||||||||||||||||||||||||||                        ] 62% [|||||||||||||||||||||||||||||||||||||                       ] 63% [|||||||||||||||||||||||||||||||||||||                       ] 64% [||||||||||||||||||||||||||||||||||||||                      ] 65% [|||||||||||||||||||||||||||||||||||||||                     ] 66% [|||||||||||||||||||||||||||||||||||||||                     ] 67% [||||||||||||||||||||||||||||||||||||||||                    ] 68% [||||||||||||||||||||||||||||||||||||||||                    ] 69% [|||||||||||||||||||||||||||||||||||||||||                   ] 70% [||||||||||||||||||||||||||||||||||||||||||                  ] 71% [||||||||||||||||||||||||||||||||||||||||||                  ] 72% [|||||||||||||||||||||||||||||||||||||||||||                 ] 73% [|||||||||||||||||||||||||||||||||||||||||||                 ] 74% [||||||||||||||||||||||||||||||||||||||||||||                ] 75% [|||||||||||||||||||||||||||||||||||||||||||||               ] 76% [|||||||||||||||||||||||||||||||||||||||||||||               ] 77% [||||||||||||||||||||||||||||||||||||||||||||||              ] 78% [||||||||||||||||||||||||||||||||||||||||||||||              ] 79% [|||||||||||||||||||||||||||||||||||||||||||||||             ] 80% [||||||||||||||||||||||||||||||||||||||||||||||||            ] 81% [||||||||||||||||||||||||||||||||||||||||||||||||            ] 82% [|||||||||||||||||||||||||||||||||||||||||||||||||           ] 83% [|||||||||||||||||||||||||||||||||||||||||||||||||           ] 84% [||||||||||||||||||||||||||||||||||||||||||||||||||          ] 85% [|||||||||||||||||||||||||||||||||||||||||||||||||||         ] 86% [|||||||||||||||||||||||||||||||||||||||||||||||||||         ] 87% [||||||||||||||||||||||||||||||||||||||||||||||||||||        ] 88% [||||||||||||||||||||||||||||||||||||||||||||||||||||        ] 89% [|||||||||||||||||||||||||||||||||||||||||||||||||||||       ] 90% [||||||||||||||||||||||||||||||||||||||||||||||||||||||      ] 91% [||||||||||||||||||||||||||||||||||||||||||||||||||||||      ] 92% [|||||||||||||||||||||||||||||||||||||||||||||||||||||||     ] 93% [|||||||||||||||||||||||||||||||||||||||||||||||||||||||     ] 94% [||||||||||||||||||||||||||||||||||||||||||||||||||||||||    ] 95% [|||||||||||||||||||||||||||||||||||||||||||||||||||||||||   ] 96% [|||||||||||||||||||||||||||||||||||||||||||||||||||||||||   ] 97% [||||||||||||||||||||||||||||||||||||||||||||||||||||||||||  ] 98% [||||||||||||||||||||||||||||||||||||||||||||||||||||||||||  ] 99% [||||||||||||||||||||||||||||||||||||||||||||||||||||||||||| ]
Peak FLOPs (FP64), GPU ID: 0, workgroupSize:256, workgroups:38912, experiments:100, FLOP:122406567936, duration:1.9 ms, mean:65689.0 GFLOPS, stdev=562.8 GFLOPS
  0% [                                                            ]  1% [                                                            ]  2% [|                                                           ]  3% [|                                                           ]  4% [||                                                          ]  5% [|||                                                         ]  6% [|||                                                         ]  7% [||||                                                        ]  8% [||||                                                        ]  9% [|||||                                                       ] 10% [||||||                                                      ] 11% [||||||                                                      ] 12% [|||||||                                                     ] 13% [|||||||                                                     ] 14% [||||||||                                                    ] 15% [|||||||||                                                   ] 16% [|||||||||                                                   ] 17% [||||||||||                                                  ] 18% [||||||||||                                                  ] 19% [|||||||||||                                                 ] 20% [||||||||||||                                                ] 21% [||||||||||||                                                ] 22% [|||||||||||||                                               ] 23% [|||||||||||||                                               ] 24% [||||||||||||||                                              ] 25% [|||||||||||||||                                             ] 26% [|||||||||||||||                                             ] 27% [||||||||||||||||                                            ] 28% [||||||||||||||||                                            ] 29% [|||||||||||||||||                                           ] 30% [||||||||||||||||||                                          ] 31% [||||||||||||||||||                                          ] 32% [|||||||||||||||||||                                         ] 33% [|||||||||||||||||||                                         ] 34% [||||||||||||||||||||                                        ] 35% [|||||||||||||||||||||                                       ] 36% [|||||||||||||||||||||                                       ] 37% [||||||||||||||||||||||                                      ] 38% [||||||||||||||||||||||                                      ] 39% [|||||||||||||||||||||||                                     ] 40% [||||||||||||||||||||||||                                    ] 41% [||||||||||||||||||||||||                                    ] 42% [|||||||||||||||||||||||||                                   ] 43% [|||||||||||||||||||||||||                                   ] 44% [||||||||||||||||||||||||||                                  ] 45% [|||||||||||||||||||||||||||                                 ] 46% [|||||||||||||||||||||||||||                                 ] 47% [||||||||||||||||||||||||||||                                ] 48% [||||||||||||||||||||||||||||                                ] 49% [|||||||||||||||||||||||||||||                               ] 50% [||||||||||||||||||||||||||||||                              ] 51% [||||||||||||||||||||||||||||||                              ] 52% [|||||||||||||||||||||||||||||||                             ] 52% [|||||||||||||||||||||||||||||||                             ] 54% [||||||||||||||||||||||||||||||||                            ] 55% [|||||||||||||||||||||||||||||||||                           ] 56% [|||||||||||||||||||||||||||||||||                           ] 57% [||||||||||||||||||||||||||||||||||                          ] 58% [||||||||||||||||||||||||||||||||||                          ] 58% [|||||||||||||||||||||||||||||||||||                         ] 60% [||||||||||||||||||||||||||||||||||||                        ] 61% [||||||||||||||||||||||||||||||||||||                        ] 62% [|||||||||||||||||||||||||||||||||||||                       ] 63% [|||||||||||||||||||||||||||||||||||||                       ] 64% [||||||||||||||||||||||||||||||||||||||                      ] 65% [|||||||||||||||||||||||||||||||||||||||                     ] 66% [|||||||||||||||||||||||||||||||||||||||                     ] 67% [||||||||||||||||||||||||||||||||||||||||                    ] 68% [||||||||||||||||||||||||||||||||||||||||                    ] 69% [|||||||||||||||||||||||||||||||||||||||||                   ] 70% [||||||||||||||||||||||||||||||||||||||||||                  ] 71% [||||||||||||||||||||||||||||||||||||||||||                  ] 72% [|||||||||||||||||||||||||||||||||||||||||||                 ] 73% [|||||||||||||||||||||||||||||||||||||||||||                 ] 74% [||||||||||||||||||||||||||||||||||||||||||||                ] 75% [|||||||||||||||||||||||||||||||||||||||||||||               ] 76% [|||||||||||||||||||||||||||||||||||||||||||||               ] 77% [||||||||||||||||||||||||||||||||||||||||||||||              ] 78% [||||||||||||||||||||||||||||||||||||||||||||||              ] 79% [|||||||||||||||||||||||||||||||||||||||||||||||             ] 80% [||||||||||||||||||||||||||||||||||||||||||||||||            ] 81% [||||||||||||||||||||||||||||||||||||||||||||||||            ] 82% [|||||||||||||||||||||||||||||||||||||||||||||||||           ] 83% [|||||||||||||||||||||||||||||||||||||||||||||||||           ] 84% [||||||||||||||||||||||||||||||||||||||||||||||||||          ] 85% [|||||||||||||||||||||||||||||||||||||||||||||||||||         ] 86% [|||||||||||||||||||||||||||||||||||||||||||||||||||         ] 87% [||||||||||||||||||||||||||||||||||||||||||||||||||||        ] 88% [||||||||||||||||||||||||||||||||||||||||||||||||||||        ] 89% [|||||||||||||||||||||||||||||||||||||||||||||||||||||       ] 90% [||||||||||||||||||||||||||||||||||||||||||||||||||||||      ] 91% [||||||||||||||||||||||||||||||||||||||||||||||||||||||      ] 92% [|||||||||||||||||||||||||||||||||||||||||||||||||||||||     ] 93% [|||||||||||||||||||||||||||||||||||||||||||||||||||||||     ] 94% [||||||||||||||||||||||||||||||||||||||||||||||||||||||||    ] 95% [|||||||||||||||||||||||||||||||||||||||||||||||||||||||||   ] 96% [|||||||||||||||||||||||||||||||||||||||||||||||||||||||||   ] 97% [||||||||||||||||||||||||||||||||||||||||||||||||||||||||||  ] 98% [||||||||||||||||||||||||||||||||||||||||||||||||||||||||||  ] 99% [||||||||||||||||||||||||||||||||||||||||||||||||||||||||||| ]
Peak IOPs (INT8), GPU ID: 0, workgroupSize:256, workgroups:38912, experiments:100, IOP:1081258016768, duration:13.4 ms, mean:80847.2 GOPS, stdev=159.7 GOPS
  0% [                                                            ]  1% [                                                            ]  2% [|                                                           ]  3% [|                                                           ]  4% [||                                                          ]  5% [|||                                                         ]  6% [|||                                                         ]  7% [||||                                                        ]  8% [||||                                                        ]  9% [|||||                                                       ] 10% [||||||                                                      ] 11% [||||||                                                      ] 12% [|||||||                                                     ] 13% [|||||||                                                     ] 14% [||||||||                                                    ] 15% [|||||||||                                                   ] 16% [|||||||||                                                   ] 17% [||||||||||                                                  ] 18% [||||||||||                                                  ] 19% [|||||||||||                                                 ] 20% [||||||||||||                                                ] 21% [||||||||||||                                                ] 22% [|||||||||||||                                               ] 23% [|||||||||||||                                               ] 24% [||||||||||||||                                              ] 25% [|||||||||||||||                                             ] 26% [|||||||||||||||                                             ] 27% [||||||||||||||||                                            ] 28% [||||||||||||||||                                            ] 29% [|||||||||||||||||                                           ] 30% [||||||||||||||||||                                          ] 31% [||||||||||||||||||                                          ] 32% [|||||||||||||||||||                                         ] 33% [|||||||||||||||||||                                         ] 34% [||||||||||||||||||||                                        ] 35% [|||||||||||||||||||||                                       ] 36% [|||||||||||||||||||||                                       ] 37% [||||||||||||||||||||||                                      ] 38% [||||||||||||||||||||||                                      ] 39% [|||||||||||||||||||||||                                     ] 40% [||||||||||||||||||||||||                                    ] 41% [||||||||||||||||||||||||                                    ] 42% [|||||||||||||||||||||||||                                   ] 43% [|||||||||||||||||||||||||                                   ] 44% [||||||||||||||||||||||||||                                  ] 45% [|||||||||||||||||||||||||||                                 ] 46% [|||||||||||||||||||||||||||                                 ] 47% [||||||||||||||||||||||||||||                                ] 48% [||||||||||||||||||||||||||||                                ] 49% [|||||||||||||||||||||||||||||                               ] 50% [||||||||||||||||||||||||||||||                              ] 51% [||||||||||||||||||||||||||||||                              ] 52% [|||||||||||||||||||||||||||||||                             ] 52% [|||||||||||||||||||||||||||||||                             ] 54% [||||||||||||||||||||||||||||||||                            ] 55% [|||||||||||||||||||||||||||||||||                           ] 56% [|||||||||||||||||||||||||||||||||                           ] 57% [||||||||||||||||||||||||||||||||||                          ] 58% [||||||||||||||||||||||||||||||||||                          ] 58% [|||||||||||||||||||||||||||||||||||                         ] 60% [||||||||||||||||||||||||||||||||||||                        ] 61% [||||||||||||||||||||||||||||||||||||                        ] 62% [|||||||||||||||||||||||||||||||||||||                       ] 63% [|||||||||||||||||||||||||||||||||||||                       ] 64% [||||||||||||||||||||||||||||||||||||||                      ] 65% [|||||||||||||||||||||||||||||||||||||||                     ] 66% [|||||||||||||||||||||||||||||||||||||||                     ] 67% [||||||||||||||||||||||||||||||||||||||||                    ] 68% [||||||||||||||||||||||||||||||||||||||||                    ] 69% [|||||||||||||||||||||||||||||||||||||||||                   ] 70% [||||||||||||||||||||||||||||||||||||||||||                  ] 71% [||||||||||||||||||||||||||||||||||||||||||                  ] 72% [|||||||||||||||||||||||||||||||||||||||||||                 ] 73% [|||||||||||||||||||||||||||||||||||||||||||                 ] 74% [||||||||||||||||||||||||||||||||||||||||||||                ] 75% [|||||||||||||||||||||||||||||||||||||||||||||               ] 76% [|||||||||||||||||||||||||||||||||||||||||||||               ] 77% [||||||||||||||||||||||||||||||||||||||||||||||              ] 78% [||||||||||||||||||||||||||||||||||||||||||||||              ] 79% [|||||||||||||||||||||||||||||||||||||||||||||||             ] 80% [||||||||||||||||||||||||||||||||||||||||||||||||            ] 81% [||||||||||||||||||||||||||||||||||||||||||||||||            ] 82% [|||||||||||||||||||||||||||||||||||||||||||||||||           ] 83% [|||||||||||||||||||||||||||||||||||||||||||||||||           ] 84% [||||||||||||||||||||||||||||||||||||||||||||||||||          ] 85% [|||||||||||||||||||||||||||||||||||||||||||||||||||         ] 86% [|||||||||||||||||||||||||||||||||||||||||||||||||||         ] 87% [||||||||||||||||||||||||||||||||||||||||||||||||||||        ] 88% [||||||||||||||||||||||||||||||||||||||||||||||||||||        ] 89% [|||||||||||||||||||||||||||||||||||||||||||||||||||||       ] 90% [||||||||||||||||||||||||||||||||||||||||||||||||||||||      ] 91% [||||||||||||||||||||||||||||||||||||||||||||||||||||||      ] 92% [|||||||||||||||||||||||||||||||||||||||||||||||||||||||     ] 93% [|||||||||||||||||||||||||||||||||||||||||||||||||||||||     ] 94% [||||||||||||||||||||||||||||||||||||||||||||||||||||||||    ] 95% [|||||||||||||||||||||||||||||||||||||||||||||||||||||||||   ] 96% [|||||||||||||||||||||||||||||||||||||||||||||||||||||||||   ] 97% [||||||||||||||||||||||||||||||||||||||||||||||||||||||||||  ] 98% [||||||||||||||||||||||||||||||||||||||||||||||||||||||||||  ] 99% [||||||||||||||||||||||||||||||||||||||||||||||||||||||||||| ]
Peak IOPs (INT32), GPU ID: 0, workgroupSize:256, workgroups:38912, experiments:100, IOP:265214230528, duration:3.9 ms, mean:67301.2 GOPS, stdev=635.4 GOPS
  0% [                                                            ]  1% [                                                            ]  2% [|                                                           ]  3% [|                                                           ]  4% [||                                                          ]  5% [|||                                                         ]  6% [|||                                                         ]  7% [||||                                                        ]  8% [||||                                                        ]  9% [|||||                                                       ] 10% [||||||                                                      ] 11% [||||||                                                      ] 12% [|||||||                                                     ] 13% [|||||||                                                     ] 14% [||||||||                                                    ] 15% [|||||||||                                                   ] 16% [|||||||||                                                   ] 17% [||||||||||                                                  ] 18% [||||||||||                                                  ] 19% [|||||||||||                                                 ] 20% [||||||||||||                                                ] 21% [||||||||||||                                                ] 22% [|||||||||||||                                               ] 23% [|||||||||||||                                               ] 24% [||||||||||||||                                              ] 25% [|||||||||||||||                                             ] 26% [|||||||||||||||                                             ] 27% [||||||||||||||||                                            ] 28% [||||||||||||||||                                            ] 29% [|||||||||||||||||                                           ] 30% [||||||||||||||||||                                          ] 31% [||||||||||||||||||                                          ] 32% [|||||||||||||||||||                                         ] 33% [|||||||||||||||||||                                         ] 34% [||||||||||||||||||||                                        ] 35% [|||||||||||||||||||||                                       ] 36% [|||||||||||||||||||||                                       ] 37% [||||||||||||||||||||||                                      ] 38% [||||||||||||||||||||||                                      ] 39% [|||||||||||||||||||||||                                     ] 40% [||||||||||||||||||||||||                                    ] 41% [||||||||||||||||||||||||                                    ] 42% [|||||||||||||||||||||||||                                   ] 43% [|||||||||||||||||||||||||                                   ] 44% [||||||||||||||||||||||||||                                  ] 45% [|||||||||||||||||||||||||||                                 ] 46% [|||||||||||||||||||||||||||                                 ] 47% [||||||||||||||||||||||||||||                                ] 48% [||||||||||||||||||||||||||||                                ] 49% [|||||||||||||||||||||||||||||                               ] 50% [||||||||||||||||||||||||||||||                              ] 51% [||||||||||||||||||||||||||||||                              ] 52% [|||||||||||||||||||||||||||||||                             ] 52% [|||||||||||||||||||||||||||||||                             ] 54% [||||||||||||||||||||||||||||||||                            ] 55% [|||||||||||||||||||||||||||||||||                           ] 56% [|||||||||||||||||||||||||||||||||                           ] 57% [||||||||||||||||||||||||||||||||||                          ] 58% [||||||||||||||||||||||||||||||||||                          ] 58% [|||||||||||||||||||||||||||||||||||                         ] 60% [||||||||||||||||||||||||||||||||||||                        ] 61% [||||||||||||||||||||||||||||||||||||                        ] 62% [|||||||||||||||||||||||||||||||||||||                       ] 63% [|||||||||||||||||||||||||||||||||||||                       ] 64% [||||||||||||||||||||||||||||||||||||||                      ] 65% [|||||||||||||||||||||||||||||||||||||||                     ] 66% [|||||||||||||||||||||||||||||||||||||||                     ] 67% [||||||||||||||||||||||||||||||||||||||||                    ] 68% [||||||||||||||||||||||||||||||||||||||||                    ] 69% [|||||||||||||||||||||||||||||||||||||||||                   ] 70% [||||||||||||||||||||||||||||||||||||||||||                  ] 71% [||||||||||||||||||||||||||||||||||||||||||                  ] 72% [|||||||||||||||||||||||||||||||||||||||||||                 ] 73% [|||||||||||||||||||||||||||||||||||||||||||                 ] 74% [||||||||||||||||||||||||||||||||||||||||||||                ] 75% [|||||||||||||||||||||||||||||||||||||||||||||               ] 76% [|||||||||||||||||||||||||||||||||||||||||||||               ] 77% [||||||||||||||||||||||||||||||||||||||||||||||              ] 78% [||||||||||||||||||||||||||||||||||||||||||||||              ] 79% [|||||||||||||||||||||||||||||||||||||||||||||||             ] 80% [||||||||||||||||||||||||||||||||||||||||||||||||            ] 81% [||||||||||||||||||||||||||||||||||||||||||||||||            ] 82% [|||||||||||||||||||||||||||||||||||||||||||||||||           ] 83% [|||||||||||||||||||||||||||||||||||||||||||||||||           ] 84% [||||||||||||||||||||||||||||||||||||||||||||||||||          ] 85% [|||||||||||||||||||||||||||||||||||||||||||||||||||         ] 86% [|||||||||||||||||||||||||||||||||||||||||||||||||||         ] 87% [||||||||||||||||||||||||||||||||||||||||||||||||||||        ] 88% [||||||||||||||||||||||||||||||||||||||||||||||||||||        ] 89% [|||||||||||||||||||||||||||||||||||||||||||||||||||||       ] 90% [||||||||||||||||||||||||||||||||||||||||||||||||||||||      ] 91% [||||||||||||||||||||||||||||||||||||||||||||||||||||||      ] 92% [|||||||||||||||||||||||||||||||||||||||||||||||||||||||     ] 93% [|||||||||||||||||||||||||||||||||||||||||||||||||||||||     ] 94% [||||||||||||||||||||||||||||||||||||||||||||||||||||||||    ] 95% [|||||||||||||||||||||||||||||||||||||||||||||||||||||||||   ] 96% [|||||||||||||||||||||||||||||||||||||||||||||||||||||||||   ] 97% [||||||||||||||||||||||||||||||||||||||||||||||||||||||||||  ] 98% [||||||||||||||||||||||||||||||||||||||||||||||||||||||||||  ] 99% [||||||||||||||||||||||||||||||||||||||||||||||||||||||||||| ]
Peak IOPs (INT64), GPU ID: 0, workgroupSize:256, workgroups:38912, experiments:100, IOP:122406567936, duration:6.5 ms, mean:18893.4 GOPS, stdev=74.1 GOPS
100% [||||||||||||||||||||||||||||||||||||||||||||||||||||||||||||]
Peak MFMA FLOPs (F4), GPU ID: 0, workgroupSize:256, workgroups:38912, experiments:1, FLOP:0, duration:0.0 ms, mean:0.0 GFLOPS, stdev=0.0 GFLOPS
100% [||||||||||||||||||||||||||||||||||||||||||||||||||||||||||||]
Peak MFMA FLOPs (F6), GPU ID: 0, workgroupSize:256, workgroups:38912, experiments:1, FLOP:0, duration:0.0 ms, mean:0.0 GFLOPS, stdev=0.0 GFLOPS
  0% [                                                            ]  1% [                                                            ]  2% [|                                                           ]  3% [|                                                           ]  4% [||                                                          ]  5% [|||                                                         ]  6% [|||                                                         ]  7% [||||                                                        ]  8% [||||                                                        ]  9% [|||||                                                       ] 10% [||||||                                                      ] 11% [||||||                                                      ] 12% [|||||||                                                     ] 13% [|||||||                                                     ] 14% [||||||||                                                    ] 15% [|||||||||                                                   ] 16% [|||||||||                                                   ] 17% [||||||||||                                                  ] 18% [||||||||||                                                  ] 19% [|||||||||||                                                 ] 20% [||||||||||||                                                ] 21% [||||||||||||                                                ] 22% [|||||||||||||                                               ] 23% [|||||||||||||                                               ] 24% [||||||||||||||                                              ] 25% [|||||||||||||||                                             ] 26% [|||||||||||||||                                             ] 27% [||||||||||||||||                                            ] 28% [||||||||||||||||                                            ] 29% [|||||||||||||||||                                           ] 30% [||||||||||||||||||                                          ] 31% [||||||||||||||||||                                          ] 32% [|||||||||||||||||||                                         ] 33% [|||||||||||||||||||                                         ] 34% [||||||||||||||||||||                                        ] 35% [|||||||||||||||||||||                                       ] 36% [|||||||||||||||||||||                                       ] 37% [||||||||||||||||||||||                                      ] 38% [||||||||||||||||||||||                                      ] 39% [|||||||||||||||||||||||                                     ] 40% [||||||||||||||||||||||||                                    ] 41% [||||||||||||||||||||||||                                    ] 42% [|||||||||||||||||||||||||                                   ] 43% [|||||||||||||||||||||||||                                   ] 44% [||||||||||||||||||||||||||                                  ] 45% [|||||||||||||||||||||||||||                                 ] 46% [|||||||||||||||||||||||||||                                 ] 47% [||||||||||||||||||||||||||||                                ] 48% [||||||||||||||||||||||||||||                                ] 49% [|||||||||||||||||||||||||||||                               ] 50% [||||||||||||||||||||||||||||||                              ] 51% [||||||||||||||||||||||||||||||                              ] 52% [|||||||||||||||||||||||||||||||                             ] 52% [|||||||||||||||||||||||||||||||                             ] 54% [||||||||||||||||||||||||||||||||                            ] 55% [|||||||||||||||||||||||||||||||||                           ] 56% [|||||||||||||||||||||||||||||||||                           ] 57% [||||||||||||||||||||||||||||||||||                          ] 58% [||||||||||||||||||||||||||||||||||                          ] 58% [|||||||||||||||||||||||||||||||||||                         ] 60% [||||||||||||||||||||||||||||||||||||                        ] 61% [||||||||||||||||||||||||||||||||||||                        ] 62% [|||||||||||||||||||||||||||||||||||||                       ] 63% [|||||||||||||||||||||||||||||||||||||                       ] 64% [||||||||||||||||||||||||||||||||||||||                      ] 65% [|||||||||||||||||||||||||||||||||||||||                     ] 66% [|||||||||||||||||||||||||||||||||||||||                     ] 67% [||||||||||||||||||||||||||||||||||||||||                    ] 68% [||||||||||||||||||||||||||||||||||||||||                    ] 69% [|||||||||||||||||||||||||||||||||||||||||                   ] 70% [||||||||||||||||||||||||||||||||||||||||||                  ] 71% [||||||||||||||||||||||||||||||||||||||||||                  ] 72% [|||||||||||||||||||||||||||||||||||||||||||                 ] 73% [|||||||||||||||||||||||||||||||||||||||||||                 ] 74% [||||||||||||||||||||||||||||||||||||||||||||                ] 75% [|||||||||||||||||||||||||||||||||||||||||||||               ] 76% [|||||||||||||||||||||||||||||||||||||||||||||               ] 77% [||||||||||||||||||||||||||||||||||||||||||||||              ] 78% [||||||||||||||||||||||||||||||||||||||||||||||              ] 79% [|||||||||||||||||||||||||||||||||||||||||||||||             ] 80% [||||||||||||||||||||||||||||||||||||||||||||||||            ] 81% [||||||||||||||||||||||||||||||||||||||||||||||||            ] 82% [|||||||||||||||||||||||||||||||||||||||||||||||||           ] 83% [|||||||||||||||||||||||||||||||||||||||||||||||||           ] 84% [||||||||||||||||||||||||||||||||||||||||||||||||||          ] 85% [|||||||||||||||||||||||||||||||||||||||||||||||||||         ] 86% [|||||||||||||||||||||||||||||||||||||||||||||||||||         ] 87% [||||||||||||||||||||||||||||||||||||||||||||||||||||        ] 88% [||||||||||||||||||||||||||||||||||||||||||||||||||||        ] 89% [|||||||||||||||||||||||||||||||||||||||||||||||||||||       ] 90% [||||||||||||||||||||||||||||||||||||||||||||||||||||||      ] 91% [||||||||||||||||||||||||||||||||||||||||||||||||||||||      ] 92% [|||||||||||||||||||||||||||||||||||||||||||||||||||||||     ] 93% [|||||||||||||||||||||||||||||||||||||||||||||||||||||||     ] 94% [||||||||||||||||||||||||||||||||||||||||||||||||||||||||    ] 95% [|||||||||||||||||||||||||||||||||||||||||||||||||||||||||   ] 96% [|||||||||||||||||||||||||||||||||||||||||||||||||||||||||   ] 97% [||||||||||||||||||||||||||||||||||||||||||||||||||||||||||  ] 98% [||||||||||||||||||||||||||||||||||||||||||||||||||||||||||  ] 99% [||||||||||||||||||||||||||||||||||||||||||||||||||||||||||| ]
Peak MFMA FLOPs (F8), GPU ID: 0, workgroupSize:256, workgroups:38912, experiments:100, FLOP:10200547328000, duration:5.4 ms, mean:1897945.6 GFLOPS, stdev=25603.3 GFLOPS
  0% [                                                            ]  1% [                                                            ]  2% [|                                                           ]  3% [|                                                           ]  4% [||                                                          ]  5% [|||                                                         ]  6% [|||                                                         ]  7% [||||                                                        ]  8% [||||                                                        ]  9% [|||||                                                       ] 10% [||||||                                                      ] 11% [||||||                                                      ] 12% [|||||||                                                     ] 13% [|||||||                                                     ] 14% [||||||||                                                    ] 15% [|||||||||                                                   ] 16% [|||||||||                                                   ] 17% [||||||||||                                                  ] 18% [||||||||||                                                  ] 19% [|||||||||||                                                 ] 20% [||||||||||||                                                ] 21% [||||||||||||                                                ] 22% [|||||||||||||                                               ] 23% [|||||||||||||                                               ] 24% [||||||||||||||                                              ] 25% [|||||||||||||||                                             ] 26% [|||||||||||||||                                             ] 27% [||||||||||||||||                                            ] 28% [||||||||||||||||                                            ] 29% [|||||||||||||||||                                           ] 30% [||||||||||||||||||                                          ] 31% [||||||||||||||||||                                          ] 32% [|||||||||||||||||||                                         ] 33% [|||||||||||||||||||                                         ] 34% [||||||||||||||||||||                                        ] 35% [|||||||||||||||||||||                                       ] 36% [|||||||||||||||||||||                                       ] 37% [||||||||||||||||||||||                                      ] 38% [||||||||||||||||||||||                                      ] 39% [|||||||||||||||||||||||                                     ] 40% [||||||||||||||||||||||||                                    ] 41% [||||||||||||||||||||||||                                    ] 42% [|||||||||||||||||||||||||                                   ] 43% [|||||||||||||||||||||||||                                   ] 44% [||||||||||||||||||||||||||                                  ] 45% [|||||||||||||||||||||||||||                                 ] 46% [|||||||||||||||||||||||||||                                 ] 47% [||||||||||||||||||||||||||||                                ] 48% [||||||||||||||||||||||||||||                                ] 49% [|||||||||||||||||||||||||||||                               ] 50% [||||||||||||||||||||||||||||||                              ] 51% [||||||||||||||||||||||||||||||                              ] 52% [|||||||||||||||||||||||||||||||                             ] 52% [|||||||||||||||||||||||||||||||                             ] 54% [||||||||||||||||||||||||||||||||                            ] 55% [|||||||||||||||||||||||||||||||||                           ] 56% [|||||||||||||||||||||||||||||||||                           ] 57% [||||||||||||||||||||||||||||||||||                          ] 58% [||||||||||||||||||||||||||||||||||                          ] 58% [|||||||||||||||||||||||||||||||||||                         ] 60% [||||||||||||||||||||||||||||||||||||                        ] 61% [||||||||||||||||||||||||||||||||||||                        ] 62% [|||||||||||||||||||||||||||||||||||||                       ] 63% [|||||||||||||||||||||||||||||||||||||                       ] 64% [||||||||||||||||||||||||||||||||||||||                      ] 65% [|||||||||||||||||||||||||||||||||||||||                     ] 66% [|||||||||||||||||||||||||||||||||||||||                     ] 67% [||||||||||||||||||||||||||||||||||||||||                    ] 68% [||||||||||||||||||||||||||||||||||||||||                    ] 69% [|||||||||||||||||||||||||||||||||||||||||                   ] 70% [||||||||||||||||||||||||||||||||||||||||||                  ] 71% [||||||||||||||||||||||||||||||||||||||||||                  ] 72% [|||||||||||||||||||||||||||||||||||||||||||                 ] 73% [|||||||||||||||||||||||||||||||||||||||||||                 ] 74% [||||||||||||||||||||||||||||||||||||||||||||                ] 75% [|||||||||||||||||||||||||||||||||||||||||||||               ] 76% [|||||||||||||||||||||||||||||||||||||||||||||               ] 77% [||||||||||||||||||||||||||||||||||||||||||||||              ] 78% [||||||||||||||||||||||||||||||||||||||||||||||              ] 79% [|||||||||||||||||||||||||||||||||||||||||||||||             ] 80% [||||||||||||||||||||||||||||||||||||||||||||||||            ] 81% [||||||||||||||||||||||||||||||||||||||||||||||||            ] 82% [|||||||||||||||||||||||||||||||||||||||||||||||||           ] 83% [|||||||||||||||||||||||||||||||||||||||||||||||||           ] 84% [||||||||||||||||||||||||||||||||||||||||||||||||||          ] 85% [|||||||||||||||||||||||||||||||||||||||||||||||||||         ] 86% [|||||||||||||||||||||||||||||||||||||||||||||||||||         ] 87% [||||||||||||||||||||||||||||||||||||||||||||||||||||        ] 88% [||||||||||||||||||||||||||||||||||||||||||||||||||||        ] 89% [|||||||||||||||||||||||||||||||||||||||||||||||||||||       ] 90% [||||||||||||||||||||||||||||||||||||||||||||||||||||||      ] 91% [||||||||||||||||||||||||||||||||||||||||||||||||||||||      ] 92% [|||||||||||||||||||||||||||||||||||||||||||||||||||||||     ] 93% [|||||||||||||||||||||||||||||||||||||||||||||||||||||||     ] 94% [||||||||||||||||||||||||||||||||||||||||||||||||||||||||    ] 95% [|||||||||||||||||||||||||||||||||||||||||||||||||||||||||   ] 96% [|||||||||||||||||||||||||||||||||||||||||||||||||||||||||   ] 97% [||||||||||||||||||||||||||||||||||||||||||||||||||||||||||  ] 98% [||||||||||||||||||||||||||||||||||||||||||||||||||||||||||  ] 99% [||||||||||||||||||||||||||||||||||||||||||||||||||||||||||| ]
Peak MFMA FLOPs (F16), GPU ID: 0, workgroupSize:256, workgroups:38912, experiments:100, FLOP:5100273664000, duration:5.5 ms, mean:931377.6 GFLOPS, stdev=3655.0 GFLOPS
  0% [                                                            ]  1% [                                                            ]  2% [|                                                           ]  3% [|                                                           ]  4% [||                                                          ]  5% [|||                                                         ]  6% [|||                                                         ]  7% [||||                                                        ]  8% [||||                                                        ]  9% [|||||                                                       ] 10% [||||||                                                      ] 11% [||||||                                                      ] 12% [|||||||                                                     ] 13% [|||||||                                                     ] 14% [||||||||                                                    ] 15% [|||||||||                                                   ] 16% [|||||||||                                                   ] 17% [||||||||||                                                  ] 18% [||||||||||                                                  ] 19% [|||||||||||                                                 ] 20% [||||||||||||                                                ] 21% [||||||||||||                                                ] 22% [|||||||||||||                                               ] 23% [|||||||||||||                                               ] 24% [||||||||||||||                                              ] 25% [|||||||||||||||                                             ] 26% [|||||||||||||||                                             ] 27% [||||||||||||||||                                            ] 28% [||||||||||||||||                                            ] 29% [|||||||||||||||||                                           ] 30% [||||||||||||||||||                                          ] 31% [||||||||||||||||||                                          ] 32% [|||||||||||||||||||                                         ] 33% [|||||||||||||||||||                                         ] 34% [||||||||||||||||||||                                        ] 35% [|||||||||||||||||||||                                       ] 36% [|||||||||||||||||||||                                       ] 37% [||||||||||||||||||||||                                      ] 38% [||||||||||||||||||||||                                      ] 39% [|||||||||||||||||||||||                                     ] 40% [||||||||||||||||||||||||                                    ] 41% [||||||||||||||||||||||||                                    ] 42% [|||||||||||||||||||||||||                                   ] 43% [|||||||||||||||||||||||||                                   ] 44% [||||||||||||||||||||||||||                                  ] 45% [|||||||||||||||||||||||||||                                 ] 46% [|||||||||||||||||||||||||||                                 ] 47% [||||||||||||||||||||||||||||                                ] 48% [||||||||||||||||||||||||||||                                ] 49% [|||||||||||||||||||||||||||||                               ] 50% [||||||||||||||||||||||||||||||                              ] 51% [||||||||||||||||||||||||||||||                              ] 52% [|||||||||||||||||||||||||||||||                             ] 52% [|||||||||||||||||||||||||||||||                             ] 54% [||||||||||||||||||||||||||||||||                            ] 55% [|||||||||||||||||||||||||||||||||                           ] 56% [|||||||||||||||||||||||||||||||||                           ] 57% [||||||||||||||||||||||||||||||||||                          ] 58% [||||||||||||||||||||||||||||||||||                          ] 58% [|||||||||||||||||||||||||||||||||||                         ] 60% [||||||||||||||||||||||||||||||||||||                        ] 61% [||||||||||||||||||||||||||||||||||||                        ] 62% [|||||||||||||||||||||||||||||||||||||                       ] 63% [|||||||||||||||||||||||||||||||||||||                       ] 64% [||||||||||||||||||||||||||||||||||||||                      ] 65% [|||||||||||||||||||||||||||||||||||||||                     ] 66% [|||||||||||||||||||||||||||||||||||||||                     ] 67% [||||||||||||||||||||||||||||||||||||||||                    ] 68% [||||||||||||||||||||||||||||||||||||||||                    ] 69% [|||||||||||||||||||||||||||||||||||||||||                   ] 70% [||||||||||||||||||||||||||||||||||||||||||                  ] 71% [||||||||||||||||||||||||||||||||||||||||||                  ] 72% [|||||||||||||||||||||||||||||||||||||||||||                 ] 73% [|||||||||||||||||||||||||||||||||||||||||||                 ] 74% [||||||||||||||||||||||||||||||||||||||||||||                ] 75% [|||||||||||||||||||||||||||||||||||||||||||||               ] 76% [|||||||||||||||||||||||||||||||||||||||||||||               ] 77% [||||||||||||||||||||||||||||||||||||||||||||||              ] 78% [||||||||||||||||||||||||||||||||||||||||||||||              ] 79% [|||||||||||||||||||||||||||||||||||||||||||||||             ] 80% [||||||||||||||||||||||||||||||||||||||||||||||||            ] 81% [||||||||||||||||||||||||||||||||||||||||||||||||            ] 82% [|||||||||||||||||||||||||||||||||||||||||||||||||           ] 83% [|||||||||||||||||||||||||||||||||||||||||||||||||           ] 84% [||||||||||||||||||||||||||||||||||||||||||||||||||          ] 85% [|||||||||||||||||||||||||||||||||||||||||||||||||||         ] 86% [|||||||||||||||||||||||||||||||||||||||||||||||||||         ] 87% [||||||||||||||||||||||||||||||||||||||||||||||||||||        ] 88% [||||||||||||||||||||||||||||||||||||||||||||||||||||        ] 89% [|||||||||||||||||||||||||||||||||||||||||||||||||||||       ] 90% [||||||||||||||||||||||||||||||||||||||||||||||||||||||      ] 91% [||||||||||||||||||||||||||||||||||||||||||||||||||||||      ] 92% [|||||||||||||||||||||||||||||||||||||||||||||||||||||||     ] 93% [|||||||||||||||||||||||||||||||||||||||||||||||||||||||     ] 94% [||||||||||||||||||||||||||||||||||||||||||||||||||||||||    ] 95% [|||||||||||||||||||||||||||||||||||||||||||||||||||||||||   ] 96% [|||||||||||||||||||||||||||||||||||||||||||||||||||||||||   ] 97% [||||||||||||||||||||||||||||||||||||||||||||||||||||||||||  ] 98% [||||||||||||||||||||||||||||||||||||||||||||||||||||||||||  ] 99% [||||||||||||||||||||||||||||||||||||||||||||||||||||||||||| ]
Peak MFMA FLOPs (BF16), GPU ID: 0, workgroupSize:256, workgroups:38912, experiments:100, FLOP:2550136832000, duration:4.9 ms, mean:524082.8 GFLOPS, stdev=2117.6 GFLOPS
  0% [                                                            ]  1% [                                                            ]  2% [|                                                           ]  3% [|                                                           ]  4% [||                                                          ]  5% [|||                                                         ]  6% [|||                                                         ]  7% [||||                                                        ]  8% [||||                                                        ]  9% [|||||                                                       ] 10% [||||||                                                      ] 11% [||||||                                                      ] 12% [|||||||                                                     ] 13% [|||||||                                                     ] 14% [||||||||                                                    ] 15% [|||||||||                                                   ] 16% [|||||||||                                                   ] 17% [||||||||||                                                  ] 18% [||||||||||                                                  ] 19% [|||||||||||                                                 ] 20% [||||||||||||                                                ] 21% [||||||||||||                                                ] 22% [|||||||||||||                                               ] 23% [|||||||||||||                                               ] 24% [||||||||||||||                                              ] 25% [|||||||||||||||                                             ] 26% [|||||||||||||||                                             ] 27% [||||||||||||||||                                            ] 28% [||||||||||||||||                                            ] 29% [|||||||||||||||||                                           ] 30% [||||||||||||||||||                                          ] 31% [||||||||||||||||||                                          ] 32% [|||||||||||||||||||                                         ] 33% [|||||||||||||||||||                                         ] 34% [||||||||||||||||||||                                        ] 35% [|||||||||||||||||||||                                       ] 36% [|||||||||||||||||||||                                       ] 37% [||||||||||||||||||||||                                      ] 38% [||||||||||||||||||||||                                      ] 39% [|||||||||||||||||||||||                                     ] 40% [||||||||||||||||||||||||                                    ] 41% [||||||||||||||||||||||||                                    ] 42% [|||||||||||||||||||||||||                                   ] 43% [|||||||||||||||||||||||||                                   ] 44% [||||||||||||||||||||||||||                                  ] 45% [|||||||||||||||||||||||||||                                 ] 46% [|||||||||||||||||||||||||||                                 ] 47% [||||||||||||||||||||||||||||                                ] 48% [||||||||||||||||||||||||||||                                ] 49% [|||||||||||||||||||||||||||||                               ] 50% [||||||||||||||||||||||||||||||                              ] 51% [||||||||||||||||||||||||||||||                              ] 52% [|||||||||||||||||||||||||||||||                             ] 52% [|||||||||||||||||||||||||||||||                             ] 54% [||||||||||||||||||||||||||||||||                            ] 55% [|||||||||||||||||||||||||||||||||                           ] 56% [|||||||||||||||||||||||||||||||||                           ] 57% [||||||||||||||||||||||||||||||||||                          ] 58% [||||||||||||||||||||||||||||||||||                          ] 58% [|||||||||||||||||||||||||||||||||||                         ] 60% [||||||||||||||||||||||||||||||||||||                        ] 61% [||||||||||||||||||||||||||||||||||||                        ] 62% [|||||||||||||||||||||||||||||||||||||                       ] 63% [|||||||||||||||||||||||||||||||||||||                       ] 64% [||||||||||||||||||||||||||||||||||||||                      ] 65% [|||||||||||||||||||||||||||||||||||||||                     ] 66% [|||||||||||||||||||||||||||||||||||||||                     ] 67% [||||||||||||||||||||||||||||||||||||||||                    ] 68% [||||||||||||||||||||||||||||||||||||||||                    ] 69% [|||||||||||||||||||||||||||||||||||||||||                   ] 70% [||||||||||||||||||||||||||||||||||||||||||                  ] 71% [||||||||||||||||||||||||||||||||||||||||||                  ] 72% [|||||||||||||||||||||||||||||||||||||||||||                 ] 73% [|||||||||||||||||||||||||||||||||||||||||||                 ] 74% [||||||||||||||||||||||||||||||||||||||||||||                ] 75% [|||||||||||||||||||||||||||||||||||||||||||||               ] 76% [|||||||||||||||||||||||||||||||||||||||||||||               ] 77% [||||||||||||||||||||||||||||||||||||||||||||||              ] 78% [||||||||||||||||||||||||||||||||||||||||||||||              ] 79% [|||||||||||||||||||||||||||||||||||||||||||||||             ] 80% [||||||||||||||||||||||||||||||||||||||||||||||||            ] 81% [||||||||||||||||||||||||||||||||||||||||||||||||            ] 82% [|||||||||||||||||||||||||||||||||||||||||||||||||           ] 83% [|||||||||||||||||||||||||||||||||||||||||||||||||           ] 84% [||||||||||||||||||||||||||||||||||||||||||||||||||          ] 85% [|||||||||||||||||||||||||||||||||||||||||||||||||||         ] 86% [|||||||||||||||||||||||||||||||||||||||||||||||||||         ] 87% [||||||||||||||||||||||||||||||||||||||||||||||||||||        ] 88% [||||||||||||||||||||||||||||||||||||||||||||||||||||        ] 89% [|||||||||||||||||||||||||||||||||||||||||||||||||||||       ] 90% [||||||||||||||||||||||||||||||||||||||||||||||||||||||      ] 91% [||||||||||||||||||||||||||||||||||||||||||||||||||||||      ] 92% [|||||||||||||||||||||||||||||||||||||||||||||||||||||||     ] 93% [|||||||||||||||||||||||||||||||||||||||||||||||||||||||     ] 94% [||||||||||||||||||||||||||||||||||||||||||||||||||||||||    ] 95% [|||||||||||||||||||||||||||||||||||||||||||||||||||||||||   ] 96% [|||||||||||||||||||||||||||||||||||||||||||||||||||||||||   ] 97% [||||||||||||||||||||||||||||||||||||||||||||||||||||||||||  ] 98% [||||||||||||||||||||||||||||||||||||||||||||||||||||||||||  ] 99% [||||||||||||||||||||||||||||||||||||||||||||||||||||||||||| ]
Peak MFMA FLOPs (F32), GPU ID: 0, workgroupSize:256, workgroups:38912, experiments:100, FLOP:1275068416000, duration:9.1 ms, mean:139795.5 GFLOPS, stdev=592.5 GFLOPS
  0% [                                                            ]  1% [                                                            ]  2% [|                                                           ]  3% [|                                                           ]  4% [||                                                          ]  5% [|||                                                         ]  6% [|||                                                         ]  7% [||||                                                        ]  8% [||||                                                        ]  9% [|||||                                                       ] 10% [||||||                                                      ] 11% [||||||                                                      ] 12% [|||||||                                                     ] 13% [|||||||                                                     ] 14% [||||||||                                                    ] 15% [|||||||||                                                   ] 16% [|||||||||                                                   ] 17% [||||||||||                                                  ] 18% [||||||||||                                                  ] 19% [|||||||||||                                                 ] 20% [||||||||||||                                                ] 21% [||||||||||||                                                ] 22% [|||||||||||||                                               ] 23% [|||||||||||||                                               ] 24% [||||||||||||||                                              ] 25% [|||||||||||||||                                             ] 26% [|||||||||||||||                                             ] 27% [||||||||||||||||                                            ] 28% [||||||||||||||||                                            ] 29% [|||||||||||||||||                                           ] 30% [||||||||||||||||||                                          ] 31% [||||||||||||||||||                                          ] 32% [|||||||||||||||||||                                         ] 33% [|||||||||||||||||||                                         ] 34% [||||||||||||||||||||                                        ] 35% [|||||||||||||||||||||                                       ] 36% [|||||||||||||||||||||                                       ] 37% [||||||||||||||||||||||                                      ] 38% [||||||||||||||||||||||                                      ] 39% [|||||||||||||||||||||||                                     ] 40% [||||||||||||||||||||||||                                    ] 41% [||||||||||||||||||||||||                                    ] 42% [|||||||||||||||||||||||||                                   ] 43% [|||||||||||||||||||||||||                                   ] 44% [||||||||||||||||||||||||||                                  ] 45% [|||||||||||||||||||||||||||                                 ] 46% [|||||||||||||||||||||||||||                                 ] 47% [||||||||||||||||||||||||||||                                ] 48% [||||||||||||||||||||||||||||                                ] 49% [|||||||||||||||||||||||||||||                               ] 50% [||||||||||||||||||||||||||||||                              ] 51% [||||||||||||||||||||||||||||||                              ] 52% [|||||||||||||||||||||||||||||||                             ] 52% [|||||||||||||||||||||||||||||||                             ] 54% [||||||||||||||||||||||||||||||||                            ] 55% [|||||||||||||||||||||||||||||||||                           ] 56% [|||||||||||||||||||||||||||||||||                           ] 57% [||||||||||||||||||||||||||||||||||                          ] 58% [||||||||||||||||||||||||||||||||||                          ] 58% [|||||||||||||||||||||||||||||||||||                         ] 60% [||||||||||||||||||||||||||||||||||||                        ] 61% [||||||||||||||||||||||||||||||||||||                        ] 62% [|||||||||||||||||||||||||||||||||||||                       ] 63% [|||||||||||||||||||||||||||||||||||||                       ] 64% [||||||||||||||||||||||||||||||||||||||                      ] 65% [|||||||||||||||||||||||||||||||||||||||                     ] 66% [|||||||||||||||||||||||||||||||||||||||                     ] 67% [||||||||||||||||||||||||||||||||||||||||                    ] 68% [||||||||||||||||||||||||||||||||||||||||                    ] 69% [|||||||||||||||||||||||||||||||||||||||||                   ] 70% [||||||||||||||||||||||||||||||||||||||||||                  ] 71% [||||||||||||||||||||||||||||||||||||||||||                  ] 72% [|||||||||||||||||||||||||||||||||||||||||||                 ] 73% [|||||||||||||||||||||||||||||||||||||||||||                 ] 74% [||||||||||||||||||||||||||||||||||||||||||||                ] 75% [|||||||||||||||||||||||||||||||||||||||||||||               ] 76% [|||||||||||||||||||||||||||||||||||||||||||||               ] 77% [||||||||||||||||||||||||||||||||||||||||||||||              ] 78% [||||||||||||||||||||||||||||||||||||||||||||||              ] 79% [|||||||||||||||||||||||||||||||||||||||||||||||             ] 80% [||||||||||||||||||||||||||||||||||||||||||||||||            ] 81% [||||||||||||||||||||||||||||||||||||||||||||||||            ] 82% [|||||||||||||||||||||||||||||||||||||||||||||||||           ] 83% [|||||||||||||||||||||||||||||||||||||||||||||||||           ] 84% [||||||||||||||||||||||||||||||||||||||||||||||||||          ] 85% [|||||||||||||||||||||||||||||||||||||||||||||||||||         ] 86% [|||||||||||||||||||||||||||||||||||||||||||||||||||         ] 87% [||||||||||||||||||||||||||||||||||||||||||||||||||||        ] 88% [||||||||||||||||||||||||||||||||||||||||||||||||||||        ] 89% [|||||||||||||||||||||||||||||||||||||||||||||||||||||       ] 90% [||||||||||||||||||||||||||||||||||||||||||||||||||||||      ] 91% [||||||||||||||||||||||||||||||||||||||||||||||||||||||      ] 92% [|||||||||||||||||||||||||||||||||||||||||||||||||||||||     ] 93% [|||||||||||||||||||||||||||||||||||||||||||||||||||||||     ] 94% [||||||||||||||||||||||||||||||||||||||||||||||||||||||||    ] 95% [|||||||||||||||||||||||||||||||||||||||||||||||||||||||||   ] 96% [|||||||||||||||||||||||||||||||||||||||||||||||||||||||||   ] 97% [||||||||||||||||||||||||||||||||||||||||||||||||||||||||||  ] 98% [||||||||||||||||||||||||||||||||||||||||||||||||||||||||||  ] 99% [||||||||||||||||||||||||||||||||||||||||||||||||||||||||||| ]
Peak MFMA FLOPs (F64), GPU ID: 0, workgroupSize:256, workgroups:38912, experiments:100, FLOP:637534208000, duration:4.4 ms, mean:145138.9 GFLOPS, stdev=690.4 GFLOPS
  0% [                                                            ]  1% [                                                            ]  2% [|                                                           ]  3% [|                                                           ]  4% [||                                                          ]  5% [|||                                                         ]  6% [|||                                                         ]  7% [||||                                                        ]  8% [||||                                                        ]  9% [|||||                                                       ] 10% [||||||                                                      ] 11% [||||||                                                      ] 12% [|||||||                                                     ] 13% [|||||||                                                     ] 14% [||||||||                                                    ] 15% [|||||||||                                                   ] 16% [|||||||||                                                   ] 17% [||||||||||                                                  ] 18% [||||||||||                                                  ] 19% [|||||||||||                                                 ] 20% [||||||||||||                                                ] 21% [||||||||||||                                                ] 22% [|||||||||||||                                               ] 23% [|||||||||||||                                               ] 24% [||||||||||||||                                              ] 25% [|||||||||||||||                                             ] 26% [|||||||||||||||                                             ] 27% [||||||||||||||||                                            ] 28% [||||||||||||||||                                            ] 29% [|||||||||||||||||                                           ] 30% [||||||||||||||||||                                          ] 31% [||||||||||||||||||                                          ] 32% [|||||||||||||||||||                                         ] 33% [|||||||||||||||||||                                         ] 34% [||||||||||||||||||||                                        ] 35% [|||||||||||||||||||||                                       ] 36% [|||||||||||||||||||||                                       ] 37% [||||||||||||||||||||||                                      ] 38% [||||||||||||||||||||||                                      ] 39% [|||||||||||||||||||||||                                     ] 40% [||||||||||||||||||||||||                                    ] 41% [||||||||||||||||||||||||                                    ] 42% [|||||||||||||||||||||||||                                   ] 43% [|||||||||||||||||||||||||                                   ] 44% [||||||||||||||||||||||||||                                  ] 45% [|||||||||||||||||||||||||||                                 ] 46% [|||||||||||||||||||||||||||                                 ] 47% [||||||||||||||||||||||||||||                                ] 48% [||||||||||||||||||||||||||||                                ] 49% [|||||||||||||||||||||||||||||                               ] 50% [||||||||||||||||||||||||||||||                              ] 51% [||||||||||||||||||||||||||||||                              ] 52% [|||||||||||||||||||||||||||||||                             ] 52% [|||||||||||||||||||||||||||||||                             ] 54% [||||||||||||||||||||||||||||||||                            ] 55% [|||||||||||||||||||||||||||||||||                           ] 56% [|||||||||||||||||||||||||||||||||                           ] 57% [||||||||||||||||||||||||||||||||||                          ] 58% [||||||||||||||||||||||||||||||||||                          ] 58% [|||||||||||||||||||||||||||||||||||                         ] 60% [||||||||||||||||||||||||||||||||||||                        ] 61% [||||||||||||||||||||||||||||||||||||                        ] 62% [|||||||||||||||||||||||||||||||||||||                       ] 63% [|||||||||||||||||||||||||||||||||||||                       ] 64% [||||||||||||||||||||||||||||||||||||||                      ] 65% [|||||||||||||||||||||||||||||||||||||||                     ] 66% [|||||||||||||||||||||||||||||||||||||||                     ] 67% [||||||||||||||||||||||||||||||||||||||||                    ] 68% [||||||||||||||||||||||||||||||||||||||||                    ] 69% [|||||||||||||||||||||||||||||||||||||||||                   ] 70% [||||||||||||||||||||||||||||||||||||||||||                  ] 71% [||||||||||||||||||||||||||||||||||||||||||                  ] 72% [|||||||||||||||||||||||||||||||||||||||||||                 ] 73% [|||||||||||||||||||||||||||||||||||||||||||                 ] 74% [||||||||||||||||||||||||||||||||||||||||||||                ] 75% [|||||||||||||||||||||||||||||||||||||||||||||               ] 76% [|||||||||||||||||||||||||||||||||||||||||||||               ] 77% [||||||||||||||||||||||||||||||||||||||||||||||              ] 78% [||||||||||||||||||||||||||||||||||||||||||||||              ] 79% [|||||||||||||||||||||||||||||||||||||||||||||||             ] 80% [||||||||||||||||||||||||||||||||||||||||||||||||            ] 81% [||||||||||||||||||||||||||||||||||||||||||||||||            ] 82% [|||||||||||||||||||||||||||||||||||||||||||||||||           ] 83% [|||||||||||||||||||||||||||||||||||||||||||||||||           ] 84% [||||||||||||||||||||||||||||||||||||||||||||||||||          ] 85% [|||||||||||||||||||||||||||||||||||||||||||||||||||         ] 86% [|||||||||||||||||||||||||||||||||||||||||||||||||||         ] 87% [||||||||||||||||||||||||||||||||||||||||||||||||||||        ] 88% [||||||||||||||||||||||||||||||||||||||||||||||||||||        ] 89% [|||||||||||||||||||||||||||||||||||||||||||||||||||||       ] 90% [||||||||||||||||||||||||||||||||||||||||||||||||||||||      ] 91% [||||||||||||||||||||||||||||||||||||||||||||||||||||||      ] 92% [|||||||||||||||||||||||||||||||||||||||||||||||||||||||     ] 93% [|||||||||||||||||||||||||||||||||||||||||||||||||||||||     ] 94% [||||||||||||||||||||||||||||||||||||||||||||||||||||||||    ] 95% [|||||||||||||||||||||||||||||||||||||||||||||||||||||||||   ] 96% [|||||||||||||||||||||||||||||||||||||||||||||||||||||||||   ] 97% [||||||||||||||||||||||||||||||||||||||||||||||||||||||||||  ] 98% [||||||||||||||||||||||||||||||||||||||||||||||||||||||||||  ] 99% [||||||||||||||||||||||||||||||||||||||||||||||||||||||||||| ]
Peak MFMA IOPs (I8), GPU ID: 0, workgroupSize:256, workgroups:38912, experiments:100, IOP:5100273664000, duration:5.1 ms, mean:991682.4 GOPS, stdev=6426.3 GOPS

   [32mINFO[0m [roofline] Empirical Roofline PDFs saved!
   [32mINFO[0m [roofline] Checking for roofline.csv in /root/rocm-examples/Applications/memcp_profile/workloads/main_bp_l2/MI300X_A1
   [32mINFO[0m [roofline] Empirical Roofline PDFs saved!
rocprof-compute analyze -p workloads/main_bp_l2/MI300X_A1/ -b 3

                                 __                                       _
 _ __ ___   ___ _ __  _ __ ___  / _|       ___ ___  _ __ ___  _ __  _   _| |_ ___
| '__/ _ \ / __| '_ \| '__/ _ \| |_ _____ / __/ _ \| '_ ` _ \| '_ \| | | | __/ _ \
| | | (_) | (__| |_) | | | (_) |  _|_____| (_| (_) | | | | | | |_) | |_| | ||  __/
|_|  \___/ \___| .__/|_|  \___/|_|        \___\___/|_| |_| |_| .__/ \__,_|\__\___|
               |_|                                           |_|

   [32mINFO[0m Analysis mode = cli
   [32mINFO[0m fatal: not a git repository (or any of the parent directories): .git
   [32mINFO[0m [analysis] deriving rocprofiler-compute metrics...
  [31mERROR[0m PC sampling: can not read /root/rocm-examples/Applications/memcp_profile/workloads/main_bp_l2/MI300X_A1/ps_file_kernel_trace.csv
[33mWARNING[0m Failed to evaluate expression '
to_round(to_avg(
(raw_pmc_df['pmc_perf']['TCP_TCP_LATENCY_sum'] / raw_pmc_df['pmc_perf']['TCP_TA_TCP_STATE_READ_sum']).where((raw_pmc_df['pmc_perf']['TCP_TA_TCP_STATE_READ_sum'] != 0), None)), 0)
': 'TCP_TCP_LATENCY_sum'.

--------------------------------------------------------------------------------
0. Top Stats
0.1 Top Kernels
╒═════════╤══════════════════════════════════════════╤═════════╤═══════════════╤═══════════════╤═══════════════╤════════╕
│   index │ Kernel_Name                              │   Count │       Sum(ns) │      Mean(ns) │    Median(ns) │    Pct │
╞═════════╪══════════════════════════════════════════╪═════════╪═══════════════╪═══════════════╪═══════════════╪════════╡
│       0 │ device_memcpy_kernel(int*, int*, unsigne │    1.00 │ 1116418405.08 │ 1116418405.08 │ 1116418405.08 │ 100.00 │
│         │ d long)                                  │         │               │               │               │        │
╘═════════╧══════════════════════════════════════════╧═════════╧═══════════════╧═══════════════╧═══════════════╧════════╛
0.2 Dispatch List
╒═════════╤═══════════════╤═════════════════════════════════════════════════╤══════════╕
│   index │   Dispatch_ID │ Kernel_Name                                     │   GPU_ID │
╞═════════╪═══════════════╪═════════════════════════════════════════════════╪══════════╡
│       0 │             0 │ device_memcpy_kernel(int*, int*, unsigned long) │        0 │
╘═════════╧═══════════════╧═════════════════════════════════════════════════╧══════════╛


--------------------------------------------------------------------------------
3. Memory Chart
3.1 Memory Chart
⣀⣀⣀⣀⣀⣀⣀⣀⣀⣀⣀⣀⣀⣀⣀⣀⣀⣀⣀⣀⣀⣀⣀⣀⣀⣀⣀⣀⣀⣀⣀⣀⣀⣀⣀⣀⣀⣀⣀⣀⣀⣀⣀⣀⣀⣀⣀⣀⣀⣀⣀⣀⣀⣀⣀⣀⣀⣀⣀⣀⣀⣀⣀⣀⣀⣀⣀⣀⣀⣀⣀⣀⣀⣀⣀⣀⣀⣀⣀⣀⣀⣀⣀⣀⣀⣀⣀⣀⣀⣀⣀⣀⣀⣀⣀⣀⣀⣀⣀⣀⣀⣀⣀⣀⣀⣀⣀⣀⣀⣀⣀⣀⣀⣀⣀⣀⣀⣀⣀⣀⣀⣀⣀⣀⣀⣀⣀⣀⣀⣀⣀⣀⣀⣀⣀⣀⣀⣀⣀⣀⣀⣀⣀⣀⣀⣀⣀⣀⣀⣀⣀⣀⣀⣀⣀⣀⣀⣀⣀⣀⣀⣀⣀⣀⣀⣀⣀⣀⣀⣀⣀⣀⣀⣀⣀⣀⣀⣀⣀⣀⣀⣀⣀⣀⣀⣀⣀⣀⣀⣀⣀⣀⣀⣀⣀⣀⣀⣀⣀⣀⣀⣀⣀⣀⣀⣀⣀⣀⣀⣀⣀⣀⣀⣀⣀⣀⣀⣀⣀⣀⣀⣀⣀⣀⣀⣀⣀⣀⣀⣀⣀⣀⣀⡀
⡇⠀⠀⠀⠀⠀⠀⠀⠀⠀⠀⠀⠀⠀⠀⠀⠀⠀⠀⠀⠀⠀⠀⠀⠀⠀⠀⠀⠀⠀⠀⠀⠀⠀⠀⠀⠀⠀⠀⠀⠀⠀⠀⠀⠀⠀⠀⠀⠀⠀⠀⠀⠀⠀⠀⠀⠀⠀⠀⠀⠀⠀⠀⠀⠀⠀⠀⠀⠀⠀⠀⠀⠀⠀⠀⠀⠀⠀⠀⠀⠀⠀⠀⠀⠀⠀⠀⠀⠀⠀⠀⠀⠀⠀⠀⠀⠀⠀⠀⠀⠀⠀⠀⠀⠀⠀⠀⠀⠀⠀⠀⠀⠀⠀⠀⠀⠀⠀⠀⠀⠀⠀⠀⠀⠀⠀⠀⠀⠀⠀⠀⠀⠀⠀⠀⠀⠀⠀⠀⠀⠀⠀⠀⠀⠀⠀⠀⠀⠀⠀⠀⠀⠀⠀⠀⠀⠀⠀⠀⠀⠀⠀⠀⠀⠀⠀⠀⠀⠀⠀⠀⠀⠀⠀⠀⠀⠀⠀⠀⠀⠀⠀⠀⠀⠀⠀⠀⠀⠀⠀⠀⠀⠀⠀⠀⠀⠀⠀⠀⠀⠀⠀⠀⠀⠀⠀⠀⠀⠀⠀⠀⠀⠀⠀⠀⠀⠀⠀⠀⠀⠀⠀⠀⠀⠀⠀⠀⠀⠀⠀⠀⠀⠀⡇
⡇⠀(Normalization: per_kernel)⠀⠀⠀⠀⠀⠀⠀⠀⠀⠀⠀⠀⠀⠀⠀⠀⠀⠀⠀⠀⠀⠀⠀⠀⠀⠀⠀⠀⠀⠀⠀⠀⠀⠀⠀⠀⠀⠀⠀⠀⠀⠀⠀⠀⠀⠀⠀⠀⠀⠀⠀⠀⠀⠀⠀⠀⠀⠀⠀⠀⠀⠀⠀⠀⠀⠀⠀⠀⠀⠀⠀⠀⠀⠀⠀⠀⠀⠀⠀⠀⠀⠀⠀⠀⠀⠀⠀⠀⠀⠀⠀⠀⠀⠀⠀⠀⠀⠀⠀⠀⠀⠀⠀⠀⠀⠀⠀⠀⠀⠀⠀⠀⠀⠀⠀⠀⠀⠀⠀⠀⠀⠀⠀⠀⠀⠀⠀⠀⠀⠀⠀⠀⠀⠀⠀⠀⠀⠀⠀⠀⠀⠀⠀⠀⠀⠀⠀⠀⠀⠀⠀⠀⠀⠀⠀⠀⠀⠀⠀⠀⠀⠀⠀⠀⠀⠀⠀⠀⠀⠀⠀⠀⠀⠀⠀⠀⠀⠀⠀⠀⠀⠀⠀⠀⠀⠀⠀⠀⠀⠀⠀⠀⠀⠀⠀⠀⠀⠀⠀⠀⠀⠀⠀⠀⡇
⡇⠀⠀⠀⠀⠀⠀⠀⠀⠀⠀⠀⠀⠀⠀⠀⠀⠀⠀⠀⠀⠀⠀⠀⠀⠀⠀⠀⠀⠀⠀⠀⠀⠀⠀⠀⠀⠀⠀⠀⠀⠀⠀⠀⠀⠀⠀⠀⠀⠀⠀⠀⠀⠀⠀⠀⠀⠀⠀⠀⠀⠀⠀⠀⠀⠀⠀⠀⠀⠀⠀⠀⠀⠀⠀⠀⠀⠀⠀⠀⠀⠀⠀⠀⠀⠀⠀⠀⠀⠀⠀⠀⠀⠀⠀⠀⠀⠀⠀⠀⠀⠀⠀⠀⠀⠀⠀⠀⠀⠀⠀⠀⠀⠀⠀⠀⠀⠀⠀⠀⠀⠀⠀⠀⠀⠀⠀⠀⠀⠀⠀⠀⠀⠀⠀⠀⠀⠀⠀⠀⠀⠀⠀⠀⠀⠀⠀⠀⠀⠀⠀⠀⠀⠀⠀⠀⠀⠀⠀⠀⠀⠀⠀⠀⠀⠀⠀⠀⠀⠀⠀⠀⠀⠀⠀⠀⠀⠀⠀⠀⠀⠀⠀⠀⠀⠀⠀⠀⠀⠀⠀⠀⠀⠀⠀⠀⠀⠀⠀⠀⠀⠀⠀⠀⠀⠀⠀⠀⠀⠀⠀⠀⠀⠀⠀⠀⠀⠀⠀⠀⠀⠀⠀⠀⠀⠀⠀⠀⠀⠀⠀⠀⠀⡇
⡇⠀Instr Buff⠀⠀⠀⠀⠀⠀⠀⠀⠀⠀⠀⠀⠀⠀⠀⠀⠀⠀⠀⠀⠀⠀⠀⠀⠀⠀Instr Dispatch⠀⠀⠀⠀⠀⠀Exec⠀⠀⠀⠀⠀⠀⠀⠀⠀⠀⠀⠀⠀⠀⠀⠀⠀⠀⠀⠀⠀⠀⠀⠀⠀⠀⠀⠀⠀⠀⠀⠀⠀LDS⠀⠀⠀⠀⠀⠀⠀⠀⠀⠀⠀⠀⠀⠀⠀⠀⠀⠀⠀⠀⠀⠀⠀⠀⠀⠀⠀⠀⠀⠀⠀⠀⠀⠀⠀⠀⠀⠀⠀⠀L2 Cache⠀⠀⠀⠀⠀⠀⠀⠀⠀⠀⠀⠀⠀⠀⠀⠀⠀⠀⠀⠀⠀⠀⠀⠀⠀⠀⠀⠀⠀⠀⠀⠀⠀⠀⠀⠀⠀⠀⠀⠀⠀⠀⠀⠀⠀⠀⠀⠀⠀⠀⠀⠀⠀⠀⠀⠀⠀⠀⠀⠀⠀⠀⠀⠀⠀⠀⠀⠀⠀⠀⠀⠀⠀⠀⠀⠀⠀⠀⠀⠀⠀⠀⠀⠀⠀⠀⠀⡇
⡇⠀⠀⠀⣀⣀⣀⣀⣀⣀⣀⣀⣀⣀⣀⣀⣀⣀⣀⣀⣀⣀⣀⣀⣀⣀⣀⣀⣀⡀⠀⠀⡀⠀⠀⠀⠀⠀⠀⠀⠀⠀⠀⠀⠀⠀⠀⠀⠀⠀⠀⠀⠀⠀⠀⠀⠀⠀⣀⣀⣀⣀⣀⣀⣀⣀⣀⣀⣀⣀⣀⣀⣀⣀⣀⣀⣀⣀⡀⠀⠀⠀⠀⠀⠀⠀⠀⠀⠀⠀⠀⠀⠀⠀⠀⣀⣀⣀⣀⣀⣀⣀⣀⣀⣀⣀⣀⣀⣀⣀⣀⣀⣀⣀⣀⣀⣀⣀⣀⡀⠀⠀⠀⠀⠀⠀⠀⠀⠀⠀⠀⠀⠀⠀⠀⠀⠀⠀⣀⣀⣀⣀⣀⣀⣀⣀⣀⣀⣀⣀⣀⣀⣀⣀⣀⣀⣀⣀⣀⣀⣀⣀⡀⠀⠀⠀⠀⠀⠀⠀⠀⠀⠀⠀⠀⠀⠀⠀⠀⠀⠀⠀⠀⠀⠀⠀⠀⠀⣀⣀⣀⣀⣀⣀⣀⣀⣀⣀⡀⠀⠀⠀⠀⠀⠀⠀⠀⠀⠀⠀⠀⠀⠀⠀⠀⠀⠀⠀⠀⠀⠀⠀⠀⠀⠀⠀⠀⠀⠀⠀⠀⠀⠀⡇
⡇⠀⣀⣖⣗⣒⣒⣒⣒⣒⣒⣒⣒⣒⣒⣒⣒⣒⣒⣒⣒⣒⣒⣒⣒⣒⣒⡒⡆⡇⠀⠀⡏⠢⢄⠀⠀⠀⠀⠀⠀SALU: 52010059⠀⠀⠀⡇⠀⠀⠀⠀⠀⠀⠀⠀⠀⠀⠀⠀⠀⠀⠀⠀⠀⠀⠀⡇⠀⠀⠀⠀⠀⠀⠀⠀⠀⠀⠀⠀⠀⠀⠀⠀⡇⠀⠀⠀⠀⠀⠀⠀⠀⠀⠀⠀⠀⠀⠀⠀⠀⠀⠀⠀⠀⠀⠀⠀⡇⠀⠀⠀⠀⠀⠀⠀⠀⠀⠀⠀⠀⠀⠀⠀⠀⠀⠀⡇⠀⠀⠀⠀⠀⠀⠀⠀⠀⠀⠀⠀⠀⠀⠀⠀⠀⠀⠀⠀⠀⠀⠀⡇⠀⠀⠀⠀⠀⠀⠀⠀⠀⠀⠀⠀⠀⠀⠀⠀⠀⠀⠀⠀⠀⠀⠀⠀⠀⡇⠀⠀⠀⠀⠀⠀⠀⠀⠀⡇⠀⠀⠀⠀⠀⠀⠀⠀⠀⠀⠀⠀⠀⠀⠀⠀⠀⠀⠀⠀⠀⠀⠀⠀⠀⠀⠀⠀⠀⠀⠀⠀⠀⠀⡇
⡇⠀⡇⡇⡇⠀⣀⣀⣀⣀⣀⣀⣀⣀⣀⣀⣀⣀⣀⣀⣀⣀⣀⣀⣀⡀⠀⡇⡇⡇⠀⠀⡇⠀⠀⠑⡆⠀------------------>⠀⡇⠀Active CUs⠀⠀⠀⠀⠀⠀⠀⠀⡇⠀⠀Req:    0⠀⠀⠀⠀⠀⡇⠀Util:      0 %⠀⠀⠀⠀⠀⠀⠀⠀⡇⠀⠀⠀⠀⠀⠀⠀⠀⠀⠀⠀⠀⠀⠀⠀⠀⠀⠀⡇⠀⠀⠀⠀⠀⠀⠀⠀⠀⠀⠀⠀⠀⠀⠀⠀⠀⠀⠀⠀⠀⠀⠀⡇⠀⠀⠀⠀⠀⠀⠀⠀⠀⠀⠀⠀⠀⠀⠀⠀⠀⠀⠀⠀⠀⠀⠀⠀⠀⡇xGMI/PCIe⡇⠀⠀⠀⠀⠀⠀⠀⠀⠀⠀⠀⠀⠀⠀⠀⠀⠀⠀⠀⠀⠀⠀⠀⠀⠀⠀⠀⠀⠀⠀⠀⠀⠀⠀⡇
⡇⠀⡇⡇⡇⠀⡇Wave   0 Instr Buf⡇⠀⡇⡇⡇⠀⠀⡇⠀⠀⠀⡇⠀⠀⠀⠀⠀⠀⠀⠀⠀⠀⠀⠀⠀⠀⠀⠀⠀⠀⠀⠀⠀⡇⠀n/a: 304⠀⠀⠀⠀⠀⠀⠀⠀⠀⠀⡇<---------------⡇⠀⠀⠀⠀⠀⠀⠀⠀⠀⠀⠀⠀⠀⠀⠀⠀⠀⠀⠀⠀⠀⠀⠀⡇⠀⠀⠀⠀⠀⠀⠀⠀⠀⠀⠀⠀⠀⠀⠀⠀⠀⠀⡇⠀⣀⣀⣀⣀⣀⣀⣀⣀⣀⣀⣀⣀⣀⣀⣀⣀⣀⣀⣀⣀⡀⠀⡇⠀⠀⠀⠀⠀⠀⠀⠀⠀⠀⠀⠀⠀⠀⠀⠀⠀⠀⠀⠀⠀⠀⠀⠀⠀⡇⠀⠀⠀⠀⠀⠀⠀⠀⠀⡇⠀⠀⠀⠀⠀⠀⠀⠀⠀⠀⠀⠀⠀⠀⠀⠀⠀⠀⠀⠀⠀⠀⠀⠀⠀⠀⠀⠀⠀⠀⠀⠀⠀⠀⡇
⡇⠀⡇⡇⡇⠀⠓⠒⠒⠒⠒⠒⠒⠒⠒⠒⠒⠒⠒⠒⠒⠒⠒⠒⠒⠃⠀⡇⡇⡇⠀⠀⡇⠀⠀⠀⡇⠀⠀⠀⠀SMEM: 50594621⠀⠀⠀⡇⠀⠀⠀⠀⠀⠀⠀⠀⠀⠀⠀⠀⠀⠀⠀⠀⠀⠀⠀⡇⠀⠀⠀⠀⠀⠀⠀⠀⠀⠀⠀⠀⠀⠀⠀⠀⡇⠀Lat:    N/A⠀⠀⠀⠀⠀⠀⠀⠀⠀⠀⠀⡇⠀⠀⠀⠀⠀⠀⠀⠀⠀⠀⠀⠀⠀⠀⠀⠀⠀⠀⡇⠀⡇⠀Hit:      0 %⠀⠀⠀⠀⠀⡇⠀⡇⠀⠀⠀⠀⠀⠀⠀⠀⠀⠀⠀⠀⠀⠀⠀⠀⠀⠀⠀⠀⠀⠀⠀⠀⠀⣇⣀⣀⣀⣀⣀⣀⣀⣀⣀⡇⠀⠀⠀⠀⠀⠀⠀⠀⠀⠀⠀⠀⠀⠀⠀⠀⠀⠀⠀⠀⠀⠀⠀⠀⠀⠀⠀⠀⠀⠀⠀⠀⠀⠀⡇
⡇⠀⡇⡇⡇⠀⠀⠀⠀⠀⠀⠀⠀⠀⠀⠀⠀⠀⠀⠀⠀⠀⠀⠀⠀⠀⠀⡇⡇⡇⠀⠀⡇⠀⠀⠀⡇⠀------------------>⠀⡇⠀⣀⣀⣀⣀⣀⣀⣀⣀⣀⣀⣀⣀⣀⣀⣀⣀⡀⠀⡇⠀⠀⠀⠀⠀⠀⠀⠀⠀⠀⠀⠀⠀⠀⠀⠀⣇⣀⣀⣀⣀⣀⣀⣀⣀⣀⣀⣀⣀⣀⣀⣀⣀⣀⣀⣀⣀⣀⣀⣀⡇⠀⠀⠀⠀⠀⠀⠀⠀⠀⠀⠀⠀⠀⠀⠀⠀⠀⠀⡇⠀⣇⣀⣀⣀⣀⣀⣀⣀⣀⣀⣀⣀⣀⣀⣀⣀⣀⣀⣀⣀⡇⠀⡇⠀⠀⠀⠀⠀⠀⠀⠀⠀⠀⠀⠀⠀⠀⠀⠀⠀⠀⠀⠀⠀⠀⠀⠀⠀⠀⠀⠀^   |⠀⠀⠀⠀⠀⠀⠀⠀⠀⠀⠀⠀⠀⠀⠀⠀⠀⠀⠀⠀⠀⠀⠀⠀⠀⠀⠀⠀⠀⠀⠀⠀⠀⠀⠀⠀⠀⡇
⡇⠀⡇⡇⡇⠀⣀⣀⣀⣀⣀⣀⣀⣀⣀⣀⣀⣀⣀⣀⣀⣀⣀⣀⣀⡀⠀⡇⡇⡇⠀⠀⡇⠀⠀⠀⡇⠀⠀⠀⠀⠀⠀⠀⠀⠀⠀⠀⠀⠀⠀⠀⠀⠀⠀⠀⠀⠀⡇⠀⡇⠀RVGPRseq:   4.0⠀⡇⠀⠀⠀⠀⠀⠀⠀⠀⠀⠀⠀⠀⠀⠀⠀⠀⠀⠀⠀⠀⠀⠀⠀⠀⠀⠀⠀⠀⠀⠀⠀⠀⠀⠀⠀⠀⠀⠀⠀⠀⠀⠀⠀⠀⠀⠀⠀⠀⠀⠀⠀⠀⠀⠀⠀⠀⠀⠀⠀⡇⠀⠀⠀⠀⠀⠀⠀⠀⠀⠀⠀⠀⠀⠀⠀⠀⠀⠀⠀⠀⠀⠀⠀⡇⠀⠀⠀⠀⠀⠀⠀⠀⠀⠀⠀⠀⠀⠀⠀⠀⠀⠀⠀⠀⠀⠀⠀⠀⠀⠀⠀⠀|   |⠀⠀⠀⠀⠀⠀⠀⠀⠀⠀⠀⠀⠀⠀⠀⠀⠀⠀⠀⠀⠀⠀⠀⠀⠀⠀⠀⠀⠀⠀⠀⠀⠀⠀⠀⠀⠀⡇
⡇⠀⡇⡇⡇⠀⡇Wave N-1 Instr Buf⡇⠀⡇⡇⡇⠀⠀⡇⠀⠀⠀⡇⠀⠀⠀⠀VALU: 117542308⠀⠀⡇⠀⣇⣀⣀⣀⣀⣀⣀⣀⣀⣀⣀⣀⣀⣀⣀⣀⡇⠀⡇⠀⠀⠀⠀⠀⠀⠀⠀⠀⠀⠀⠀⠀⠀⠀⠀Vector L1 Cache⠀⠀⠀⠀⠀⠀⠀⠀⠀⠀⠀⠀⠀⠀⠀⠀⠀⠀⠀⠀⠀⠀⠀⠀⠀⠀⠀⠀⡇⠀Request⠀⠀⠀⠀⠀⠀⠀⠀⠀⠀⠀⠀⠀⠀⠀⡇⠀⠀⠀⠀⠀⠀⠀⠀⠀⠀⠀⠀⠀⠀⠀⠀⠀⠀⠀⠀⠀⠀⠀⠀⠀⠀⠀⠀|   |⠀⠀⠀⠀⠀⠀⠀⠀⠀⠀⠀⠀⠀⠀⠀⠀⠀⠀⠀⠀⠀⠀⠀⠀⠀⠀⠀⠀⠀⠀⠀⠀⠀⠀⠀⠀⠀⡇
⡇⠀⡇⡇⡇⠀⠓⠒⠒⠒⠒⠒⠒⠒⠒⠒⠒⠒⠒⠒⠒⠒⠒⠒⠒⠃⠀⡇⡇⡇⠀⠀⡇⠀⠀⠀⡇⠀------------------>⠀⡇⠀⣀⣀⣀⣀⣀⣀⣀⣀⣀⣀⣀⣀⣀⣀⣀⣀⡀⠀⡇⠀⠀⠀⠀⠀⠀⠀⠀⠀⠀⠀⠀⠀⠀⠀⠀⣀⣀⣀⣀⣀⣀⣀⣀⣀⣀⣀⣀⣀⣀⣀⣀⣀⣀⣀⣀⣀⣀⣀⣀⡀⠀⠀⠀⠀⠀⠀⠀⠀⠀⠀⠀⠀⠀⠀⠀⠀⠀⠀⡇⠀⡖⠒⠒⠒⠒⠒⠒⠒⠒⠒⠒⠒⠒⠒⠒⠒⠒⠒⠒⠒⡆⠀⡇⠀⠀⠀⠀⠀⠀⠀⠀⠀⠀⠀⠀⠀⠀⠀⠀⠀⠀⠀⠀⠀⠀⠀⠀⠀⠀⠀⠀|   v⠀⠀⠀⠀⠀⠀⠀⠀⠀⠀⠀⠀⠀⠀⠀⠀⠀⠀⠀⠀⠀⠀⠀⠀⠀⠀⠀⠀⠀⠀⠀⠀⠀⠀⠀⠀⠀⡇
⡇⠀⡇⡇⡇⠀⠀⠀⠀⠀⠀⠀⠀⠀⠀⠀⠀⠀⠀⠀⠀⠀⠀⠀⠀⠀⠀⡇⡇⡇⠀⠀⡇⠀⠀⠀⡇⠀⠀⠀⠀⠀⠀⠀⠀⠀⠀⠀⠀⠀⠀⠀⠀⠀⠀⠀⠀⠀⡇⠀⡇⠀SGPRs:    16⠀⠀⡇⠀⡇⠀⠀⠀⠀⠀⠀⠀⠀⠀⠀⠀⠀⠀⠀⠀⠀⡇⠀⠀⠀⠀⠀⠀⠀⠀⠀⠀⠀⠀⠀⠀⠀⠀⠀⠀⠀⠀⠀⠀⠀⡇⠀⠀⠀⠀⠀⠀⠀⠀⠀⠀⠀⠀⠀⠀⠀⠀⠀⠀⡇⠀⡇⠀⠀⠀⠀⠀⠀⠀⠀⠀⠀⠀⠀⠀⠀⠀⠀⠀⠀⠀⡇⠀⡇⠀⠀⠀⠀⠀⠀⠀⠀⠀⠀⠀⠀⠀⠀⠀⠀⠀⠀⣀⣀⣀⣀⣀⣀⣀⣀⣀⣀⣀⣀⣀⣀⣀⣀⣀⣀⣀⣀⣀⣀⣀⣀⡀⠀⠀⠀⠀⠀⠀⠀⠀⠀⠀⠀⠀⠀⠀⠀⠀⠀⠀⠀⠀⠀⠀⠀⠀⠀⠀⠀⡇
⡇⠀⡇⡇⡇⠀⠀⠀⠀⠀⠀⠀⠀⠀⠀⠀⠀⠀⠀⠀⠀⠀⠀⠀⠀⠀⠀⡇⡇⡇⠀⠀⡇⠀⠀⠀⡇⠀⠀⠀⠀MFMA: 0   ⠀⠀⠀⠀⠀⠀⠀⡇⠀⣇⣀⣀⣀⣀⣀⣀⣀⣀⣀⣀⣀⣀⣀⣀⣀⡇⠀⡇⠀⠀Rd: 270064192⠀⡇⠀Hit:     25 %⠀⠀⠀⠀⠀⠀⠀⠀⠀⡇⠀⠀⠀Rd: 33632393⠀⠀⠀⡇⠀⡇⠀Rd: 83892168⠀⠀⠀⠀⠀⠀⡇⠀⡇⠀⠀⠀⠀⠀⠀⠀⠀⠀⠀⠀⠀⠀⠀⠀⠀⠀⠀⡇⠀⠀⠀⠀⠀⠀⠀⠀⠀⠀⠀⠀⠀⠀⠀⠀⠀⠀⠀⠀⠀⠀⠀⡇⠀⠀⠀⠀⠀⠀⠀⠀⠀⠀⠀⠀⠀⠀⠀⠀⠀⠀⠀⠀⠀⠀⠀⠀⠀⠀⠀⡇
⡇⠀⡇⡇⡇⠀⠀⠀⠀⠀⠀⠀⠀⠀⠀⠀⠀⠀⠀⠀⠀⠀⠀⠀⠀⠀⠀⡇⡇⡇⠀⠀⡇⠀⠀⠀⡇⠀------------------>⠀⡇⠀⠀⠀⠀⠀⠀⠀⠀⠀⠀⠀⠀⠀⠀⠀⠀⠀⠀⠀⡇<---------------⡇⠀⠀⠀⠀⠀⠀⠀⠀⠀⠀⠀⠀⠀⠀⠀⠀⠀⠀⠀⠀⠀⠀⠀⡇⠀<---------------⠀⡇⠀⡇⠀⠀⠀⠀⠀⠀⠀⠀⠀⠀⠀⠀⠀⠀⠀⠀⠀⠀⠀⡇⠀⡇⠀⠀⠀⠀⠀⠀⠀⠀⠀⠀⠀⠀⠀⠀⠀⠀⠀⠀⡇⠀⠀⠀⠀⠀   Fabric⠀⠀⠀⠀⠀⠀⠀⠀⠀⡇⠀⠀⠀⠀⠀⠀⠀⠀⠀⠀⠀⠀⠀⠀⠀⠀⠀⠀⠀⠀⠀⠀⠀⠀⠀⠀⠀⡇
⡇⠀⡇⡇⡇⠀⠀⠀⠀⠀⠀⠀⠀⠀⠀⠀⠀⠀⠀⠀⠀⠀⠀⠀⠀⠀⠀⡇⡇⡇⠀⠀⡇⠀⠀⠀⡇⠀⠀⠀⠀⠀⠀⠀⠀⠀⠀⠀⠀⠀⠀⠀⠀⠀⠀⠀⠀⠀⡇⠀⣀⣀⣀⣀⣀⣀⣀⣀⣀⣀⣀⣀⣀⣀⣀⣀⡀⠀⡇⠀⠀Wt: 268818048⠀⡇⠀Lat:    N/A⠀⠀⠀⠀⠀⠀⠀⠀⠀⠀⠀⡇⠀⠀⠀Wr: 67303328⠀⠀⠀⡇⠀⡇⠀Wr: 67108864⠀⠀⠀⠀⠀⠀⡇⠀⡇⠀⠀⠀Rd: 83890348⠀⠀⠀⡇⠀⠀⠀⠀⠀⠀⠀⠀⠀⠀⠀⠀⠀⠀⠀⠀⠀⠀⠀⠀⠀⠀⠀⡇⠀⠀⠀⠀⠀⠀⠀⠀⠀⠀⠀⠀⠀⠀⣀⣀⣀⣀⣀⣀⣀⣀⣀⣀⡀⠀⠀⡇
⡇⠀⡇⡇⡇⠀⠀⠀⠀⠀⠀⠀⠀⠀⠀⠀⠀⠀⠀⠀⠀⠀⠀⠀⠀⠀⠀⡇⡇⡇⠀⠀⡇⠀⠀⠀⡇⠀⠀⠀⠀VMEM: 33554432⠀⠀⠀⡇⠀⡇⠀LDS Alloc:⠀⠀⠀⠀⡇⠀⡇--------------->⡇⠀⠀⠀⠀⠀⠀⠀⠀⠀⠀⠀⠀⠀⠀⠀⠀⠀⠀⠀⠀⠀⠀⠀⡇⠀--------------->⠀⡇⠀⡇⠀⠀⠀⠀⠀⠀⠀⠀⠀⠀⠀⠀⠀⠀⠀⠀⠀⠀⠀⡇⠀⡇⠀<---------------⠀⡇⠀Latency (cycles)⠀⠀⠀⠀⠀⠀⡇⠀⠀⠀Rd: 83994731⠀⠀⠀⠀⠀⠀⠀⠀⠀⡇⠀⠀⡇
⡇⠀⡇⡇⡇⠀⠀⠀⠀⠀⠀⠀⠀⠀⠀⠀⠀⠀⠀⠀⠀⠀⠀⠀⠀⠀⠀⡇⡇⡇⠀⠀⡇⠀⠀⠀⡇⠀------------------>⠀⡇⠀⡇⠀            0⠀⡇⠀⡇⠀⠀Atomic:    0⠀⠀⡇⠀Coales:    100 %⠀⠀⠀⠀⠀⠀⡇⠀⠀⠀Atomic:    0⠀⠀⠀⡇⠀⡇⠀Atomic:      0⠀⠀⠀⠀⡇⠀⡇⠀⠀⠀Wr: 67524531⠀⠀⠀⡇⠀⡖⠒⠒⠒⠒⠒⠒⠒⠒⠒⠒⠒⠒⠒⠒⠒⠒⠒⠒⠒⡆⠀⡇⠀<-----------⠀⡇⠀⠀⠀HBM⠀⠀⠀⡇⠀⠀⡇
⡇⠀⡇⡇⡇⠀⠀⠀⠀⠀⠀⠀⠀⠀⠀⠀⠀⠀⠀⠀⠀⠀⠀⠀⠀⠀⠀⡇⡇⡇⠀⠀⡇⠀⠀⠀⡇⠀⠀⠀⠀⠀⠀⠀⠀⠀⠀⠀⠀⠀⠀⠀⠀⠀⠀⠀⠀⠀⡇⠀⣇⣀⣀⣀⣀⣀⣀⣀⣀⣀⣀⣀⣀⣀⣀⣀⡇⠀⡇<-------------->⡇⠀⠀⠀⠀⠀⠀⠀⠀⠀⠀⠀⠀⠀⠀⠀⠀⠀⠀⠀⠀⠀⠀⠀⡇⠀<-------------->⠀⡇⠀⡇⠀⠀⠀⠀⠀⠀⠀⠀⠀⠀⠀⠀⠀⠀⠀⠀⠀⠀⠀⡇⠀⡇⠀--------------->⠀⡇⠀⡇⠀Rd:   3466⠀⠀⠀⠀⠀⠀⠀⠀⡇⠀⡇⠀⠀⠀Wr: 67406637⠀⠀⠀⠀⠀⠀⠀⠀⠀⡇⠀⠀⡇
⡇⠀⡇⡇⡇⠀⠀⠀⠀⠀⠀⠀⠀⠀⠀⠀⠀⠀⠀⠀⠀⠀⠀⠀⠀⠀⠀⡇⡇⡇⠀⠀⡇⠀⠀⠀⡇⠀⠀⠀⠀LDS: 0   ⠀⠀⠀⠀⠀⠀⠀⠀⡇⠀⣀⣀⣀⣀⣀⣀⣀⣀⣀⣀⣀⣀⣀⣀⣀⣀⡀⠀⡇⠀⠀⠀⠀⠀⠀⠀⠀⠀⠀⠀⠀⠀⠀⠀⠀⡇⠀Stall:      0 cycles⠀⠀⡇⠀⠀⠀⠀⠀⠀⠀⠀⠀⠀⠀⠀⠀⠀⠀⠀⠀⠀⡇⠀⣇⣀⣀⣀⣀⣀⣀⣀⣀⣀⣀⣀⣀⣀⣀⣀⣀⣀⣀⣀⡇⠀⡇⠀⠀⠀Atomic:    0⠀⠀⠀⡇⠀⡇⠀Wr:    247⠀⠀⠀⠀⠀⠀⠀⠀⡇⠀⡇⠀----------->⠀⣇⣀⣀⣀⣀⣀⣀⣀⣀⣀⡇⠀⠀⡇
⡇⠀⡇⡇⡇⠀⠀⠀⠀⠀⠀⠀⠀⠀⠀⠀⠀⠀⠀⠀⠀⠀⠀⠀⠀⠀⠀⡇⡇⡇⠀⠀⡇⠀⠀⠀⡇⠀------------------>⠀⡇⠀⡇⠀Scratch Alloc:⡇⠀⡇⠀⠀⠀⠀⠀⠀⠀⠀⠀⠀⠀⠀⠀⠀⠀⠀⣇⣀⣀⣀⣀⣀⣀⣀⣀⣀⣀⣀⣀⣀⣀⣀⣀⣀⣀⣀⣀⣀⣀⣀⡇⠀⠀⠀⠀⠀⠀⠀⠀⠀⠀⠀⠀⠀⠀⠀⠀⠀⠀⡇⠀⠀⠀⠀⠀⠀⠀⠀⠀⠀⠀⠀⠀⠀⠀⠀⠀⠀⠀⠀⠀⠀⠀⡇⠀--------------->⠀⡇⠀⡇⠀Atomic:      0⠀⠀⠀⠀⡇⠀⡇⠀⠀⠀⠀⠀⠀⠀⠀⠀⠀⠀⠀⠀⠀⠀⠀⠀⠀⠀⠀⠀⠀⠀⠀⠀⠀⠀⡇
⡇⠀⡇⡇⡇⠀⠀⠀⠀⠀⠀⠀⠀⠀⠀⠀⠀⠀⠀⠀⠀⠀⠀⠀⠀⠀⠀⡇⡇⡇⠀⠀⡇⠀⠀⠀⡇⠀⠀⠀⠀⠀⠀⠀⠀⠀⠀⠀⠀⠀⠀⠀⠀⠀⠀⠀⠀⠀⡇⠀⡇⠀            0⠀⡇⠀⡇⠀⠀⠀⠀⠀⠀⠀⠀⠀⠀⠀⠀⠀⠀⠀⠀⠀⠀⠀⠀⠀⠀⠀⠀⠀⠀⠀⠀⠀⠀⠀⠀⠀⠀⠀⠀⠀⠀⠀⠀⠀⠀⠀⠀⠀⠀⠀⠀⠀⠀⠀⠀⠀⠀⠀⠀⠀⠀⠀⡇⠀⠀⠀⠀⠀⠀⠀⠀⠀⠀⠀⠀⠀⠀⠀⠀⠀⠀⠀⠀⠀⠀⠀⡇⠀⠀⠀⠀⠀⠀⠀⠀⠀⠀⠀⠀⠀⠀⠀⠀⠀⠀⡇⠀⣇⣀⣀⣀⣀⣀⣀⣀⣀⣀⣀⣀⣀⣀⣀⣀⣀⣀⣀⣀⡇⠀⡇⠀⠀⠀⠀⠀⠀⠀⠀⠀⠀⠀⠀⠀⠀⠀⠀⠀⠀⠀⠀⠀⠀⠀⠀⠀⠀⠀⡇
⡇⠀⡇⡇⡇⠀⠀⠀⠀Wave Occupancy⠀⠀⠀⠀⡇⡇⡇⠀⠀⡇⠀⠀⠀⡇⠀⠀⠀⠀GWS: 0   ⠀⠀⠀⠀⠀⠀⠀⠀⡇⠀⣇⣀⣀⣀⣀⣀⣀⣀⣀⣀⣀⣀⣀⣀⣀⣀⡇⠀⡇⠀⠀⠀⠀⠀⠀⠀⠀⠀⠀⠀⠀⠀⠀⠀⠀Scalar L1D Cache⠀⠀⠀⠀⠀⠀⠀⠀⠀⠀⠀⠀⠀⠀⠀⠀⠀⠀⠀⠀⠀⠀⠀⠀⠀⠀⠀⡇⠀Latency (cycles)⠀⠀⠀⠀⠀⠀⡇⠀⠀⠀⠀⠀⠀⠀⠀⠀⠀⠀⠀⠀⠀⠀⠀⠀⠀⡇⠀⠀⠀⠀⠀⠀⠀⠀⠀⠀⠀⠀⠀⠀⠀⠀⠀⠀⠀⠀⠀⠀⠀⡇⠀⠀⠀⠀⠀⠀⠀⠀⠀⠀⠀⠀⠀⠀⠀⠀⠀⠀⠀⠀⠀⠀⠀⠀⠀⠀⠀⡇
⡇⠀⡇⡇⡇⠀⠀⠀⠀⠀⠀⠀  0⠀⠀⠀⠀⠀⠀⠀⠀⠀⠀⠀⠀⡇⡇⡇⠀⠀⡇⠀⠀⠀⡇⠀------------------>⠀⡇⠀⠀⠀⠀⠀⠀⠀⠀⠀⠀⠀⠀⠀⠀⠀⠀⠀⠀⠀⡇⠀⠀⠀⠀⠀⠀⠀⠀⠀⠀⠀⠀⠀⠀⠀⠀⣀⣀⣀⣀⣀⣀⣀⣀⣀⣀⣀⣀⣀⣀⣀⣀⣀⣀⣀⣀⣀⣀⣀⣀⡀⠀⠀⠀Rd: 50378856⠀⠀⠀⡇⠀⡖⠒⠒⠒⠒⠒⠒⠒⠒⠒⠒⠒⠒⠒⠒⠒⠒⠒⠒⠒⡆⠀⡇⠀⠀⠀⠀⠀⠀⠀⠀⠀⠀⠀⠀⠀⠀⠀⠀⠀⠀⣇⣀⣀⣀⣀⣀⣀⣀⣀⣀⣀⣀⣀⣀⣀⣀⣀⣀⣀⣀⣀⣀⣀⣀⡇⠀⠀⠀⠀⠀⠀⠀⠀⠀⠀⠀⠀⠀⠀⠀⠀⠀⠀⠀⠀⠀⠀⠀⠀⠀⠀⠀⡇
⡇⠀⡇⡇⡇⠀⠀⠀⠀Wave Life⠀⠀⠀⠀⠀⠀⠀⠀⠀⡇⡇⡇⠀⠀⡇⠀⠀⠀⡇⠀⠀⠀⠀⠀⠀⠀⠀⠀⠀⠀⠀⠀⠀⠀⠀⠀⠀⠀⠀⠀⡇⠀⣀⣀⣀⣀⣀⣀⣀⣀⣀⣀⣀⣀⣀⣀⣀⣀⡀⠀⡇⠀⠀⠀⠀⠀⠀⠀⠀⠀⠀⠀⠀⠀⠀⠀⠀⡇⠀⠀⠀⠀⠀⠀⠀⠀⠀⠀⠀⠀⠀⠀⠀⠀⠀⠀⠀⠀⠀⠀⠀⡇⠀<---------------⠀⡇⠀⡇⠀⠀⠀⠀⠀⠀⠀⠀⠀⠀⠀⠀⠀⠀⠀⠀⠀⠀⠀⡇⠀⡇⠀⠀⠀⠀⠀⠀⠀⠀⠀⠀⠀⠀⠀⠀⠀⠀⠀⠀⠀⠀⠀⠀⠀⠀⠀⠀⠀⠀^   |⠀⠀⠀⠀⠀⠀⠀⠀⠀⠀⠀⠀⠀⠀⠀⠀⠀⠀⠀⠀⠀⠀⠀⠀⠀⠀⠀⠀⠀⠀⠀⠀⠀⠀⠀⠀⠀⡇
⡇⠀⡇⡇⡇⠀⠀⠀⠀⠀503465⠀⠀⠀⠀⠀⠀⠀⠀⠀⠀⠀⡇⡇⡇⠀⠀⡇⠀⠀⠀⡇⠀⠀⠀⠀BRANCH: 20606251⠀⡇⠀⡇⠀Wavefronts:⠀⠀⠀⡇⠀⡇⠀⠀Rd: 50698440⠀⠀⡇⠀Hit:      0 %⠀⠀⠀⠀⠀⠀⠀⠀⠀⡇⠀⠀⠀Wr: 57324⠀⠀⠀⠀⠀⠀⡇⠀⡇⠀Rd:    N/A⠀⠀⠀⠀⠀⠀⠀⠀⡇⠀⡇⠀⠀⠀⠀⠀⠀⠀⠀⠀⠀⠀⠀⠀⠀⠀⠀⠀⠀⠀⠀⠀⠀⠀⠀⠀⠀⠀⠀|   |⠀⠀⠀⠀⠀⠀⠀⠀⠀⠀⠀⠀⠀⠀⠀⠀⠀⠀⠀⠀⠀⠀⠀⠀⠀⠀⠀⠀⠀⠀⠀⠀⠀⠀⠀⠀⠀⡇
⡇⠀⡇⡇⣇⣀⣀⣀⣀⣀⣀⣀⣀⣀⣀⣀⣀⣀⣀⣀⣀⣀⣀⣀⣀⣀⣀⣇⣇⡇⠀⠀⡇⠀⢀⡠⠃⠀------------------>⠀⡇⠀⡇⠀     16789048⠀⡇⠀⡇<---------------⡇⠀⠀⠀⠀⠀⠀⠀⠀⠀⠀⠀⠀⠀⠀⠀⠀⠀⠀⠀⠀⠀⠀⠀⡇⠀--------------->⠀⡇⠀⡇⠀⠀⠀⠀⠀⠀⠀⠀⠀⠀⠀⠀⠀⠀⠀⠀⠀⠀⠀⡇⠀⡇⠀⠀⠀⠀⠀⠀⠀⠀⠀⠀⠀⠀⠀⠀⠀⠀⠀⠀⠀⠀⠀⠀⠀⠀⠀⠀⠀⠀|   |⠀⠀⠀⠀⠀⠀⠀⠀⠀⠀⠀⠀⠀⠀⠀⠀⠀⠀⠀⠀⠀⠀⠀⠀⠀⠀⠀⠀⠀⠀⠀⠀⠀⠀⠀⠀⠀⡇
⡇⠀⣇⣓⣒⣒⣒⣒⣒⣒⣒⣒⣒⣒⣒⣒⣒⣒⣒⣒⣒⣒⣒⣒⣒⣒⣒⡗⠃⠀⠀⠀⡧⠒⠁⠀⠀⠀⠀⠀⠀⠀⠀⠀⠀⠀⠀⠀⠀⠀⠀⠀⠀⠀⠀⠀⠀⠀⡇⠀⣇⣀⣀⣀⣀⣀⣀⣀⣀⣀⣀⣀⣀⣀⣀⣀⡇⠀⡇⠀⠀⠀⠀⠀⠀⠀⠀⠀⠀⠀⠀⠀⠀⠀⠀⡇⠀Lat: 2327.0 cycles⠀⠀⠀⠀⡇⠀⠀⠀Atomic:    0⠀⠀⠀⡇⠀⡇⠀Wr:    N/A⠀⠀⠀⠀⠀⠀⠀⠀⡇⠀⡇⠀⠀⠀⠀⠀⠀⠀⠀⠀⠀⠀⠀⠀⠀⠀⠀⠀⠀⠀⠀⠀⠀⠀⠀⠀⠀⠀⠀|   v⠀⠀⠀⠀⠀⠀⠀⠀⠀⠀⠀⠀⠀⠀⠀⠀⠀⠀⠀⠀⠀⠀⠀⠀⠀⠀⠀⠀⠀⠀⠀⠀⠀⠀⠀⠀⠀⡇
⡇⠀⠀⠀⠀⠀⠀⠀⠀⠀⠀⠀⠀⠀^⠀⠀⠀⠀⠀⠀⠀⠀⠀⠀⠀⠀⠀⠀⠀⠀⠀⠀⠀⠀⠀⠀⠀⠀⠀⠀⠀⠀⠀⠀⠀⠀⠀⠀⠀⠀⠀⠀⠀⠀⠀⠀⠀⡇⠀⣀⣀⣀⣀⣀⣀⣀⣀⣀⣀⣀⣀⣀⣀⣀⣀⡀⠀⡇⠀⠀⠀⠀⠀⠀⠀⠀⠀⠀⠀⠀⠀⠀⠀⠀⣇⣀⣀⣀⣀⣀⣀⣀⣀⣀⣀⣀⣀⣀⣀⣀⣀⣀⣀⣀⣀⣀⣀⣀⡇⠀<-------------->⠀⡇⠀⣇⣀⣀⣀⣀⣀⣀⣀⣀⣀⣀⣀⣀⣀⣀⣀⣀⣀⣀⣀⡇⠀⡇⠀⠀⠀⠀⠀⠀⠀⠀⠀⠀⠀⠀⠀⠀⠀⠀⠀⠀⠀⠀⠀⠀⠀⠀⠀⣀⣀⣀⣀⣀⣀⣀⣀⣀⣀⡀⠀⠀⠀⠀⠀⠀⠀⠀⠀⠀⠀⠀⠀⠀⠀⠀⠀⠀⠀⠀⠀⠀⠀⠀⠀⠀⠀⠀⠀⠀⠀⠀⠀⠀⡇
⡇⠀⠀⠀⠀⠀⠀⠀⠀⠀⠀⠀⠀⠀|⠀⠀⠀⠀⠀⠀⠀⠀⠀⠀⠀⠀⠀⠀⠀⠀⠀⠀⠀⠀⠀⠀⠀⠀⠀⠀⠀⠀⠀⠀⠀⠀⠀⠀⠀⠀⠀⠀⠀⠀⠀⠀⠀⡇⠀⡇⠀Workgroups:⠀⠀⠀⡇⠀⡇⠀⠀⠀⠀⠀⠀⠀⠀⠀⠀⠀⠀⠀⠀⠀⠀⠀⠀⠀⠀⠀⠀⠀⠀⠀⠀⠀⠀⠀⠀⠀⠀⠀⠀⠀⠀⠀⠀⠀⠀⠀⠀⠀⠀⠀⠀⠀⠀⠀⠀⠀⠀⠀⠀⠀⠀⠀⠀⠀⡇⠀⠀⠀⠀⠀⠀⠀⠀⠀⠀⠀⠀⠀⠀⠀⠀⠀⠀⠀⠀⠀⠀⠀⡇⠀⠀⠀⠀⠀⠀⠀⠀⠀⠀⠀⠀⠀⠀⠀⠀⠀⠀⠀⠀⠀⠀⠀⠀⠀⡇⠀⠀⠀⠀⠀⠀⠀⠀⠀⡇⠀⠀⠀⠀⠀⠀⠀⠀⠀⠀⠀⠀⠀⠀⠀⠀⠀⠀⠀⠀⠀⠀⠀⠀⠀⠀⠀⠀⠀⠀⠀⠀⠀⠀⡇
⡇⠀⠀⠀⠀⠀⠀⠀⠀⠀⠀⠀⠀⠀|⠀⠀⠀⠀⠀⠀⠀⠀⠀⠀⠀⠀⠀⠀⠀⠀⠀⠀⠀⠀⠀⠀⠀⠀⠀⠀⠀⠀⠀⠀⠀⠀⠀⠀⠀⠀⠀⠀⠀⠀⠀⠀⠀⡇⠀⡇⠀      4197805⠀⡇⠀⡇⠀⠀⠀⠀⠀⠀⠀⠀⠀⠀⠀⠀⠀⠀⠀⠀Instr L1 Cache⠀⠀⠀⠀⠀⠀⠀⠀⠀⠀⠀⠀⠀⠀⠀⠀⠀⠀⠀⠀⠀⠀⠀⠀⠀⠀⠀⠀⠀⡇⠀⠀⠀⠀⠀⠀⠀⠀⠀⠀⠀⠀⠀⠀⠀⠀⠀⠀⠀⠀⠀⠀⠀⡇⠀⠀⠀⠀⠀⠀⠀⠀⠀⠀⠀⠀⠀⠀⠀⠀⠀⠀⠀⠀⠀⠀⠀⠀⠀⡇⠀⠀⠀GMI⠀⠀⠀⡇⠀⠀⠀⠀⠀⠀⠀⠀⠀⠀⠀⠀⠀⠀⠀⠀⠀⠀⠀⠀⠀⠀⠀⠀⠀⠀⠀⠀⠀⠀⠀⠀⠀⠀⡇
⡇⠀⠀⠀⠀⠀⠀⠀⠀⠀⠀⠀⠀⠀|⠀⠀⠀⠀⠀⠀⠀⠀⠀⠀⠀⠀⠀⠀⠀⠀⠀⠀⠀⠀⠀⠀⠀⠀⠀⠀⠀⠀⠀⠀⠀⠀⠀⠀⠀⠀⠀⠀⠀⠀⠀⠀⠀⡇⠀⣇⣀⣀⣀⣀⣀⣀⣀⣀⣀⣀⣀⣀⣀⣀⣀⡇⠀⡇⠀⠀⠀⠀⠀⠀⠀⠀⠀⠀⠀⠀⠀⠀⠀⠀⣀⣀⣀⣀⣀⣀⣀⣀⣀⣀⣀⣀⣀⣀⣀⣀⣀⣀⣀⣀⣀⣀⣀⣀⡀⠀⠀⠀⠀⠀⠀⠀⠀⠀⠀⠀⠀⠀⠀⠀⠀⠀⠀⡇⠀⠀⠀⠀⠀⠀⠀⠀⠀⠀⠀⠀⠀⠀⠀⠀⠀⠀⠀⠀⠀⠀⠀⡇⠀⠀⠀⠀⠀⠀⠀⠀⠀⠀⠀⠀⠀⠀⠀⠀⠀⠀⠀⠀⠀⠀⠀⠀⠀⡇⠀⠀⠀⠀⠀⠀⠀⠀⠀⡇⠀⠀⠀⠀⠀⠀⠀⠀⠀⠀⠀⠀⠀⠀⠀⠀⠀⠀⠀⠀⠀⠀⠀⠀⠀⠀⠀⠀⠀⠀⠀⠀⠀⠀⡇
⡇⠀⠀⠀⠀⠀⠀⠀⠀⠀⠀⠀⠀⠀|⠀⠀⠀⠀⠀⠀⠀⠀⠀⠀⠀⠀⠀⠀⠀⠀⠀⠀⠀⠀⠀⠀⠀⠀⠀⠀⠀⠀⠀⠀⠀⠀⠀⠀⠀⠀⠀⠀⠀⠀⠀⠀⠀⡇⠀⠀⠀⠀⠀⠀⠀⠀⠀⠀⠀⠀⠀⠀⠀⠀⠀⠀⠀⡇⠀⠀⠀⠀⠀⠀⠀⠀⠀⠀⠀⠀⠀⠀⠀⠀⡇⠀⠀⠀⠀⠀⠀⠀⠀⠀⠀⠀⠀⠀⠀⠀⠀⠀⠀⠀⠀⠀⠀⠀⡇⠀⠀⠀⠀⠀⠀⠀⠀⠀⠀⠀⠀⠀⠀⠀⠀⠀⠀⡇⠀⠀⠀⠀⠀⠀⠀⠀⠀⠀⠀⠀⠀⠀⠀⠀⠀⠀⠀⠀⠀⠀⠀⡇⠀⠀⠀⠀⠀⠀⠀⠀⠀⠀⠀⠀⠀⠀⠀⠀⠀⠀⠀⠀⠀⠀⠀⠀⠀⣇⣀⣀⣀⣀⣀⣀⣀⣀⣀⡇⠀⠀⠀⠀⠀⠀⠀⠀⠀⠀⠀⠀⠀⠀⠀⠀⠀⠀⠀⠀⠀⠀⠀⠀⠀⠀⠀⠀⠀⠀⠀⠀⠀⠀⡇
⡇⠀⠀⠀⠀⠀⠀⠀⠀⠀⠀⠀⠀⠀|⠀⠀⠀⠀⠀⠀⠀⠀⠀⠀⠀⠀⠀⠀⠀⠀⠀⠀⠀⠀⠀⠀⠀⠀⠀⠀Fetch: 69877611⠀⠀⣇⣀⣀⣀⣀⣀⣀⣀⣀⣀⣀⣀⣀⣀⣀⣀⣀⣀⣀⣀⡇⠀⠀⠀⠀⠀⠀⠀⠀⠀⠀⠀⠀⠀⠀⠀⠀⡇⠀Hit:     99 %⠀⠀⠀⠀⠀⠀⠀⠀⠀⡇⠀⠀⠀Req: 17122⠀⠀⠀⠀⠀⡇⠀⠀⠀⠀⠀⠀⠀⠀⠀⠀⠀⠀⠀⠀⠀⠀⠀⠀⠀⠀⠀⠀⠀⡇⠀⠀⠀⠀⠀⠀⠀⠀⠀⠀⠀⠀⠀⠀⠀⠀⠀⠀⠀⠀⠀⠀⠀⠀⠀⠀⠀⠀⠀⠀⠀⠀⠀⠀⠀⠀⠀⠀⠀⠀⠀⠀⠀⠀⠀⠀⠀⠀⠀⠀⠀⠀⠀⠀⠀⠀⠀⠀⠀⠀⠀⠀⠀⠀⠀⠀⠀⠀⠀⠀⡇
⡇⠀⠀⠀⠀⠀⠀⠀⠀⠀⠀⠀⠀⠀--------------------------------------------------------------------------------⠀⡇⠀⠀⠀⠀⠀⠀⠀⠀⠀⠀⠀⠀⠀⠀⠀⠀⠀⠀⠀⠀⠀⠀⠀⡇⠀<---------------⠀⡇⠀⠀⠀⠀⠀⠀⠀⠀⠀⠀⠀⠀⠀⠀⠀⠀⠀⠀⠀⠀⠀⠀⠀⡇⠀⠀⠀⠀⠀⠀⠀⠀⠀⠀⠀⠀⠀⠀⠀⠀⠀⠀⠀⠀⠀⠀⠀⠀⠀⠀⠀⠀⠀⠀⠀⠀⠀⠀⠀⠀⠀⠀⠀⠀⠀⠀⠀⠀⠀⠀⠀⠀⠀⠀⠀⠀⠀⠀⠀⠀⠀⠀⠀⠀⠀⠀⠀⠀⠀⠀⠀⠀⠀⠀⡇
⡇⠀⠀⠀⠀⠀⠀⠀⠀⠀⠀⠀⠀⠀⠀⠀⠀⠀⠀⠀⠀⠀⠀⠀⠀⠀⠀⠀⠀⠀⠀⠀⠀⠀⠀⠀⠀⠀⠀⠀⠀⠀⠀⠀⠀⠀⠀⠀⠀⠀⠀⠀⠀⠀⠀⠀⠀⠀⠀⠀⠀⠀⠀⠀⠀⠀⠀⠀⠀⠀⠀⠀⠀⠀⠀⠀⠀⠀⠀⠀⠀⠀⠀⠀⠀⠀⠀⠀⠀⠀⠀⠀⠀⠀⠀⡇⠀Lat: 1689.0 cycles⠀⠀⠀⠀⡇⠀⠀⠀⠀⠀⠀⠀⠀⠀⠀⠀⠀⠀⠀⠀⠀⠀⠀⡇⠀⠀⠀⠀⠀⠀⠀⠀⠀⠀⠀⠀⠀⠀⠀⠀⠀⠀⠀⠀⠀⠀⠀⡇⠀⠀⠀⠀⠀⠀⠀⠀⠀⠀⠀⠀⠀⠀⠀⠀⠀⠀⠀⠀⠀⠀⠀⠀⠀⠀⠀⠀⠀⠀⠀⠀⠀⠀⠀⠀⠀⠀⠀⠀⠀⠀⠀⠀⠀⠀⠀⠀⠀⠀⠀⠀⠀⠀⠀⠀⠀⠀⠀⠀⠀⠀⠀⠀⠀⠀⠀⠀⠀⠀⡇
⡇⠀⠀⠀⠀⠀⠀⠀⠀⠀⠀⠀⠀⠀⠀⠀⠀⠀⠀⠀⠀⠀⠀⠀⠀⠀⠀⠀⠀⠀⠀⠀⠀⠀⠀⠀⠀⠀⠀⠀⠀⠀⠀⠀⠀⠀⠀⠀⠀⠀⠀⠀⠀⠀⠀⠀⠀⠀⠀⠀⠀⠀⠀⠀⠀⠀⠀⠀⠀⠀⠀⠀⠀⠀⠀⠀⠀⠀⠀⠀⠀⠀⠀⠀⠀⠀⠀⠀⠀⠀⠀⠀⠀⠀⠀⣇⣀⣀⣀⣀⣀⣀⣀⣀⣀⣀⣀⣀⣀⣀⣀⣀⣀⣀⣀⣀⣀⣀⣀⡇⠀⠀⠀⠀⠀⠀⠀⠀⠀⠀⠀⠀⠀⠀⠀⠀⠀⠀⣇⣀⣀⣀⣀⣀⣀⣀⣀⣀⣀⣀⣀⣀⣀⣀⣀⣀⣀⣀⣀⣀⣀⣀⡇⠀⠀⠀⠀⠀⠀⠀⠀⠀⠀⠀⠀⠀⠀⠀⠀⠀⠀⠀⠀⠀⠀⠀⠀⠀⠀⠀⠀⠀⠀⠀⠀⠀⠀⠀⠀⠀⠀⠀⠀⠀⠀⠀⠀⠀⠀⠀⠀⠀⠀⠀⠀⠀⠀⠀⠀⠀⠀⠀⠀⠀⠀⠀⠀⠀⠀⠀⠀⠀⠀⡇
⡇⠀⠀⠀⠀⠀⠀⠀⠀⠀⠀⠀⠀⠀⠀⠀⠀⠀⠀⠀⠀⠀⠀⠀⠀⠀⠀⠀⠀⠀⠀⠀⠀⠀⠀⠀⠀⠀⠀⠀⠀⠀⠀⠀⠀⠀⠀⠀⠀⠀⠀⠀⠀⠀⠀⠀⠀⠀⠀⠀⠀⠀⠀⠀⠀⠀⠀⠀⠀⠀⠀⠀⠀⠀⠀⠀⠀⠀⠀⠀⠀⠀⠀⠀⠀⠀⠀⠀⠀⠀⠀⠀⠀⠀⠀⠀⠀⠀⠀⠀⠀⠀⠀⠀⠀⠀⠀⠀⠀⠀⠀⠀⠀⠀⠀⠀⠀⠀⠀⠀⠀⠀⠀⠀⠀⠀⠀⠀⠀⠀⠀⠀⠀⠀⠀⠀⠀⠀⠀⠀⠀⠀⠀⠀⠀⠀⠀⠀⠀⠀⠀⠀⠀⠀⠀⠀⠀⠀⠀⠀⠀⠀⠀⠀⠀⠀⠀⠀⠀⠀⠀⠀⠀⠀⠀⠀⠀⠀⠀⠀⠀⠀⠀⠀⠀⠀⠀⠀⠀⠀⠀⠀⠀⠀⠀⠀⠀⠀⠀⠀⠀⠀⠀⠀⠀⠀⠀⠀⠀⠀⠀⠀⠀⠀⠀⠀⠀⠀⠀⠀⠀⠀⠀⠀⠀⠀⠀⠀⠀⠀⠀⠀⠀⡇
⡇⠀⠀⠀⠀⠀⠀⠀⠀⠀⠀⠀⠀⠀⠀⠀⠀⠀⠀⠀⠀⠀⠀⠀⠀⠀⠀⠀⠀⠀⠀⠀⠀⠀⠀⠀⠀⠀⠀⠀⠀⠀⠀⠀⠀⠀⠀⠀⠀⠀⠀⠀⠀⠀⠀⠀⠀⠀⠀⠀⠀⠀⠀⠀⠀⠀⠀⠀⠀⠀⠀⠀⠀⠀⠀⠀⠀⠀⠀⠀⠀⠀⠀⠀⠀⠀⠀⠀⠀⠀⠀⠀⠀⠀⠀⠀⠀⠀⠀⠀⠀⠀⠀⠀⠀⠀⠀⠀⠀⠀⠀⠀⠀⠀⠀⠀⠀⠀⠀⠀⠀⠀⠀⠀⠀⠀⠀⠀⠀⠀⠀⠀⠀⠀⠀⠀⠀⠀⠀⠀⠀⠀⠀⠀⠀⠀⠀⠀⠀⠀⠀⠀⠀⠀⠀⠀⠀⠀⠀⠀⠀⠀⠀⠀⠀⠀⠀⠀⠀⠀⠀⠀⠀⠀⠀⠀⠀⠀⠀⠀⠀⠀⠀⠀⠀⠀⠀⠀⠀⠀⠀⠀⠀⠀⠀⠀⠀⠀⠀⠀⠀⠀⠀⠀⠀⠀⠀⠀⠀⠀⠀⠀⠀⠀⠀⠀⠀⠀⠀⠀⠀⠀⠀⠀⠀⠀⠀⠀⠀⠀⠀⠀⠀⡇
⣇⣀⣀⣀⣀⣀⣀⣀⣀⣀⣀⣀⣀⣀⣀⣀⣀⣀⣀⣀⣀⣀⣀⣀⣀⣀⣀⣀⣀⣀⣀⣀⣀⣀⣀⣀⣀⣀⣀⣀⣀⣀⣀⣀⣀⣀⣀⣀⣀⣀⣀⣀⣀⣀⣀⣀⣀⣀⣀⣀⣀⣀⣀⣀⣀⣀⣀⣀⣀⣀⣀⣀⣀⣀⣀⣀⣀⣀⣀⣀⣀⣀⣀⣀⣀⣀⣀⣀⣀⣀⣀⣀⣀⣀⣀⣀⣀⣀⣀⣀⣀⣀⣀⣀⣀⣀⣀⣀⣀⣀⣀⣀⣀⣀⣀⣀⣀⣀⣀⣀⣀⣀⣀⣀⣀⣀⣀⣀⣀⣀⣀⣀⣀⣀⣀⣀⣀⣀⣀⣀⣀⣀⣀⣀⣀⣀⣀⣀⣀⣀⣀⣀⣀⣀⣀⣀⣀⣀⣀⣀⣀⣀⣀⣀⣀⣀⣀⣀⣀⣀⣀⣀⣀⣀⣀⣀⣀⣀⣀⣀⣀⣀⣀⣀⣀⣀⣀⣀⣀⣀⣀⣀⣀⣀⣀⣀⣀⣀⣀⣀⣀⣀⣀⣀⣀⣀⣀⣀⣀⣀⣀⣀⣀⣀⣀⣀⣀⣀⣀⣀⣀⣀⣀⣀⣀⣀⣀⣀⣀⣀⣀⣀⣀⡇


--- Executing: make BP_LV=all profile_bp ---
python3 bp.py main-dev.s all main-dev_bp_all.s
Generated: main-dev_bp_all.s
clang -target amdgcn-amd-amdhsa -mcpu=gfx942 main-dev_bp_all.s -o main-dev_bp_all.o
clang-offload-bundler -type=o -bundle-align=4096 -targets=host-x86_64-unknown-linux-gnu,hipv4-amdgcn-amd-amdhsa--gfx942 -input=/dev/null -input=main-dev_bp_all.o  -output=main-dev_bp_all.hipfb
./gen_mcin main-host.o main-dev_bp_all.hipfb > main-host.mcin
llvm-mc -triple x86_64-unknown-linux-gnu -o main-dev_em_bp_all.o main-host.mcin --filetype=obj
hipcc -std=c++17 -Wall -Wextra -I ../../Common -I ../../External  -o main_bp_all main-host.o main-dev_em_bp_all.o 
rocprof-compute profile -n main_bp_all -- ./main_bp_all
[33mWARNING[0m The option --format-rocprof-output currently set to csv will default to rocpd in a future release.

                                 __                                       _
 _ __ ___   ___ _ __  _ __ ___  / _|       ___ ___  _ __ ___  _ __  _   _| |_ ___
| '__/ _ \ / __| '_ \| '__/ _ \| |_ _____ / __/ _ \| '_ ` _ \| '_ \| | | | __/ _ \
| | | (_) | (__| |_) | | | (_) |  _|_____| (_| (_) | | | | | | |_) | |_| | ||  __/
|_|  \___/ \___| .__/|_|  \___/|_|        \___\___/|_| |_| |_| .__/ \__,_|\__\___|
               |_|                                           |_|

   [32mINFO[0m fatal: not a git repository (or any of the parent directories): .git
   [32mINFO[0m Rocprofiler-Compute version: 3.4.0
   [32mINFO[0m Profiler choice: rocprofiler-sdk
   [32mINFO[0m Path: /root/rocm-examples/Applications/memcp_profile/workloads/main_bp_all/MI300X_A1
   [32mINFO[0m Target: MI300X_A1
   [32mINFO[0m Command: ./main_bp_all
   [32mINFO[0m Kernel Selection: None
   [32mINFO[0m Dispatch Selection: None
   [32mINFO[0m Filtered sections: All
   [32mINFO[0m 
   [32mINFO[0m ~~~~~~~~~~~~~~~~~~~~~~~~~~~~~~~~
   [32mINFO[0m Collecting Performance Counters
   [32mINFO[0m ~~~~~~~~~~~~~~~~~~~~~~~~~~~~~~~~
   [32mINFO[0m 
   [32mINFO[0m [Run 1/13][Approximate profiling time left: pending first measurement...]
   [32mINFO[0m [profiling] Current input file: /root/rocm-examples/Applications/memcp_profile/workloads/main_bp_all/MI300X_A1/perfmon/SQC_DCACHE_INFLIGHT_LEVEL.txt
   [32mINFO[0m    |-> [rocprofiler-sdk] W20260209 15:56:03.225202 138797722723840 simple_timer.cpp:55] [rocprofv3] tool initialization ::     0.112149 sec
   [32mINFO[0m    |-> [rocprofiler-sdk] W20260209 15:56:03.225422 138797722723840 simple_timer.cpp:55] [rocprofv3] './main_bp_all' ::     0.000000 sec
   [32mINFO[0m    |-> [rocprofiler-sdk] W20260209 15:56:04.733765 138797722723840 tool.cpp:2422] HSA version 8.20.0 initialized (instance=0)
   [32mINFO[0m    |-> [rocprofiler-sdk] 0 	:	 1
   [32mINFO[0m    |-> [rocprofiler-sdk] 1 	:	 2
   [32mINFO[0m    |-> [rocprofiler-sdk] 2 	:	 3
   [32mINFO[0m    |-> [rocprofiler-sdk] 3 	:	 4
   [32mINFO[0m    |-> [rocprofiler-sdk] 4 	:	 5
   [32mINFO[0m    |-> [rocprofiler-sdk] 5 	:	 6
   [32mINFO[0m    |-> [rocprofiler-sdk] 6 	:	 7
   [32mINFO[0m    |-> [rocprofiler-sdk] 7 	:	 8
   [32mINFO[0m    |-> [rocprofiler-sdk] 8 	:	 9
   [32mINFO[0m    |-> [rocprofiler-sdk] 9 	:	 10
   [32mINFO[0m    |-> [rocprofiler-sdk] Device-to-device memcpy (global load/store) success!
   [32mINFO[0m    |-> [rocprofiler-sdk] W20260209 15:56:07.792897 138797722723840 simple_timer.cpp:55] [rocprofv3] './main_bp_all' ::     4.567475 sec
   [32mINFO[0m    |-> [rocprofiler-sdk] E20260209 15:56:07.802758 138797722723840 output_stream.cpp:111] Opened result file: /root/rocm-examples/Applications/memcp_profile/workloads/main_bp_all/MI300X_A1/out/pmc_1/f5fa73aad503/26785_kernel_trace.csv
   [32mINFO[0m    |-> [rocprofiler-sdk] E20260209 15:56:07.816326 138797722723840 output_stream.cpp:111] Opened result file: /root/rocm-examples/Applications/memcp_profile/workloads/main_bp_all/MI300X_A1/out/pmc_1/f5fa73aad503/26785_counter_collection.csv
   [32mINFO[0m    |-> [rocprofiler-sdk] E20260209 15:56:07.823173 138797722723840 output_stream.cpp:111] Opened result file: /root/rocm-examples/Applications/memcp_profile/workloads/main_bp_all/MI300X_A1/out/pmc_1/f5fa73aad503/26785_agent_info.csv
   [32mINFO[0m    |-> [rocprofiler-sdk] W20260209 15:56:07.826677 138797722723840 simple_timer.cpp:55] [rocprofv3] output generation ::     0.031724 sec
   [32mINFO[0m    |-> [rocprofiler-sdk] W20260209 15:56:07.826808 138797722723840 simple_timer.cpp:55] [rocprofv3] tool finalization ::     0.031910 sec
   [32mINFO[0m [Run 2/13][Approximate profiling time left: 1 minute and 16 seconds]...
   [32mINFO[0m [profiling] Current input file: /root/rocm-examples/Applications/memcp_profile/workloads/main_bp_all/MI300X_A1/perfmon/SQC_ICACHE_INFLIGHT_LEVEL.txt
   [32mINFO[0m    |-> [rocprofiler-sdk] W20260209 15:56:10.173030 129403255653888 simple_timer.cpp:55] [rocprofv3] tool initialization ::     0.109776 sec
   [32mINFO[0m    |-> [rocprofiler-sdk] W20260209 15:56:10.173248 129403255653888 simple_timer.cpp:55] [rocprofv3] './main_bp_all' ::     0.000000 sec
   [32mINFO[0m    |-> [rocprofiler-sdk] W20260209 15:56:11.685026 129403255653888 tool.cpp:2422] HSA version 8.20.0 initialized (instance=0)
   [32mINFO[0m    |-> [rocprofiler-sdk] 0 	:	 1
   [32mINFO[0m    |-> [rocprofiler-sdk] 1 	:	 2
   [32mINFO[0m    |-> [rocprofiler-sdk] 2 	:	 3
   [32mINFO[0m    |-> [rocprofiler-sdk] 3 	:	 4
   [32mINFO[0m    |-> [rocprofiler-sdk] 4 	:	 5
   [32mINFO[0m    |-> [rocprofiler-sdk] 5 	:	 6
   [32mINFO[0m    |-> [rocprofiler-sdk] 6 	:	 7
   [32mINFO[0m    |-> [rocprofiler-sdk] 7 	:	 8
   [32mINFO[0m    |-> [rocprofiler-sdk] 8 	:	 9
   [32mINFO[0m    |-> [rocprofiler-sdk] 9 	:	 10
   [32mINFO[0m    |-> [rocprofiler-sdk] Device-to-device memcpy (global load/store) success!
   [32mINFO[0m    |-> [rocprofiler-sdk] W20260209 15:56:14.913617 129403255653888 simple_timer.cpp:55] [rocprofv3] './main_bp_all' ::     4.740369 sec
   [32mINFO[0m    |-> [rocprofiler-sdk] E20260209 15:56:14.922950 129403255653888 output_stream.cpp:111] Opened result file: /root/rocm-examples/Applications/memcp_profile/workloads/main_bp_all/MI300X_A1/out/pmc_1/f5fa73aad503/26793_kernel_trace.csv
   [32mINFO[0m    |-> [rocprofiler-sdk] E20260209 15:56:14.935410 129403255653888 output_stream.cpp:111] Opened result file: /root/rocm-examples/Applications/memcp_profile/workloads/main_bp_all/MI300X_A1/out/pmc_1/f5fa73aad503/26793_counter_collection.csv
   [32mINFO[0m    |-> [rocprofiler-sdk] E20260209 15:56:14.941706 129403255653888 output_stream.cpp:111] Opened result file: /root/rocm-examples/Applications/memcp_profile/workloads/main_bp_all/MI300X_A1/out/pmc_1/f5fa73aad503/26793_agent_info.csv
   [32mINFO[0m    |-> [rocprofiler-sdk] W20260209 15:56:14.945012 129403255653888 simple_timer.cpp:55] [rocprofv3] output generation ::     0.029544 sec
   [32mINFO[0m    |-> [rocprofiler-sdk] W20260209 15:56:14.945202 129403255653888 simple_timer.cpp:55] [rocprofv3] tool finalization ::     0.029760 sec
   [32mINFO[0m [Run 3/13][Approximate profiling time left: 1 minute and 10 seconds]...
   [32mINFO[0m [profiling] Current input file: /root/rocm-examples/Applications/memcp_profile/workloads/main_bp_all/MI300X_A1/perfmon/SQ_IFETCH_LEVEL.txt
   [32mINFO[0m    |-> [rocprofiler-sdk] W20260209 15:56:17.462144 126775621359104 simple_timer.cpp:55] [rocprofv3] tool initialization ::     0.121101 sec
   [32mINFO[0m    |-> [rocprofiler-sdk] W20260209 15:56:17.462434 126775621359104 simple_timer.cpp:55] [rocprofv3] './main_bp_all' ::     0.000000 sec
   [32mINFO[0m    |-> [rocprofiler-sdk] W20260209 15:56:19.085008 126775621359104 tool.cpp:2422] HSA version 8.20.0 initialized (instance=0)
   [32mINFO[0m    |-> [rocprofiler-sdk] 0 	:	 1
   [32mINFO[0m    |-> [rocprofiler-sdk] 1 	:	 2
   [32mINFO[0m    |-> [rocprofiler-sdk] 2 	:	 3
   [32mINFO[0m    |-> [rocprofiler-sdk] 3 	:	 4
   [32mINFO[0m    |-> [rocprofiler-sdk] 4 	:	 5
   [32mINFO[0m    |-> [rocprofiler-sdk] 5 	:	 6
   [32mINFO[0m    |-> [rocprofiler-sdk] 6 	:	 7
   [32mINFO[0m    |-> [rocprofiler-sdk] 7 	:	 8
   [32mINFO[0m    |-> [rocprofiler-sdk] 8 	:	 9
   [32mINFO[0m    |-> [rocprofiler-sdk] 9 	:	 10
   [32mINFO[0m    |-> [rocprofiler-sdk] Device-to-device memcpy (global load/store) success!
   [32mINFO[0m    |-> [rocprofiler-sdk] W20260209 15:56:23.742020 126775621359104 simple_timer.cpp:55] [rocprofv3] './main_bp_all' ::     6.279587 sec
   [32mINFO[0m    |-> [rocprofiler-sdk] E20260209 15:56:23.751696 126775621359104 output_stream.cpp:111] Opened result file: /root/rocm-examples/Applications/memcp_profile/workloads/main_bp_all/MI300X_A1/out/pmc_1/f5fa73aad503/26801_kernel_trace.csv
   [32mINFO[0m    |-> [rocprofiler-sdk] E20260209 15:56:23.765355 126775621359104 output_stream.cpp:111] Opened result file: /root/rocm-examples/Applications/memcp_profile/workloads/main_bp_all/MI300X_A1/out/pmc_1/f5fa73aad503/26801_counter_collection.csv
   [32mINFO[0m    |-> [rocprofiler-sdk] E20260209 15:56:23.772795 126775621359104 output_stream.cpp:111] Opened result file: /root/rocm-examples/Applications/memcp_profile/workloads/main_bp_all/MI300X_A1/out/pmc_1/f5fa73aad503/26801_agent_info.csv
   [32mINFO[0m    |-> [rocprofiler-sdk] W20260209 15:56:23.776300 126775621359104 simple_timer.cpp:55] [rocprofv3] output generation ::     0.032439 sec
   [32mINFO[0m    |-> [rocprofiler-sdk] W20260209 15:56:23.776536 126775621359104 simple_timer.cpp:55] [rocprofv3] tool finalization ::     0.032717 sec
   [32mINFO[0m [Run 4/13][Approximate profiling time left: 1 minute and 8 seconds]...
   [32mINFO[0m [profiling] Current input file: /root/rocm-examples/Applications/memcp_profile/workloads/main_bp_all/MI300X_A1/perfmon/SQ_INST_LEVEL_LDS.txt
   [32mINFO[0m    |-> [rocprofiler-sdk] W20260209 15:56:26.421670 139720629499392 simple_timer.cpp:55] [rocprofv3] tool initialization ::     0.121522 sec
   [32mINFO[0m    |-> [rocprofiler-sdk] W20260209 15:56:26.421936 139720629499392 simple_timer.cpp:55] [rocprofv3] './main_bp_all' ::     0.000000 sec
   [32mINFO[0m    |-> [rocprofiler-sdk] W20260209 15:56:27.986308 139720629499392 tool.cpp:2422] HSA version 8.20.0 initialized (instance=0)
   [32mINFO[0m    |-> [rocprofiler-sdk] 0 	:	 1
   [32mINFO[0m    |-> [rocprofiler-sdk] 1 	:	 2
   [32mINFO[0m    |-> [rocprofiler-sdk] 2 	:	 3
   [32mINFO[0m    |-> [rocprofiler-sdk] 3 	:	 4
   [32mINFO[0m    |-> [rocprofiler-sdk] 4 	:	 5
   [32mINFO[0m    |-> [rocprofiler-sdk] 5 	:	 6
   [32mINFO[0m    |-> [rocprofiler-sdk] 6 	:	 7
   [32mINFO[0m    |-> [rocprofiler-sdk] 7 	:	 8
   [32mINFO[0m    |-> [rocprofiler-sdk] 8 	:	 9
   [32mINFO[0m    |-> [rocprofiler-sdk] 9 	:	 10
   [32mINFO[0m    |-> [rocprofiler-sdk] Device-to-device memcpy (global load/store) success!
   [32mINFO[0m    |-> [rocprofiler-sdk] W20260209 15:56:36.204177 139720629499392 simple_timer.cpp:55] [rocprofv3] './main_bp_all' ::     9.782242 sec
   [32mINFO[0m    |-> [rocprofiler-sdk] E20260209 15:56:36.213684 139720629499392 output_stream.cpp:111] Opened result file: /root/rocm-examples/Applications/memcp_profile/workloads/main_bp_all/MI300X_A1/out/pmc_1/f5fa73aad503/26809_kernel_trace.csv
   [32mINFO[0m    |-> [rocprofiler-sdk] E20260209 15:56:36.227014 139720629499392 output_stream.cpp:111] Opened result file: /root/rocm-examples/Applications/memcp_profile/workloads/main_bp_all/MI300X_A1/out/pmc_1/f5fa73aad503/26809_counter_collection.csv
   [32mINFO[0m    |-> [rocprofiler-sdk] E20260209 15:56:36.234713 139720629499392 output_stream.cpp:111] Opened result file: /root/rocm-examples/Applications/memcp_profile/workloads/main_bp_all/MI300X_A1/out/pmc_1/f5fa73aad503/26809_agent_info.csv
   [32mINFO[0m    |-> [rocprofiler-sdk] W20260209 15:56:36.238244 139720629499392 simple_timer.cpp:55] [rocprofv3] output generation ::     0.032144 sec
   [32mINFO[0m    |-> [rocprofiler-sdk] W20260209 15:56:36.238429 139720629499392 simple_timer.cpp:55] [rocprofv3] tool finalization ::     0.032375 sec
   [32mINFO[0m [Run 5/13][Approximate profiling time left: 1 minute and 10 seconds]...
   [32mINFO[0m [profiling] Current input file: /root/rocm-examples/Applications/memcp_profile/workloads/main_bp_all/MI300X_A1/perfmon/SQ_INST_LEVEL_SMEM.txt
   [32mINFO[0m    |-> [rocprofiler-sdk] W20260209 15:56:38.617686 123435847435776 simple_timer.cpp:55] [rocprofv3] tool initialization ::     0.111042 sec
   [32mINFO[0m    |-> [rocprofiler-sdk] W20260209 15:56:38.617906 123435847435776 simple_timer.cpp:55] [rocprofv3] './main_bp_all' ::     0.000000 sec
   [32mINFO[0m    |-> [rocprofiler-sdk] W20260209 15:56:40.199719 123435847435776 tool.cpp:2422] HSA version 8.20.0 initialized (instance=0)
   [32mINFO[0m    |-> [rocprofiler-sdk] 0 	:	 1
   [32mINFO[0m    |-> [rocprofiler-sdk] 1 	:	 2
   [32mINFO[0m    |-> [rocprofiler-sdk] 2 	:	 3
   [32mINFO[0m    |-> [rocprofiler-sdk] 3 	:	 4
   [32mINFO[0m    |-> [rocprofiler-sdk] 4 	:	 5
   [32mINFO[0m    |-> [rocprofiler-sdk] 5 	:	 6
   [32mINFO[0m    |-> [rocprofiler-sdk] 6 	:	 7
   [32mINFO[0m    |-> [rocprofiler-sdk] 7 	:	 8
   [32mINFO[0m    |-> [rocprofiler-sdk] 8 	:	 9
   [32mINFO[0m    |-> [rocprofiler-sdk] 9 	:	 10
   [32mINFO[0m    |-> [rocprofiler-sdk] Device-to-device memcpy (global load/store) success!
   [32mINFO[0m    |-> [rocprofiler-sdk] W20260209 15:56:43.516475 123435847435776 simple_timer.cpp:55] [rocprofv3] './main_bp_all' ::     4.898569 sec
   [32mINFO[0m    |-> [rocprofiler-sdk] E20260209 15:56:43.525309 123435847435776 output_stream.cpp:111] Opened result file: /root/rocm-examples/Applications/memcp_profile/workloads/main_bp_all/MI300X_A1/out/pmc_1/f5fa73aad503/26817_kernel_trace.csv
   [32mINFO[0m    |-> [rocprofiler-sdk] E20260209 15:56:43.538581 123435847435776 output_stream.cpp:111] Opened result file: /root/rocm-examples/Applications/memcp_profile/workloads/main_bp_all/MI300X_A1/out/pmc_1/f5fa73aad503/26817_counter_collection.csv
   [32mINFO[0m    |-> [rocprofiler-sdk] E20260209 15:56:43.545635 123435847435776 output_stream.cpp:111] Opened result file: /root/rocm-examples/Applications/memcp_profile/workloads/main_bp_all/MI300X_A1/out/pmc_1/f5fa73aad503/26817_agent_info.csv
   [32mINFO[0m    |-> [rocprofiler-sdk] W20260209 15:56:43.549086 123435847435776 simple_timer.cpp:55] [rocprofv3] output generation ::     0.031350 sec
   [32mINFO[0m    |-> [rocprofiler-sdk] W20260209 15:56:43.549167 123435847435776 simple_timer.cpp:55] [rocprofv3] tool finalization ::     0.031464 sec
   [32mINFO[0m [Run 6/13][Approximate profiling time left: 59 seconds]...
   [32mINFO[0m [profiling] Current input file: /root/rocm-examples/Applications/memcp_profile/workloads/main_bp_all/MI300X_A1/perfmon/SQ_INST_LEVEL_VMEM.txt
   [32mINFO[0m    |-> [rocprofiler-sdk] W20260209 15:56:45.918881 139615942858240 simple_timer.cpp:55] [rocprofv3] tool initialization ::     0.111635 sec
   [32mINFO[0m    |-> [rocprofiler-sdk] W20260209 15:56:45.919112 139615942858240 simple_timer.cpp:55] [rocprofv3] './main_bp_all' ::     0.000000 sec
   [32mINFO[0m    |-> [rocprofiler-sdk] W20260209 15:56:47.502799 139615942858240 tool.cpp:2422] HSA version 8.20.0 initialized (instance=0)
   [32mINFO[0m    |-> [rocprofiler-sdk] 0 	:	 1
   [32mINFO[0m    |-> [rocprofiler-sdk] 1 	:	 2
   [32mINFO[0m    |-> [rocprofiler-sdk] 2 	:	 3
   [32mINFO[0m    |-> [rocprofiler-sdk] 3 	:	 4
   [32mINFO[0m    |-> [rocprofiler-sdk] 4 	:	 5
   [32mINFO[0m    |-> [rocprofiler-sdk] 5 	:	 6
   [32mINFO[0m    |-> [rocprofiler-sdk] 6 	:	 7
   [32mINFO[0m    |-> [rocprofiler-sdk] 7 	:	 8
   [32mINFO[0m    |-> [rocprofiler-sdk] 8 	:	 9
   [32mINFO[0m    |-> [rocprofiler-sdk] 9 	:	 10
   [32mINFO[0m    |-> [rocprofiler-sdk] Device-to-device memcpy (global load/store) success!
   [32mINFO[0m    |-> [rocprofiler-sdk] W20260209 15:56:50.802510 139615942858240 simple_timer.cpp:55] [rocprofv3] './main_bp_all' ::     4.883398 sec
   [32mINFO[0m    |-> [rocprofiler-sdk] E20260209 15:56:50.811629 139615942858240 output_stream.cpp:111] Opened result file: /root/rocm-examples/Applications/memcp_profile/workloads/main_bp_all/MI300X_A1/out/pmc_1/f5fa73aad503/26825_kernel_trace.csv
   [32mINFO[0m    |-> [rocprofiler-sdk] E20260209 15:56:50.824888 139615942858240 output_stream.cpp:111] Opened result file: /root/rocm-examples/Applications/memcp_profile/workloads/main_bp_all/MI300X_A1/out/pmc_1/f5fa73aad503/26825_counter_collection.csv
   [32mINFO[0m    |-> [rocprofiler-sdk] E20260209 15:56:50.832007 139615942858240 output_stream.cpp:111] Opened result file: /root/rocm-examples/Applications/memcp_profile/workloads/main_bp_all/MI300X_A1/out/pmc_1/f5fa73aad503/26825_agent_info.csv
   [32mINFO[0m    |-> [rocprofiler-sdk] W20260209 15:56:50.835386 139615942858240 simple_timer.cpp:55] [rocprofv3] output generation ::     0.031015 sec
   [32mINFO[0m    |-> [rocprofiler-sdk] W20260209 15:56:50.835465 139615942858240 simple_timer.cpp:55] [rocprofv3] tool finalization ::     0.031127 sec
   [32mINFO[0m [Run 7/13][Approximate profiling time left: 49 seconds]...
   [32mINFO[0m [profiling] Current input file: /root/rocm-examples/Applications/memcp_profile/workloads/main_bp_all/MI300X_A1/perfmon/SQ_LEVEL_WAVES.txt
   [32mINFO[0m    |-> [rocprofiler-sdk] W20260209 15:56:53.209815 135659920451072 simple_timer.cpp:55] [rocprofv3] tool initialization ::     0.108632 sec
   [32mINFO[0m    |-> [rocprofiler-sdk] W20260209 15:56:53.210033 135659920451072 simple_timer.cpp:55] [rocprofv3] './main_bp_all' ::     0.000000 sec
   [32mINFO[0m    |-> [rocprofiler-sdk] W20260209 15:56:54.797919 135659920451072 tool.cpp:2422] HSA version 8.20.0 initialized (instance=0)
   [32mINFO[0m    |-> [rocprofiler-sdk] 0 	:	 1
   [32mINFO[0m    |-> [rocprofiler-sdk] 1 	:	 2
   [32mINFO[0m    |-> [rocprofiler-sdk] 2 	:	 3
   [32mINFO[0m    |-> [rocprofiler-sdk] 3 	:	 4
   [32mINFO[0m    |-> [rocprofiler-sdk] 4 	:	 5
   [32mINFO[0m    |-> [rocprofiler-sdk] 5 	:	 6
   [32mINFO[0m    |-> [rocprofiler-sdk] 6 	:	 7
   [32mINFO[0m    |-> [rocprofiler-sdk] 7 	:	 8
   [32mINFO[0m    |-> [rocprofiler-sdk] 8 	:	 9
   [32mINFO[0m    |-> [rocprofiler-sdk] 9 	:	 10
   [32mINFO[0m    |-> [rocprofiler-sdk] Device-to-device memcpy (global load/store) success!
   [32mINFO[0m    |-> [rocprofiler-sdk] W20260209 15:56:58.180897 135659920451072 simple_timer.cpp:55] [rocprofv3] './main_bp_all' ::     4.970865 sec
   [32mINFO[0m    |-> [rocprofiler-sdk] E20260209 15:56:58.190358 135659920451072 output_stream.cpp:111] Opened result file: /root/rocm-examples/Applications/memcp_profile/workloads/main_bp_all/MI300X_A1/out/pmc_1/f5fa73aad503/26833_kernel_trace.csv
   [32mINFO[0m    |-> [rocprofiler-sdk] E20260209 15:56:58.203816 135659920451072 output_stream.cpp:111] Opened result file: /root/rocm-examples/Applications/memcp_profile/workloads/main_bp_all/MI300X_A1/out/pmc_1/f5fa73aad503/26833_counter_collection.csv
   [32mINFO[0m    |-> [rocprofiler-sdk] E20260209 15:56:58.211029 135659920451072 output_stream.cpp:111] Opened result file: /root/rocm-examples/Applications/memcp_profile/workloads/main_bp_all/MI300X_A1/out/pmc_1/f5fa73aad503/26833_agent_info.csv
   [32mINFO[0m    |-> [rocprofiler-sdk] W20260209 15:56:58.214611 135659920451072 simple_timer.cpp:55] [rocprofv3] output generation ::     0.032019 sec
   [32mINFO[0m    |-> [rocprofiler-sdk] W20260209 15:56:58.214739 135659920451072 simple_timer.cpp:55] [rocprofv3] tool finalization ::     0.032191 sec
   [32mINFO[0m [Run 8/13][Approximate profiling time left: 40 seconds]...
   [32mINFO[0m [profiling] Current input file: /root/rocm-examples/Applications/memcp_profile/workloads/main_bp_all/MI300X_A1/perfmon/pmc_perf_0.txt
   [32mINFO[0m    |-> [rocprofiler-sdk] W20260209 15:57:00.583478 139549752739328 simple_timer.cpp:55] [rocprofv3] tool initialization ::     0.109347 sec
   [32mINFO[0m    |-> [rocprofiler-sdk] W20260209 15:57:00.583695 139549752739328 simple_timer.cpp:55] [rocprofv3] './main_bp_all' ::     0.000000 sec
   [32mINFO[0m    |-> [rocprofiler-sdk] W20260209 15:57:02.141172 139549752739328 tool.cpp:2422] HSA version 8.20.0 initialized (instance=0)
   [32mINFO[0m    |-> [rocprofiler-sdk] 0 	:	 1
   [32mINFO[0m    |-> [rocprofiler-sdk] 1 	:	 2
   [32mINFO[0m    |-> [rocprofiler-sdk] 2 	:	 3
   [32mINFO[0m    |-> [rocprofiler-sdk] 3 	:	 4
   [32mINFO[0m    |-> [rocprofiler-sdk] 4 	:	 5
   [32mINFO[0m    |-> [rocprofiler-sdk] 5 	:	 6
   [32mINFO[0m    |-> [rocprofiler-sdk] 6 	:	 7
   [32mINFO[0m    |-> [rocprofiler-sdk] 7 	:	 8
   [32mINFO[0m    |-> [rocprofiler-sdk] 8 	:	 9
   [32mINFO[0m    |-> [rocprofiler-sdk] 9 	:	 10
   [32mINFO[0m    |-> [rocprofiler-sdk] Device-to-device memcpy (global load/store) success!
   [32mINFO[0m    |-> [rocprofiler-sdk] W20260209 15:57:05.430051 139549752739328 simple_timer.cpp:55] [rocprofv3] './main_bp_all' ::     4.846356 sec
   [32mINFO[0m    |-> [rocprofiler-sdk] E20260209 15:57:05.439313 139549752739328 output_stream.cpp:111] Opened result file: /root/rocm-examples/Applications/memcp_profile/workloads/main_bp_all/MI300X_A1/out/pmc_1/f5fa73aad503/26869_kernel_trace.csv
   [32mINFO[0m    |-> [rocprofiler-sdk] E20260209 15:57:05.453560 139549752739328 output_stream.cpp:111] Opened result file: /root/rocm-examples/Applications/memcp_profile/workloads/main_bp_all/MI300X_A1/out/pmc_1/f5fa73aad503/26869_counter_collection.csv
   [32mINFO[0m    |-> [rocprofiler-sdk] E20260209 15:57:05.460762 139549752739328 output_stream.cpp:111] Opened result file: /root/rocm-examples/Applications/memcp_profile/workloads/main_bp_all/MI300X_A1/out/pmc_1/f5fa73aad503/26869_agent_info.csv
   [32mINFO[0m    |-> [rocprofiler-sdk] W20260209 15:57:05.464289 139549752739328 simple_timer.cpp:55] [rocprofv3] output generation ::     0.032668 sec
   [32mINFO[0m    |-> [rocprofiler-sdk] W20260209 15:57:05.464385 139549752739328 simple_timer.cpp:55] [rocprofv3] tool finalization ::     0.032799 sec
   [32mINFO[0m [Run 9/13][Approximate profiling time left: 32 seconds]...
   [32mINFO[0m [profiling] Current input file: /root/rocm-examples/Applications/memcp_profile/workloads/main_bp_all/MI300X_A1/perfmon/pmc_perf_1.txt
   [32mINFO[0m    |-> [rocprofiler-sdk] W20260209 15:57:07.829675 133001409021440 simple_timer.cpp:55] [rocprofv3] tool initialization ::     0.110102 sec
   [32mINFO[0m    |-> [rocprofiler-sdk] W20260209 15:57:07.829881 133001409021440 simple_timer.cpp:55] [rocprofv3] './main_bp_all' ::     0.000000 sec
   [32mINFO[0m    |-> [rocprofiler-sdk] W20260209 15:57:09.411260 133001409021440 tool.cpp:2422] HSA version 8.20.0 initialized (instance=0)
   [32mINFO[0m    |-> [rocprofiler-sdk] 0 	:	 1
   [32mINFO[0m    |-> [rocprofiler-sdk] 1 	:	 2
   [32mINFO[0m    |-> [rocprofiler-sdk] 2 	:	 3
   [32mINFO[0m    |-> [rocprofiler-sdk] 3 	:	 4
   [32mINFO[0m    |-> [rocprofiler-sdk] 4 	:	 5
   [32mINFO[0m    |-> [rocprofiler-sdk] 5 	:	 6
   [32mINFO[0m    |-> [rocprofiler-sdk] 6 	:	 7
   [32mINFO[0m    |-> [rocprofiler-sdk] 7 	:	 8
   [32mINFO[0m    |-> [rocprofiler-sdk] 8 	:	 9
   [32mINFO[0m    |-> [rocprofiler-sdk] 9 	:	 10
   [32mINFO[0m    |-> [rocprofiler-sdk] Device-to-device memcpy (global load/store) success!
   [32mINFO[0m    |-> [rocprofiler-sdk] W20260209 15:57:12.733110 133001409021440 simple_timer.cpp:55] [rocprofv3] './main_bp_all' ::     4.903230 sec
   [32mINFO[0m    |-> [rocprofiler-sdk] E20260209 15:57:12.742277 133001409021440 output_stream.cpp:111] Opened result file: /root/rocm-examples/Applications/memcp_profile/workloads/main_bp_all/MI300X_A1/out/pmc_1/f5fa73aad503/26877_kernel_trace.csv
   [32mINFO[0m    |-> [rocprofiler-sdk] E20260209 15:57:12.756217 133001409021440 output_stream.cpp:111] Opened result file: /root/rocm-examples/Applications/memcp_profile/workloads/main_bp_all/MI300X_A1/out/pmc_1/f5fa73aad503/26877_counter_collection.csv
   [32mINFO[0m    |-> [rocprofiler-sdk] E20260209 15:57:12.763279 133001409021440 output_stream.cpp:111] Opened result file: /root/rocm-examples/Applications/memcp_profile/workloads/main_bp_all/MI300X_A1/out/pmc_1/f5fa73aad503/26877_agent_info.csv
   [32mINFO[0m    |-> [rocprofiler-sdk] W20260209 15:57:12.766780 133001409021440 simple_timer.cpp:55] [rocprofv3] output generation ::     0.032187 sec
   [32mINFO[0m    |-> [rocprofiler-sdk] W20260209 15:57:12.766860 133001409021440 simple_timer.cpp:55] [rocprofv3] tool finalization ::     0.032302 sec
   [32mINFO[0m [Run 10/13][Approximate profiling time left: 23 seconds]...
   [32mINFO[0m [profiling] Current input file: /root/rocm-examples/Applications/memcp_profile/workloads/main_bp_all/MI300X_A1/perfmon/pmc_perf_2.txt
   [32mINFO[0m    |-> [rocprofiler-sdk] W20260209 15:57:15.149942 138834905773568 simple_timer.cpp:55] [rocprofv3] tool initialization ::     0.112251 sec
   [32mINFO[0m    |-> [rocprofiler-sdk] W20260209 15:57:15.150161 138834905773568 simple_timer.cpp:55] [rocprofv3] './main_bp_all' ::     0.000000 sec
   [32mINFO[0m    |-> [rocprofiler-sdk] W20260209 15:57:16.745502 138834905773568 tool.cpp:2422] HSA version 8.20.0 initialized (instance=0)
   [32mINFO[0m    |-> [rocprofiler-sdk] 0 	:	 1
   [32mINFO[0m    |-> [rocprofiler-sdk] 1 	:	 2
   [32mINFO[0m    |-> [rocprofiler-sdk] 2 	:	 3
   [32mINFO[0m    |-> [rocprofiler-sdk] 3 	:	 4
   [32mINFO[0m    |-> [rocprofiler-sdk] 4 	:	 5
   [32mINFO[0m    |-> [rocprofiler-sdk] 5 	:	 6
   [32mINFO[0m    |-> [rocprofiler-sdk] 6 	:	 7
   [32mINFO[0m    |-> [rocprofiler-sdk] 7 	:	 8
   [32mINFO[0m    |-> [rocprofiler-sdk] 8 	:	 9
   [32mINFO[0m    |-> [rocprofiler-sdk] 9 	:	 10
   [32mINFO[0m    |-> [rocprofiler-sdk] Device-to-device memcpy (global load/store) success!
   [32mINFO[0m    |-> [rocprofiler-sdk] W20260209 15:57:19.988033 138834905773568 simple_timer.cpp:55] [rocprofv3] './main_bp_all' ::     4.837872 sec
   [32mINFO[0m    |-> [rocprofiler-sdk] E20260209 15:57:19.997311 138834905773568 output_stream.cpp:111] Opened result file: /root/rocm-examples/Applications/memcp_profile/workloads/main_bp_all/MI300X_A1/out/pmc_1/f5fa73aad503/26885_kernel_trace.csv
   [32mINFO[0m    |-> [rocprofiler-sdk] E20260209 15:57:20.011254 138834905773568 output_stream.cpp:111] Opened result file: /root/rocm-examples/Applications/memcp_profile/workloads/main_bp_all/MI300X_A1/out/pmc_1/f5fa73aad503/26885_counter_collection.csv
   [32mINFO[0m    |-> [rocprofiler-sdk] E20260209 15:57:20.018487 138834905773568 output_stream.cpp:111] Opened result file: /root/rocm-examples/Applications/memcp_profile/workloads/main_bp_all/MI300X_A1/out/pmc_1/f5fa73aad503/26885_agent_info.csv
   [32mINFO[0m    |-> [rocprofiler-sdk] W20260209 15:57:20.021988 138834905773568 simple_timer.cpp:55] [rocprofv3] output generation ::     0.032409 sec
   [32mINFO[0m    |-> [rocprofiler-sdk] W20260209 15:57:20.022078 138834905773568 simple_timer.cpp:55] [rocprofv3] tool finalization ::     0.032537 sec
   [32mINFO[0m [Run 11/13][Approximate profiling time left: 15 seconds]...
   [32mINFO[0m [profiling] Current input file: /root/rocm-examples/Applications/memcp_profile/workloads/main_bp_all/MI300X_A1/perfmon/pmc_perf_3.txt
   [32mINFO[0m    |-> [rocprofiler-sdk] W20260209 15:57:22.401335 133556430476800 simple_timer.cpp:55] [rocprofv3] tool initialization ::     0.111648 sec
   [32mINFO[0m    |-> [rocprofiler-sdk] W20260209 15:57:22.401554 133556430476800 simple_timer.cpp:55] [rocprofv3] './main_bp_all' ::     0.000000 sec
   [32mINFO[0m    |-> [rocprofiler-sdk] W20260209 15:57:23.979161 133556430476800 tool.cpp:2422] HSA version 8.20.0 initialized (instance=0)
   [32mINFO[0m    |-> [rocprofiler-sdk] 0 	:	 1
   [32mINFO[0m    |-> [rocprofiler-sdk] 1 	:	 2
   [32mINFO[0m    |-> [rocprofiler-sdk] 2 	:	 3
   [32mINFO[0m    |-> [rocprofiler-sdk] 3 	:	 4
   [32mINFO[0m    |-> [rocprofiler-sdk] 4 	:	 5
   [32mINFO[0m    |-> [rocprofiler-sdk] 5 	:	 6
   [32mINFO[0m    |-> [rocprofiler-sdk] 6 	:	 7
   [32mINFO[0m    |-> [rocprofiler-sdk] 7 	:	 8
   [32mINFO[0m    |-> [rocprofiler-sdk] 8 	:	 9
   [32mINFO[0m    |-> [rocprofiler-sdk] 9 	:	 10
   [32mINFO[0m    |-> [rocprofiler-sdk] Device-to-device memcpy (global load/store) success!
   [32mINFO[0m    |-> [rocprofiler-sdk] W20260209 15:57:27.224556 133556430476800 simple_timer.cpp:55] [rocprofv3] './main_bp_all' ::     4.823003 sec
   [32mINFO[0m    |-> [rocprofiler-sdk] E20260209 15:57:27.233866 133556430476800 output_stream.cpp:111] Opened result file: /root/rocm-examples/Applications/memcp_profile/workloads/main_bp_all/MI300X_A1/out/pmc_1/f5fa73aad503/26893_kernel_trace.csv
   [32mINFO[0m    |-> [rocprofiler-sdk] E20260209 15:57:27.247261 133556430476800 output_stream.cpp:111] Opened result file: /root/rocm-examples/Applications/memcp_profile/workloads/main_bp_all/MI300X_A1/out/pmc_1/f5fa73aad503/26893_counter_collection.csv
   [32mINFO[0m    |-> [rocprofiler-sdk] E20260209 15:57:27.254284 133556430476800 output_stream.cpp:111] Opened result file: /root/rocm-examples/Applications/memcp_profile/workloads/main_bp_all/MI300X_A1/out/pmc_1/f5fa73aad503/26893_agent_info.csv
   [32mINFO[0m    |-> [rocprofiler-sdk] W20260209 15:57:27.257759 133556430476800 simple_timer.cpp:55] [rocprofv3] output generation ::     0.031518 sec
   [32mINFO[0m    |-> [rocprofiler-sdk] W20260209 15:57:27.257838 133556430476800 simple_timer.cpp:55] [rocprofv3] tool finalization ::     0.031649 sec
   [32mINFO[0m [Run 12/13][Approximate profiling time left: 7 seconds]...
   [32mINFO[0m [profiling] Current input file: /root/rocm-examples/Applications/memcp_profile/workloads/main_bp_all/MI300X_A1/perfmon/pmc_perf_4.txt
   [32mINFO[0m    |-> [rocprofiler-sdk] W20260209 15:57:29.675488 123293712143872 simple_timer.cpp:55] [rocprofv3] tool initialization ::     0.113456 sec
   [32mINFO[0m    |-> [rocprofiler-sdk] W20260209 15:57:29.675698 123293712143872 simple_timer.cpp:55] [rocprofv3] './main_bp_all' ::     0.000000 sec
   [32mINFO[0m    |-> [rocprofiler-sdk] W20260209 15:57:31.255136 123293712143872 tool.cpp:2422] HSA version 8.20.0 initialized (instance=0)
   [32mINFO[0m    |-> [rocprofiler-sdk] 0 	:	 1
   [32mINFO[0m    |-> [rocprofiler-sdk] 1 	:	 2
   [32mINFO[0m    |-> [rocprofiler-sdk] 2 	:	 3
   [32mINFO[0m    |-> [rocprofiler-sdk] 3 	:	 4
   [32mINFO[0m    |-> [rocprofiler-sdk] 4 	:	 5
   [32mINFO[0m    |-> [rocprofiler-sdk] 5 	:	 6
   [32mINFO[0m    |-> [rocprofiler-sdk] 6 	:	 7
   [32mINFO[0m    |-> [rocprofiler-sdk] 7 	:	 8
   [32mINFO[0m    |-> [rocprofiler-sdk] 8 	:	 9
   [32mINFO[0m    |-> [rocprofiler-sdk] 9 	:	 10
   [32mINFO[0m    |-> [rocprofiler-sdk] Device-to-device memcpy (global load/store) success!
   [32mINFO[0m    |-> [rocprofiler-sdk] W20260209 15:57:34.555132 123293712143872 simple_timer.cpp:55] [rocprofv3] './main_bp_all' ::     4.879434 sec
   [32mINFO[0m    |-> [rocprofiler-sdk] E20260209 15:57:34.563944 123293712143872 output_stream.cpp:111] Opened result file: /root/rocm-examples/Applications/memcp_profile/workloads/main_bp_all/MI300X_A1/out/pmc_1/f5fa73aad503/26901_kernel_trace.csv
   [32mINFO[0m    |-> [rocprofiler-sdk] E20260209 15:57:34.577813 123293712143872 output_stream.cpp:111] Opened result file: /root/rocm-examples/Applications/memcp_profile/workloads/main_bp_all/MI300X_A1/out/pmc_1/f5fa73aad503/26901_counter_collection.csv
   [32mINFO[0m    |-> [rocprofiler-sdk] E20260209 15:57:34.585998 123293712143872 output_stream.cpp:111] Opened result file: /root/rocm-examples/Applications/memcp_profile/workloads/main_bp_all/MI300X_A1/out/pmc_1/f5fa73aad503/26901_agent_info.csv
   [32mINFO[0m    |-> [rocprofiler-sdk] W20260209 15:57:34.589872 123293712143872 simple_timer.cpp:55] [rocprofv3] output generation ::     0.033476 sec
   [32mINFO[0m    |-> [rocprofiler-sdk] W20260209 15:57:34.589974 123293712143872 simple_timer.cpp:55] [rocprofv3] tool finalization ::     0.033611 sec
   [32mINFO[0m [Run 13/13][Approximate profiling time left: 0 seconds]...
   [32mINFO[0m [profiling] Current input file: /root/rocm-examples/Applications/memcp_profile/workloads/main_bp_all/MI300X_A1/perfmon/pmc_perf_5.txt
   [32mINFO[0m    |-> [rocprofiler-sdk] W20260209 15:57:36.858688 123450073519616 simple_timer.cpp:55] [rocprofv3] tool initialization ::     0.103675 sec
   [32mINFO[0m    |-> [rocprofiler-sdk] W20260209 15:57:36.858915 123450073519616 simple_timer.cpp:55] [rocprofv3] './main_bp_all' ::     0.000000 sec
   [32mINFO[0m    |-> [rocprofiler-sdk] W20260209 15:57:38.433006 123450073519616 tool.cpp:2422] HSA version 8.20.0 initialized (instance=0)
   [32mINFO[0m    |-> [rocprofiler-sdk] 0 	:	 1
   [32mINFO[0m    |-> [rocprofiler-sdk] 1 	:	 2
   [32mINFO[0m    |-> [rocprofiler-sdk] 2 	:	 3
   [32mINFO[0m    |-> [rocprofiler-sdk] 3 	:	 4
   [32mINFO[0m    |-> [rocprofiler-sdk] 4 	:	 5
   [32mINFO[0m    |-> [rocprofiler-sdk] 5 	:	 6
   [32mINFO[0m    |-> [rocprofiler-sdk] 6 	:	 7
   [32mINFO[0m    |-> [rocprofiler-sdk] 7 	:	 8
   [32mINFO[0m    |-> [rocprofiler-sdk] 8 	:	 9
   [32mINFO[0m    |-> [rocprofiler-sdk] 9 	:	 10
   [32mINFO[0m    |-> [rocprofiler-sdk] Device-to-device memcpy (global load/store) success!
   [32mINFO[0m    |-> [rocprofiler-sdk] W20260209 15:57:41.751879 123450073519616 simple_timer.cpp:55] [rocprofv3] './main_bp_all' ::     4.892964 sec
   [32mINFO[0m    |-> [rocprofiler-sdk] E20260209 15:57:41.761024 123450073519616 output_stream.cpp:111] Opened result file: /root/rocm-examples/Applications/memcp_profile/workloads/main_bp_all/MI300X_A1/out/pmc_1/f5fa73aad503/26909_kernel_trace.csv
   [32mINFO[0m    |-> [rocprofiler-sdk] E20260209 15:57:41.774659 123450073519616 output_stream.cpp:111] Opened result file: /root/rocm-examples/Applications/memcp_profile/workloads/main_bp_all/MI300X_A1/out/pmc_1/f5fa73aad503/26909_counter_collection.csv
   [32mINFO[0m    |-> [rocprofiler-sdk] E20260209 15:57:41.781474 123450073519616 output_stream.cpp:111] Opened result file: /root/rocm-examples/Applications/memcp_profile/workloads/main_bp_all/MI300X_A1/out/pmc_1/f5fa73aad503/26909_agent_info.csv
   [32mINFO[0m    |-> [rocprofiler-sdk] W20260209 15:57:41.784942 123450073519616 simple_timer.cpp:55] [rocprofv3] output generation ::     0.031634 sec
   [32mINFO[0m    |-> [rocprofiler-sdk] W20260209 15:57:41.785016 123450073519616 simple_timer.cpp:55] [rocprofv3] tool finalization ::     0.031743 sec
[33mWARNING[0m PC sampling data collection skipped as block 21 is not specified.
   [32mINFO[0m [roofline] Checking for roofline.csv in /root/rocm-examples/Applications/memcp_profile/workloads/main_bp_all/MI300X_A1
   [32mINFO[0m [roofline] No roofline data found. Generating...
Empirical Roofline Calculation
Copyright © 2025  Advanced Micro Devices, Inc. All rights reserved.
Total detected GPU devices: 1
GPU Device 0 (gfx942) with 304 CUs: Profiling...
  0% [                                                            ]  1% [                                                            ]  2% [|                                                           ]  3% [|                                                           ]  4% [||                                                          ]  5% [|||                                                         ]  6% [|||                                                         ]  7% [||||                                                        ]  8% [||||                                                        ]  9% [|||||                                                       ] 10% [||||||                                                      ] 11% [||||||                                                      ] 12% [|||||||                                                     ] 13% [|||||||                                                     ] 14% [||||||||                                                    ] 15% [|||||||||                                                   ] 16% [|||||||||                                                   ] 17% [||||||||||                                                  ] 18% [||||||||||                                                  ] 19% [|||||||||||                                                 ] 20% [||||||||||||                                                ] 21% [||||||||||||                                                ] 22% [|||||||||||||                                               ] 23% [|||||||||||||                                               ] 24% [||||||||||||||                                              ] 25% [|||||||||||||||                                             ] 26% [|||||||||||||||                                             ] 27% [||||||||||||||||                                            ] 28% [||||||||||||||||                                            ] 29% [|||||||||||||||||                                           ] 30% [||||||||||||||||||                                          ] 31% [||||||||||||||||||                                          ] 32% [|||||||||||||||||||                                         ] 33% [|||||||||||||||||||                                         ] 34% [||||||||||||||||||||                                        ] 35% [|||||||||||||||||||||                                       ] 36% [|||||||||||||||||||||                                       ] 37% [||||||||||||||||||||||                                      ] 38% [||||||||||||||||||||||                                      ] 39% [|||||||||||||||||||||||                                     ] 40% [||||||||||||||||||||||||                                    ] 41% [||||||||||||||||||||||||                                    ] 42% [|||||||||||||||||||||||||                                   ] 43% [|||||||||||||||||||||||||                                   ] 44% [||||||||||||||||||||||||||                                  ] 45% [|||||||||||||||||||||||||||                                 ] 46% [|||||||||||||||||||||||||||                                 ] 47% [||||||||||||||||||||||||||||                                ] 48% [||||||||||||||||||||||||||||                                ] 49% [|||||||||||||||||||||||||||||                               ] 50% [||||||||||||||||||||||||||||||                              ] 51% [||||||||||||||||||||||||||||||                              ] 52% [|||||||||||||||||||||||||||||||                             ] 52% [|||||||||||||||||||||||||||||||                             ] 54% [||||||||||||||||||||||||||||||||                            ] 55% [|||||||||||||||||||||||||||||||||                           ] 56% [|||||||||||||||||||||||||||||||||                           ] 57% [||||||||||||||||||||||||||||||||||                          ] 58% [||||||||||||||||||||||||||||||||||                          ] 58% [|||||||||||||||||||||||||||||||||||                         ] 60% [||||||||||||||||||||||||||||||||||||                        ] 61% [||||||||||||||||||||||||||||||||||||                        ] 62% [|||||||||||||||||||||||||||||||||||||                       ] 63% [|||||||||||||||||||||||||||||||||||||                       ] 64% [||||||||||||||||||||||||||||||||||||||                      ] 65% [|||||||||||||||||||||||||||||||||||||||                     ] 66% [|||||||||||||||||||||||||||||||||||||||                     ] 67% [||||||||||||||||||||||||||||||||||||||||                    ] 68% [||||||||||||||||||||||||||||||||||||||||                    ] 69% [|||||||||||||||||||||||||||||||||||||||||                   ] 70% [||||||||||||||||||||||||||||||||||||||||||                  ] 71% [||||||||||||||||||||||||||||||||||||||||||                  ] 72% [|||||||||||||||||||||||||||||||||||||||||||                 ] 73% [|||||||||||||||||||||||||||||||||||||||||||                 ] 74% [||||||||||||||||||||||||||||||||||||||||||||                ] 75% [|||||||||||||||||||||||||||||||||||||||||||||               ] 76% [|||||||||||||||||||||||||||||||||||||||||||||               ] 77% [||||||||||||||||||||||||||||||||||||||||||||||              ] 78% [||||||||||||||||||||||||||||||||||||||||||||||              ] 79% [|||||||||||||||||||||||||||||||||||||||||||||||             ] 80% [||||||||||||||||||||||||||||||||||||||||||||||||            ] 81% [||||||||||||||||||||||||||||||||||||||||||||||||            ] 82% [|||||||||||||||||||||||||||||||||||||||||||||||||           ] 83% [|||||||||||||||||||||||||||||||||||||||||||||||||           ] 84% [||||||||||||||||||||||||||||||||||||||||||||||||||          ] 85% [|||||||||||||||||||||||||||||||||||||||||||||||||||         ] 86% [|||||||||||||||||||||||||||||||||||||||||||||||||||         ] 87% [||||||||||||||||||||||||||||||||||||||||||||||||||||        ] 88% [||||||||||||||||||||||||||||||||||||||||||||||||||||        ] 89% [|||||||||||||||||||||||||||||||||||||||||||||||||||||       ] 90% [||||||||||||||||||||||||||||||||||||||||||||||||||||||      ] 91% [||||||||||||||||||||||||||||||||||||||||||||||||||||||      ] 92% [|||||||||||||||||||||||||||||||||||||||||||||||||||||||     ] 93% [|||||||||||||||||||||||||||||||||||||||||||||||||||||||     ] 94% [||||||||||||||||||||||||||||||||||||||||||||||||||||||||    ] 95% [|||||||||||||||||||||||||||||||||||||||||||||||||||||||||   ] 96% [|||||||||||||||||||||||||||||||||||||||||||||||||||||||||   ] 97% [||||||||||||||||||||||||||||||||||||||||||||||||||||||||||  ] 98% [||||||||||||||||||||||||||||||||||||||||||||||||||||||||||  ] 99% [||||||||||||||||||||||||||||||||||||||||||||||||||||||||||| ]
HBM BW, GPU ID: 0, workgroupSize:256, workgroups:6225920, experiments:100, traffic:25501368320 bytes, duration:6.0 ms, mean:4233.4 GB/sec, stdev=12.2 GB/sec
  0% [                                                            ]  1% [                                                            ]  2% [|                                                           ]  3% [|                                                           ]  4% [||                                                          ]  5% [|||                                                         ]  6% [|||                                                         ]  7% [||||                                                        ]  8% [||||                                                        ]  9% [|||||                                                       ] 10% [||||||                                                      ] 11% [||||||                                                      ] 12% [|||||||                                                     ] 13% [|||||||                                                     ] 14% [||||||||                                                    ] 15% [|||||||||                                                   ] 16% [|||||||||                                                   ] 17% [||||||||||                                                  ] 18% [||||||||||                                                  ] 19% [|||||||||||                                                 ] 20% [||||||||||||                                                ] 21% [||||||||||||                                                ] 22% [|||||||||||||                                               ] 23% [|||||||||||||                                               ] 24% [||||||||||||||                                              ] 25% [|||||||||||||||                                             ] 26% [|||||||||||||||                                             ] 27% [||||||||||||||||                                            ] 28% [||||||||||||||||                                            ] 29% [|||||||||||||||||                                           ] 30% [||||||||||||||||||                                          ] 31% [||||||||||||||||||                                          ] 32% [|||||||||||||||||||                                         ] 33% [|||||||||||||||||||                                         ] 34% [||||||||||||||||||||                                        ] 35% [|||||||||||||||||||||                                       ] 36% [|||||||||||||||||||||                                       ] 37% [||||||||||||||||||||||                                      ] 38% [||||||||||||||||||||||                                      ] 39% [|||||||||||||||||||||||                                     ] 40% [||||||||||||||||||||||||                                    ] 41% [||||||||||||||||||||||||                                    ] 42% [|||||||||||||||||||||||||                                   ] 43% [|||||||||||||||||||||||||                                   ] 44% [||||||||||||||||||||||||||                                  ] 45% [|||||||||||||||||||||||||||                                 ] 46% [|||||||||||||||||||||||||||                                 ] 47% [||||||||||||||||||||||||||||                                ] 48% [||||||||||||||||||||||||||||                                ] 49% [|||||||||||||||||||||||||||||                               ] 50% [||||||||||||||||||||||||||||||                              ] 51% [||||||||||||||||||||||||||||||                              ] 52% [|||||||||||||||||||||||||||||||                             ] 52% [|||||||||||||||||||||||||||||||                             ] 54% [||||||||||||||||||||||||||||||||                            ] 55% [|||||||||||||||||||||||||||||||||                           ] 56% [|||||||||||||||||||||||||||||||||                           ] 57% [||||||||||||||||||||||||||||||||||                          ] 58% [||||||||||||||||||||||||||||||||||                          ] 58% [|||||||||||||||||||||||||||||||||||                         ] 60% [||||||||||||||||||||||||||||||||||||                        ] 61% [||||||||||||||||||||||||||||||||||||                        ] 62% [|||||||||||||||||||||||||||||||||||||                       ] 63% [|||||||||||||||||||||||||||||||||||||                       ] 64% [||||||||||||||||||||||||||||||||||||||                      ] 65% [|||||||||||||||||||||||||||||||||||||||                     ] 66% [|||||||||||||||||||||||||||||||||||||||                     ] 67% [||||||||||||||||||||||||||||||||||||||||                    ] 68% [||||||||||||||||||||||||||||||||||||||||                    ] 69% [|||||||||||||||||||||||||||||||||||||||||                   ] 70% [||||||||||||||||||||||||||||||||||||||||||                  ] 71% [||||||||||||||||||||||||||||||||||||||||||                  ] 72% [|||||||||||||||||||||||||||||||||||||||||||                 ] 73% [|||||||||||||||||||||||||||||||||||||||||||                 ] 74% [||||||||||||||||||||||||||||||||||||||||||||                ] 75% [|||||||||||||||||||||||||||||||||||||||||||||               ] 76% [|||||||||||||||||||||||||||||||||||||||||||||               ] 77% [||||||||||||||||||||||||||||||||||||||||||||||              ] 78% [||||||||||||||||||||||||||||||||||||||||||||||              ] 79% [|||||||||||||||||||||||||||||||||||||||||||||||             ] 80% [||||||||||||||||||||||||||||||||||||||||||||||||            ] 81% [||||||||||||||||||||||||||||||||||||||||||||||||            ] 82% [|||||||||||||||||||||||||||||||||||||||||||||||||           ] 83% [|||||||||||||||||||||||||||||||||||||||||||||||||           ] 84% [||||||||||||||||||||||||||||||||||||||||||||||||||          ] 85% [|||||||||||||||||||||||||||||||||||||||||||||||||||         ] 86% [|||||||||||||||||||||||||||||||||||||||||||||||||||         ] 87% [||||||||||||||||||||||||||||||||||||||||||||||||||||        ] 88% [||||||||||||||||||||||||||||||||||||||||||||||||||||        ] 89% [|||||||||||||||||||||||||||||||||||||||||||||||||||||       ] 90% [||||||||||||||||||||||||||||||||||||||||||||||||||||||      ] 91% [||||||||||||||||||||||||||||||||||||||||||||||||||||||      ] 92% [|||||||||||||||||||||||||||||||||||||||||||||||||||||||     ] 93% [|||||||||||||||||||||||||||||||||||||||||||||||||||||||     ] 94% [||||||||||||||||||||||||||||||||||||||||||||||||||||||||    ] 95% [|||||||||||||||||||||||||||||||||||||||||||||||||||||||||   ] 96% [|||||||||||||||||||||||||||||||||||||||||||||||||||||||||   ] 97% [||||||||||||||||||||||||||||||||||||||||||||||||||||||||||  ] 98% [||||||||||||||||||||||||||||||||||||||||||||||||||||||||||  ] 99% [||||||||||||||||||||||||||||||||||||||||||||||||||||||||||| ]
MALL BW, GPU ID: 0, workgroupSize:256, workgroups:38912, experiments:100, traffic:2611340115968 bytes, duration:422.6 ms, mean:6169.4 GB/sec, stdev=29.9 GB/sec
  0% [                                                            ]  1% [                                                            ]  2% [|                                                           ]  3% [|                                                           ]  4% [||                                                          ]  5% [|||                                                         ]  6% [|||                                                         ]  7% [||||                                                        ]  8% [||||                                                        ]  9% [|||||                                                       ] 10% [||||||                                                      ] 11% [||||||                                                      ] 12% [|||||||                                                     ] 13% [|||||||                                                     ] 14% [||||||||                                                    ] 15% [|||||||||                                                   ] 16% [|||||||||                                                   ] 17% [||||||||||                                                  ] 18% [||||||||||                                                  ] 19% [|||||||||||                                                 ] 20% [||||||||||||                                                ] 21% [||||||||||||                                                ] 22% [|||||||||||||                                               ] 23% [|||||||||||||                                               ] 24% [||||||||||||||                                              ] 25% [|||||||||||||||                                             ] 26% [|||||||||||||||                                             ] 27% [||||||||||||||||                                            ] 28% [||||||||||||||||                                            ] 29% [|||||||||||||||||                                           ] 30% [||||||||||||||||||                                          ] 31% [||||||||||||||||||                                          ] 32% [|||||||||||||||||||                                         ] 33% [|||||||||||||||||||                                         ] 34% [||||||||||||||||||||                                        ] 35% [|||||||||||||||||||||                                       ] 36% [|||||||||||||||||||||                                       ] 37% [||||||||||||||||||||||                                      ] 38% [||||||||||||||||||||||                                      ] 39% [|||||||||||||||||||||||                                     ] 40% [||||||||||||||||||||||||                                    ] 41% [||||||||||||||||||||||||                                    ] 42% [|||||||||||||||||||||||||                                   ] 43% [|||||||||||||||||||||||||                                   ] 44% [||||||||||||||||||||||||||                                  ] 45% [|||||||||||||||||||||||||||                                 ] 46% [|||||||||||||||||||||||||||                                 ] 47% [||||||||||||||||||||||||||||                                ] 48% [||||||||||||||||||||||||||||                                ] 49% [|||||||||||||||||||||||||||||                               ] 50% [||||||||||||||||||||||||||||||                              ] 51% [||||||||||||||||||||||||||||||                              ] 52% [|||||||||||||||||||||||||||||||                             ] 52% [|||||||||||||||||||||||||||||||                             ] 54% [||||||||||||||||||||||||||||||||                            ] 55% [|||||||||||||||||||||||||||||||||                           ] 56% [|||||||||||||||||||||||||||||||||                           ] 57% [||||||||||||||||||||||||||||||||||                          ] 58% [||||||||||||||||||||||||||||||||||                          ] 58% [|||||||||||||||||||||||||||||||||||                         ] 60% [||||||||||||||||||||||||||||||||||||                        ] 61% [||||||||||||||||||||||||||||||||||||                        ] 62% [|||||||||||||||||||||||||||||||||||||                       ] 63% [|||||||||||||||||||||||||||||||||||||                       ] 64% [||||||||||||||||||||||||||||||||||||||                      ] 65% [|||||||||||||||||||||||||||||||||||||||                     ] 66% [|||||||||||||||||||||||||||||||||||||||                     ] 67% [||||||||||||||||||||||||||||||||||||||||                    ] 68% [||||||||||||||||||||||||||||||||||||||||                    ] 69% [|||||||||||||||||||||||||||||||||||||||||                   ] 70% [||||||||||||||||||||||||||||||||||||||||||                  ] 71% [||||||||||||||||||||||||||||||||||||||||||                  ] 72% [|||||||||||||||||||||||||||||||||||||||||||                 ] 73% [|||||||||||||||||||||||||||||||||||||||||||                 ] 74% [||||||||||||||||||||||||||||||||||||||||||||                ] 75% [|||||||||||||||||||||||||||||||||||||||||||||               ] 76% [|||||||||||||||||||||||||||||||||||||||||||||               ] 77% [||||||||||||||||||||||||||||||||||||||||||||||              ] 78% [||||||||||||||||||||||||||||||||||||||||||||||              ] 79% [|||||||||||||||||||||||||||||||||||||||||||||||             ] 80% [||||||||||||||||||||||||||||||||||||||||||||||||            ] 81% [||||||||||||||||||||||||||||||||||||||||||||||||            ] 82% [|||||||||||||||||||||||||||||||||||||||||||||||||           ] 83% [|||||||||||||||||||||||||||||||||||||||||||||||||           ] 84% [||||||||||||||||||||||||||||||||||||||||||||||||||          ] 85% [|||||||||||||||||||||||||||||||||||||||||||||||||||         ] 86% [|||||||||||||||||||||||||||||||||||||||||||||||||||         ] 87% [||||||||||||||||||||||||||||||||||||||||||||||||||||        ] 88% [||||||||||||||||||||||||||||||||||||||||||||||||||||        ] 89% [|||||||||||||||||||||||||||||||||||||||||||||||||||||       ] 90% [||||||||||||||||||||||||||||||||||||||||||||||||||||||      ] 91% [||||||||||||||||||||||||||||||||||||||||||||||||||||||      ] 92% [|||||||||||||||||||||||||||||||||||||||||||||||||||||||     ] 93% [|||||||||||||||||||||||||||||||||||||||||||||||||||||||     ] 94% [||||||||||||||||||||||||||||||||||||||||||||||||||||||||    ] 95% [|||||||||||||||||||||||||||||||||||||||||||||||||||||||||   ] 96% [|||||||||||||||||||||||||||||||||||||||||||||||||||||||||   ] 97% [||||||||||||||||||||||||||||||||||||||||||||||||||||||||||  ] 98% [||||||||||||||||||||||||||||||||||||||||||||||||||||||||||  ] 99% [||||||||||||||||||||||||||||||||||||||||||||||||||||||||||| ]
L2 BW, GPU ID: 0, workgroupSize:256, workgroups:38912, experiments:100, traffic:1632087572480 bytes, duration:66.2 ms, mean:24718.3 GB/sec, stdev=111.2 GB/sec
  0% [                                                            ]  1% [                                                            ]  2% [|                                                           ]  3% [|                                                           ]  4% [||                                                          ]  5% [|||                                                         ]  6% [|||                                                         ]  7% [||||                                                        ]  8% [||||                                                        ]  9% [|||||                                                       ] 10% [||||||                                                      ] 11% [||||||                                                      ] 12% [|||||||                                                     ] 13% [|||||||                                                     ] 14% [||||||||                                                    ] 15% [|||||||||                                                   ] 16% [|||||||||                                                   ] 17% [||||||||||                                                  ] 18% [||||||||||                                                  ] 19% [|||||||||||                                                 ] 20% [||||||||||||                                                ] 21% [||||||||||||                                                ] 22% [|||||||||||||                                               ] 23% [|||||||||||||                                               ] 24% [||||||||||||||                                              ] 25% [|||||||||||||||                                             ] 26% [|||||||||||||||                                             ] 27% [||||||||||||||||                                            ] 28% [||||||||||||||||                                            ] 29% [|||||||||||||||||                                           ] 30% [||||||||||||||||||                                          ] 31% [||||||||||||||||||                                          ] 32% [|||||||||||||||||||                                         ] 33% [|||||||||||||||||||                                         ] 34% [||||||||||||||||||||                                        ] 35% [|||||||||||||||||||||                                       ] 36% [|||||||||||||||||||||                                       ] 37% [||||||||||||||||||||||                                      ] 38% [||||||||||||||||||||||                                      ] 39% [|||||||||||||||||||||||                                     ] 40% [||||||||||||||||||||||||                                    ] 41% [||||||||||||||||||||||||                                    ] 42% [|||||||||||||||||||||||||                                   ] 43% [|||||||||||||||||||||||||                                   ] 44% [||||||||||||||||||||||||||                                  ] 45% [|||||||||||||||||||||||||||                                 ] 46% [|||||||||||||||||||||||||||                                 ] 47% [||||||||||||||||||||||||||||                                ] 48% [||||||||||||||||||||||||||||                                ] 49% [|||||||||||||||||||||||||||||                               ] 50% [||||||||||||||||||||||||||||||                              ] 51% [||||||||||||||||||||||||||||||                              ] 52% [|||||||||||||||||||||||||||||||                             ] 52% [|||||||||||||||||||||||||||||||                             ] 54% [||||||||||||||||||||||||||||||||                            ] 55% [|||||||||||||||||||||||||||||||||                           ] 56% [|||||||||||||||||||||||||||||||||                           ] 57% [||||||||||||||||||||||||||||||||||                          ] 58% [||||||||||||||||||||||||||||||||||                          ] 58% [|||||||||||||||||||||||||||||||||||                         ] 60% [||||||||||||||||||||||||||||||||||||                        ] 61% [||||||||||||||||||||||||||||||||||||                        ] 62% [|||||||||||||||||||||||||||||||||||||                       ] 63% [|||||||||||||||||||||||||||||||||||||                       ] 64% [||||||||||||||||||||||||||||||||||||||                      ] 65% [|||||||||||||||||||||||||||||||||||||||                     ] 66% [|||||||||||||||||||||||||||||||||||||||                     ] 67% [||||||||||||||||||||||||||||||||||||||||                    ] 68% [||||||||||||||||||||||||||||||||||||||||                    ] 69% [|||||||||||||||||||||||||||||||||||||||||                   ] 70% [||||||||||||||||||||||||||||||||||||||||||                  ] 71% [||||||||||||||||||||||||||||||||||||||||||                  ] 72% [|||||||||||||||||||||||||||||||||||||||||||                 ] 73% [|||||||||||||||||||||||||||||||||||||||||||                 ] 74% [||||||||||||||||||||||||||||||||||||||||||||                ] 75% [|||||||||||||||||||||||||||||||||||||||||||||               ] 76% [|||||||||||||||||||||||||||||||||||||||||||||               ] 77% [||||||||||||||||||||||||||||||||||||||||||||||              ] 78% [||||||||||||||||||||||||||||||||||||||||||||||              ] 79% [|||||||||||||||||||||||||||||||||||||||||||||||             ] 80% [||||||||||||||||||||||||||||||||||||||||||||||||            ] 81% [||||||||||||||||||||||||||||||||||||||||||||||||            ] 82% [|||||||||||||||||||||||||||||||||||||||||||||||||           ] 83% [|||||||||||||||||||||||||||||||||||||||||||||||||           ] 84% [||||||||||||||||||||||||||||||||||||||||||||||||||          ] 85% [|||||||||||||||||||||||||||||||||||||||||||||||||||         ] 86% [|||||||||||||||||||||||||||||||||||||||||||||||||||         ] 87% [||||||||||||||||||||||||||||||||||||||||||||||||||||        ] 88% [||||||||||||||||||||||||||||||||||||||||||||||||||||        ] 89% [|||||||||||||||||||||||||||||||||||||||||||||||||||||       ] 90% [||||||||||||||||||||||||||||||||||||||||||||||||||||||      ] 91% [||||||||||||||||||||||||||||||||||||||||||||||||||||||      ] 92% [|||||||||||||||||||||||||||||||||||||||||||||||||||||||     ] 93% [|||||||||||||||||||||||||||||||||||||||||||||||||||||||     ] 94% [||||||||||||||||||||||||||||||||||||||||||||||||||||||||    ] 95% [|||||||||||||||||||||||||||||||||||||||||||||||||||||||||   ] 96% [|||||||||||||||||||||||||||||||||||||||||||||||||||||||||   ] 97% [||||||||||||||||||||||||||||||||||||||||||||||||||||||||||  ] 98% [||||||||||||||||||||||||||||||||||||||||||||||||||||||||||  ] 99% [||||||||||||||||||||||||||||||||||||||||||||||||||||||||||| ]
L1 BW, GPU ID: 0, workgroupSize:256, workgroups:38912, experiments:100, traffic:127506841600 bytes, duration:3.9 ms, mean:32945.7 GB/sec, stdev=177.2 GB/sec
  0% [                                                            ]  1% [                                                            ]  2% [|                                                           ]  3% [|                                                           ]  4% [||                                                          ]  5% [|||                                                         ]  6% [|||                                                         ]  7% [||||                                                        ]  8% [||||                                                        ]  9% [|||||                                                       ] 10% [||||||                                                      ] 11% [||||||                                                      ] 12% [|||||||                                                     ] 13% [|||||||                                                     ] 14% [||||||||                                                    ] 15% [|||||||||                                                   ] 16% [|||||||||                                                   ] 17% [||||||||||                                                  ] 18% [||||||||||                                                  ] 19% [|||||||||||                                                 ] 20% [||||||||||||                                                ] 21% [||||||||||||                                                ] 22% [|||||||||||||                                               ] 23% [|||||||||||||                                               ] 24% [||||||||||||||                                              ] 25% [|||||||||||||||                                             ] 26% [|||||||||||||||                                             ] 27% [||||||||||||||||                                            ] 28% [||||||||||||||||                                            ] 29% [|||||||||||||||||                                           ] 30% [||||||||||||||||||                                          ] 31% [||||||||||||||||||                                          ] 32% [|||||||||||||||||||                                         ] 33% [|||||||||||||||||||                                         ] 34% [||||||||||||||||||||                                        ] 35% [|||||||||||||||||||||                                       ] 36% [|||||||||||||||||||||                                       ] 37% [||||||||||||||||||||||                                      ] 38% [||||||||||||||||||||||                                      ] 39% [|||||||||||||||||||||||                                     ] 40% [||||||||||||||||||||||||                                    ] 41% [||||||||||||||||||||||||                                    ] 42% [|||||||||||||||||||||||||                                   ] 43% [|||||||||||||||||||||||||                                   ] 44% [||||||||||||||||||||||||||                                  ] 45% [|||||||||||||||||||||||||||                                 ] 46% [|||||||||||||||||||||||||||                                 ] 47% [||||||||||||||||||||||||||||                                ] 48% [||||||||||||||||||||||||||||                                ] 49% [|||||||||||||||||||||||||||||                               ] 50% [||||||||||||||||||||||||||||||                              ] 51% [||||||||||||||||||||||||||||||                              ] 52% [|||||||||||||||||||||||||||||||                             ] 52% [|||||||||||||||||||||||||||||||                             ] 54% [||||||||||||||||||||||||||||||||                            ] 55% [|||||||||||||||||||||||||||||||||                           ] 56% [|||||||||||||||||||||||||||||||||                           ] 57% [||||||||||||||||||||||||||||||||||                          ] 58% [||||||||||||||||||||||||||||||||||                          ] 58% [|||||||||||||||||||||||||||||||||||                         ] 60% [||||||||||||||||||||||||||||||||||||                        ] 61% [||||||||||||||||||||||||||||||||||||                        ] 62% [|||||||||||||||||||||||||||||||||||||                       ] 63% [|||||||||||||||||||||||||||||||||||||                       ] 64% [||||||||||||||||||||||||||||||||||||||                      ] 65% [|||||||||||||||||||||||||||||||||||||||                     ] 66% [|||||||||||||||||||||||||||||||||||||||                     ] 67% [||||||||||||||||||||||||||||||||||||||||                    ] 68% [||||||||||||||||||||||||||||||||||||||||                    ] 69% [|||||||||||||||||||||||||||||||||||||||||                   ] 70% [||||||||||||||||||||||||||||||||||||||||||                  ] 71% [||||||||||||||||||||||||||||||||||||||||||                  ] 72% [|||||||||||||||||||||||||||||||||||||||||||                 ] 73% [|||||||||||||||||||||||||||||||||||||||||||                 ] 74% [||||||||||||||||||||||||||||||||||||||||||||                ] 75% [|||||||||||||||||||||||||||||||||||||||||||||               ] 76% [|||||||||||||||||||||||||||||||||||||||||||||               ] 77% [||||||||||||||||||||||||||||||||||||||||||||||              ] 78% [||||||||||||||||||||||||||||||||||||||||||||||              ] 79% [|||||||||||||||||||||||||||||||||||||||||||||||             ] 80% [||||||||||||||||||||||||||||||||||||||||||||||||            ] 81% [||||||||||||||||||||||||||||||||||||||||||||||||            ] 82% [|||||||||||||||||||||||||||||||||||||||||||||||||           ] 83% [|||||||||||||||||||||||||||||||||||||||||||||||||           ] 84% [||||||||||||||||||||||||||||||||||||||||||||||||||          ] 85% [|||||||||||||||||||||||||||||||||||||||||||||||||||         ] 86% [|||||||||||||||||||||||||||||||||||||||||||||||||||         ] 87% [||||||||||||||||||||||||||||||||||||||||||||||||||||        ] 88% [||||||||||||||||||||||||||||||||||||||||||||||||||||        ] 89% [|||||||||||||||||||||||||||||||||||||||||||||||||||||       ] 90% [||||||||||||||||||||||||||||||||||||||||||||||||||||||      ] 91% [||||||||||||||||||||||||||||||||||||||||||||||||||||||      ] 92% [|||||||||||||||||||||||||||||||||||||||||||||||||||||||     ] 93% [|||||||||||||||||||||||||||||||||||||||||||||||||||||||     ] 94% [||||||||||||||||||||||||||||||||||||||||||||||||||||||||    ] 95% [|||||||||||||||||||||||||||||||||||||||||||||||||||||||||   ] 96% [|||||||||||||||||||||||||||||||||||||||||||||||||||||||||   ] 97% [||||||||||||||||||||||||||||||||||||||||||||||||||||||||||  ] 98% [||||||||||||||||||||||||||||||||||||||||||||||||||||||||||  ] 99% [||||||||||||||||||||||||||||||||||||||||||||||||||||||||||| ]
LDS BW, GPU ID: 0, workgroupSize:256, workgroups:38912, experiments:100, traffic:79691776000 bytes, duration:1.2 ms, mean:65755.6 GB/sec, stdev=374.1 GB/sec
  0% [                                                            ]  1% [                                                            ]  2% [|                                                           ]  3% [|                                                           ]  4% [||                                                          ]  5% [|||                                                         ]  6% [|||                                                         ]  7% [||||                                                        ]  8% [||||                                                        ]  9% [|||||                                                       ] 10% [||||||                                                      ] 11% [||||||                                                      ] 12% [|||||||                                                     ] 13% [|||||||                                                     ] 14% [||||||||                                                    ] 15% [|||||||||                                                   ] 16% [|||||||||                                                   ] 17% [||||||||||                                                  ] 18% [||||||||||                                                  ] 19% [|||||||||||                                                 ] 20% [||||||||||||                                                ] 21% [||||||||||||                                                ] 22% [|||||||||||||                                               ] 23% [|||||||||||||                                               ] 24% [||||||||||||||                                              ] 25% [|||||||||||||||                                             ] 26% [|||||||||||||||                                             ] 27% [||||||||||||||||                                            ] 28% [||||||||||||||||                                            ] 29% [|||||||||||||||||                                           ] 30% [||||||||||||||||||                                          ] 31% [||||||||||||||||||                                          ] 32% [|||||||||||||||||||                                         ] 33% [|||||||||||||||||||                                         ] 34% [||||||||||||||||||||                                        ] 35% [|||||||||||||||||||||                                       ] 36% [|||||||||||||||||||||                                       ] 37% [||||||||||||||||||||||                                      ] 38% [||||||||||||||||||||||                                      ] 39% [|||||||||||||||||||||||                                     ] 40% [||||||||||||||||||||||||                                    ] 41% [||||||||||||||||||||||||                                    ] 42% [|||||||||||||||||||||||||                                   ] 43% [|||||||||||||||||||||||||                                   ] 44% [||||||||||||||||||||||||||                                  ] 45% [|||||||||||||||||||||||||||                                 ] 46% [|||||||||||||||||||||||||||                                 ] 47% [||||||||||||||||||||||||||||                                ] 48% [||||||||||||||||||||||||||||                                ] 49% [|||||||||||||||||||||||||||||                               ] 50% [||||||||||||||||||||||||||||||                              ] 51% [||||||||||||||||||||||||||||||                              ] 52% [|||||||||||||||||||||||||||||||                             ] 52% [|||||||||||||||||||||||||||||||                             ] 54% [||||||||||||||||||||||||||||||||                            ] 55% [|||||||||||||||||||||||||||||||||                           ] 56% [|||||||||||||||||||||||||||||||||                           ] 57% [||||||||||||||||||||||||||||||||||                          ] 58% [||||||||||||||||||||||||||||||||||                          ] 58% [|||||||||||||||||||||||||||||||||||                         ] 60% [||||||||||||||||||||||||||||||||||||                        ] 61% [||||||||||||||||||||||||||||||||||||                        ] 62% [|||||||||||||||||||||||||||||||||||||                       ] 63% [|||||||||||||||||||||||||||||||||||||                       ] 64% [||||||||||||||||||||||||||||||||||||||                      ] 65% [|||||||||||||||||||||||||||||||||||||||                     ] 66% [|||||||||||||||||||||||||||||||||||||||                     ] 67% [||||||||||||||||||||||||||||||||||||||||                    ] 68% [||||||||||||||||||||||||||||||||||||||||                    ] 69% [|||||||||||||||||||||||||||||||||||||||||                   ] 70% [||||||||||||||||||||||||||||||||||||||||||                  ] 71% [||||||||||||||||||||||||||||||||||||||||||                  ] 72% [|||||||||||||||||||||||||||||||||||||||||||                 ] 73% [|||||||||||||||||||||||||||||||||||||||||||                 ] 74% [||||||||||||||||||||||||||||||||||||||||||||                ] 75% [|||||||||||||||||||||||||||||||||||||||||||||               ] 76% [|||||||||||||||||||||||||||||||||||||||||||||               ] 77% [||||||||||||||||||||||||||||||||||||||||||||||              ] 78% [||||||||||||||||||||||||||||||||||||||||||||||              ] 79% [|||||||||||||||||||||||||||||||||||||||||||||||             ] 80% [||||||||||||||||||||||||||||||||||||||||||||||||            ] 81% [||||||||||||||||||||||||||||||||||||||||||||||||            ] 82% [|||||||||||||||||||||||||||||||||||||||||||||||||           ] 83% [|||||||||||||||||||||||||||||||||||||||||||||||||           ] 84% [||||||||||||||||||||||||||||||||||||||||||||||||||          ] 85% [|||||||||||||||||||||||||||||||||||||||||||||||||||         ] 86% [|||||||||||||||||||||||||||||||||||||||||||||||||||         ] 87% [||||||||||||||||||||||||||||||||||||||||||||||||||||        ] 88% [||||||||||||||||||||||||||||||||||||||||||||||||||||        ] 89% [|||||||||||||||||||||||||||||||||||||||||||||||||||||       ] 90% [||||||||||||||||||||||||||||||||||||||||||||||||||||||      ] 91% [||||||||||||||||||||||||||||||||||||||||||||||||||||||      ] 92% [|||||||||||||||||||||||||||||||||||||||||||||||||||||||     ] 93% [|||||||||||||||||||||||||||||||||||||||||||||||||||||||     ] 94% [||||||||||||||||||||||||||||||||||||||||||||||||||||||||    ] 95% [|||||||||||||||||||||||||||||||||||||||||||||||||||||||||   ] 96% [|||||||||||||||||||||||||||||||||||||||||||||||||||||||||   ] 97% [||||||||||||||||||||||||||||||||||||||||||||||||||||||||||  ] 98% [||||||||||||||||||||||||||||||||||||||||||||||||||||||||||  ] 99% [||||||||||||||||||||||||||||||||||||||||||||||||||||||||||| ]
Peak FLOPs (FP8), GPU ID: 0, workgroupSize:256, workgroups:38912, experiments:100, FLOP:1081258016768, duration:13.1 ms, mean:82601.1 GFLOPS, stdev=129.2 GFLOPS
  0% [                                                            ]  1% [                                                            ]  2% [|                                                           ]  3% [|                                                           ]  4% [||                                                          ]  5% [|||                                                         ]  6% [|||                                                         ]  7% [||||                                                        ]  8% [||||                                                        ]  9% [|||||                                                       ] 10% [||||||                                                      ] 11% [||||||                                                      ] 12% [|||||||                                                     ] 13% [|||||||                                                     ] 14% [||||||||                                                    ] 15% [|||||||||                                                   ] 16% [|||||||||                                                   ] 17% [||||||||||                                                  ] 18% [||||||||||                                                  ] 19% [|||||||||||                                                 ] 20% [||||||||||||                                                ] 21% [||||||||||||                                                ] 22% [|||||||||||||                                               ] 23% [|||||||||||||                                               ] 24% [||||||||||||||                                              ] 25% [|||||||||||||||                                             ] 26% [|||||||||||||||                                             ] 27% [||||||||||||||||                                            ] 28% [||||||||||||||||                                            ] 29% [|||||||||||||||||                                           ] 30% [||||||||||||||||||                                          ] 31% [||||||||||||||||||                                          ] 32% [|||||||||||||||||||                                         ] 33% [|||||||||||||||||||                                         ] 34% [||||||||||||||||||||                                        ] 35% [|||||||||||||||||||||                                       ] 36% [|||||||||||||||||||||                                       ] 37% [||||||||||||||||||||||                                      ] 38% [||||||||||||||||||||||                                      ] 39% [|||||||||||||||||||||||                                     ] 40% [||||||||||||||||||||||||                                    ] 41% [||||||||||||||||||||||||                                    ] 42% [|||||||||||||||||||||||||                                   ] 43% [|||||||||||||||||||||||||                                   ] 44% [||||||||||||||||||||||||||                                  ] 45% [|||||||||||||||||||||||||||                                 ] 46% [|||||||||||||||||||||||||||                                 ] 47% [||||||||||||||||||||||||||||                                ] 48% [||||||||||||||||||||||||||||                                ] 49% [|||||||||||||||||||||||||||||                               ] 50% [||||||||||||||||||||||||||||||                              ] 51% [||||||||||||||||||||||||||||||                              ] 52% [|||||||||||||||||||||||||||||||                             ] 52% [|||||||||||||||||||||||||||||||                             ] 54% [||||||||||||||||||||||||||||||||                            ] 55% [|||||||||||||||||||||||||||||||||                           ] 56% [|||||||||||||||||||||||||||||||||                           ] 57% [||||||||||||||||||||||||||||||||||                          ] 58% [||||||||||||||||||||||||||||||||||                          ] 58% [|||||||||||||||||||||||||||||||||||                         ] 60% [||||||||||||||||||||||||||||||||||||                        ] 61% [||||||||||||||||||||||||||||||||||||                        ] 62% [|||||||||||||||||||||||||||||||||||||                       ] 63% [|||||||||||||||||||||||||||||||||||||                       ] 64% [||||||||||||||||||||||||||||||||||||||                      ] 65% [|||||||||||||||||||||||||||||||||||||||                     ] 66% [|||||||||||||||||||||||||||||||||||||||                     ] 67% [||||||||||||||||||||||||||||||||||||||||                    ] 68% [||||||||||||||||||||||||||||||||||||||||                    ] 69% [|||||||||||||||||||||||||||||||||||||||||                   ] 70% [||||||||||||||||||||||||||||||||||||||||||                  ] 71% [||||||||||||||||||||||||||||||||||||||||||                  ] 72% [|||||||||||||||||||||||||||||||||||||||||||                 ] 73% [|||||||||||||||||||||||||||||||||||||||||||                 ] 74% [||||||||||||||||||||||||||||||||||||||||||||                ] 75% [|||||||||||||||||||||||||||||||||||||||||||||               ] 76% [|||||||||||||||||||||||||||||||||||||||||||||               ] 77% [||||||||||||||||||||||||||||||||||||||||||||||              ] 78% [||||||||||||||||||||||||||||||||||||||||||||||              ] 79% [|||||||||||||||||||||||||||||||||||||||||||||||             ] 80% [||||||||||||||||||||||||||||||||||||||||||||||||            ] 81% [||||||||||||||||||||||||||||||||||||||||||||||||            ] 82% [|||||||||||||||||||||||||||||||||||||||||||||||||           ] 83% [|||||||||||||||||||||||||||||||||||||||||||||||||           ] 84% [||||||||||||||||||||||||||||||||||||||||||||||||||          ] 85% [|||||||||||||||||||||||||||||||||||||||||||||||||||         ] 86% [|||||||||||||||||||||||||||||||||||||||||||||||||||         ] 87% [||||||||||||||||||||||||||||||||||||||||||||||||||||        ] 88% [||||||||||||||||||||||||||||||||||||||||||||||||||||        ] 89% [|||||||||||||||||||||||||||||||||||||||||||||||||||||       ] 90% [||||||||||||||||||||||||||||||||||||||||||||||||||||||      ] 91% [||||||||||||||||||||||||||||||||||||||||||||||||||||||      ] 92% [|||||||||||||||||||||||||||||||||||||||||||||||||||||||     ] 93% [|||||||||||||||||||||||||||||||||||||||||||||||||||||||     ] 94% [||||||||||||||||||||||||||||||||||||||||||||||||||||||||    ] 95% [|||||||||||||||||||||||||||||||||||||||||||||||||||||||||   ] 96% [|||||||||||||||||||||||||||||||||||||||||||||||||||||||||   ] 97% [||||||||||||||||||||||||||||||||||||||||||||||||||||||||||  ] 98% [||||||||||||||||||||||||||||||||||||||||||||||||||||||||||  ] 99% [||||||||||||||||||||||||||||||||||||||||||||||||||||||||||| ]
Peak FLOPs (FP16), GPU ID: 0, workgroupSize:256, workgroups:38912, experiments:100, FLOP:530428461056, duration:13.5 ms, mean:39347.9 GFLOPS, stdev=45.6 GFLOPS
  0% [                                                            ]  1% [                                                            ]  2% [|                                                           ]  3% [|                                                           ]  4% [||                                                          ]  5% [|||                                                         ]  6% [|||                                                         ]  7% [||||                                                        ]  8% [||||                                                        ]  9% [|||||                                                       ] 10% [||||||                                                      ] 11% [||||||                                                      ] 12% [|||||||                                                     ] 13% [|||||||                                                     ] 14% [||||||||                                                    ] 15% [|||||||||                                                   ] 16% [|||||||||                                                   ] 17% [||||||||||                                                  ] 18% [||||||||||                                                  ] 19% [|||||||||||                                                 ] 20% [||||||||||||                                                ] 21% [||||||||||||                                                ] 22% [|||||||||||||                                               ] 23% [|||||||||||||                                               ] 24% [||||||||||||||                                              ] 25% [|||||||||||||||                                             ] 26% [|||||||||||||||                                             ] 27% [||||||||||||||||                                            ] 28% [||||||||||||||||                                            ] 29% [|||||||||||||||||                                           ] 30% [||||||||||||||||||                                          ] 31% [||||||||||||||||||                                          ] 32% [|||||||||||||||||||                                         ] 33% [|||||||||||||||||||                                         ] 34% [||||||||||||||||||||                                        ] 35% [|||||||||||||||||||||                                       ] 36% [|||||||||||||||||||||                                       ] 37% [||||||||||||||||||||||                                      ] 38% [||||||||||||||||||||||                                      ] 39% [|||||||||||||||||||||||                                     ] 40% [||||||||||||||||||||||||                                    ] 41% [||||||||||||||||||||||||                                    ] 42% [|||||||||||||||||||||||||                                   ] 43% [|||||||||||||||||||||||||                                   ] 44% [||||||||||||||||||||||||||                                  ] 45% [|||||||||||||||||||||||||||                                 ] 46% [|||||||||||||||||||||||||||                                 ] 47% [||||||||||||||||||||||||||||                                ] 48% [||||||||||||||||||||||||||||                                ] 49% [|||||||||||||||||||||||||||||                               ] 50% [||||||||||||||||||||||||||||||                              ] 51% [||||||||||||||||||||||||||||||                              ] 52% [|||||||||||||||||||||||||||||||                             ] 52% [|||||||||||||||||||||||||||||||                             ] 54% [||||||||||||||||||||||||||||||||                            ] 55% [|||||||||||||||||||||||||||||||||                           ] 56% [|||||||||||||||||||||||||||||||||                           ] 57% [||||||||||||||||||||||||||||||||||                          ] 58% [||||||||||||||||||||||||||||||||||                          ] 58% [|||||||||||||||||||||||||||||||||||                         ] 60% [||||||||||||||||||||||||||||||||||||                        ] 61% [||||||||||||||||||||||||||||||||||||                        ] 62% [|||||||||||||||||||||||||||||||||||||                       ] 63% [|||||||||||||||||||||||||||||||||||||                       ] 64% [||||||||||||||||||||||||||||||||||||||                      ] 65% [|||||||||||||||||||||||||||||||||||||||                     ] 66% [|||||||||||||||||||||||||||||||||||||||                     ] 67% [||||||||||||||||||||||||||||||||||||||||                    ] 68% [||||||||||||||||||||||||||||||||||||||||                    ] 69% [|||||||||||||||||||||||||||||||||||||||||                   ] 70% [||||||||||||||||||||||||||||||||||||||||||                  ] 71% [||||||||||||||||||||||||||||||||||||||||||                  ] 72% [|||||||||||||||||||||||||||||||||||||||||||                 ] 73% [|||||||||||||||||||||||||||||||||||||||||||                 ] 74% [||||||||||||||||||||||||||||||||||||||||||||                ] 75% [|||||||||||||||||||||||||||||||||||||||||||||               ] 76% [|||||||||||||||||||||||||||||||||||||||||||||               ] 77% [||||||||||||||||||||||||||||||||||||||||||||||              ] 78% [||||||||||||||||||||||||||||||||||||||||||||||              ] 79% [|||||||||||||||||||||||||||||||||||||||||||||||             ] 80% [||||||||||||||||||||||||||||||||||||||||||||||||            ] 81% [||||||||||||||||||||||||||||||||||||||||||||||||            ] 82% [|||||||||||||||||||||||||||||||||||||||||||||||||           ] 83% [|||||||||||||||||||||||||||||||||||||||||||||||||           ] 84% [||||||||||||||||||||||||||||||||||||||||||||||||||          ] 85% [|||||||||||||||||||||||||||||||||||||||||||||||||||         ] 86% [|||||||||||||||||||||||||||||||||||||||||||||||||||         ] 87% [||||||||||||||||||||||||||||||||||||||||||||||||||||        ] 88% [||||||||||||||||||||||||||||||||||||||||||||||||||||        ] 89% [|||||||||||||||||||||||||||||||||||||||||||||||||||||       ] 90% [||||||||||||||||||||||||||||||||||||||||||||||||||||||      ] 91% [||||||||||||||||||||||||||||||||||||||||||||||||||||||      ] 92% [|||||||||||||||||||||||||||||||||||||||||||||||||||||||     ] 93% [|||||||||||||||||||||||||||||||||||||||||||||||||||||||     ] 94% [||||||||||||||||||||||||||||||||||||||||||||||||||||||||    ] 95% [|||||||||||||||||||||||||||||||||||||||||||||||||||||||||   ] 96% [|||||||||||||||||||||||||||||||||||||||||||||||||||||||||   ] 97% [||||||||||||||||||||||||||||||||||||||||||||||||||||||||||  ] 98% [||||||||||||||||||||||||||||||||||||||||||||||||||||||||||  ] 99% [||||||||||||||||||||||||||||||||||||||||||||||||||||||||||| ]
Peak FLOPs (BF16), GPU ID: 0, workgroupSize:256, workgroups:38912, experiments:100, FLOP:530428461056, duration:95.993 ms, mean:5532.8 GFLOPS, stdev=6.9 GFLOPS
  0% [                                                            ]  1% [                                                            ]  2% [|                                                           ]  3% [|                                                           ]  4% [||                                                          ]  5% [|||                                                         ]  6% [|||                                                         ]  7% [||||                                                        ]  8% [||||                                                        ]  9% [|||||                                                       ] 10% [||||||                                                      ] 11% [||||||                                                      ] 12% [|||||||                                                     ] 13% [|||||||                                                     ] 14% [||||||||                                                    ] 15% [|||||||||                                                   ] 16% [|||||||||                                                   ] 17% [||||||||||                                                  ] 18% [||||||||||                                                  ] 19% [|||||||||||                                                 ] 20% [||||||||||||                                                ] 21% [||||||||||||                                                ] 22% [|||||||||||||                                               ] 23% [|||||||||||||                                               ] 24% [||||||||||||||                                              ] 25% [|||||||||||||||                                             ] 26% [|||||||||||||||                                             ] 27% [||||||||||||||||                                            ] 28% [||||||||||||||||                                            ] 29% [|||||||||||||||||                                           ] 30% [||||||||||||||||||                                          ] 31% [||||||||||||||||||                                          ] 32% [|||||||||||||||||||                                         ] 33% [|||||||||||||||||||                                         ] 34% [||||||||||||||||||||                                        ] 35% [|||||||||||||||||||||                                       ] 36% [|||||||||||||||||||||                                       ] 37% [||||||||||||||||||||||                                      ] 38% [||||||||||||||||||||||                                      ] 39% [|||||||||||||||||||||||                                     ] 40% [||||||||||||||||||||||||                                    ] 41% [||||||||||||||||||||||||                                    ] 42% [|||||||||||||||||||||||||                                   ] 43% [|||||||||||||||||||||||||                                   ] 44% [||||||||||||||||||||||||||                                  ] 45% [|||||||||||||||||||||||||||                                 ] 46% [|||||||||||||||||||||||||||                                 ] 47% [||||||||||||||||||||||||||||                                ] 48% [||||||||||||||||||||||||||||                                ] 49% [|||||||||||||||||||||||||||||                               ] 50% [||||||||||||||||||||||||||||||                              ] 51% [||||||||||||||||||||||||||||||                              ] 52% [|||||||||||||||||||||||||||||||                             ] 52% [|||||||||||||||||||||||||||||||                             ] 54% [||||||||||||||||||||||||||||||||                            ] 55% [|||||||||||||||||||||||||||||||||                           ] 56% [|||||||||||||||||||||||||||||||||                           ] 57% [||||||||||||||||||||||||||||||||||                          ] 58% [||||||||||||||||||||||||||||||||||                          ] 58% [|||||||||||||||||||||||||||||||||||                         ] 60% [||||||||||||||||||||||||||||||||||||                        ] 61% [||||||||||||||||||||||||||||||||||||                        ] 62% [|||||||||||||||||||||||||||||||||||||                       ] 63% [|||||||||||||||||||||||||||||||||||||                       ] 64% [||||||||||||||||||||||||||||||||||||||                      ] 65% [|||||||||||||||||||||||||||||||||||||||                     ] 66% [|||||||||||||||||||||||||||||||||||||||                     ] 67% [||||||||||||||||||||||||||||||||||||||||                    ] 68% [||||||||||||||||||||||||||||||||||||||||                    ] 69% [|||||||||||||||||||||||||||||||||||||||||                   ] 70% [||||||||||||||||||||||||||||||||||||||||||                  ] 71% [||||||||||||||||||||||||||||||||||||||||||                  ] 72% [|||||||||||||||||||||||||||||||||||||||||||                 ] 73% [|||||||||||||||||||||||||||||||||||||||||||                 ] 74% [||||||||||||||||||||||||||||||||||||||||||||                ] 75% [|||||||||||||||||||||||||||||||||||||||||||||               ] 76% [|||||||||||||||||||||||||||||||||||||||||||||               ] 77% [||||||||||||||||||||||||||||||||||||||||||||||              ] 78% [||||||||||||||||||||||||||||||||||||||||||||||              ] 79% [|||||||||||||||||||||||||||||||||||||||||||||||             ] 80% [||||||||||||||||||||||||||||||||||||||||||||||||            ] 81% [||||||||||||||||||||||||||||||||||||||||||||||||            ] 82% [|||||||||||||||||||||||||||||||||||||||||||||||||           ] 83% [|||||||||||||||||||||||||||||||||||||||||||||||||           ] 84% [||||||||||||||||||||||||||||||||||||||||||||||||||          ] 85% [|||||||||||||||||||||||||||||||||||||||||||||||||||         ] 86% [|||||||||||||||||||||||||||||||||||||||||||||||||||         ] 87% [||||||||||||||||||||||||||||||||||||||||||||||||||||        ] 88% [||||||||||||||||||||||||||||||||||||||||||||||||||||        ] 89% [|||||||||||||||||||||||||||||||||||||||||||||||||||||       ] 90% [||||||||||||||||||||||||||||||||||||||||||||||||||||||      ] 91% [||||||||||||||||||||||||||||||||||||||||||||||||||||||      ] 92% [|||||||||||||||||||||||||||||||||||||||||||||||||||||||     ] 93% [|||||||||||||||||||||||||||||||||||||||||||||||||||||||     ] 94% [||||||||||||||||||||||||||||||||||||||||||||||||||||||||    ] 95% [|||||||||||||||||||||||||||||||||||||||||||||||||||||||||   ] 96% [|||||||||||||||||||||||||||||||||||||||||||||||||||||||||   ] 97% [||||||||||||||||||||||||||||||||||||||||||||||||||||||||||  ] 98% [||||||||||||||||||||||||||||||||||||||||||||||||||||||||||  ] 99% [||||||||||||||||||||||||||||||||||||||||||||||||||||||||||| ]
Peak FLOPs (FP32), GPU ID: 0, workgroupSize:256, workgroups:38912, experiments:100, FLOP:265214230528, duration:2.063 ms, mean:128351.7 GFLOPS, stdev=1309.1 GFLOPS
  0% [                                                            ]  1% [                                                            ]  2% [|                                                           ]  3% [|                                                           ]  4% [||                                                          ]  5% [|||                                                         ]  6% [|||                                                         ]  7% [||||                                                        ]  8% [||||                                                        ]  9% [|||||                                                       ] 10% [||||||                                                      ] 11% [||||||                                                      ] 12% [|||||||                                                     ] 13% [|||||||                                                     ] 14% [||||||||                                                    ] 15% [|||||||||                                                   ] 16% [|||||||||                                                   ] 17% [||||||||||                                                  ] 18% [||||||||||                                                  ] 19% [|||||||||||                                                 ] 20% [||||||||||||                                                ] 21% [||||||||||||                                                ] 22% [|||||||||||||                                               ] 23% [|||||||||||||                                               ] 24% [||||||||||||||                                              ] 25% [|||||||||||||||                                             ] 26% [|||||||||||||||                                             ] 27% [||||||||||||||||                                            ] 28% [||||||||||||||||                                            ] 29% [|||||||||||||||||                                           ] 30% [||||||||||||||||||                                          ] 31% [||||||||||||||||||                                          ] 32% [|||||||||||||||||||                                         ] 33% [|||||||||||||||||||                                         ] 34% [||||||||||||||||||||                                        ] 35% [|||||||||||||||||||||                                       ] 36% [|||||||||||||||||||||                                       ] 37% [||||||||||||||||||||||                                      ] 38% [||||||||||||||||||||||                                      ] 39% [|||||||||||||||||||||||                                     ] 40% [||||||||||||||||||||||||                                    ] 41% [||||||||||||||||||||||||                                    ] 42% [|||||||||||||||||||||||||                                   ] 43% [|||||||||||||||||||||||||                                   ] 44% [||||||||||||||||||||||||||                                  ] 45% [|||||||||||||||||||||||||||                                 ] 46% [|||||||||||||||||||||||||||                                 ] 47% [||||||||||||||||||||||||||||                                ] 48% [||||||||||||||||||||||||||||                                ] 49% [|||||||||||||||||||||||||||||                               ] 50% [||||||||||||||||||||||||||||||                              ] 51% [||||||||||||||||||||||||||||||                              ] 52% [|||||||||||||||||||||||||||||||                             ] 52% [|||||||||||||||||||||||||||||||                             ] 54% [||||||||||||||||||||||||||||||||                            ] 55% [|||||||||||||||||||||||||||||||||                           ] 56% [|||||||||||||||||||||||||||||||||                           ] 57% [||||||||||||||||||||||||||||||||||                          ] 58% [||||||||||||||||||||||||||||||||||                          ] 58% [|||||||||||||||||||||||||||||||||||                         ] 60% [||||||||||||||||||||||||||||||||||||                        ] 61% [||||||||||||||||||||||||||||||||||||                        ] 62% [|||||||||||||||||||||||||||||||||||||                       ] 63% [|||||||||||||||||||||||||||||||||||||                       ] 64% [||||||||||||||||||||||||||||||||||||||                      ] 65% [|||||||||||||||||||||||||||||||||||||||                     ] 66% [|||||||||||||||||||||||||||||||||||||||                     ] 67% [||||||||||||||||||||||||||||||||||||||||                    ] 68% [||||||||||||||||||||||||||||||||||||||||                    ] 69% [|||||||||||||||||||||||||||||||||||||||||                   ] 70% [||||||||||||||||||||||||||||||||||||||||||                  ] 71% [||||||||||||||||||||||||||||||||||||||||||                  ] 72% [|||||||||||||||||||||||||||||||||||||||||||                 ] 73% [|||||||||||||||||||||||||||||||||||||||||||                 ] 74% [||||||||||||||||||||||||||||||||||||||||||||                ] 75% [|||||||||||||||||||||||||||||||||||||||||||||               ] 76% [|||||||||||||||||||||||||||||||||||||||||||||               ] 77% [||||||||||||||||||||||||||||||||||||||||||||||              ] 78% [||||||||||||||||||||||||||||||||||||||||||||||              ] 79% [|||||||||||||||||||||||||||||||||||||||||||||||             ] 80% [||||||||||||||||||||||||||||||||||||||||||||||||            ] 81% [||||||||||||||||||||||||||||||||||||||||||||||||            ] 82% [|||||||||||||||||||||||||||||||||||||||||||||||||           ] 83% [|||||||||||||||||||||||||||||||||||||||||||||||||           ] 84% [||||||||||||||||||||||||||||||||||||||||||||||||||          ] 85% [|||||||||||||||||||||||||||||||||||||||||||||||||||         ] 86% [|||||||||||||||||||||||||||||||||||||||||||||||||||         ] 87% [||||||||||||||||||||||||||||||||||||||||||||||||||||        ] 88% [||||||||||||||||||||||||||||||||||||||||||||||||||||        ] 89% [|||||||||||||||||||||||||||||||||||||||||||||||||||||       ] 90% [||||||||||||||||||||||||||||||||||||||||||||||||||||||      ] 91% [||||||||||||||||||||||||||||||||||||||||||||||||||||||      ] 92% [|||||||||||||||||||||||||||||||||||||||||||||||||||||||     ] 93% [|||||||||||||||||||||||||||||||||||||||||||||||||||||||     ] 94% [||||||||||||||||||||||||||||||||||||||||||||||||||||||||    ] 95% [|||||||||||||||||||||||||||||||||||||||||||||||||||||||||   ] 96% [|||||||||||||||||||||||||||||||||||||||||||||||||||||||||   ] 97% [||||||||||||||||||||||||||||||||||||||||||||||||||||||||||  ] 98% [||||||||||||||||||||||||||||||||||||||||||||||||||||||||||  ] 99% [||||||||||||||||||||||||||||||||||||||||||||||||||||||||||| ]
Peak FLOPs (FP64), GPU ID: 0, workgroupSize:256, workgroups:38912, experiments:100, FLOP:122406567936, duration:1.8 ms, mean:67460.8 GFLOPS, stdev=557.8 GFLOPS
  0% [                                                            ]  1% [                                                            ]  2% [|                                                           ]  3% [|                                                           ]  4% [||                                                          ]  5% [|||                                                         ]  6% [|||                                                         ]  7% [||||                                                        ]  8% [||||                                                        ]  9% [|||||                                                       ] 10% [||||||                                                      ] 11% [||||||                                                      ] 12% [|||||||                                                     ] 13% [|||||||                                                     ] 14% [||||||||                                                    ] 15% [|||||||||                                                   ] 16% [|||||||||                                                   ] 17% [||||||||||                                                  ] 18% [||||||||||                                                  ] 19% [|||||||||||                                                 ] 20% [||||||||||||                                                ] 21% [||||||||||||                                                ] 22% [|||||||||||||                                               ] 23% [|||||||||||||                                               ] 24% [||||||||||||||                                              ] 25% [|||||||||||||||                                             ] 26% [|||||||||||||||                                             ] 27% [||||||||||||||||                                            ] 28% [||||||||||||||||                                            ] 29% [|||||||||||||||||                                           ] 30% [||||||||||||||||||                                          ] 31% [||||||||||||||||||                                          ] 32% [|||||||||||||||||||                                         ] 33% [|||||||||||||||||||                                         ] 34% [||||||||||||||||||||                                        ] 35% [|||||||||||||||||||||                                       ] 36% [|||||||||||||||||||||                                       ] 37% [||||||||||||||||||||||                                      ] 38% [||||||||||||||||||||||                                      ] 39% [|||||||||||||||||||||||                                     ] 40% [||||||||||||||||||||||||                                    ] 41% [||||||||||||||||||||||||                                    ] 42% [|||||||||||||||||||||||||                                   ] 43% [|||||||||||||||||||||||||                                   ] 44% [||||||||||||||||||||||||||                                  ] 45% [|||||||||||||||||||||||||||                                 ] 46% [|||||||||||||||||||||||||||                                 ] 47% [||||||||||||||||||||||||||||                                ] 48% [||||||||||||||||||||||||||||                                ] 49% [|||||||||||||||||||||||||||||                               ] 50% [||||||||||||||||||||||||||||||                              ] 51% [||||||||||||||||||||||||||||||                              ] 52% [|||||||||||||||||||||||||||||||                             ] 52% [|||||||||||||||||||||||||||||||                             ] 54% [||||||||||||||||||||||||||||||||                            ] 55% [|||||||||||||||||||||||||||||||||                           ] 56% [|||||||||||||||||||||||||||||||||                           ] 57% [||||||||||||||||||||||||||||||||||                          ] 58% [||||||||||||||||||||||||||||||||||                          ] 58% [|||||||||||||||||||||||||||||||||||                         ] 60% [||||||||||||||||||||||||||||||||||||                        ] 61% [||||||||||||||||||||||||||||||||||||                        ] 62% [|||||||||||||||||||||||||||||||||||||                       ] 63% [|||||||||||||||||||||||||||||||||||||                       ] 64% [||||||||||||||||||||||||||||||||||||||                      ] 65% [|||||||||||||||||||||||||||||||||||||||                     ] 66% [|||||||||||||||||||||||||||||||||||||||                     ] 67% [||||||||||||||||||||||||||||||||||||||||                    ] 68% [||||||||||||||||||||||||||||||||||||||||                    ] 69% [|||||||||||||||||||||||||||||||||||||||||                   ] 70% [||||||||||||||||||||||||||||||||||||||||||                  ] 71% [||||||||||||||||||||||||||||||||||||||||||                  ] 72% [|||||||||||||||||||||||||||||||||||||||||||                 ] 73% [|||||||||||||||||||||||||||||||||||||||||||                 ] 74% [||||||||||||||||||||||||||||||||||||||||||||                ] 75% [|||||||||||||||||||||||||||||||||||||||||||||               ] 76% [|||||||||||||||||||||||||||||||||||||||||||||               ] 77% [||||||||||||||||||||||||||||||||||||||||||||||              ] 78% [||||||||||||||||||||||||||||||||||||||||||||||              ] 79% [|||||||||||||||||||||||||||||||||||||||||||||||             ] 80% [||||||||||||||||||||||||||||||||||||||||||||||||            ] 81% [||||||||||||||||||||||||||||||||||||||||||||||||            ] 82% [|||||||||||||||||||||||||||||||||||||||||||||||||           ] 83% [|||||||||||||||||||||||||||||||||||||||||||||||||           ] 84% [||||||||||||||||||||||||||||||||||||||||||||||||||          ] 85% [|||||||||||||||||||||||||||||||||||||||||||||||||||         ] 86% [|||||||||||||||||||||||||||||||||||||||||||||||||||         ] 87% [||||||||||||||||||||||||||||||||||||||||||||||||||||        ] 88% [||||||||||||||||||||||||||||||||||||||||||||||||||||        ] 89% [|||||||||||||||||||||||||||||||||||||||||||||||||||||       ] 90% [||||||||||||||||||||||||||||||||||||||||||||||||||||||      ] 91% [||||||||||||||||||||||||||||||||||||||||||||||||||||||      ] 92% [|||||||||||||||||||||||||||||||||||||||||||||||||||||||     ] 93% [|||||||||||||||||||||||||||||||||||||||||||||||||||||||     ] 94% [||||||||||||||||||||||||||||||||||||||||||||||||||||||||    ] 95% [|||||||||||||||||||||||||||||||||||||||||||||||||||||||||   ] 96% [|||||||||||||||||||||||||||||||||||||||||||||||||||||||||   ] 97% [||||||||||||||||||||||||||||||||||||||||||||||||||||||||||  ] 98% [||||||||||||||||||||||||||||||||||||||||||||||||||||||||||  ] 99% [||||||||||||||||||||||||||||||||||||||||||||||||||||||||||| ]
Peak IOPs (INT8), GPU ID: 0, workgroupSize:256, workgroups:38912, experiments:100, IOP:1081258016768, duration:13.3 ms, mean:81606.3 GOPS, stdev=141.8 GOPS
  0% [                                                            ]  1% [                                                            ]  2% [|                                                           ]  3% [|                                                           ]  4% [||                                                          ]  5% [|||                                                         ]  6% [|||                                                         ]  7% [||||                                                        ]  8% [||||                                                        ]  9% [|||||                                                       ] 10% [||||||                                                      ] 11% [||||||                                                      ] 12% [|||||||                                                     ] 13% [|||||||                                                     ] 14% [||||||||                                                    ] 15% [|||||||||                                                   ] 16% [|||||||||                                                   ] 17% [||||||||||                                                  ] 18% [||||||||||                                                  ] 19% [|||||||||||                                                 ] 20% [||||||||||||                                                ] 21% [||||||||||||                                                ] 22% [|||||||||||||                                               ] 23% [|||||||||||||                                               ] 24% [||||||||||||||                                              ] 25% [|||||||||||||||                                             ] 26% [|||||||||||||||                                             ] 27% [||||||||||||||||                                            ] 28% [||||||||||||||||                                            ] 29% [|||||||||||||||||                                           ] 30% [||||||||||||||||||                                          ] 31% [||||||||||||||||||                                          ] 32% [|||||||||||||||||||                                         ] 33% [|||||||||||||||||||                                         ] 34% [||||||||||||||||||||                                        ] 35% [|||||||||||||||||||||                                       ] 36% [|||||||||||||||||||||                                       ] 37% [||||||||||||||||||||||                                      ] 38% [||||||||||||||||||||||                                      ] 39% [|||||||||||||||||||||||                                     ] 40% [||||||||||||||||||||||||                                    ] 41% [||||||||||||||||||||||||                                    ] 42% [|||||||||||||||||||||||||                                   ] 43% [|||||||||||||||||||||||||                                   ] 44% [||||||||||||||||||||||||||                                  ] 45% [|||||||||||||||||||||||||||                                 ] 46% [|||||||||||||||||||||||||||                                 ] 47% [||||||||||||||||||||||||||||                                ] 48% [||||||||||||||||||||||||||||                                ] 49% [|||||||||||||||||||||||||||||                               ] 50% [||||||||||||||||||||||||||||||                              ] 51% [||||||||||||||||||||||||||||||                              ] 52% [|||||||||||||||||||||||||||||||                             ] 52% [|||||||||||||||||||||||||||||||                             ] 54% [||||||||||||||||||||||||||||||||                            ] 55% [|||||||||||||||||||||||||||||||||                           ] 56% [|||||||||||||||||||||||||||||||||                           ] 57% [||||||||||||||||||||||||||||||||||                          ] 58% [||||||||||||||||||||||||||||||||||                          ] 58% [|||||||||||||||||||||||||||||||||||                         ] 60% [||||||||||||||||||||||||||||||||||||                        ] 61% [||||||||||||||||||||||||||||||||||||                        ] 62% [|||||||||||||||||||||||||||||||||||||                       ] 63% [|||||||||||||||||||||||||||||||||||||                       ] 64% [||||||||||||||||||||||||||||||||||||||                      ] 65% [|||||||||||||||||||||||||||||||||||||||                     ] 66% [|||||||||||||||||||||||||||||||||||||||                     ] 67% [||||||||||||||||||||||||||||||||||||||||                    ] 68% [||||||||||||||||||||||||||||||||||||||||                    ] 69% [|||||||||||||||||||||||||||||||||||||||||                   ] 70% [||||||||||||||||||||||||||||||||||||||||||                  ] 71% [||||||||||||||||||||||||||||||||||||||||||                  ] 72% [|||||||||||||||||||||||||||||||||||||||||||                 ] 73% [|||||||||||||||||||||||||||||||||||||||||||                 ] 74% [||||||||||||||||||||||||||||||||||||||||||||                ] 75% [|||||||||||||||||||||||||||||||||||||||||||||               ] 76% [|||||||||||||||||||||||||||||||||||||||||||||               ] 77% [||||||||||||||||||||||||||||||||||||||||||||||              ] 78% [||||||||||||||||||||||||||||||||||||||||||||||              ] 79% [|||||||||||||||||||||||||||||||||||||||||||||||             ] 80% [||||||||||||||||||||||||||||||||||||||||||||||||            ] 81% [||||||||||||||||||||||||||||||||||||||||||||||||            ] 82% [|||||||||||||||||||||||||||||||||||||||||||||||||           ] 83% [|||||||||||||||||||||||||||||||||||||||||||||||||           ] 84% [||||||||||||||||||||||||||||||||||||||||||||||||||          ] 85% [|||||||||||||||||||||||||||||||||||||||||||||||||||         ] 86% [|||||||||||||||||||||||||||||||||||||||||||||||||||         ] 87% [||||||||||||||||||||||||||||||||||||||||||||||||||||        ] 88% [||||||||||||||||||||||||||||||||||||||||||||||||||||        ] 89% [|||||||||||||||||||||||||||||||||||||||||||||||||||||       ] 90% [||||||||||||||||||||||||||||||||||||||||||||||||||||||      ] 91% [||||||||||||||||||||||||||||||||||||||||||||||||||||||      ] 92% [|||||||||||||||||||||||||||||||||||||||||||||||||||||||     ] 93% [|||||||||||||||||||||||||||||||||||||||||||||||||||||||     ] 94% [||||||||||||||||||||||||||||||||||||||||||||||||||||||||    ] 95% [|||||||||||||||||||||||||||||||||||||||||||||||||||||||||   ] 96% [|||||||||||||||||||||||||||||||||||||||||||||||||||||||||   ] 97% [||||||||||||||||||||||||||||||||||||||||||||||||||||||||||  ] 98% [||||||||||||||||||||||||||||||||||||||||||||||||||||||||||  ] 99% [||||||||||||||||||||||||||||||||||||||||||||||||||||||||||| ]
Peak IOPs (INT32), GPU ID: 0, workgroupSize:256, workgroups:38912, experiments:100, IOP:265214230528, duration:3.8 ms, mean:70478.0 GOPS, stdev=381.3 GOPS
  0% [                                                            ]  1% [                                                            ]  2% [|                                                           ]  3% [|                                                           ]  4% [||                                                          ]  5% [|||                                                         ]  6% [|||                                                         ]  7% [||||                                                        ]  8% [||||                                                        ]  9% [|||||                                                       ] 10% [||||||                                                      ] 11% [||||||                                                      ] 12% [|||||||                                                     ] 13% [|||||||                                                     ] 14% [||||||||                                                    ] 15% [|||||||||                                                   ] 16% [|||||||||                                                   ] 17% [||||||||||                                                  ] 18% [||||||||||                                                  ] 19% [|||||||||||                                                 ] 20% [||||||||||||                                                ] 21% [||||||||||||                                                ] 22% [|||||||||||||                                               ] 23% [|||||||||||||                                               ] 24% [||||||||||||||                                              ] 25% [|||||||||||||||                                             ] 26% [|||||||||||||||                                             ] 27% [||||||||||||||||                                            ] 28% [||||||||||||||||                                            ] 29% [|||||||||||||||||                                           ] 30% [||||||||||||||||||                                          ] 31% [||||||||||||||||||                                          ] 32% [|||||||||||||||||||                                         ] 33% [|||||||||||||||||||                                         ] 34% [||||||||||||||||||||                                        ] 35% [|||||||||||||||||||||                                       ] 36% [|||||||||||||||||||||                                       ] 37% [||||||||||||||||||||||                                      ] 38% [||||||||||||||||||||||                                      ] 39% [|||||||||||||||||||||||                                     ] 40% [||||||||||||||||||||||||                                    ] 41% [||||||||||||||||||||||||                                    ] 42% [|||||||||||||||||||||||||                                   ] 43% [|||||||||||||||||||||||||                                   ] 44% [||||||||||||||||||||||||||                                  ] 45% [|||||||||||||||||||||||||||                                 ] 46% [|||||||||||||||||||||||||||                                 ] 47% [||||||||||||||||||||||||||||                                ] 48% [||||||||||||||||||||||||||||                                ] 49% [|||||||||||||||||||||||||||||                               ] 50% [||||||||||||||||||||||||||||||                              ] 51% [||||||||||||||||||||||||||||||                              ] 52% [|||||||||||||||||||||||||||||||                             ] 52% [|||||||||||||||||||||||||||||||                             ] 54% [||||||||||||||||||||||||||||||||                            ] 55% [|||||||||||||||||||||||||||||||||                           ] 56% [|||||||||||||||||||||||||||||||||                           ] 57% [||||||||||||||||||||||||||||||||||                          ] 58% [||||||||||||||||||||||||||||||||||                          ] 58% [|||||||||||||||||||||||||||||||||||                         ] 60% [||||||||||||||||||||||||||||||||||||                        ] 61% [||||||||||||||||||||||||||||||||||||                        ] 62% [|||||||||||||||||||||||||||||||||||||                       ] 63% [|||||||||||||||||||||||||||||||||||||                       ] 64% [||||||||||||||||||||||||||||||||||||||                      ] 65% [|||||||||||||||||||||||||||||||||||||||                     ] 66% [|||||||||||||||||||||||||||||||||||||||                     ] 67% [||||||||||||||||||||||||||||||||||||||||                    ] 68% [||||||||||||||||||||||||||||||||||||||||                    ] 69% [|||||||||||||||||||||||||||||||||||||||||                   ] 70% [||||||||||||||||||||||||||||||||||||||||||                  ] 71% [||||||||||||||||||||||||||||||||||||||||||                  ] 72% [|||||||||||||||||||||||||||||||||||||||||||                 ] 73% [|||||||||||||||||||||||||||||||||||||||||||                 ] 74% [||||||||||||||||||||||||||||||||||||||||||||                ] 75% [|||||||||||||||||||||||||||||||||||||||||||||               ] 76% [|||||||||||||||||||||||||||||||||||||||||||||               ] 77% [||||||||||||||||||||||||||||||||||||||||||||||              ] 78% [||||||||||||||||||||||||||||||||||||||||||||||              ] 79% [|||||||||||||||||||||||||||||||||||||||||||||||             ] 80% [||||||||||||||||||||||||||||||||||||||||||||||||            ] 81% [||||||||||||||||||||||||||||||||||||||||||||||||            ] 82% [|||||||||||||||||||||||||||||||||||||||||||||||||           ] 83% [|||||||||||||||||||||||||||||||||||||||||||||||||           ] 84% [||||||||||||||||||||||||||||||||||||||||||||||||||          ] 85% [|||||||||||||||||||||||||||||||||||||||||||||||||||         ] 86% [|||||||||||||||||||||||||||||||||||||||||||||||||||         ] 87% [||||||||||||||||||||||||||||||||||||||||||||||||||||        ] 88% [||||||||||||||||||||||||||||||||||||||||||||||||||||        ] 89% [|||||||||||||||||||||||||||||||||||||||||||||||||||||       ] 90% [||||||||||||||||||||||||||||||||||||||||||||||||||||||      ] 91% [||||||||||||||||||||||||||||||||||||||||||||||||||||||      ] 92% [|||||||||||||||||||||||||||||||||||||||||||||||||||||||     ] 93% [|||||||||||||||||||||||||||||||||||||||||||||||||||||||     ] 94% [||||||||||||||||||||||||||||||||||||||||||||||||||||||||    ] 95% [|||||||||||||||||||||||||||||||||||||||||||||||||||||||||   ] 96% [|||||||||||||||||||||||||||||||||||||||||||||||||||||||||   ] 97% [||||||||||||||||||||||||||||||||||||||||||||||||||||||||||  ] 98% [||||||||||||||||||||||||||||||||||||||||||||||||||||||||||  ] 99% [||||||||||||||||||||||||||||||||||||||||||||||||||||||||||| ]
Peak IOPs (INT64), GPU ID: 0, workgroupSize:256, workgroups:38912, experiments:100, IOP:122406567936, duration:6.2 ms, mean:19607.4 GOPS, stdev=62.6 GOPS
100% [||||||||||||||||||||||||||||||||||||||||||||||||||||||||||||]
Peak MFMA FLOPs (F4), GPU ID: 0, workgroupSize:256, workgroups:38912, experiments:1, FLOP:0, duration:0.0 ms, mean:0.0 GFLOPS, stdev=0.0 GFLOPS
100% [||||||||||||||||||||||||||||||||||||||||||||||||||||||||||||]
Peak MFMA FLOPs (F6), GPU ID: 0, workgroupSize:256, workgroups:38912, experiments:1, FLOP:0, duration:0.0 ms, mean:0.0 GFLOPS, stdev=0.0 GFLOPS
  0% [                                                            ]  1% [                                                            ]  2% [|                                                           ]  3% [|                                                           ]  4% [||                                                          ]  5% [|||                                                         ]  6% [|||                                                         ]  7% [||||                                                        ]  8% [||||                                                        ]  9% [|||||                                                       ] 10% [||||||                                                      ] 11% [||||||                                                      ] 12% [|||||||                                                     ] 13% [|||||||                                                     ] 14% [||||||||                                                    ] 15% [|||||||||                                                   ] 16% [|||||||||                                                   ] 17% [||||||||||                                                  ] 18% [||||||||||                                                  ] 19% [|||||||||||                                                 ] 20% [||||||||||||                                                ] 21% [||||||||||||                                                ] 22% [|||||||||||||                                               ] 23% [|||||||||||||                                               ] 24% [||||||||||||||                                              ] 25% [|||||||||||||||                                             ] 26% [|||||||||||||||                                             ] 27% [||||||||||||||||                                            ] 28% [||||||||||||||||                                            ] 29% [|||||||||||||||||                                           ] 30% [||||||||||||||||||                                          ] 31% [||||||||||||||||||                                          ] 32% [|||||||||||||||||||                                         ] 33% [|||||||||||||||||||                                         ] 34% [||||||||||||||||||||                                        ] 35% [|||||||||||||||||||||                                       ] 36% [|||||||||||||||||||||                                       ] 37% [||||||||||||||||||||||                                      ] 38% [||||||||||||||||||||||                                      ] 39% [|||||||||||||||||||||||                                     ] 40% [||||||||||||||||||||||||                                    ] 41% [||||||||||||||||||||||||                                    ] 42% [|||||||||||||||||||||||||                                   ] 43% [|||||||||||||||||||||||||                                   ] 44% [||||||||||||||||||||||||||                                  ] 45% [|||||||||||||||||||||||||||                                 ] 46% [|||||||||||||||||||||||||||                                 ] 47% [||||||||||||||||||||||||||||                                ] 48% [||||||||||||||||||||||||||||                                ] 49% [|||||||||||||||||||||||||||||                               ] 50% [||||||||||||||||||||||||||||||                              ] 51% [||||||||||||||||||||||||||||||                              ] 52% [|||||||||||||||||||||||||||||||                             ] 52% [|||||||||||||||||||||||||||||||                             ] 54% [||||||||||||||||||||||||||||||||                            ] 55% [|||||||||||||||||||||||||||||||||                           ] 56% [|||||||||||||||||||||||||||||||||                           ] 57% [||||||||||||||||||||||||||||||||||                          ] 58% [||||||||||||||||||||||||||||||||||                          ] 58% [|||||||||||||||||||||||||||||||||||                         ] 60% [||||||||||||||||||||||||||||||||||||                        ] 61% [||||||||||||||||||||||||||||||||||||                        ] 62% [|||||||||||||||||||||||||||||||||||||                       ] 63% [|||||||||||||||||||||||||||||||||||||                       ] 64% [||||||||||||||||||||||||||||||||||||||                      ] 65% [|||||||||||||||||||||||||||||||||||||||                     ] 66% [|||||||||||||||||||||||||||||||||||||||                     ] 67% [||||||||||||||||||||||||||||||||||||||||                    ] 68% [||||||||||||||||||||||||||||||||||||||||                    ] 69% [|||||||||||||||||||||||||||||||||||||||||                   ] 70% [||||||||||||||||||||||||||||||||||||||||||                  ] 71% [||||||||||||||||||||||||||||||||||||||||||                  ] 72% [|||||||||||||||||||||||||||||||||||||||||||                 ] 73% [|||||||||||||||||||||||||||||||||||||||||||                 ] 74% [||||||||||||||||||||||||||||||||||||||||||||                ] 75% [|||||||||||||||||||||||||||||||||||||||||||||               ] 76% [|||||||||||||||||||||||||||||||||||||||||||||               ] 77% [||||||||||||||||||||||||||||||||||||||||||||||              ] 78% [||||||||||||||||||||||||||||||||||||||||||||||              ] 79% [|||||||||||||||||||||||||||||||||||||||||||||||             ] 80% [||||||||||||||||||||||||||||||||||||||||||||||||            ] 81% [||||||||||||||||||||||||||||||||||||||||||||||||            ] 82% [|||||||||||||||||||||||||||||||||||||||||||||||||           ] 83% [|||||||||||||||||||||||||||||||||||||||||||||||||           ] 84% [||||||||||||||||||||||||||||||||||||||||||||||||||          ] 85% [|||||||||||||||||||||||||||||||||||||||||||||||||||         ] 86% [|||||||||||||||||||||||||||||||||||||||||||||||||||         ] 87% [||||||||||||||||||||||||||||||||||||||||||||||||||||        ] 88% [||||||||||||||||||||||||||||||||||||||||||||||||||||        ] 89% [|||||||||||||||||||||||||||||||||||||||||||||||||||||       ] 90% [||||||||||||||||||||||||||||||||||||||||||||||||||||||      ] 91% [||||||||||||||||||||||||||||||||||||||||||||||||||||||      ] 92% [|||||||||||||||||||||||||||||||||||||||||||||||||||||||     ] 93% [|||||||||||||||||||||||||||||||||||||||||||||||||||||||     ] 94% [||||||||||||||||||||||||||||||||||||||||||||||||||||||||    ] 95% [|||||||||||||||||||||||||||||||||||||||||||||||||||||||||   ] 96% [|||||||||||||||||||||||||||||||||||||||||||||||||||||||||   ] 97% [||||||||||||||||||||||||||||||||||||||||||||||||||||||||||  ] 98% [||||||||||||||||||||||||||||||||||||||||||||||||||||||||||  ] 99% [||||||||||||||||||||||||||||||||||||||||||||||||||||||||||| ]
Peak MFMA FLOPs (F8), GPU ID: 0, workgroupSize:256, workgroups:38912, experiments:100, FLOP:10200547328000, duration:5.4 ms, mean:1896012.0 GFLOPS, stdev=29335.1 GFLOPS
  0% [                                                            ]  1% [                                                            ]  2% [|                                                           ]  3% [|                                                           ]  4% [||                                                          ]  5% [|||                                                         ]  6% [|||                                                         ]  7% [||||                                                        ]  8% [||||                                                        ]  9% [|||||                                                       ] 10% [||||||                                                      ] 11% [||||||                                                      ] 12% [|||||||                                                     ] 13% [|||||||                                                     ] 14% [||||||||                                                    ] 15% [|||||||||                                                   ] 16% [|||||||||                                                   ] 17% [||||||||||                                                  ] 18% [||||||||||                                                  ] 19% [|||||||||||                                                 ] 20% [||||||||||||                                                ] 21% [||||||||||||                                                ] 22% [|||||||||||||                                               ] 23% [|||||||||||||                                               ] 24% [||||||||||||||                                              ] 25% [|||||||||||||||                                             ] 26% [|||||||||||||||                                             ] 27% [||||||||||||||||                                            ] 28% [||||||||||||||||                                            ] 29% [|||||||||||||||||                                           ] 30% [||||||||||||||||||                                          ] 31% [||||||||||||||||||                                          ] 32% [|||||||||||||||||||                                         ] 33% [|||||||||||||||||||                                         ] 34% [||||||||||||||||||||                                        ] 35% [|||||||||||||||||||||                                       ] 36% [|||||||||||||||||||||                                       ] 37% [||||||||||||||||||||||                                      ] 38% [||||||||||||||||||||||                                      ] 39% [|||||||||||||||||||||||                                     ] 40% [||||||||||||||||||||||||                                    ] 41% [||||||||||||||||||||||||                                    ] 42% [|||||||||||||||||||||||||                                   ] 43% [|||||||||||||||||||||||||                                   ] 44% [||||||||||||||||||||||||||                                  ] 45% [|||||||||||||||||||||||||||                                 ] 46% [|||||||||||||||||||||||||||                                 ] 47% [||||||||||||||||||||||||||||                                ] 48% [||||||||||||||||||||||||||||                                ] 49% [|||||||||||||||||||||||||||||                               ] 50% [||||||||||||||||||||||||||||||                              ] 51% [||||||||||||||||||||||||||||||                              ] 52% [|||||||||||||||||||||||||||||||                             ] 52% [|||||||||||||||||||||||||||||||                             ] 54% [||||||||||||||||||||||||||||||||                            ] 55% [|||||||||||||||||||||||||||||||||                           ] 56% [|||||||||||||||||||||||||||||||||                           ] 57% [||||||||||||||||||||||||||||||||||                          ] 58% [||||||||||||||||||||||||||||||||||                          ] 58% [|||||||||||||||||||||||||||||||||||                         ] 60% [||||||||||||||||||||||||||||||||||||                        ] 61% [||||||||||||||||||||||||||||||||||||                        ] 62% [|||||||||||||||||||||||||||||||||||||                       ] 63% [|||||||||||||||||||||||||||||||||||||                       ] 64% [||||||||||||||||||||||||||||||||||||||                      ] 65% [|||||||||||||||||||||||||||||||||||||||                     ] 66% [|||||||||||||||||||||||||||||||||||||||                     ] 67% [||||||||||||||||||||||||||||||||||||||||                    ] 68% [||||||||||||||||||||||||||||||||||||||||                    ] 69% [|||||||||||||||||||||||||||||||||||||||||                   ] 70% [||||||||||||||||||||||||||||||||||||||||||                  ] 71% [||||||||||||||||||||||||||||||||||||||||||                  ] 72% [|||||||||||||||||||||||||||||||||||||||||||                 ] 73% [|||||||||||||||||||||||||||||||||||||||||||                 ] 74% [||||||||||||||||||||||||||||||||||||||||||||                ] 75% [|||||||||||||||||||||||||||||||||||||||||||||               ] 76% [|||||||||||||||||||||||||||||||||||||||||||||               ] 77% [||||||||||||||||||||||||||||||||||||||||||||||              ] 78% [||||||||||||||||||||||||||||||||||||||||||||||              ] 79% [|||||||||||||||||||||||||||||||||||||||||||||||             ] 80% [||||||||||||||||||||||||||||||||||||||||||||||||            ] 81% [||||||||||||||||||||||||||||||||||||||||||||||||            ] 82% [|||||||||||||||||||||||||||||||||||||||||||||||||           ] 83% [|||||||||||||||||||||||||||||||||||||||||||||||||           ] 84% [||||||||||||||||||||||||||||||||||||||||||||||||||          ] 85% [|||||||||||||||||||||||||||||||||||||||||||||||||||         ] 86% [|||||||||||||||||||||||||||||||||||||||||||||||||||         ] 87% [||||||||||||||||||||||||||||||||||||||||||||||||||||        ] 88% [||||||||||||||||||||||||||||||||||||||||||||||||||||        ] 89% [|||||||||||||||||||||||||||||||||||||||||||||||||||||       ] 90% [||||||||||||||||||||||||||||||||||||||||||||||||||||||      ] 91% [||||||||||||||||||||||||||||||||||||||||||||||||||||||      ] 92% [|||||||||||||||||||||||||||||||||||||||||||||||||||||||     ] 93% [|||||||||||||||||||||||||||||||||||||||||||||||||||||||     ] 94% [||||||||||||||||||||||||||||||||||||||||||||||||||||||||    ] 95% [|||||||||||||||||||||||||||||||||||||||||||||||||||||||||   ] 96% [|||||||||||||||||||||||||||||||||||||||||||||||||||||||||   ] 97% [||||||||||||||||||||||||||||||||||||||||||||||||||||||||||  ] 98% [||||||||||||||||||||||||||||||||||||||||||||||||||||||||||  ] 99% [||||||||||||||||||||||||||||||||||||||||||||||||||||||||||| ]
Peak MFMA FLOPs (F16), GPU ID: 0, workgroupSize:256, workgroups:38912, experiments:100, FLOP:5100273664000, duration:5.5 ms, mean:931877.2 GFLOPS, stdev=3446.3 GFLOPS
  0% [                                                            ]  1% [                                                            ]  2% [|                                                           ]  3% [|                                                           ]  4% [||                                                          ]  5% [|||                                                         ]  6% [|||                                                         ]  7% [||||                                                        ]  8% [||||                                                        ]  9% [|||||                                                       ] 10% [||||||                                                      ] 11% [||||||                                                      ] 12% [|||||||                                                     ] 13% [|||||||                                                     ] 14% [||||||||                                                    ] 15% [|||||||||                                                   ] 16% [|||||||||                                                   ] 17% [||||||||||                                                  ] 18% [||||||||||                                                  ] 19% [|||||||||||                                                 ] 20% [||||||||||||                                                ] 21% [||||||||||||                                                ] 22% [|||||||||||||                                               ] 23% [|||||||||||||                                               ] 24% [||||||||||||||                                              ] 25% [|||||||||||||||                                             ] 26% [|||||||||||||||                                             ] 27% [||||||||||||||||                                            ] 28% [||||||||||||||||                                            ] 29% [|||||||||||||||||                                           ] 30% [||||||||||||||||||                                          ] 31% [||||||||||||||||||                                          ] 32% [|||||||||||||||||||                                         ] 33% [|||||||||||||||||||                                         ] 34% [||||||||||||||||||||                                        ] 35% [|||||||||||||||||||||                                       ] 36% [|||||||||||||||||||||                                       ] 37% [||||||||||||||||||||||                                      ] 38% [||||||||||||||||||||||                                      ] 39% [|||||||||||||||||||||||                                     ] 40% [||||||||||||||||||||||||                                    ] 41% [||||||||||||||||||||||||                                    ] 42% [|||||||||||||||||||||||||                                   ] 43% [|||||||||||||||||||||||||                                   ] 44% [||||||||||||||||||||||||||                                  ] 45% [|||||||||||||||||||||||||||                                 ] 46% [|||||||||||||||||||||||||||                                 ] 47% [||||||||||||||||||||||||||||                                ] 48% [||||||||||||||||||||||||||||                                ] 49% [|||||||||||||||||||||||||||||                               ] 50% [||||||||||||||||||||||||||||||                              ] 51% [||||||||||||||||||||||||||||||                              ] 52% [|||||||||||||||||||||||||||||||                             ] 52% [|||||||||||||||||||||||||||||||                             ] 54% [||||||||||||||||||||||||||||||||                            ] 55% [|||||||||||||||||||||||||||||||||                           ] 56% [|||||||||||||||||||||||||||||||||                           ] 57% [||||||||||||||||||||||||||||||||||                          ] 58% [||||||||||||||||||||||||||||||||||                          ] 58% [|||||||||||||||||||||||||||||||||||                         ] 60% [||||||||||||||||||||||||||||||||||||                        ] 61% [||||||||||||||||||||||||||||||||||||                        ] 62% [|||||||||||||||||||||||||||||||||||||                       ] 63% [|||||||||||||||||||||||||||||||||||||                       ] 64% [||||||||||||||||||||||||||||||||||||||                      ] 65% [|||||||||||||||||||||||||||||||||||||||                     ] 66% [|||||||||||||||||||||||||||||||||||||||                     ] 67% [||||||||||||||||||||||||||||||||||||||||                    ] 68% [||||||||||||||||||||||||||||||||||||||||                    ] 69% [|||||||||||||||||||||||||||||||||||||||||                   ] 70% [||||||||||||||||||||||||||||||||||||||||||                  ] 71% [||||||||||||||||||||||||||||||||||||||||||                  ] 72% [|||||||||||||||||||||||||||||||||||||||||||                 ] 73% [|||||||||||||||||||||||||||||||||||||||||||                 ] 74% [||||||||||||||||||||||||||||||||||||||||||||                ] 75% [|||||||||||||||||||||||||||||||||||||||||||||               ] 76% [|||||||||||||||||||||||||||||||||||||||||||||               ] 77% [||||||||||||||||||||||||||||||||||||||||||||||              ] 78% [||||||||||||||||||||||||||||||||||||||||||||||              ] 79% [|||||||||||||||||||||||||||||||||||||||||||||||             ] 80% [||||||||||||||||||||||||||||||||||||||||||||||||            ] 81% [||||||||||||||||||||||||||||||||||||||||||||||||            ] 82% [|||||||||||||||||||||||||||||||||||||||||||||||||           ] 83% [|||||||||||||||||||||||||||||||||||||||||||||||||           ] 84% [||||||||||||||||||||||||||||||||||||||||||||||||||          ] 85% [|||||||||||||||||||||||||||||||||||||||||||||||||||         ] 86% [|||||||||||||||||||||||||||||||||||||||||||||||||||         ] 87% [||||||||||||||||||||||||||||||||||||||||||||||||||||        ] 88% [||||||||||||||||||||||||||||||||||||||||||||||||||||        ] 89% [|||||||||||||||||||||||||||||||||||||||||||||||||||||       ] 90% [||||||||||||||||||||||||||||||||||||||||||||||||||||||      ] 91% [||||||||||||||||||||||||||||||||||||||||||||||||||||||      ] 92% [|||||||||||||||||||||||||||||||||||||||||||||||||||||||     ] 93% [|||||||||||||||||||||||||||||||||||||||||||||||||||||||     ] 94% [||||||||||||||||||||||||||||||||||||||||||||||||||||||||    ] 95% [|||||||||||||||||||||||||||||||||||||||||||||||||||||||||   ] 96% [|||||||||||||||||||||||||||||||||||||||||||||||||||||||||   ] 97% [||||||||||||||||||||||||||||||||||||||||||||||||||||||||||  ] 98% [||||||||||||||||||||||||||||||||||||||||||||||||||||||||||  ] 99% [||||||||||||||||||||||||||||||||||||||||||||||||||||||||||| ]
Peak MFMA FLOPs (BF16), GPU ID: 0, workgroupSize:256, workgroups:38912, experiments:100, FLOP:2550136832000, duration:5.0 ms, mean:524401.2 GFLOPS, stdev=2313.7 GFLOPS
  0% [                                                            ]  1% [                                                            ]  2% [|                                                           ]  3% [|                                                           ]  4% [||                                                          ]  5% [|||                                                         ]  6% [|||                                                         ]  7% [||||                                                        ]  8% [||||                                                        ]  9% [|||||                                                       ] 10% [||||||                                                      ] 11% [||||||                                                      ] 12% [|||||||                                                     ] 13% [|||||||                                                     ] 14% [||||||||                                                    ] 15% [|||||||||                                                   ] 16% [|||||||||                                                   ] 17% [||||||||||                                                  ] 18% [||||||||||                                                  ] 19% [|||||||||||                                                 ] 20% [||||||||||||                                                ] 21% [||||||||||||                                                ] 22% [|||||||||||||                                               ] 23% [|||||||||||||                                               ] 24% [||||||||||||||                                              ] 25% [|||||||||||||||                                             ] 26% [|||||||||||||||                                             ] 27% [||||||||||||||||                                            ] 28% [||||||||||||||||                                            ] 29% [|||||||||||||||||                                           ] 30% [||||||||||||||||||                                          ] 31% [||||||||||||||||||                                          ] 32% [|||||||||||||||||||                                         ] 33% [|||||||||||||||||||                                         ] 34% [||||||||||||||||||||                                        ] 35% [|||||||||||||||||||||                                       ] 36% [|||||||||||||||||||||                                       ] 37% [||||||||||||||||||||||                                      ] 38% [||||||||||||||||||||||                                      ] 39% [|||||||||||||||||||||||                                     ] 40% [||||||||||||||||||||||||                                    ] 41% [||||||||||||||||||||||||                                    ] 42% [|||||||||||||||||||||||||                                   ] 43% [|||||||||||||||||||||||||                                   ] 44% [||||||||||||||||||||||||||                                  ] 45% [|||||||||||||||||||||||||||                                 ] 46% [|||||||||||||||||||||||||||                                 ] 47% [||||||||||||||||||||||||||||                                ] 48% [||||||||||||||||||||||||||||                                ] 49% [|||||||||||||||||||||||||||||                               ] 50% [||||||||||||||||||||||||||||||                              ] 51% [||||||||||||||||||||||||||||||                              ] 52% [|||||||||||||||||||||||||||||||                             ] 52% [|||||||||||||||||||||||||||||||                             ] 54% [||||||||||||||||||||||||||||||||                            ] 55% [|||||||||||||||||||||||||||||||||                           ] 56% [|||||||||||||||||||||||||||||||||                           ] 57% [||||||||||||||||||||||||||||||||||                          ] 58% [||||||||||||||||||||||||||||||||||                          ] 58% [|||||||||||||||||||||||||||||||||||                         ] 60% [||||||||||||||||||||||||||||||||||||                        ] 61% [||||||||||||||||||||||||||||||||||||                        ] 62% [|||||||||||||||||||||||||||||||||||||                       ] 63% [|||||||||||||||||||||||||||||||||||||                       ] 64% [||||||||||||||||||||||||||||||||||||||                      ] 65% [|||||||||||||||||||||||||||||||||||||||                     ] 66% [|||||||||||||||||||||||||||||||||||||||                     ] 67% [||||||||||||||||||||||||||||||||||||||||                    ] 68% [||||||||||||||||||||||||||||||||||||||||                    ] 69% [|||||||||||||||||||||||||||||||||||||||||                   ] 70% [||||||||||||||||||||||||||||||||||||||||||                  ] 71% [||||||||||||||||||||||||||||||||||||||||||                  ] 72% [|||||||||||||||||||||||||||||||||||||||||||                 ] 73% [|||||||||||||||||||||||||||||||||||||||||||                 ] 74% [||||||||||||||||||||||||||||||||||||||||||||                ] 75% [|||||||||||||||||||||||||||||||||||||||||||||               ] 76% [|||||||||||||||||||||||||||||||||||||||||||||               ] 77% [||||||||||||||||||||||||||||||||||||||||||||||              ] 78% [||||||||||||||||||||||||||||||||||||||||||||||              ] 79% [|||||||||||||||||||||||||||||||||||||||||||||||             ] 80% [||||||||||||||||||||||||||||||||||||||||||||||||            ] 81% [||||||||||||||||||||||||||||||||||||||||||||||||            ] 82% [|||||||||||||||||||||||||||||||||||||||||||||||||           ] 83% [|||||||||||||||||||||||||||||||||||||||||||||||||           ] 84% [||||||||||||||||||||||||||||||||||||||||||||||||||          ] 85% [|||||||||||||||||||||||||||||||||||||||||||||||||||         ] 86% [|||||||||||||||||||||||||||||||||||||||||||||||||||         ] 87% [||||||||||||||||||||||||||||||||||||||||||||||||||||        ] 88% [||||||||||||||||||||||||||||||||||||||||||||||||||||        ] 89% [|||||||||||||||||||||||||||||||||||||||||||||||||||||       ] 90% [||||||||||||||||||||||||||||||||||||||||||||||||||||||      ] 91% [||||||||||||||||||||||||||||||||||||||||||||||||||||||      ] 92% [|||||||||||||||||||||||||||||||||||||||||||||||||||||||     ] 93% [|||||||||||||||||||||||||||||||||||||||||||||||||||||||     ] 94% [||||||||||||||||||||||||||||||||||||||||||||||||||||||||    ] 95% [|||||||||||||||||||||||||||||||||||||||||||||||||||||||||   ] 96% [|||||||||||||||||||||||||||||||||||||||||||||||||||||||||   ] 97% [||||||||||||||||||||||||||||||||||||||||||||||||||||||||||  ] 98% [||||||||||||||||||||||||||||||||||||||||||||||||||||||||||  ] 99% [||||||||||||||||||||||||||||||||||||||||||||||||||||||||||| ]
Peak MFMA FLOPs (F32), GPU ID: 0, workgroupSize:256, workgroups:38912, experiments:100, FLOP:1275068416000, duration:9.1 ms, mean:139821.2 GFLOPS, stdev=671.4 GFLOPS
  0% [                                                            ]  1% [                                                            ]  2% [|                                                           ]  3% [|                                                           ]  4% [||                                                          ]  5% [|||                                                         ]  6% [|||                                                         ]  7% [||||                                                        ]  8% [||||                                                        ]  9% [|||||                                                       ] 10% [||||||                                                      ] 11% [||||||                                                      ] 12% [|||||||                                                     ] 13% [|||||||                                                     ] 14% [||||||||                                                    ] 15% [|||||||||                                                   ] 16% [|||||||||                                                   ] 17% [||||||||||                                                  ] 18% [||||||||||                                                  ] 19% [|||||||||||                                                 ] 20% [||||||||||||                                                ] 21% [||||||||||||                                                ] 22% [|||||||||||||                                               ] 23% [|||||||||||||                                               ] 24% [||||||||||||||                                              ] 25% [|||||||||||||||                                             ] 26% [|||||||||||||||                                             ] 27% [||||||||||||||||                                            ] 28% [||||||||||||||||                                            ] 29% [|||||||||||||||||                                           ] 30% [||||||||||||||||||                                          ] 31% [||||||||||||||||||                                          ] 32% [|||||||||||||||||||                                         ] 33% [|||||||||||||||||||                                         ] 34% [||||||||||||||||||||                                        ] 35% [|||||||||||||||||||||                                       ] 36% [|||||||||||||||||||||                                       ] 37% [||||||||||||||||||||||                                      ] 38% [||||||||||||||||||||||                                      ] 39% [|||||||||||||||||||||||                                     ] 40% [||||||||||||||||||||||||                                    ] 41% [||||||||||||||||||||||||                                    ] 42% [|||||||||||||||||||||||||                                   ] 43% [|||||||||||||||||||||||||                                   ] 44% [||||||||||||||||||||||||||                                  ] 45% [|||||||||||||||||||||||||||                                 ] 46% [|||||||||||||||||||||||||||                                 ] 47% [||||||||||||||||||||||||||||                                ] 48% [||||||||||||||||||||||||||||                                ] 49% [|||||||||||||||||||||||||||||                               ] 50% [||||||||||||||||||||||||||||||                              ] 51% [||||||||||||||||||||||||||||||                              ] 52% [|||||||||||||||||||||||||||||||                             ] 52% [|||||||||||||||||||||||||||||||                             ] 54% [||||||||||||||||||||||||||||||||                            ] 55% [|||||||||||||||||||||||||||||||||                           ] 56% [|||||||||||||||||||||||||||||||||                           ] 57% [||||||||||||||||||||||||||||||||||                          ] 58% [||||||||||||||||||||||||||||||||||                          ] 58% [|||||||||||||||||||||||||||||||||||                         ] 60% [||||||||||||||||||||||||||||||||||||                        ] 61% [||||||||||||||||||||||||||||||||||||                        ] 62% [|||||||||||||||||||||||||||||||||||||                       ] 63% [|||||||||||||||||||||||||||||||||||||                       ] 64% [||||||||||||||||||||||||||||||||||||||                      ] 65% [|||||||||||||||||||||||||||||||||||||||                     ] 66% [|||||||||||||||||||||||||||||||||||||||                     ] 67% [||||||||||||||||||||||||||||||||||||||||                    ] 68% [||||||||||||||||||||||||||||||||||||||||                    ] 69% [|||||||||||||||||||||||||||||||||||||||||                   ] 70% [||||||||||||||||||||||||||||||||||||||||||                  ] 71% [||||||||||||||||||||||||||||||||||||||||||                  ] 72% [|||||||||||||||||||||||||||||||||||||||||||                 ] 73% [|||||||||||||||||||||||||||||||||||||||||||                 ] 74% [||||||||||||||||||||||||||||||||||||||||||||                ] 75% [|||||||||||||||||||||||||||||||||||||||||||||               ] 76% [|||||||||||||||||||||||||||||||||||||||||||||               ] 77% [||||||||||||||||||||||||||||||||||||||||||||||              ] 78% [||||||||||||||||||||||||||||||||||||||||||||||              ] 79% [|||||||||||||||||||||||||||||||||||||||||||||||             ] 80% [||||||||||||||||||||||||||||||||||||||||||||||||            ] 81% [||||||||||||||||||||||||||||||||||||||||||||||||            ] 82% [|||||||||||||||||||||||||||||||||||||||||||||||||           ] 83% [|||||||||||||||||||||||||||||||||||||||||||||||||           ] 84% [||||||||||||||||||||||||||||||||||||||||||||||||||          ] 85% [|||||||||||||||||||||||||||||||||||||||||||||||||||         ] 86% [|||||||||||||||||||||||||||||||||||||||||||||||||||         ] 87% [||||||||||||||||||||||||||||||||||||||||||||||||||||        ] 88% [||||||||||||||||||||||||||||||||||||||||||||||||||||        ] 89% [|||||||||||||||||||||||||||||||||||||||||||||||||||||       ] 90% [||||||||||||||||||||||||||||||||||||||||||||||||||||||      ] 91% [||||||||||||||||||||||||||||||||||||||||||||||||||||||      ] 92% [|||||||||||||||||||||||||||||||||||||||||||||||||||||||     ] 93% [|||||||||||||||||||||||||||||||||||||||||||||||||||||||     ] 94% [||||||||||||||||||||||||||||||||||||||||||||||||||||||||    ] 95% [|||||||||||||||||||||||||||||||||||||||||||||||||||||||||   ] 96% [|||||||||||||||||||||||||||||||||||||||||||||||||||||||||   ] 97% [||||||||||||||||||||||||||||||||||||||||||||||||||||||||||  ] 98% [||||||||||||||||||||||||||||||||||||||||||||||||||||||||||  ] 99% [||||||||||||||||||||||||||||||||||||||||||||||||||||||||||| ]
Peak MFMA FLOPs (F64), GPU ID: 0, workgroupSize:256, workgroups:38912, experiments:100, FLOP:637534208000, duration:4.3 ms, mean:145246.1 GFLOPS, stdev=529.7 GFLOPS
  0% [                                                            ]  1% [                                                            ]  2% [|                                                           ]  3% [|                                                           ]  4% [||                                                          ]  5% [|||                                                         ]  6% [|||                                                         ]  7% [||||                                                        ]  8% [||||                                                        ]  9% [|||||                                                       ] 10% [||||||                                                      ] 11% [||||||                                                      ] 12% [|||||||                                                     ] 13% [|||||||                                                     ] 14% [||||||||                                                    ] 15% [|||||||||                                                   ] 16% [|||||||||                                                   ] 17% [||||||||||                                                  ] 18% [||||||||||                                                  ] 19% [|||||||||||                                                 ] 20% [||||||||||||                                                ] 21% [||||||||||||                                                ] 22% [|||||||||||||                                               ] 23% [|||||||||||||                                               ] 24% [||||||||||||||                                              ] 25% [|||||||||||||||                                             ] 26% [|||||||||||||||                                             ] 27% [||||||||||||||||                                            ] 28% [||||||||||||||||                                            ] 29% [|||||||||||||||||                                           ] 30% [||||||||||||||||||                                          ] 31% [||||||||||||||||||                                          ] 32% [|||||||||||||||||||                                         ] 33% [|||||||||||||||||||                                         ] 34% [||||||||||||||||||||                                        ] 35% [|||||||||||||||||||||                                       ] 36% [|||||||||||||||||||||                                       ] 37% [||||||||||||||||||||||                                      ] 38% [||||||||||||||||||||||                                      ] 39% [|||||||||||||||||||||||                                     ] 40% [||||||||||||||||||||||||                                    ] 41% [||||||||||||||||||||||||                                    ] 42% [|||||||||||||||||||||||||                                   ] 43% [|||||||||||||||||||||||||                                   ] 44% [||||||||||||||||||||||||||                                  ] 45% [|||||||||||||||||||||||||||                                 ] 46% [|||||||||||||||||||||||||||                                 ] 47% [||||||||||||||||||||||||||||                                ] 48% [||||||||||||||||||||||||||||                                ] 49% [|||||||||||||||||||||||||||||                               ] 50% [||||||||||||||||||||||||||||||                              ] 51% [||||||||||||||||||||||||||||||                              ] 52% [|||||||||||||||||||||||||||||||                             ] 52% [|||||||||||||||||||||||||||||||                             ] 54% [||||||||||||||||||||||||||||||||                            ] 55% [|||||||||||||||||||||||||||||||||                           ] 56% [|||||||||||||||||||||||||||||||||                           ] 57% [||||||||||||||||||||||||||||||||||                          ] 58% [||||||||||||||||||||||||||||||||||                          ] 58% [|||||||||||||||||||||||||||||||||||                         ] 60% [||||||||||||||||||||||||||||||||||||                        ] 61% [||||||||||||||||||||||||||||||||||||                        ] 62% [|||||||||||||||||||||||||||||||||||||                       ] 63% [|||||||||||||||||||||||||||||||||||||                       ] 64% [||||||||||||||||||||||||||||||||||||||                      ] 65% [|||||||||||||||||||||||||||||||||||||||                     ] 66% [|||||||||||||||||||||||||||||||||||||||                     ] 67% [||||||||||||||||||||||||||||||||||||||||                    ] 68% [||||||||||||||||||||||||||||||||||||||||                    ] 69% [|||||||||||||||||||||||||||||||||||||||||                   ] 70% [||||||||||||||||||||||||||||||||||||||||||                  ] 71% [||||||||||||||||||||||||||||||||||||||||||                  ] 72% [|||||||||||||||||||||||||||||||||||||||||||                 ] 73% [|||||||||||||||||||||||||||||||||||||||||||                 ] 74% [||||||||||||||||||||||||||||||||||||||||||||                ] 75% [|||||||||||||||||||||||||||||||||||||||||||||               ] 76% [|||||||||||||||||||||||||||||||||||||||||||||               ] 77% [||||||||||||||||||||||||||||||||||||||||||||||              ] 78% [||||||||||||||||||||||||||||||||||||||||||||||              ] 79% [|||||||||||||||||||||||||||||||||||||||||||||||             ] 80% [||||||||||||||||||||||||||||||||||||||||||||||||            ] 81% [||||||||||||||||||||||||||||||||||||||||||||||||            ] 82% [|||||||||||||||||||||||||||||||||||||||||||||||||           ] 83% [|||||||||||||||||||||||||||||||||||||||||||||||||           ] 84% [||||||||||||||||||||||||||||||||||||||||||||||||||          ] 85% [|||||||||||||||||||||||||||||||||||||||||||||||||||         ] 86% [|||||||||||||||||||||||||||||||||||||||||||||||||||         ] 87% [||||||||||||||||||||||||||||||||||||||||||||||||||||        ] 88% [||||||||||||||||||||||||||||||||||||||||||||||||||||        ] 89% [|||||||||||||||||||||||||||||||||||||||||||||||||||||       ] 90% [||||||||||||||||||||||||||||||||||||||||||||||||||||||      ] 91% [||||||||||||||||||||||||||||||||||||||||||||||||||||||      ] 92% [|||||||||||||||||||||||||||||||||||||||||||||||||||||||     ] 93% [|||||||||||||||||||||||||||||||||||||||||||||||||||||||     ] 94% [||||||||||||||||||||||||||||||||||||||||||||||||||||||||    ] 95% [|||||||||||||||||||||||||||||||||||||||||||||||||||||||||   ] 96% [|||||||||||||||||||||||||||||||||||||||||||||||||||||||||   ] 97% [||||||||||||||||||||||||||||||||||||||||||||||||||||||||||  ] 98% [||||||||||||||||||||||||||||||||||||||||||||||||||||||||||  ] 99% [||||||||||||||||||||||||||||||||||||||||||||||||||||||||||| ]
Peak MFMA IOPs (I8), GPU ID: 0, workgroupSize:256, workgroups:38912, experiments:100, IOP:5100273664000, duration:5.1 ms, mean:992458.2 GOPS, stdev=3607.1 GOPS

   [32mINFO[0m [roofline] Empirical Roofline PDFs saved!
   [32mINFO[0m [roofline] Checking for roofline.csv in /root/rocm-examples/Applications/memcp_profile/workloads/main_bp_all/MI300X_A1
   [32mINFO[0m [roofline] Empirical Roofline PDFs saved!
rocprof-compute analyze -p workloads/main_bp_all/MI300X_A1/ -b 3

                                 __                                       _
 _ __ ___   ___ _ __  _ __ ___  / _|       ___ ___  _ __ ___  _ __  _   _| |_ ___
| '__/ _ \ / __| '_ \| '__/ _ \| |_ _____ / __/ _ \| '_ ` _ \| '_ \| | | | __/ _ \
| | | (_) | (__| |_) | | | (_) |  _|_____| (_| (_) | | | | | | |_) | |_| | ||  __/
|_|  \___/ \___| .__/|_|  \___/|_|        \___\___/|_| |_| |_| .__/ \__,_|\__\___|
               |_|                                           |_|

   [32mINFO[0m Analysis mode = cli
   [32mINFO[0m fatal: not a git repository (or any of the parent directories): .git
   [32mINFO[0m [analysis] deriving rocprofiler-compute metrics...
  [31mERROR[0m PC sampling: can not read /root/rocm-examples/Applications/memcp_profile/workloads/main_bp_all/MI300X_A1/ps_file_kernel_trace.csv
[33mWARNING[0m Failed to evaluate expression '
to_round(to_avg(
(raw_pmc_df['pmc_perf']['TCP_TCP_LATENCY_sum'] / raw_pmc_df['pmc_perf']['TCP_TA_TCP_STATE_READ_sum']).where((raw_pmc_df['pmc_perf']['TCP_TA_TCP_STATE_READ_sum'] != 0), None)), 0)
': 'TCP_TCP_LATENCY_sum'.

--------------------------------------------------------------------------------
0. Top Stats
0.1 Top Kernels
╒═════════╤══════════════════════════════════════════╤═════════╤═══════════════╤═══════════════╤═══════════════╤════════╕
│   index │ Kernel_Name                              │   Count │       Sum(ns) │      Mean(ns) │    Median(ns) │    Pct │
╞═════════╪══════════════════════════════════════════╪═════════╪═══════════════╪═══════════════╪═══════════════╪════════╡
│       0 │ device_memcpy_kernel(int*, int*, unsigne │    1.00 │ 1228509375.52 │ 1228509375.52 │ 1228509375.52 │ 100.00 │
│         │ d long)                                  │         │               │               │               │        │
╘═════════╧══════════════════════════════════════════╧═════════╧═══════════════╧═══════════════╧═══════════════╧════════╛
0.2 Dispatch List
╒═════════╤═══════════════╤═════════════════════════════════════════════════╤══════════╕
│   index │   Dispatch_ID │ Kernel_Name                                     │   GPU_ID │
╞═════════╪═══════════════╪═════════════════════════════════════════════════╪══════════╡
│       0 │             0 │ device_memcpy_kernel(int*, int*, unsigned long) │        0 │
╘═════════╧═══════════════╧═════════════════════════════════════════════════╧══════════╛


--------------------------------------------------------------------------------
3. Memory Chart
3.1 Memory Chart
⣀⣀⣀⣀⣀⣀⣀⣀⣀⣀⣀⣀⣀⣀⣀⣀⣀⣀⣀⣀⣀⣀⣀⣀⣀⣀⣀⣀⣀⣀⣀⣀⣀⣀⣀⣀⣀⣀⣀⣀⣀⣀⣀⣀⣀⣀⣀⣀⣀⣀⣀⣀⣀⣀⣀⣀⣀⣀⣀⣀⣀⣀⣀⣀⣀⣀⣀⣀⣀⣀⣀⣀⣀⣀⣀⣀⣀⣀⣀⣀⣀⣀⣀⣀⣀⣀⣀⣀⣀⣀⣀⣀⣀⣀⣀⣀⣀⣀⣀⣀⣀⣀⣀⣀⣀⣀⣀⣀⣀⣀⣀⣀⣀⣀⣀⣀⣀⣀⣀⣀⣀⣀⣀⣀⣀⣀⣀⣀⣀⣀⣀⣀⣀⣀⣀⣀⣀⣀⣀⣀⣀⣀⣀⣀⣀⣀⣀⣀⣀⣀⣀⣀⣀⣀⣀⣀⣀⣀⣀⣀⣀⣀⣀⣀⣀⣀⣀⣀⣀⣀⣀⣀⣀⣀⣀⣀⣀⣀⣀⣀⣀⣀⣀⣀⣀⣀⣀⣀⣀⣀⣀⣀⣀⣀⣀⣀⣀⣀⣀⣀⣀⣀⣀⣀⣀⣀⣀⣀⣀⣀⣀⣀⣀⣀⣀⣀⣀⣀⣀⣀⣀⣀⣀⣀⣀⣀⣀⣀⣀⣀⣀⣀⣀⡀
⡇⠀⠀⠀⠀⠀⠀⠀⠀⠀⠀⠀⠀⠀⠀⠀⠀⠀⠀⠀⠀⠀⠀⠀⠀⠀⠀⠀⠀⠀⠀⠀⠀⠀⠀⠀⠀⠀⠀⠀⠀⠀⠀⠀⠀⠀⠀⠀⠀⠀⠀⠀⠀⠀⠀⠀⠀⠀⠀⠀⠀⠀⠀⠀⠀⠀⠀⠀⠀⠀⠀⠀⠀⠀⠀⠀⠀⠀⠀⠀⠀⠀⠀⠀⠀⠀⠀⠀⠀⠀⠀⠀⠀⠀⠀⠀⠀⠀⠀⠀⠀⠀⠀⠀⠀⠀⠀⠀⠀⠀⠀⠀⠀⠀⠀⠀⠀⠀⠀⠀⠀⠀⠀⠀⠀⠀⠀⠀⠀⠀⠀⠀⠀⠀⠀⠀⠀⠀⠀⠀⠀⠀⠀⠀⠀⠀⠀⠀⠀⠀⠀⠀⠀⠀⠀⠀⠀⠀⠀⠀⠀⠀⠀⠀⠀⠀⠀⠀⠀⠀⠀⠀⠀⠀⠀⠀⠀⠀⠀⠀⠀⠀⠀⠀⠀⠀⠀⠀⠀⠀⠀⠀⠀⠀⠀⠀⠀⠀⠀⠀⠀⠀⠀⠀⠀⠀⠀⠀⠀⠀⠀⠀⠀⠀⠀⠀⠀⠀⠀⠀⠀⠀⠀⠀⠀⠀⠀⠀⠀⠀⠀⠀⠀⡇
⡇⠀(Normalization: per_kernel)⠀⠀⠀⠀⠀⠀⠀⠀⠀⠀⠀⠀⠀⠀⠀⠀⠀⠀⠀⠀⠀⠀⠀⠀⠀⠀⠀⠀⠀⠀⠀⠀⠀⠀⠀⠀⠀⠀⠀⠀⠀⠀⠀⠀⠀⠀⠀⠀⠀⠀⠀⠀⠀⠀⠀⠀⠀⠀⠀⠀⠀⠀⠀⠀⠀⠀⠀⠀⠀⠀⠀⠀⠀⠀⠀⠀⠀⠀⠀⠀⠀⠀⠀⠀⠀⠀⠀⠀⠀⠀⠀⠀⠀⠀⠀⠀⠀⠀⠀⠀⠀⠀⠀⠀⠀⠀⠀⠀⠀⠀⠀⠀⠀⠀⠀⠀⠀⠀⠀⠀⠀⠀⠀⠀⠀⠀⠀⠀⠀⠀⠀⠀⠀⠀⠀⠀⠀⠀⠀⠀⠀⠀⠀⠀⠀⠀⠀⠀⠀⠀⠀⠀⠀⠀⠀⠀⠀⠀⠀⠀⠀⠀⠀⠀⠀⠀⠀⠀⠀⠀⠀⠀⠀⠀⠀⠀⠀⠀⠀⠀⠀⠀⠀⠀⠀⠀⠀⠀⠀⠀⠀⠀⠀⠀⠀⠀⠀⠀⠀⠀⠀⠀⠀⠀⡇
⡇⠀⠀⠀⠀⠀⠀⠀⠀⠀⠀⠀⠀⠀⠀⠀⠀⠀⠀⠀⠀⠀⠀⠀⠀⠀⠀⠀⠀⠀⠀⠀⠀⠀⠀⠀⠀⠀⠀⠀⠀⠀⠀⠀⠀⠀⠀⠀⠀⠀⠀⠀⠀⠀⠀⠀⠀⠀⠀⠀⠀⠀⠀⠀⠀⠀⠀⠀⠀⠀⠀⠀⠀⠀⠀⠀⠀⠀⠀⠀⠀⠀⠀⠀⠀⠀⠀⠀⠀⠀⠀⠀⠀⠀⠀⠀⠀⠀⠀⠀⠀⠀⠀⠀⠀⠀⠀⠀⠀⠀⠀⠀⠀⠀⠀⠀⠀⠀⠀⠀⠀⠀⠀⠀⠀⠀⠀⠀⠀⠀⠀⠀⠀⠀⠀⠀⠀⠀⠀⠀⠀⠀⠀⠀⠀⠀⠀⠀⠀⠀⠀⠀⠀⠀⠀⠀⠀⠀⠀⠀⠀⠀⠀⠀⠀⠀⠀⠀⠀⠀⠀⠀⠀⠀⠀⠀⠀⠀⠀⠀⠀⠀⠀⠀⠀⠀⠀⠀⠀⠀⠀⠀⠀⠀⠀⠀⠀⠀⠀⠀⠀⠀⠀⠀⠀⠀⠀⠀⠀⠀⠀⠀⠀⠀⠀⠀⠀⠀⠀⠀⠀⠀⠀⠀⠀⠀⠀⠀⠀⠀⠀⠀⠀⡇
⡇⠀Instr Buff⠀⠀⠀⠀⠀⠀⠀⠀⠀⠀⠀⠀⠀⠀⠀⠀⠀⠀⠀⠀⠀⠀⠀⠀⠀⠀Instr Dispatch⠀⠀⠀⠀⠀⠀Exec⠀⠀⠀⠀⠀⠀⠀⠀⠀⠀⠀⠀⠀⠀⠀⠀⠀⠀⠀⠀⠀⠀⠀⠀⠀⠀⠀⠀⠀⠀⠀⠀⠀LDS⠀⠀⠀⠀⠀⠀⠀⠀⠀⠀⠀⠀⠀⠀⠀⠀⠀⠀⠀⠀⠀⠀⠀⠀⠀⠀⠀⠀⠀⠀⠀⠀⠀⠀⠀⠀⠀⠀⠀⠀L2 Cache⠀⠀⠀⠀⠀⠀⠀⠀⠀⠀⠀⠀⠀⠀⠀⠀⠀⠀⠀⠀⠀⠀⠀⠀⠀⠀⠀⠀⠀⠀⠀⠀⠀⠀⠀⠀⠀⠀⠀⠀⠀⠀⠀⠀⠀⠀⠀⠀⠀⠀⠀⠀⠀⠀⠀⠀⠀⠀⠀⠀⠀⠀⠀⠀⠀⠀⠀⠀⠀⠀⠀⠀⠀⠀⠀⠀⠀⠀⠀⠀⠀⠀⠀⠀⠀⠀⠀⡇
⡇⠀⠀⠀⣀⣀⣀⣀⣀⣀⣀⣀⣀⣀⣀⣀⣀⣀⣀⣀⣀⣀⣀⣀⣀⣀⣀⣀⣀⡀⠀⠀⡀⠀⠀⠀⠀⠀⠀⠀⠀⠀⠀⠀⠀⠀⠀⠀⠀⠀⠀⠀⠀⠀⠀⠀⠀⠀⣀⣀⣀⣀⣀⣀⣀⣀⣀⣀⣀⣀⣀⣀⣀⣀⣀⣀⣀⣀⡀⠀⠀⠀⠀⠀⠀⠀⠀⠀⠀⠀⠀⠀⠀⠀⠀⣀⣀⣀⣀⣀⣀⣀⣀⣀⣀⣀⣀⣀⣀⣀⣀⣀⣀⣀⣀⣀⣀⣀⣀⡀⠀⠀⠀⠀⠀⠀⠀⠀⠀⠀⠀⠀⠀⠀⠀⠀⠀⠀⣀⣀⣀⣀⣀⣀⣀⣀⣀⣀⣀⣀⣀⣀⣀⣀⣀⣀⣀⣀⣀⣀⣀⣀⡀⠀⠀⠀⠀⠀⠀⠀⠀⠀⠀⠀⠀⠀⠀⠀⠀⠀⠀⠀⠀⠀⠀⠀⠀⠀⣀⣀⣀⣀⣀⣀⣀⣀⣀⣀⡀⠀⠀⠀⠀⠀⠀⠀⠀⠀⠀⠀⠀⠀⠀⠀⠀⠀⠀⠀⠀⠀⠀⠀⠀⠀⠀⠀⠀⠀⠀⠀⠀⠀⠀⡇
⡇⠀⣀⣖⣗⣒⣒⣒⣒⣒⣒⣒⣒⣒⣒⣒⣒⣒⣒⣒⣒⣒⣒⣒⣒⣒⣒⡒⡆⡇⠀⠀⡏⠢⢄⠀⠀⠀⠀⠀⠀SALU: 51300532⠀⠀⠀⡇⠀⠀⠀⠀⠀⠀⠀⠀⠀⠀⠀⠀⠀⠀⠀⠀⠀⠀⠀⡇⠀⠀⠀⠀⠀⠀⠀⠀⠀⠀⠀⠀⠀⠀⠀⠀⡇⠀⠀⠀⠀⠀⠀⠀⠀⠀⠀⠀⠀⠀⠀⠀⠀⠀⠀⠀⠀⠀⠀⠀⡇⠀⠀⠀⠀⠀⠀⠀⠀⠀⠀⠀⠀⠀⠀⠀⠀⠀⠀⡇⠀⠀⠀⠀⠀⠀⠀⠀⠀⠀⠀⠀⠀⠀⠀⠀⠀⠀⠀⠀⠀⠀⠀⡇⠀⠀⠀⠀⠀⠀⠀⠀⠀⠀⠀⠀⠀⠀⠀⠀⠀⠀⠀⠀⠀⠀⠀⠀⠀⡇⠀⠀⠀⠀⠀⠀⠀⠀⠀⡇⠀⠀⠀⠀⠀⠀⠀⠀⠀⠀⠀⠀⠀⠀⠀⠀⠀⠀⠀⠀⠀⠀⠀⠀⠀⠀⠀⠀⠀⠀⠀⠀⠀⠀⡇
⡇⠀⡇⡇⡇⠀⣀⣀⣀⣀⣀⣀⣀⣀⣀⣀⣀⣀⣀⣀⣀⣀⣀⣀⣀⡀⠀⡇⡇⡇⠀⠀⡇⠀⠀⠑⡆⠀------------------>⠀⡇⠀Active CUs⠀⠀⠀⠀⠀⠀⠀⠀⡇⠀⠀Req:    0⠀⠀⠀⠀⠀⡇⠀Util:      0 %⠀⠀⠀⠀⠀⠀⠀⠀⡇⠀⠀⠀⠀⠀⠀⠀⠀⠀⠀⠀⠀⠀⠀⠀⠀⠀⠀⡇⠀⠀⠀⠀⠀⠀⠀⠀⠀⠀⠀⠀⠀⠀⠀⠀⠀⠀⠀⠀⠀⠀⠀⡇⠀⠀⠀⠀⠀⠀⠀⠀⠀⠀⠀⠀⠀⠀⠀⠀⠀⠀⠀⠀⠀⠀⠀⠀⠀⡇xGMI/PCIe⡇⠀⠀⠀⠀⠀⠀⠀⠀⠀⠀⠀⠀⠀⠀⠀⠀⠀⠀⠀⠀⠀⠀⠀⠀⠀⠀⠀⠀⠀⠀⠀⠀⠀⠀⡇
⡇⠀⡇⡇⡇⠀⡇Wave   0 Instr Buf⡇⠀⡇⡇⡇⠀⠀⡇⠀⠀⠀⡇⠀⠀⠀⠀⠀⠀⠀⠀⠀⠀⠀⠀⠀⠀⠀⠀⠀⠀⠀⠀⠀⡇⠀n/a: 304⠀⠀⠀⠀⠀⠀⠀⠀⠀⠀⡇<---------------⡇⠀⠀⠀⠀⠀⠀⠀⠀⠀⠀⠀⠀⠀⠀⠀⠀⠀⠀⠀⠀⠀⠀⠀⡇⠀⠀⠀⠀⠀⠀⠀⠀⠀⠀⠀⠀⠀⠀⠀⠀⠀⠀⡇⠀⣀⣀⣀⣀⣀⣀⣀⣀⣀⣀⣀⣀⣀⣀⣀⣀⣀⣀⣀⣀⡀⠀⡇⠀⠀⠀⠀⠀⠀⠀⠀⠀⠀⠀⠀⠀⠀⠀⠀⠀⠀⠀⠀⠀⠀⠀⠀⠀⡇⠀⠀⠀⠀⠀⠀⠀⠀⠀⡇⠀⠀⠀⠀⠀⠀⠀⠀⠀⠀⠀⠀⠀⠀⠀⠀⠀⠀⠀⠀⠀⠀⠀⠀⠀⠀⠀⠀⠀⠀⠀⠀⠀⠀⡇
⡇⠀⡇⡇⡇⠀⠓⠒⠒⠒⠒⠒⠒⠒⠒⠒⠒⠒⠒⠒⠒⠒⠒⠒⠒⠃⠀⡇⡇⡇⠀⠀⡇⠀⠀⠀⡇⠀⠀⠀⠀SMEM: 50429515⠀⠀⠀⡇⠀⠀⠀⠀⠀⠀⠀⠀⠀⠀⠀⠀⠀⠀⠀⠀⠀⠀⠀⡇⠀⠀⠀⠀⠀⠀⠀⠀⠀⠀⠀⠀⠀⠀⠀⠀⡇⠀Lat:    N/A⠀⠀⠀⠀⠀⠀⠀⠀⠀⠀⠀⡇⠀⠀⠀⠀⠀⠀⠀⠀⠀⠀⠀⠀⠀⠀⠀⠀⠀⠀⡇⠀⡇⠀Hit:      0 %⠀⠀⠀⠀⠀⡇⠀⡇⠀⠀⠀⠀⠀⠀⠀⠀⠀⠀⠀⠀⠀⠀⠀⠀⠀⠀⠀⠀⠀⠀⠀⠀⠀⣇⣀⣀⣀⣀⣀⣀⣀⣀⣀⡇⠀⠀⠀⠀⠀⠀⠀⠀⠀⠀⠀⠀⠀⠀⠀⠀⠀⠀⠀⠀⠀⠀⠀⠀⠀⠀⠀⠀⠀⠀⠀⠀⠀⠀⡇
⡇⠀⡇⡇⡇⠀⠀⠀⠀⠀⠀⠀⠀⠀⠀⠀⠀⠀⠀⠀⠀⠀⠀⠀⠀⠀⠀⡇⡇⡇⠀⠀⡇⠀⠀⠀⡇⠀------------------>⠀⡇⠀⣀⣀⣀⣀⣀⣀⣀⣀⣀⣀⣀⣀⣀⣀⣀⣀⡀⠀⡇⠀⠀⠀⠀⠀⠀⠀⠀⠀⠀⠀⠀⠀⠀⠀⠀⣇⣀⣀⣀⣀⣀⣀⣀⣀⣀⣀⣀⣀⣀⣀⣀⣀⣀⣀⣀⣀⣀⣀⣀⡇⠀⠀⠀⠀⠀⠀⠀⠀⠀⠀⠀⠀⠀⠀⠀⠀⠀⠀⡇⠀⣇⣀⣀⣀⣀⣀⣀⣀⣀⣀⣀⣀⣀⣀⣀⣀⣀⣀⣀⣀⡇⠀⡇⠀⠀⠀⠀⠀⠀⠀⠀⠀⠀⠀⠀⠀⠀⠀⠀⠀⠀⠀⠀⠀⠀⠀⠀⠀⠀⠀⠀^   |⠀⠀⠀⠀⠀⠀⠀⠀⠀⠀⠀⠀⠀⠀⠀⠀⠀⠀⠀⠀⠀⠀⠀⠀⠀⠀⠀⠀⠀⠀⠀⠀⠀⠀⠀⠀⠀⡇
⡇⠀⡇⡇⡇⠀⣀⣀⣀⣀⣀⣀⣀⣀⣀⣀⣀⣀⣀⣀⣀⣀⣀⣀⣀⡀⠀⡇⡇⡇⠀⠀⡇⠀⠀⠀⡇⠀⠀⠀⠀⠀⠀⠀⠀⠀⠀⠀⠀⠀⠀⠀⠀⠀⠀⠀⠀⠀⡇⠀⡇⠀RVGPRseq:   4.0⠀⡇⠀⠀⠀⠀⠀⠀⠀⠀⠀⠀⠀⠀⠀⠀⠀⠀⠀⠀⠀⠀⠀⠀⠀⠀⠀⠀⠀⠀⠀⠀⠀⠀⠀⠀⠀⠀⠀⠀⠀⠀⠀⠀⠀⠀⠀⠀⠀⠀⠀⠀⠀⠀⠀⠀⠀⠀⠀⠀⠀⡇⠀⠀⠀⠀⠀⠀⠀⠀⠀⠀⠀⠀⠀⠀⠀⠀⠀⠀⠀⠀⠀⠀⠀⡇⠀⠀⠀⠀⠀⠀⠀⠀⠀⠀⠀⠀⠀⠀⠀⠀⠀⠀⠀⠀⠀⠀⠀⠀⠀⠀⠀⠀|   |⠀⠀⠀⠀⠀⠀⠀⠀⠀⠀⠀⠀⠀⠀⠀⠀⠀⠀⠀⠀⠀⠀⠀⠀⠀⠀⠀⠀⠀⠀⠀⠀⠀⠀⠀⠀⠀⡇
⡇⠀⡇⡇⡇⠀⡇Wave N-1 Instr Buf⡇⠀⡇⡇⡇⠀⠀⡇⠀⠀⠀⡇⠀⠀⠀⠀VALU: 117478396⠀⠀⡇⠀⣇⣀⣀⣀⣀⣀⣀⣀⣀⣀⣀⣀⣀⣀⣀⣀⡇⠀⡇⠀⠀⠀⠀⠀⠀⠀⠀⠀⠀⠀⠀⠀⠀⠀⠀Vector L1 Cache⠀⠀⠀⠀⠀⠀⠀⠀⠀⠀⠀⠀⠀⠀⠀⠀⠀⠀⠀⠀⠀⠀⠀⠀⠀⠀⠀⠀⡇⠀Request⠀⠀⠀⠀⠀⠀⠀⠀⠀⠀⠀⠀⠀⠀⠀⡇⠀⠀⠀⠀⠀⠀⠀⠀⠀⠀⠀⠀⠀⠀⠀⠀⠀⠀⠀⠀⠀⠀⠀⠀⠀⠀⠀⠀|   |⠀⠀⠀⠀⠀⠀⠀⠀⠀⠀⠀⠀⠀⠀⠀⠀⠀⠀⠀⠀⠀⠀⠀⠀⠀⠀⠀⠀⠀⠀⠀⠀⠀⠀⠀⠀⠀⡇
⡇⠀⡇⡇⡇⠀⠓⠒⠒⠒⠒⠒⠒⠒⠒⠒⠒⠒⠒⠒⠒⠒⠒⠒⠒⠃⠀⡇⡇⡇⠀⠀⡇⠀⠀⠀⡇⠀------------------>⠀⡇⠀⣀⣀⣀⣀⣀⣀⣀⣀⣀⣀⣀⣀⣀⣀⣀⣀⡀⠀⡇⠀⠀⠀⠀⠀⠀⠀⠀⠀⠀⠀⠀⠀⠀⠀⠀⣀⣀⣀⣀⣀⣀⣀⣀⣀⣀⣀⣀⣀⣀⣀⣀⣀⣀⣀⣀⣀⣀⣀⣀⡀⠀⠀⠀⠀⠀⠀⠀⠀⠀⠀⠀⠀⠀⠀⠀⠀⠀⠀⡇⠀⡖⠒⠒⠒⠒⠒⠒⠒⠒⠒⠒⠒⠒⠒⠒⠒⠒⠒⠒⠒⡆⠀⡇⠀⠀⠀⠀⠀⠀⠀⠀⠀⠀⠀⠀⠀⠀⠀⠀⠀⠀⠀⠀⠀⠀⠀⠀⠀⠀⠀⠀|   v⠀⠀⠀⠀⠀⠀⠀⠀⠀⠀⠀⠀⠀⠀⠀⠀⠀⠀⠀⠀⠀⠀⠀⠀⠀⠀⠀⠀⠀⠀⠀⠀⠀⠀⠀⠀⠀⡇
⡇⠀⡇⡇⡇⠀⠀⠀⠀⠀⠀⠀⠀⠀⠀⠀⠀⠀⠀⠀⠀⠀⠀⠀⠀⠀⠀⡇⡇⡇⠀⠀⡇⠀⠀⠀⡇⠀⠀⠀⠀⠀⠀⠀⠀⠀⠀⠀⠀⠀⠀⠀⠀⠀⠀⠀⠀⠀⡇⠀⡇⠀SGPRs:    16⠀⠀⡇⠀⡇⠀⠀⠀⠀⠀⠀⠀⠀⠀⠀⠀⠀⠀⠀⠀⠀⡇⠀⠀⠀⠀⠀⠀⠀⠀⠀⠀⠀⠀⠀⠀⠀⠀⠀⠀⠀⠀⠀⠀⠀⡇⠀⠀⠀⠀⠀⠀⠀⠀⠀⠀⠀⠀⠀⠀⠀⠀⠀⠀⡇⠀⡇⠀⠀⠀⠀⠀⠀⠀⠀⠀⠀⠀⠀⠀⠀⠀⠀⠀⠀⠀⡇⠀⡇⠀⠀⠀⠀⠀⠀⠀⠀⠀⠀⠀⠀⠀⠀⠀⠀⠀⠀⣀⣀⣀⣀⣀⣀⣀⣀⣀⣀⣀⣀⣀⣀⣀⣀⣀⣀⣀⣀⣀⣀⣀⣀⡀⠀⠀⠀⠀⠀⠀⠀⠀⠀⠀⠀⠀⠀⠀⠀⠀⠀⠀⠀⠀⠀⠀⠀⠀⠀⠀⠀⡇
⡇⠀⡇⡇⡇⠀⠀⠀⠀⠀⠀⠀⠀⠀⠀⠀⠀⠀⠀⠀⠀⠀⠀⠀⠀⠀⠀⡇⡇⡇⠀⠀⡇⠀⠀⠀⡇⠀⠀⠀⠀MFMA: 0   ⠀⠀⠀⠀⠀⠀⠀⡇⠀⣇⣀⣀⣀⣀⣀⣀⣀⣀⣀⣀⣀⣀⣀⣀⣀⡇⠀⡇⠀⠀Rd: 269041600⠀⡇⠀Hit:     25 %⠀⠀⠀⠀⠀⠀⠀⠀⠀⡇⠀⠀⠀Rd: 34042009⠀⠀⠀⡇⠀⡇⠀Rd: 84017168⠀⠀⠀⠀⠀⠀⡇⠀⡇⠀⠀⠀⠀⠀⠀⠀⠀⠀⠀⠀⠀⠀⠀⠀⠀⠀⠀⡇⠀⠀⠀⠀⠀⠀⠀⠀⠀⠀⠀⠀⠀⠀⠀⠀⠀⠀⠀⠀⠀⠀⠀⡇⠀⠀⠀⠀⠀⠀⠀⠀⠀⠀⠀⠀⠀⠀⠀⠀⠀⠀⠀⠀⠀⠀⠀⠀⠀⠀⠀⡇
⡇⠀⡇⡇⡇⠀⠀⠀⠀⠀⠀⠀⠀⠀⠀⠀⠀⠀⠀⠀⠀⠀⠀⠀⠀⠀⠀⡇⡇⡇⠀⠀⡇⠀⠀⠀⡇⠀------------------>⠀⡇⠀⠀⠀⠀⠀⠀⠀⠀⠀⠀⠀⠀⠀⠀⠀⠀⠀⠀⠀⡇<---------------⡇⠀⠀⠀⠀⠀⠀⠀⠀⠀⠀⠀⠀⠀⠀⠀⠀⠀⠀⠀⠀⠀⠀⠀⡇⠀<---------------⠀⡇⠀⡇⠀⠀⠀⠀⠀⠀⠀⠀⠀⠀⠀⠀⠀⠀⠀⠀⠀⠀⠀⡇⠀⡇⠀⠀⠀⠀⠀⠀⠀⠀⠀⠀⠀⠀⠀⠀⠀⠀⠀⠀⡇⠀⠀⠀⠀⠀   Fabric⠀⠀⠀⠀⠀⠀⠀⠀⠀⡇⠀⠀⠀⠀⠀⠀⠀⠀⠀⠀⠀⠀⠀⠀⠀⠀⠀⠀⠀⠀⠀⠀⠀⠀⠀⠀⠀⡇
⡇⠀⡇⡇⡇⠀⠀⠀⠀⠀⠀⠀⠀⠀⠀⠀⠀⠀⠀⠀⠀⠀⠀⠀⠀⠀⠀⡇⡇⡇⠀⠀⡇⠀⠀⠀⡇⠀⠀⠀⠀⠀⠀⠀⠀⠀⠀⠀⠀⠀⠀⠀⠀⠀⠀⠀⠀⠀⡇⠀⣀⣀⣀⣀⣀⣀⣀⣀⣀⣀⣀⣀⣀⣀⣀⣀⡀⠀⡇⠀⠀Wt: 268823296⠀⡇⠀Lat:    N/A⠀⠀⠀⠀⠀⠀⠀⠀⠀⠀⠀⡇⠀⠀⠀Wr: 67221120⠀⠀⠀⡇⠀⡇⠀Wr: 67108864⠀⠀⠀⠀⠀⠀⡇⠀⡇⠀⠀⠀Rd: 84009899⠀⠀⠀⡇⠀⠀⠀⠀⠀⠀⠀⠀⠀⠀⠀⠀⠀⠀⠀⠀⠀⠀⠀⠀⠀⠀⠀⡇⠀⠀⠀⠀⠀⠀⠀⠀⠀⠀⠀⠀⠀⠀⣀⣀⣀⣀⣀⣀⣀⣀⣀⣀⡀⠀⠀⡇
⡇⠀⡇⡇⡇⠀⠀⠀⠀⠀⠀⠀⠀⠀⠀⠀⠀⠀⠀⠀⠀⠀⠀⠀⠀⠀⠀⡇⡇⡇⠀⠀⡇⠀⠀⠀⡇⠀⠀⠀⠀VMEM: 33554432⠀⠀⠀⡇⠀⡇⠀LDS Alloc:⠀⠀⠀⠀⡇⠀⡇--------------->⡇⠀⠀⠀⠀⠀⠀⠀⠀⠀⠀⠀⠀⠀⠀⠀⠀⠀⠀⠀⠀⠀⠀⠀⡇⠀--------------->⠀⡇⠀⡇⠀⠀⠀⠀⠀⠀⠀⠀⠀⠀⠀⠀⠀⠀⠀⠀⠀⠀⠀⡇⠀⡇⠀<---------------⠀⡇⠀Latency (cycles)⠀⠀⠀⠀⠀⠀⡇⠀⠀⠀Rd: 84542772⠀⠀⠀⠀⠀⠀⠀⠀⠀⡇⠀⠀⡇
⡇⠀⡇⡇⡇⠀⠀⠀⠀⠀⠀⠀⠀⠀⠀⠀⠀⠀⠀⠀⠀⠀⠀⠀⠀⠀⠀⡇⡇⡇⠀⠀⡇⠀⠀⠀⡇⠀------------------>⠀⡇⠀⡇⠀            0⠀⡇⠀⡇⠀⠀Atomic:    0⠀⠀⡇⠀Coales:    100 %⠀⠀⠀⠀⠀⠀⡇⠀⠀⠀Atomic:    0⠀⠀⠀⡇⠀⡇⠀Atomic:      0⠀⠀⠀⠀⡇⠀⡇⠀⠀⠀Wr: 67263557⠀⠀⠀⡇⠀⡖⠒⠒⠒⠒⠒⠒⠒⠒⠒⠒⠒⠒⠒⠒⠒⠒⠒⠒⠒⡆⠀⡇⠀<-----------⠀⡇⠀⠀⠀HBM⠀⠀⠀⡇⠀⠀⡇
⡇⠀⡇⡇⡇⠀⠀⠀⠀⠀⠀⠀⠀⠀⠀⠀⠀⠀⠀⠀⠀⠀⠀⠀⠀⠀⠀⡇⡇⡇⠀⠀⡇⠀⠀⠀⡇⠀⠀⠀⠀⠀⠀⠀⠀⠀⠀⠀⠀⠀⠀⠀⠀⠀⠀⠀⠀⠀⡇⠀⣇⣀⣀⣀⣀⣀⣀⣀⣀⣀⣀⣀⣀⣀⣀⣀⡇⠀⡇<-------------->⡇⠀⠀⠀⠀⠀⠀⠀⠀⠀⠀⠀⠀⠀⠀⠀⠀⠀⠀⠀⠀⠀⠀⠀⡇⠀<-------------->⠀⡇⠀⡇⠀⠀⠀⠀⠀⠀⠀⠀⠀⠀⠀⠀⠀⠀⠀⠀⠀⠀⠀⡇⠀⡇⠀--------------->⠀⡇⠀⡇⠀Rd:   3590⠀⠀⠀⠀⠀⠀⠀⠀⡇⠀⡇⠀⠀⠀Wr: 67280756⠀⠀⠀⠀⠀⠀⠀⠀⠀⡇⠀⠀⡇
⡇⠀⡇⡇⡇⠀⠀⠀⠀⠀⠀⠀⠀⠀⠀⠀⠀⠀⠀⠀⠀⠀⠀⠀⠀⠀⠀⡇⡇⡇⠀⠀⡇⠀⠀⠀⡇⠀⠀⠀⠀LDS: 0   ⠀⠀⠀⠀⠀⠀⠀⠀⡇⠀⣀⣀⣀⣀⣀⣀⣀⣀⣀⣀⣀⣀⣀⣀⣀⣀⡀⠀⡇⠀⠀⠀⠀⠀⠀⠀⠀⠀⠀⠀⠀⠀⠀⠀⠀⡇⠀Stall:      0 cycles⠀⠀⡇⠀⠀⠀⠀⠀⠀⠀⠀⠀⠀⠀⠀⠀⠀⠀⠀⠀⠀⡇⠀⣇⣀⣀⣀⣀⣀⣀⣀⣀⣀⣀⣀⣀⣀⣀⣀⣀⣀⣀⣀⡇⠀⡇⠀⠀⠀Atomic:    0⠀⠀⠀⡇⠀⡇⠀Wr:    248⠀⠀⠀⠀⠀⠀⠀⠀⡇⠀⡇⠀----------->⠀⣇⣀⣀⣀⣀⣀⣀⣀⣀⣀⡇⠀⠀⡇
⡇⠀⡇⡇⡇⠀⠀⠀⠀⠀⠀⠀⠀⠀⠀⠀⠀⠀⠀⠀⠀⠀⠀⠀⠀⠀⠀⡇⡇⡇⠀⠀⡇⠀⠀⠀⡇⠀------------------>⠀⡇⠀⡇⠀Scratch Alloc:⡇⠀⡇⠀⠀⠀⠀⠀⠀⠀⠀⠀⠀⠀⠀⠀⠀⠀⠀⣇⣀⣀⣀⣀⣀⣀⣀⣀⣀⣀⣀⣀⣀⣀⣀⣀⣀⣀⣀⣀⣀⣀⣀⡇⠀⠀⠀⠀⠀⠀⠀⠀⠀⠀⠀⠀⠀⠀⠀⠀⠀⠀⡇⠀⠀⠀⠀⠀⠀⠀⠀⠀⠀⠀⠀⠀⠀⠀⠀⠀⠀⠀⠀⠀⠀⠀⡇⠀--------------->⠀⡇⠀⡇⠀Atomic:      0⠀⠀⠀⠀⡇⠀⡇⠀⠀⠀⠀⠀⠀⠀⠀⠀⠀⠀⠀⠀⠀⠀⠀⠀⠀⠀⠀⠀⠀⠀⠀⠀⠀⠀⡇
⡇⠀⡇⡇⡇⠀⠀⠀⠀⠀⠀⠀⠀⠀⠀⠀⠀⠀⠀⠀⠀⠀⠀⠀⠀⠀⠀⡇⡇⡇⠀⠀⡇⠀⠀⠀⡇⠀⠀⠀⠀⠀⠀⠀⠀⠀⠀⠀⠀⠀⠀⠀⠀⠀⠀⠀⠀⠀⡇⠀⡇⠀            0⠀⡇⠀⡇⠀⠀⠀⠀⠀⠀⠀⠀⠀⠀⠀⠀⠀⠀⠀⠀⠀⠀⠀⠀⠀⠀⠀⠀⠀⠀⠀⠀⠀⠀⠀⠀⠀⠀⠀⠀⠀⠀⠀⠀⠀⠀⠀⠀⠀⠀⠀⠀⠀⠀⠀⠀⠀⠀⠀⠀⠀⠀⠀⡇⠀⠀⠀⠀⠀⠀⠀⠀⠀⠀⠀⠀⠀⠀⠀⠀⠀⠀⠀⠀⠀⠀⠀⡇⠀⠀⠀⠀⠀⠀⠀⠀⠀⠀⠀⠀⠀⠀⠀⠀⠀⠀⡇⠀⣇⣀⣀⣀⣀⣀⣀⣀⣀⣀⣀⣀⣀⣀⣀⣀⣀⣀⣀⣀⡇⠀⡇⠀⠀⠀⠀⠀⠀⠀⠀⠀⠀⠀⠀⠀⠀⠀⠀⠀⠀⠀⠀⠀⠀⠀⠀⠀⠀⠀⡇
⡇⠀⡇⡇⡇⠀⠀⠀⠀Wave Occupancy⠀⠀⠀⠀⡇⡇⡇⠀⠀⡇⠀⠀⠀⡇⠀⠀⠀⠀GWS: 0   ⠀⠀⠀⠀⠀⠀⠀⠀⡇⠀⣇⣀⣀⣀⣀⣀⣀⣀⣀⣀⣀⣀⣀⣀⣀⣀⡇⠀⡇⠀⠀⠀⠀⠀⠀⠀⠀⠀⠀⠀⠀⠀⠀⠀⠀Scalar L1D Cache⠀⠀⠀⠀⠀⠀⠀⠀⠀⠀⠀⠀⠀⠀⠀⠀⠀⠀⠀⠀⠀⠀⠀⠀⠀⠀⠀⡇⠀Latency (cycles)⠀⠀⠀⠀⠀⠀⡇⠀⠀⠀⠀⠀⠀⠀⠀⠀⠀⠀⠀⠀⠀⠀⠀⠀⠀⡇⠀⠀⠀⠀⠀⠀⠀⠀⠀⠀⠀⠀⠀⠀⠀⠀⠀⠀⠀⠀⠀⠀⠀⡇⠀⠀⠀⠀⠀⠀⠀⠀⠀⠀⠀⠀⠀⠀⠀⠀⠀⠀⠀⠀⠀⠀⠀⠀⠀⠀⠀⡇
⡇⠀⡇⡇⡇⠀⠀⠀⠀⠀⠀⠀  0⠀⠀⠀⠀⠀⠀⠀⠀⠀⠀⠀⠀⡇⡇⡇⠀⠀⡇⠀⠀⠀⡇⠀------------------>⠀⡇⠀⠀⠀⠀⠀⠀⠀⠀⠀⠀⠀⠀⠀⠀⠀⠀⠀⠀⠀⡇⠀⠀⠀⠀⠀⠀⠀⠀⠀⠀⠀⠀⠀⠀⠀⠀⣀⣀⣀⣀⣀⣀⣀⣀⣀⣀⣀⣀⣀⣀⣀⣀⣀⣀⣀⣀⣀⣀⣀⣀⡀⠀⠀⠀Rd: 50420800⠀⠀⠀⡇⠀⡖⠒⠒⠒⠒⠒⠒⠒⠒⠒⠒⠒⠒⠒⠒⠒⠒⠒⠒⠒⡆⠀⡇⠀⠀⠀⠀⠀⠀⠀⠀⠀⠀⠀⠀⠀⠀⠀⠀⠀⠀⣇⣀⣀⣀⣀⣀⣀⣀⣀⣀⣀⣀⣀⣀⣀⣀⣀⣀⣀⣀⣀⣀⣀⣀⡇⠀⠀⠀⠀⠀⠀⠀⠀⠀⠀⠀⠀⠀⠀⠀⠀⠀⠀⠀⠀⠀⠀⠀⠀⠀⠀⠀⡇
⡇⠀⡇⡇⡇⠀⠀⠀⠀Wave Life⠀⠀⠀⠀⠀⠀⠀⠀⠀⡇⡇⡇⠀⠀⡇⠀⠀⠀⡇⠀⠀⠀⠀⠀⠀⠀⠀⠀⠀⠀⠀⠀⠀⠀⠀⠀⠀⠀⠀⠀⡇⠀⣀⣀⣀⣀⣀⣀⣀⣀⣀⣀⣀⣀⣀⣀⣀⣀⡀⠀⡇⠀⠀⠀⠀⠀⠀⠀⠀⠀⠀⠀⠀⠀⠀⠀⠀⡇⠀⠀⠀⠀⠀⠀⠀⠀⠀⠀⠀⠀⠀⠀⠀⠀⠀⠀⠀⠀⠀⠀⠀⡇⠀<---------------⠀⡇⠀⡇⠀⠀⠀⠀⠀⠀⠀⠀⠀⠀⠀⠀⠀⠀⠀⠀⠀⠀⠀⡇⠀⡇⠀⠀⠀⠀⠀⠀⠀⠀⠀⠀⠀⠀⠀⠀⠀⠀⠀⠀⠀⠀⠀⠀⠀⠀⠀⠀⠀⠀^   |⠀⠀⠀⠀⠀⠀⠀⠀⠀⠀⠀⠀⠀⠀⠀⠀⠀⠀⠀⠀⠀⠀⠀⠀⠀⠀⠀⠀⠀⠀⠀⠀⠀⠀⠀⠀⠀⡇
⡇⠀⡇⡇⡇⠀⠀⠀⠀⠀477663⠀⠀⠀⠀⠀⠀⠀⠀⠀⠀⠀⡇⡇⡇⠀⠀⡇⠀⠀⠀⡇⠀⠀⠀⠀BRANCH: 19483162⠀⡇⠀⡇⠀Wavefronts:⠀⠀⠀⡇⠀⡇⠀⠀Rd: 50400840⠀⠀⡇⠀Hit:      0 %⠀⠀⠀⠀⠀⠀⠀⠀⠀⡇⠀⠀⠀Wr: 108256⠀⠀⠀⠀⠀⡇⠀⡇⠀Rd:    N/A⠀⠀⠀⠀⠀⠀⠀⠀⡇⠀⡇⠀⠀⠀⠀⠀⠀⠀⠀⠀⠀⠀⠀⠀⠀⠀⠀⠀⠀⠀⠀⠀⠀⠀⠀⠀⠀⠀⠀|   |⠀⠀⠀⠀⠀⠀⠀⠀⠀⠀⠀⠀⠀⠀⠀⠀⠀⠀⠀⠀⠀⠀⠀⠀⠀⠀⠀⠀⠀⠀⠀⠀⠀⠀⠀⠀⠀⡇
⡇⠀⡇⡇⣇⣀⣀⣀⣀⣀⣀⣀⣀⣀⣀⣀⣀⣀⣀⣀⣀⣀⣀⣀⣀⣀⣀⣇⣇⡇⠀⠀⡇⠀⢀⡠⠃⠀------------------>⠀⡇⠀⡇⠀     16779448⠀⡇⠀⡇<---------------⡇⠀⠀⠀⠀⠀⠀⠀⠀⠀⠀⠀⠀⠀⠀⠀⠀⠀⠀⠀⠀⠀⠀⠀⡇⠀--------------->⠀⡇⠀⡇⠀⠀⠀⠀⠀⠀⠀⠀⠀⠀⠀⠀⠀⠀⠀⠀⠀⠀⠀⡇⠀⡇⠀⠀⠀⠀⠀⠀⠀⠀⠀⠀⠀⠀⠀⠀⠀⠀⠀⠀⠀⠀⠀⠀⠀⠀⠀⠀⠀⠀|   |⠀⠀⠀⠀⠀⠀⠀⠀⠀⠀⠀⠀⠀⠀⠀⠀⠀⠀⠀⠀⠀⠀⠀⠀⠀⠀⠀⠀⠀⠀⠀⠀⠀⠀⠀⠀⠀⡇
⡇⠀⣇⣓⣒⣒⣒⣒⣒⣒⣒⣒⣒⣒⣒⣒⣒⣒⣒⣒⣒⣒⣒⣒⣒⣒⣒⡗⠃⠀⠀⠀⡧⠒⠁⠀⠀⠀⠀⠀⠀⠀⠀⠀⠀⠀⠀⠀⠀⠀⠀⠀⠀⠀⠀⠀⠀⠀⡇⠀⣇⣀⣀⣀⣀⣀⣀⣀⣀⣀⣀⣀⣀⣀⣀⣀⡇⠀⡇⠀⠀⠀⠀⠀⠀⠀⠀⠀⠀⠀⠀⠀⠀⠀⠀⡇⠀Lat: 2508.0 cycles⠀⠀⠀⠀⡇⠀⠀⠀Atomic:    0⠀⠀⠀⡇⠀⡇⠀Wr:    N/A⠀⠀⠀⠀⠀⠀⠀⠀⡇⠀⡇⠀⠀⠀⠀⠀⠀⠀⠀⠀⠀⠀⠀⠀⠀⠀⠀⠀⠀⠀⠀⠀⠀⠀⠀⠀⠀⠀⠀|   v⠀⠀⠀⠀⠀⠀⠀⠀⠀⠀⠀⠀⠀⠀⠀⠀⠀⠀⠀⠀⠀⠀⠀⠀⠀⠀⠀⠀⠀⠀⠀⠀⠀⠀⠀⠀⠀⡇
⡇⠀⠀⠀⠀⠀⠀⠀⠀⠀⠀⠀⠀⠀^⠀⠀⠀⠀⠀⠀⠀⠀⠀⠀⠀⠀⠀⠀⠀⠀⠀⠀⠀⠀⠀⠀⠀⠀⠀⠀⠀⠀⠀⠀⠀⠀⠀⠀⠀⠀⠀⠀⠀⠀⠀⠀⠀⡇⠀⣀⣀⣀⣀⣀⣀⣀⣀⣀⣀⣀⣀⣀⣀⣀⣀⡀⠀⡇⠀⠀⠀⠀⠀⠀⠀⠀⠀⠀⠀⠀⠀⠀⠀⠀⣇⣀⣀⣀⣀⣀⣀⣀⣀⣀⣀⣀⣀⣀⣀⣀⣀⣀⣀⣀⣀⣀⣀⣀⡇⠀<-------------->⠀⡇⠀⣇⣀⣀⣀⣀⣀⣀⣀⣀⣀⣀⣀⣀⣀⣀⣀⣀⣀⣀⣀⡇⠀⡇⠀⠀⠀⠀⠀⠀⠀⠀⠀⠀⠀⠀⠀⠀⠀⠀⠀⠀⠀⠀⠀⠀⠀⠀⠀⣀⣀⣀⣀⣀⣀⣀⣀⣀⣀⡀⠀⠀⠀⠀⠀⠀⠀⠀⠀⠀⠀⠀⠀⠀⠀⠀⠀⠀⠀⠀⠀⠀⠀⠀⠀⠀⠀⠀⠀⠀⠀⠀⠀⠀⡇
⡇⠀⠀⠀⠀⠀⠀⠀⠀⠀⠀⠀⠀⠀|⠀⠀⠀⠀⠀⠀⠀⠀⠀⠀⠀⠀⠀⠀⠀⠀⠀⠀⠀⠀⠀⠀⠀⠀⠀⠀⠀⠀⠀⠀⠀⠀⠀⠀⠀⠀⠀⠀⠀⠀⠀⠀⠀⡇⠀⡇⠀Workgroups:⠀⠀⠀⡇⠀⡇⠀⠀⠀⠀⠀⠀⠀⠀⠀⠀⠀⠀⠀⠀⠀⠀⠀⠀⠀⠀⠀⠀⠀⠀⠀⠀⠀⠀⠀⠀⠀⠀⠀⠀⠀⠀⠀⠀⠀⠀⠀⠀⠀⠀⠀⠀⠀⠀⠀⠀⠀⠀⠀⠀⠀⠀⠀⠀⠀⡇⠀⠀⠀⠀⠀⠀⠀⠀⠀⠀⠀⠀⠀⠀⠀⠀⠀⠀⠀⠀⠀⠀⠀⡇⠀⠀⠀⠀⠀⠀⠀⠀⠀⠀⠀⠀⠀⠀⠀⠀⠀⠀⠀⠀⠀⠀⠀⠀⠀⡇⠀⠀⠀⠀⠀⠀⠀⠀⠀⡇⠀⠀⠀⠀⠀⠀⠀⠀⠀⠀⠀⠀⠀⠀⠀⠀⠀⠀⠀⠀⠀⠀⠀⠀⠀⠀⠀⠀⠀⠀⠀⠀⠀⠀⡇
⡇⠀⠀⠀⠀⠀⠀⠀⠀⠀⠀⠀⠀⠀|⠀⠀⠀⠀⠀⠀⠀⠀⠀⠀⠀⠀⠀⠀⠀⠀⠀⠀⠀⠀⠀⠀⠀⠀⠀⠀⠀⠀⠀⠀⠀⠀⠀⠀⠀⠀⠀⠀⠀⠀⠀⠀⠀⡇⠀⡇⠀      4194971⠀⡇⠀⡇⠀⠀⠀⠀⠀⠀⠀⠀⠀⠀⠀⠀⠀⠀⠀⠀Instr L1 Cache⠀⠀⠀⠀⠀⠀⠀⠀⠀⠀⠀⠀⠀⠀⠀⠀⠀⠀⠀⠀⠀⠀⠀⠀⠀⠀⠀⠀⠀⡇⠀⠀⠀⠀⠀⠀⠀⠀⠀⠀⠀⠀⠀⠀⠀⠀⠀⠀⠀⠀⠀⠀⠀⡇⠀⠀⠀⠀⠀⠀⠀⠀⠀⠀⠀⠀⠀⠀⠀⠀⠀⠀⠀⠀⠀⠀⠀⠀⠀⡇⠀⠀⠀GMI⠀⠀⠀⡇⠀⠀⠀⠀⠀⠀⠀⠀⠀⠀⠀⠀⠀⠀⠀⠀⠀⠀⠀⠀⠀⠀⠀⠀⠀⠀⠀⠀⠀⠀⠀⠀⠀⠀⡇
⡇⠀⠀⠀⠀⠀⠀⠀⠀⠀⠀⠀⠀⠀|⠀⠀⠀⠀⠀⠀⠀⠀⠀⠀⠀⠀⠀⠀⠀⠀⠀⠀⠀⠀⠀⠀⠀⠀⠀⠀⠀⠀⠀⠀⠀⠀⠀⠀⠀⠀⠀⠀⠀⠀⠀⠀⠀⡇⠀⣇⣀⣀⣀⣀⣀⣀⣀⣀⣀⣀⣀⣀⣀⣀⣀⡇⠀⡇⠀⠀⠀⠀⠀⠀⠀⠀⠀⠀⠀⠀⠀⠀⠀⠀⣀⣀⣀⣀⣀⣀⣀⣀⣀⣀⣀⣀⣀⣀⣀⣀⣀⣀⣀⣀⣀⣀⣀⣀⡀⠀⠀⠀⠀⠀⠀⠀⠀⠀⠀⠀⠀⠀⠀⠀⠀⠀⠀⡇⠀⠀⠀⠀⠀⠀⠀⠀⠀⠀⠀⠀⠀⠀⠀⠀⠀⠀⠀⠀⠀⠀⠀⡇⠀⠀⠀⠀⠀⠀⠀⠀⠀⠀⠀⠀⠀⠀⠀⠀⠀⠀⠀⠀⠀⠀⠀⠀⠀⡇⠀⠀⠀⠀⠀⠀⠀⠀⠀⡇⠀⠀⠀⠀⠀⠀⠀⠀⠀⠀⠀⠀⠀⠀⠀⠀⠀⠀⠀⠀⠀⠀⠀⠀⠀⠀⠀⠀⠀⠀⠀⠀⠀⠀⡇
⡇⠀⠀⠀⠀⠀⠀⠀⠀⠀⠀⠀⠀⠀|⠀⠀⠀⠀⠀⠀⠀⠀⠀⠀⠀⠀⠀⠀⠀⠀⠀⠀⠀⠀⠀⠀⠀⠀⠀⠀⠀⠀⠀⠀⠀⠀⠀⠀⠀⠀⠀⠀⠀⠀⠀⠀⠀⡇⠀⠀⠀⠀⠀⠀⠀⠀⠀⠀⠀⠀⠀⠀⠀⠀⠀⠀⠀⡇⠀⠀⠀⠀⠀⠀⠀⠀⠀⠀⠀⠀⠀⠀⠀⠀⡇⠀⠀⠀⠀⠀⠀⠀⠀⠀⠀⠀⠀⠀⠀⠀⠀⠀⠀⠀⠀⠀⠀⠀⡇⠀⠀⠀⠀⠀⠀⠀⠀⠀⠀⠀⠀⠀⠀⠀⠀⠀⠀⡇⠀⠀⠀⠀⠀⠀⠀⠀⠀⠀⠀⠀⠀⠀⠀⠀⠀⠀⠀⠀⠀⠀⠀⡇⠀⠀⠀⠀⠀⠀⠀⠀⠀⠀⠀⠀⠀⠀⠀⠀⠀⠀⠀⠀⠀⠀⠀⠀⠀⣇⣀⣀⣀⣀⣀⣀⣀⣀⣀⡇⠀⠀⠀⠀⠀⠀⠀⠀⠀⠀⠀⠀⠀⠀⠀⠀⠀⠀⠀⠀⠀⠀⠀⠀⠀⠀⠀⠀⠀⠀⠀⠀⠀⠀⡇
⡇⠀⠀⠀⠀⠀⠀⠀⠀⠀⠀⠀⠀⠀|⠀⠀⠀⠀⠀⠀⠀⠀⠀⠀⠀⠀⠀⠀⠀⠀⠀⠀⠀⠀⠀⠀⠀⠀⠀⠀Fetch: 71434744⠀⠀⣇⣀⣀⣀⣀⣀⣀⣀⣀⣀⣀⣀⣀⣀⣀⣀⣀⣀⣀⣀⡇⠀⠀⠀⠀⠀⠀⠀⠀⠀⠀⠀⠀⠀⠀⠀⠀⡇⠀Hit:     97 %⠀⠀⠀⠀⠀⠀⠀⠀⠀⡇⠀⠀⠀Req: 30019⠀⠀⠀⠀⠀⡇⠀⠀⠀⠀⠀⠀⠀⠀⠀⠀⠀⠀⠀⠀⠀⠀⠀⠀⠀⠀⠀⠀⠀⡇⠀⠀⠀⠀⠀⠀⠀⠀⠀⠀⠀⠀⠀⠀⠀⠀⠀⠀⠀⠀⠀⠀⠀⠀⠀⠀⠀⠀⠀⠀⠀⠀⠀⠀⠀⠀⠀⠀⠀⠀⠀⠀⠀⠀⠀⠀⠀⠀⠀⠀⠀⠀⠀⠀⠀⠀⠀⠀⠀⠀⠀⠀⠀⠀⠀⠀⠀⠀⠀⠀⡇
⡇⠀⠀⠀⠀⠀⠀⠀⠀⠀⠀⠀⠀⠀--------------------------------------------------------------------------------⠀⡇⠀⠀⠀⠀⠀⠀⠀⠀⠀⠀⠀⠀⠀⠀⠀⠀⠀⠀⠀⠀⠀⠀⠀⡇⠀<---------------⠀⡇⠀⠀⠀⠀⠀⠀⠀⠀⠀⠀⠀⠀⠀⠀⠀⠀⠀⠀⠀⠀⠀⠀⠀⡇⠀⠀⠀⠀⠀⠀⠀⠀⠀⠀⠀⠀⠀⠀⠀⠀⠀⠀⠀⠀⠀⠀⠀⠀⠀⠀⠀⠀⠀⠀⠀⠀⠀⠀⠀⠀⠀⠀⠀⠀⠀⠀⠀⠀⠀⠀⠀⠀⠀⠀⠀⠀⠀⠀⠀⠀⠀⠀⠀⠀⠀⠀⠀⠀⠀⠀⠀⠀⠀⠀⡇
⡇⠀⠀⠀⠀⠀⠀⠀⠀⠀⠀⠀⠀⠀⠀⠀⠀⠀⠀⠀⠀⠀⠀⠀⠀⠀⠀⠀⠀⠀⠀⠀⠀⠀⠀⠀⠀⠀⠀⠀⠀⠀⠀⠀⠀⠀⠀⠀⠀⠀⠀⠀⠀⠀⠀⠀⠀⠀⠀⠀⠀⠀⠀⠀⠀⠀⠀⠀⠀⠀⠀⠀⠀⠀⠀⠀⠀⠀⠀⠀⠀⠀⠀⠀⠀⠀⠀⠀⠀⠀⠀⠀⠀⠀⠀⡇⠀Lat: 1770.0 cycles⠀⠀⠀⠀⡇⠀⠀⠀⠀⠀⠀⠀⠀⠀⠀⠀⠀⠀⠀⠀⠀⠀⠀⡇⠀⠀⠀⠀⠀⠀⠀⠀⠀⠀⠀⠀⠀⠀⠀⠀⠀⠀⠀⠀⠀⠀⠀⡇⠀⠀⠀⠀⠀⠀⠀⠀⠀⠀⠀⠀⠀⠀⠀⠀⠀⠀⠀⠀⠀⠀⠀⠀⠀⠀⠀⠀⠀⠀⠀⠀⠀⠀⠀⠀⠀⠀⠀⠀⠀⠀⠀⠀⠀⠀⠀⠀⠀⠀⠀⠀⠀⠀⠀⠀⠀⠀⠀⠀⠀⠀⠀⠀⠀⠀⠀⠀⠀⠀⡇
⡇⠀⠀⠀⠀⠀⠀⠀⠀⠀⠀⠀⠀⠀⠀⠀⠀⠀⠀⠀⠀⠀⠀⠀⠀⠀⠀⠀⠀⠀⠀⠀⠀⠀⠀⠀⠀⠀⠀⠀⠀⠀⠀⠀⠀⠀⠀⠀⠀⠀⠀⠀⠀⠀⠀⠀⠀⠀⠀⠀⠀⠀⠀⠀⠀⠀⠀⠀⠀⠀⠀⠀⠀⠀⠀⠀⠀⠀⠀⠀⠀⠀⠀⠀⠀⠀⠀⠀⠀⠀⠀⠀⠀⠀⠀⣇⣀⣀⣀⣀⣀⣀⣀⣀⣀⣀⣀⣀⣀⣀⣀⣀⣀⣀⣀⣀⣀⣀⣀⡇⠀⠀⠀⠀⠀⠀⠀⠀⠀⠀⠀⠀⠀⠀⠀⠀⠀⠀⣇⣀⣀⣀⣀⣀⣀⣀⣀⣀⣀⣀⣀⣀⣀⣀⣀⣀⣀⣀⣀⣀⣀⣀⡇⠀⠀⠀⠀⠀⠀⠀⠀⠀⠀⠀⠀⠀⠀⠀⠀⠀⠀⠀⠀⠀⠀⠀⠀⠀⠀⠀⠀⠀⠀⠀⠀⠀⠀⠀⠀⠀⠀⠀⠀⠀⠀⠀⠀⠀⠀⠀⠀⠀⠀⠀⠀⠀⠀⠀⠀⠀⠀⠀⠀⠀⠀⠀⠀⠀⠀⠀⠀⠀⠀⡇
⡇⠀⠀⠀⠀⠀⠀⠀⠀⠀⠀⠀⠀⠀⠀⠀⠀⠀⠀⠀⠀⠀⠀⠀⠀⠀⠀⠀⠀⠀⠀⠀⠀⠀⠀⠀⠀⠀⠀⠀⠀⠀⠀⠀⠀⠀⠀⠀⠀⠀⠀⠀⠀⠀⠀⠀⠀⠀⠀⠀⠀⠀⠀⠀⠀⠀⠀⠀⠀⠀⠀⠀⠀⠀⠀⠀⠀⠀⠀⠀⠀⠀⠀⠀⠀⠀⠀⠀⠀⠀⠀⠀⠀⠀⠀⠀⠀⠀⠀⠀⠀⠀⠀⠀⠀⠀⠀⠀⠀⠀⠀⠀⠀⠀⠀⠀⠀⠀⠀⠀⠀⠀⠀⠀⠀⠀⠀⠀⠀⠀⠀⠀⠀⠀⠀⠀⠀⠀⠀⠀⠀⠀⠀⠀⠀⠀⠀⠀⠀⠀⠀⠀⠀⠀⠀⠀⠀⠀⠀⠀⠀⠀⠀⠀⠀⠀⠀⠀⠀⠀⠀⠀⠀⠀⠀⠀⠀⠀⠀⠀⠀⠀⠀⠀⠀⠀⠀⠀⠀⠀⠀⠀⠀⠀⠀⠀⠀⠀⠀⠀⠀⠀⠀⠀⠀⠀⠀⠀⠀⠀⠀⠀⠀⠀⠀⠀⠀⠀⠀⠀⠀⠀⠀⠀⠀⠀⠀⠀⠀⠀⠀⠀⠀⡇
⡇⠀⠀⠀⠀⠀⠀⠀⠀⠀⠀⠀⠀⠀⠀⠀⠀⠀⠀⠀⠀⠀⠀⠀⠀⠀⠀⠀⠀⠀⠀⠀⠀⠀⠀⠀⠀⠀⠀⠀⠀⠀⠀⠀⠀⠀⠀⠀⠀⠀⠀⠀⠀⠀⠀⠀⠀⠀⠀⠀⠀⠀⠀⠀⠀⠀⠀⠀⠀⠀⠀⠀⠀⠀⠀⠀⠀⠀⠀⠀⠀⠀⠀⠀⠀⠀⠀⠀⠀⠀⠀⠀⠀⠀⠀⠀⠀⠀⠀⠀⠀⠀⠀⠀⠀⠀⠀⠀⠀⠀⠀⠀⠀⠀⠀⠀⠀⠀⠀⠀⠀⠀⠀⠀⠀⠀⠀⠀⠀⠀⠀⠀⠀⠀⠀⠀⠀⠀⠀⠀⠀⠀⠀⠀⠀⠀⠀⠀⠀⠀⠀⠀⠀⠀⠀⠀⠀⠀⠀⠀⠀⠀⠀⠀⠀⠀⠀⠀⠀⠀⠀⠀⠀⠀⠀⠀⠀⠀⠀⠀⠀⠀⠀⠀⠀⠀⠀⠀⠀⠀⠀⠀⠀⠀⠀⠀⠀⠀⠀⠀⠀⠀⠀⠀⠀⠀⠀⠀⠀⠀⠀⠀⠀⠀⠀⠀⠀⠀⠀⠀⠀⠀⠀⠀⠀⠀⠀⠀⠀⠀⠀⠀⠀⡇
⣇⣀⣀⣀⣀⣀⣀⣀⣀⣀⣀⣀⣀⣀⣀⣀⣀⣀⣀⣀⣀⣀⣀⣀⣀⣀⣀⣀⣀⣀⣀⣀⣀⣀⣀⣀⣀⣀⣀⣀⣀⣀⣀⣀⣀⣀⣀⣀⣀⣀⣀⣀⣀⣀⣀⣀⣀⣀⣀⣀⣀⣀⣀⣀⣀⣀⣀⣀⣀⣀⣀⣀⣀⣀⣀⣀⣀⣀⣀⣀⣀⣀⣀⣀⣀⣀⣀⣀⣀⣀⣀⣀⣀⣀⣀⣀⣀⣀⣀⣀⣀⣀⣀⣀⣀⣀⣀⣀⣀⣀⣀⣀⣀⣀⣀⣀⣀⣀⣀⣀⣀⣀⣀⣀⣀⣀⣀⣀⣀⣀⣀⣀⣀⣀⣀⣀⣀⣀⣀⣀⣀⣀⣀⣀⣀⣀⣀⣀⣀⣀⣀⣀⣀⣀⣀⣀⣀⣀⣀⣀⣀⣀⣀⣀⣀⣀⣀⣀⣀⣀⣀⣀⣀⣀⣀⣀⣀⣀⣀⣀⣀⣀⣀⣀⣀⣀⣀⣀⣀⣀⣀⣀⣀⣀⣀⣀⣀⣀⣀⣀⣀⣀⣀⣀⣀⣀⣀⣀⣀⣀⣀⣀⣀⣀⣀⣀⣀⣀⣀⣀⣀⣀⣀⣀⣀⣀⣀⣀⣀⣀⣀⣀⣀⡇

